"Time (s)","X (m/s^2)","Y (m/s^2)","Z (m/s^2)"
5.439249995E-3,1.430425415E0,1.803749084E-1,9.879455566E0
1.547925000E-2,1.492246857E0,2.092648315E-1,9.764644318E0
2.551925000E-2,1.547781372E0,3.429368591E-1,9.668394470E0
3.556025000E-2,1.495989075E0,4.390370178E-1,9.650132446E0
4.560025000E-2,1.368603973E0,3.490740967E-1,9.691596222E0
5.564025000E-2,1.309626617E0,2.471360779E-1,9.759405212E0
6.568124999E-2,1.268013153E0,1.158590698E-1,9.740993500E0
7.575125000E-2,1.247505798E0,6.436614990E-3,9.816586304E0
8.579225000E-2,1.259331207E0,-2.260299683E-2,9.822573853E0
9.583225000E-2,1.249152374E0,2.993774414E-4,9.881700897E0
1.058722500E-1,1.314865723E0,9.475296021E-2,9.946665802E0
1.159122500E-1,1.321901093E0,1.007405090E-1,9.889634399E0
1.259532500E-1,1.328936462E0,8.262817383E-2,9.791139221E0
1.360242500E-1,1.244961090E0,7.364685059E-2,9.695937195E0
1.460642500E-1,1.165775757E0,1.359173584E-1,9.685758362E0
1.561042500E-1,1.172960815E0,1.438508606E-1,9.668095093E0
1.661442500E-1,1.213376770E0,7.259902954E-2,9.716294861E0
1.761852500E-1,1.225052490E0,-7.484436035E-4,9.705217896E0
1.862252500E-1,1.185534668E0,-6.990463257E-2,9.618398438E0
1.962652500E-1,1.160985718E0,-7.185058594E-2,9.591753845E0
2.063362500E-1,1.209035797E0,5.538482666E-2,9.693991241E0
2.163762500E-1,1.287772064E0,7.574249268E-2,9.689799957E0
2.264172500E-1,1.309027863E0,4.790039062E-3,9.671537933E0
2.364572500E-1,1.353485413E0,5.373825073E-2,9.760902100E0
2.464972500E-1,1.369801483E0,3.457809448E-2,9.772278442E0
2.565372500E-1,1.321002960E0,-6.406677246E-2,9.756710815E0
2.665782500E-1,1.239721985E0,-2.092648315E-1,9.729018402E0
2.766492500E-1,1.148112488E0,-4.305047607E-1,9.667496338E0
2.866892500E-1,9.780661011E-1,-6.264472961E-1,9.553732910E0
2.967292500E-1,7.833210754E-1,-6.852749634E-1,9.397308197E0
3.067692500E-1,6.583309937E-1,-6.704557800E-1,9.339678040E0
3.168102500E-1,6.972500610E-1,-8.568182373E-1,9.270671539E0
3.268502500E-1,7.457492065E-1,-1.077459412E0,9.204359436E0
3.369212500E-1,7.824229431E-1,-9.325607300E-1,9.279952240E0
3.469612500E-1,7.634124756E-1,-9.151968384E-1,9.360335083E0
3.570012500E-1,6.321354675E-1,-1.177750854E0,9.279503174E0
3.670422500E-1,3.682342529E-1,-1.485361176E0,9.198820953E0
3.770822500E-1,7.574249268E-2,-1.897304535E0,9.098828888E0
3.871222500E-1,-2.570155334E-1,-2.402803345E0,8.845555573E0
3.971622500E-1,-7.758366394E-1,-2.903063049E0,8.626860352E0
4.072332500E-1,-1.329535217E0,-3.124452667E0,8.479866028E0
4.172742500E-1,-1.720971222E0,-2.970722351E0,8.280480652E0
4.273142500E-1,-1.826202393E0,-2.571951599E0,8.537945251E0
4.373542500E-1,-1.785487061E0,-2.393372955E0,8.603508911E0
4.473942500E-1,-1.682501221E0,-2.507585449E0,8.498876495E0
4.574352500E-1,-1.574425964E0,-2.610421600E0,8.628806305E0
4.674752500E-1,-1.383872223E0,-2.573598175E0,8.801996155E0
4.775462500E-1,-1.260079651E0,-2.457739105E0,8.637787628E0
4.875862500E-1,-1.128652954E0,-2.446512451E0,8.306825867E0
4.976262500E-1,-1.079255676E0,-2.598147125E0,8.290360107E0
5.076672500E-1,-1.343605957E0,-2.697989502E0,8.197852478E0
5.177072500E-1,-1.660796356E0,-2.707419891E0,7.992479553E0
5.277472500E-1,-1.795965271E0,-2.691403198E0,8.042026520E0
5.377872500E-1,-1.977687378E0,-2.615211639E0,8.096213837E0
5.478582500E-1,-2.111060028E0,-2.634970551E0,8.216563568E0
5.578992500E-1,-2.280058594E0,-2.845881958E0,8.327033844E0
5.679392500E-1,-2.441123657E0,-3.164419556E0,8.481063538E0
5.779792500E-1,-2.584375763E0,-3.572920074E0,8.569679260E0
5.880192500E-1,-2.664159851E0,-4.032614136E0,8.400830383E0
5.980602500E-1,-2.615810394E0,-4.594695282E0,8.179440765E0
6.081312500E-1,-2.413730621E0,-5.295238495E0,8.674611053E0
6.181712500E-1,-1.959125977E0,-5.604794769E0,9.747280426E0
6.282112500E-1,-1.899549866E0,-4.651277618E0,1.029723679E1
6.382512500E-1,-2.365830231E0,-2.128872986E0,1.032612671E1
6.482922500E-1,-2.856060791E0,-1.250349884E0,1.084779190E1
6.583322500E-1,-2.941083984E0,-2.072140961E0,1.046848068E1
6.683722500E-1,-3.236569519E0,-3.761527863E0,9.032516785E0
6.784432500E-1,-3.539389801E0,-5.144951019E0,7.888445892E0
6.884832500E-1,-3.617227936E0,-5.949677582E0,7.471862183E0
6.985242500E-1,-3.984264679E0,-6.645879822E0,7.401658173E0
7.085642500E-1,-4.600982208E0,-7.483837280E0,7.125931549E0
7.186042500E-1,-5.218597870E0,-7.589218140E0,6.221961365E0
7.286442500E-1,-5.399870911E0,-6.888375549E0,5.800138550E0
7.386852500E-1,-5.074747009E0,-6.199957123E0,6.264472961E0
7.487562500E-1,-4.561165009E0,-5.941145325E0,6.649023285E0
7.587962500E-1,-3.762126617E0,-5.818101196E0,7.011120300E0
7.688362500E-1,-3.225642242E0,-5.633984070E0,7.930658112E0
7.788762500E-1,-2.758912811E0,-4.534071350E0,8.891060944E0
7.889172500E-1,-2.525248718E0,-3.753294983E0,8.780440979E0
7.989572500E-1,-1.296903076E0,-3.512745209E0,7.430398407E0
8.090282500E-1,-2.104623413E-1,-5.061574402E0,5.307962036E0
8.190682500E-1,-1.796264648E-1,-8.415799255E0,5.515131226E0
8.291082500E-1,-8.705895996E-1,-1.141376495E1,3.715423737E0
8.391492500E-1,-2.247426453E0,-1.451262085E1,1.986519012E0
8.491892500E-1,-3.915258179E0,-1.717423599E1,1.885179749E0
8.592292500E-1,-5.106181641E0,-1.701047653E1,1.996847534E0
8.692692500E-1,-5.144951019E0,-1.360176498E1,2.514321442E0
8.793402500E-1,-3.600911865E0,-9.539811859E0,2.185006256E0
8.893812500E-1,-2.239343262E0,-6.722370758E0,1.804647217E0
8.994212500E-1,-2.052980804E0,-5.057233429E0,2.402054901E0
9.094612500E-1,-2.110311584E0,-3.808679810E0,3.344644775E0
9.195012500E-1,-2.759960632E0,-2.679278412E0,7.297774200E0
9.295317917E-1,-4.120780792E0,-1.896406403E0,1.539533524E1
9.395717917E-1,-4.758155365E0,-2.609822845E0,1.834899307E1
9.496427917E-1,-4.343367920E0,-3.723656616E0,1.546209641E1
9.596827917E-1,-4.096231842E0,-4.341571655E0,1.147618515E1
9.697227917E-1,-5.775888977E0,-6.447542267E0,5.929469604E0
9.797637917E-1,-6.542444916E0,-6.805747375E0,3.326682129E0
9.898037917E-1,-5.384752350E0,-5.310656433E0,3.743714905E0
9.998437917E-1,-6.205196228E0,-5.715115356E0,3.931274872E0
1.009914792E0,-6.184838562E0,-5.513634338E0,6.810537415E0
1.019954792E0,-5.274880829E0,-5.350323944E0,8.752898254E0
1.029995792E0,-5.353617096E0,-5.403762817E0,8.753796387E0
1.040035792E0,-5.126838684E0,-4.817581787E0,6.920558624E0
1.050075792E0,-4.675826569E0,-4.843178558E0,6.532715149E0
1.060115792E0,-4.054019623E0,-5.177732849E0,6.430178375E0
1.070156792E0,-3.503165131E0,-5.395979004E0,5.642216949E0
1.080226792E0,-3.213667145E0,-5.487438812E0,5.537135468E0
1.090267792E0,-3.340004425E0,-5.393583984E0,6.081703033E0
1.100307792E0,-3.929478607E0,-5.205425262E0,6.984326019E0
1.110347792E0,-4.580474854E0,-4.811294861E0,8.099956055E0
1.120388792E0,-4.735402679E0,-4.357139282E0,8.627758484E0
1.130428792E0,-4.522844696E0,-4.439318390E0,8.198151855E0
1.140468792E0,-4.350702667E0,-4.897066498E0,7.402406616E0
1.150539792E0,-4.376149750E0,-5.098397827E0,6.990014191E0
1.160579792E0,-4.818180542E0,-5.095553741E0,7.088209991E0
1.170620792E0,-5.049449615E0,-3.068918152E0,7.319329376E0
1.180660792E0,-5.064568176E0,1.498084717E0,5.896388397E0
1.190700792E0,-4.607269135E0,1.587299194E0,7.484735413E0
1.200740792E0,-4.732109528E0,1.574725342E-1,8.827143860E0
1.210811792E0,-4.433480530E0,-7.837701416E-1,8.413404236E0
1.220851792E0,-3.245251465E0,-2.979254608E0,7.620353394E0
1.230892792E0,-3.139122162E0,-5.876779175E0,6.450835419E0
1.240932792E0,-4.142335968E0,-8.957373047E0,7.113208008E0
1.250972792E0,-4.453089752E0,-1.064077240E1,7.592511292E0
1.261013792E0,-4.007316742E0,-1.018811371E1,5.547463989E0
1.271053792E0,-4.266427917E0,-9.843530273E0,4.323459320E0
1.281124792E0,-4.394561462E0,-9.338181152E0,4.426445160E0
1.291164792E0,-3.757186890E0,-8.134833527E0,5.694308624E0
1.301204792E0,-3.548520813E0,-6.988068237E0,7.614365845E0
1.311245792E0,-3.056344299E0,-5.598657532E0,8.634344788E0
1.321285792E0,-1.647324371E0,-3.400927734E0,9.183702393E0
1.331325792E0,8.765771484E-1,-1.392703857E0,8.268505554E0
1.341396792E0,1.632804565E0,-2.423161011E0,7.353757782E0
1.351436792E0,1.360371094E0,-4.103117523E0,7.202123108E0
1.361476792E0,1.013991394E0,-5.820047150E0,7.028334503E0
1.371517792E0,-5.882766724E-2,-8.872050476E0,7.491471405E0
1.381557792E0,-1.668430481E0,-9.044491882E0,7.332352295E0
1.391597792E0,-2.528841248E0,-8.060587921E0,7.381599884E0
1.401638792E0,-2.552492065E0,-8.168363800E0,7.400610352E0
1.411708792E0,-2.629282379E0,-8.244555359E0,7.592361603E0
1.421749792E0,-2.661764832E0,-7.552095337E0,7.590116272E0
1.431789792E0,-2.164498901E0,-6.561006317E0,7.648045807E0
1.441829792E0,-1.638193359E0,-6.551426239E0,7.882907410E0
1.451870792E0,-1.444346466E0,-6.652166748E0,7.335495758E0
1.461910792E0,-1.138981476E0,-5.677543488E0,6.984924774E0
1.471950792E0,-4.743635559E-1,-5.417534180E0,7.282955017E0
1.482021792E0,-5.269042969E-2,-6.195915527E0,6.631360016E0
1.492061792E0,-2.266287231E-1,-7.143295441E0,6.313121796E0
1.502101792E0,-1.294058990E0,-7.228019257E0,6.685247955E0
1.512142792E0,-2.118694153E0,-7.283853149E0,6.558012543E0
1.522182792E0,-1.998793488E0,-7.472311249E0,6.297554169E0
1.532222792E0,-2.345472565E0,-7.583230591E0,6.316414948E0
1.542293792E0,-2.316582642E0,-7.369175720E0,6.097719727E0
1.552333792E0,-1.946252747E0,-7.324718170E0,5.394631805E0
1.562374792E0,-2.108814697E0,-7.239245911E0,5.707930298E0
1.572414792E0,-2.047292633E0,-7.463928680E0,6.487808533E0
1.582454792E0,-1.929038544E0,-7.583679657E0,7.395221558E0
1.592495792E0,-9.351054382E-1,-6.582860870E0,6.570586395E0
1.602535792E0,1.738185425E0,-4.546645203E0,5.605992279E0
1.612606792E0,2.715802460E0,-5.982309723E0,5.046306152E0
1.622646792E0,1.402283936E0,-7.279212799E0,5.879323883E0
1.632686792E0,1.375938721E0,-7.313790894E0,6.342161407E0
1.642726792E0,2.231559448E0,-7.274871826E0,7.055428162E0
1.652767792E0,3.360212402E0,-6.778803406E0,9.360335083E0
1.662807792E0,5.051694946E0,-5.398224335E0,1.162108383E1
1.672847792E0,3.624862061E0,-8.136779480E0,6.525679779E0
1.682918792E0,1.978585510E0,-7.715405731E0,4.782105560E0
1.692958792E0,1.643133087E0,-6.741231537E0,6.290668488E0
1.702999792E0,1.330583038E0,-7.197782135E0,7.110513611E0
1.713039792E0,7.515870667E-1,-7.026687927E0,7.524402924E0
1.723079792E0,8.026309204E-1,-6.707850952E0,7.614515533E0
1.733120792E0,1.072070618E0,-7.106472015E0,7.605085144E0
1.743190792E0,1.325643311E0,-7.641758881E0,7.211254120E0
1.753231792E0,1.524878998E0,-8.155490570E0,6.953789520E0
1.763271792E0,1.937720490E0,-8.644673309E0,7.974067841E0
1.773311792E0,1.839225311E0,-8.442892914E0,7.993976440E0
1.783351792E0,1.402583313E0,-7.290439453E0,7.727680206E0
1.793392792E0,1.582060089E0,-6.494095459E0,7.949369202E0
1.803432792E0,1.963167572E0,-5.882467346E0,7.732170868E0
1.813503792E0,2.223775635E0,-5.454956360E0,7.529941406E0
1.823543792E0,2.229463806E0,-5.056934052E0,7.386539612E0
1.833583792E0,1.904788971E0,-4.825365601E0,6.656657410E0
1.843624792E0,7.988887024E-1,-5.088668060E0,4.247267761E0
1.853664792E0,-2.468367004E-1,-5.247038727E0,4.281546478E0
1.863704792E0,-1.127156067E0,-4.954247589E0,6.645580444E0
1.873745792E0,-1.994302826E0,-4.879702606E0,8.772507477E0
1.883815792E0,-2.567760315E0,-5.014721832E0,9.407187653E0
1.893856792E0,-2.589315491E0,-5.303471375E0,8.329877930E0
1.903896792E0,-2.338886261E0,-5.928122406E0,7.336543579E0
1.913936792E0,-2.083816681E0,-6.481521606E0,6.850653992E0
1.923959625E0,-1.595981140E0,-6.652017059E0,6.583459625E0
1.934000625E0,-4.688250732E-1,-6.733597412E0,6.583759003E0
1.944071625E0,3.233276367E-2,-6.772366791E0,6.884932709E0
1.954111625E0,-2.682421875E-1,-6.651268616E0,7.368576965E0
1.964151625E0,-4.728666687E-1,-6.592740326E0,7.761360168E0
1.974191625E0,-4.234693909E-1,-6.548133087E0,7.853867798E0
1.984232625E0,-3.809577942E-1,-6.434818726E0,7.719147949E0
1.994272625E0,-2.565664673E-1,-6.363117828E0,7.533683624E0
2.004312625E0,-2.920426941E-1,-6.355633392E0,7.339836731E0
2.014383625E0,-5.421725464E-1,-6.281836853E0,7.201973419E0
2.024423625E0,-7.259902954E-1,-6.264922028E0,7.077282715E0
2.034464625E0,-8.461903381E-1,-6.256838837E0,6.952891388E0
2.044504625E0,-8.945397949E-1,-6.255192261E0,6.961872711E0
2.054544625E0,-8.619076538E-1,-6.286177826E0,7.044051819E0
2.064584625E0,-7.601193237E-1,-6.317462769E0,7.079378357E0
2.074625625E0,-6.298901367E-1,-6.393953705E0,7.097490692E0
2.084696625E0,-5.025050354E-1,-6.537205811E0,7.056925049E0
2.094736625E0,-4.462220764E-1,-6.670129395E0,7.021149445E0
2.104776625E0,-4.273612976E-1,-6.778504028E0,7.053781586E0
2.114816625E0,-4.493655396E-1,-6.783443756E0,7.058721313E0
2.124857625E0,-4.902305603E-1,-6.691983948E0,7.088808746E0
2.134897625E0,-5.469625854E-1,-6.572682037E0,7.147337036E0
2.144968625E0,-6.231541443E-1,-6.472390594E0,7.166796570E0
2.155008625E0,-7.057823181E-1,-6.396049347E0,7.183861084E0
2.165048625E0,-7.854167175E-1,-6.345304871E0,7.251370697E0
2.175089625E0,-8.523275757E-1,-6.318211212E0,7.315736847E0
2.185129625E0,-9.369017029E-1,-6.313570862E0,7.431595917E0
2.195169625E0,-1.024020538E0,-6.303691406E0,7.567213898E0
2.205209625E0,-1.093775482E0,-6.287075958E0,7.651937714E0
2.215280625E0,-1.176852722E0,-6.318061523E0,7.600893860E0
2.225321625E0,-1.344653778E0,-6.337521057E0,7.570956116E0
2.235361625E0,-1.488804016E0,-6.375991058E0,7.422464905E0
2.245401625E0,-1.601519623E0,-6.384074249E0,7.178771667E0
2.255441625E0,-1.692230988E0,-6.443800049E0,6.959627380E0
2.265482625E0,-1.842668152E0,-6.619684296E0,6.710245972E0
2.275522625E0,-1.966460724E0,-6.735393677E0,6.563850403E0
2.285593625E0,-2.030527496E0,-6.771768036E0,6.460565186E0
2.295633625E0,-2.053579559E0,-6.741081848E0,6.376290436E0
2.305673625E0,-2.032623138E0,-6.615642700E0,6.405779114E0
2.315714625E0,-1.967358856E0,-6.579268341E0,6.474935303E0
2.325754625E0,-1.858535156E0,-6.637048187E0,6.593937836E0
2.335794625E0,-1.703457642E0,-6.635551300E0,6.789281616E0
2.345834625E0,-1.606309662E0,-6.642736359E0,6.976542206E0
2.355905625E0,-1.620530090E0,-6.690337372E0,7.065457306E0
2.365946625E0,-1.730551300E0,-6.760092316E0,7.045698395E0
2.375986625E0,-1.861977997E0,-6.814878387E0,6.922654266E0
2.386026625E0,-2.039658508E0,-6.755152588E0,6.715335388E0
2.396066625E0,-2.174677734E0,-6.734345856E0,6.585555267E0
2.406107625E0,-2.299967194E0,-6.733148346E0,6.521039429E0
2.416177625E0,-2.487227783E0,-6.715784454E0,6.585704956E0
2.426218625E0,-2.633024597E0,-6.619534607E0,6.857240295E0
2.436258625E0,-2.273322601E0,-6.574627991E0,7.161557465E0
2.446298625E0,-2.062710571E0,-6.625372467E0,7.390730896E0
2.456339625E0,-2.140848083E0,-6.720873871E0,7.397167511E0
2.466379625E0,-2.229613495E0,-6.954837341E0,7.204218750E0
2.476419625E0,-2.241887970E0,-7.163952484E0,7.005581818E0
2.486490625E0,-2.280058594E0,-7.208260345E0,6.828050995E0
2.496530625E0,-2.274969177E0,-7.063511353E0,6.706354065E0
2.506571625E0,-2.213896179E0,-6.842421112E0,6.622977448E0
2.516611625E0,-2.178719330E0,-6.659052429E0,6.590045929E0
2.526651625E0,-2.186353455E0,-6.503376160E0,6.550827484E0
2.536691625E0,-2.176473999E0,-6.485862579E0,6.534810791E0
2.546732625E0,-2.232756958E0,-6.558760986E0,6.594087524E0
2.556802625E0,-2.189945984E0,-6.776109009E0,6.642586670E0
2.566843625E0,-2.054627380E0,-7.047195282E0,6.638994141E0
2.576883625E0,-1.940863953E0,-7.198680267E0,6.615193634E0
2.586923625E0,-1.845212860E0,-7.251221008E0,6.579867096E0
2.596964625E0,-1.791773987E0,-7.313641205E0,6.622678070E0
2.607004625E0,-1.794169006E0,-7.376660156E0,6.729256439E0
2.617075625E0,-1.794618073E0,-7.398963776E0,6.825805664E0
2.627115625E0,-1.796414337E0,-7.347919922E0,6.890770569E0
2.637155625E0,-1.852547607E0,-7.244185638E0,6.904541931E0
2.647196625E0,-1.902244263E0,-7.092251587E0,6.864275665E0
2.657236625E0,-1.938319244E0,-6.956483917E0,6.776408386E0
2.667276625E0,-2.019001465E0,-6.878196716E0,6.652316437E0
2.677316625E0,-2.132465515E0,-6.847211151E0,6.525979156E0
2.687387625E0,-2.113604736E0,-6.804250488E0,6.409221954E0
2.697427625E0,-2.132914581E0,-6.773564301E0,6.367758179E0
2.707468625E0,-2.179168396E0,-6.781797180E0,6.431076508E0
2.717508625E0,-2.171085205E0,-6.801406403E0,6.549031219E0
2.727548625E0,-2.165397034E0,-6.824308777E0,6.663992157E0
2.737589625E0,-2.219734039E0,-6.854994965E0,6.725364532E0
2.747629625E0,-2.311642914E0,-6.901248779E0,6.762936401E0
2.757700625E0,-2.371069336E0,-6.925498352E0,6.726861420E0
2.767740625E0,-2.355202332E0,-6.917415161E0,6.623875580E0
2.777780625E0,-2.302062836E0,-6.881789246E0,6.525530090E0
2.787821625E0,-2.222877502E0,-6.832841034E0,6.484515381E0
2.797861625E0,-2.133812714E0,-6.782395935E0,6.492448883E0
2.807901625E0,-2.014660492E0,-6.728957062E0,6.603068848E0
2.817972625E0,-1.998643799E0,-6.707401886E0,6.711593170E0
2.828012625E0,-1.999541931E0,-6.716981964E0,6.777905273E0
2.838052625E0,-1.959125977E0,-6.715335388E0,6.827452240E0
2.848093625E0,-1.958826599E0,-6.715634766E0,6.836134186E0
2.858133625E0,-1.985321503E0,-6.715784454E0,6.807244263E0
2.868173625E0,-1.996697845E0,-6.692732391E0,6.752009125E0
2.878214625E0,-2.095791779E0,-6.710844727E0,6.692882080E0
2.888284625E0,-2.133064270E0,-6.727609863E0,6.678511963E0
2.898325625E0,-2.145488434E0,-6.755451965E0,6.675967255E0
2.908365625E0,-2.159259796E0,-6.768624573E0,6.719975739E0
2.918405625E0,-2.186054077E0,-6.748266907E0,6.742129669E0
2.928432750E0,-2.239343262E0,-6.725364532E0,6.774612122E0
2.938472750E0,-2.296524353E0,-6.716832275E0,6.819967804E0
2.948512750E0,-2.338586884E0,-6.714137878E0,6.805897064E0
2.958583750E0,-2.380649414E0,-6.701264648E0,6.780749359E0
2.968623750E0,-2.387834473E0,-6.707401886E0,6.733747101E0
2.978663750E0,-2.382146301E0,-6.721023560E0,6.698121185E0
2.988704750E0,-2.371219025E0,-6.763834534E0,6.676116943E0
2.998744750E0,-2.307900696E0,-6.796017609E0,6.667285309E0
3.008784750E0,-2.252815247E0,-6.807843018E0,6.677763519E0
3.018855750E0,-2.533481598E0,-6.658753052E0,6.677015076E0
3.028895750E0,-2.475701752E0,-6.524482269E0,6.638096008E0
3.038936750E0,-2.325563965E0,-6.468947754E0,6.632856903E0
3.048976750E0,-2.345173187E0,-6.400540009E0,6.681505737E0
3.059016750E0,-2.367327118E0,-6.355783081E0,6.731651459E0
3.069057750E0,-2.387984161E0,-6.387517090E0,6.766977997E0
3.079097750E0,-2.394720154E0,-6.512357483E0,6.737040253E0
3.089168750E0,-2.359692993E0,-6.666387177E0,6.678362274E0
3.099208750E0,-2.353705444E0,-6.782845001E0,6.584806824E0
3.109248750E0,-2.305805054E0,-6.846911774E0,6.516848145E0
3.119288750E0,-2.222278748E0,-6.853049011E0,6.528523865E0
3.129329750E0,-2.173031158E0,-6.815028076E0,6.599326630E0
3.139369750E0,-2.137554932E0,-6.816974030E0,6.685098267E0
3.149409750E0,-2.116448822E0,-6.887028351E0,6.714586945E0
3.159480750E0,-2.141446838E0,-6.984775085E0,6.708898773E0
3.169520750E0,-2.155068512E0,-7.057673492E0,6.647975464E0
3.179561750E0,-2.149829407E0,-7.111262054E0,6.575825500E0
3.189601750E0,-2.121238861E0,-7.094646606E0,6.541696472E0
3.199641750E0,-2.069895630E0,-7.043902130E0,6.522835693E0
3.209682750E0,-2.344275055E0,-6.913523254E0,6.501729584E0
3.219752750E0,-2.305805054E0,-6.815327454E0,6.495143280E0
3.229793750E0,-2.181114349E0,-6.816824341E0,6.514902191E0
3.239833750E0,-2.203268280E0,-6.759044495E0,6.574777679E0
3.249873750E0,-2.205962677E0,-6.739435272E0,6.618486786E0
3.259913750E0,-2.187101898E0,-6.777755585E0,6.620133362E0
3.269954750E0,-2.201322327E0,-6.826703796E0,6.616091766E0
3.279994750E0,-2.220332794E0,-6.855893097E0,6.574178925E0
3.290065750E0,-2.204465790E0,-6.846163330E0,6.542444916E0
3.300105750E0,-2.183808746E0,-6.797215118E0,6.546785889E0
3.310145750E0,-2.183659058E0,-6.776857452E0,6.580465851E0
3.320186750E0,-2.164648590E0,-6.791676636E0,6.631360016E0
3.330226750E0,-2.172432404E0,-6.814878387E0,6.669530640E0
3.340266750E0,-2.190395050E0,-6.846013641E0,6.664590912E0
3.350307750E0,-2.223775635E0,-6.904691620E0,6.635251923E0
3.360377750E0,-2.214644623E0,-6.928342438E0,6.606362000E0
3.370418750E0,-2.207459564E0,-6.899302826E0,6.558461609E0
3.380458750E0,-2.165397034E0,-6.890171814E0,6.515500946E0
3.390498750E0,-2.109563141E0,-6.865323486E0,6.515650635E0
3.400538750E0,-1.873653717E0,-6.868017883E0,6.484365692E0
3.410579750E0,-2.106419678E0,-6.811884613E0,6.506968689E0
3.420650750E0,-2.307601318E0,-6.760541382E0,6.572382660E0
3.430690750E0,-2.493514709E0,-6.816974030E0,6.590794373E0
3.440730750E0,-2.324665833E0,-6.845265198E0,6.563101959E0
3.450770750E0,-2.117945709E0,-6.933431854E0,6.534810791E0
3.460811750E0,-2.227218475E0,-6.996301117E0,6.545438690E0
3.470851750E0,-2.239942017E0,-7.011269989E0,6.512507172E0
3.480891750E0,-2.209704895E0,-7.005581818E0,6.443500671E0
3.490962750E0,-2.169438629E0,-6.977290649E0,6.358627167E0
3.501002750E0,-2.134710846E0,-6.961723022E0,6.318211212E0
3.511043750E0,-2.099983063E0,-6.949747925E0,6.299799500E0
3.521083750E0,-2.055974579E0,-6.970404968E0,6.300697632E0
3.531123750E0,-2.015708313E0,-7.014114075E0,6.331683197E0
3.541163750E0,-1.991009674E0,-7.056026917E0,6.377338257E0
3.551204750E0,-1.968706055E0,-7.093898163E0,6.405479736E0
3.561275750E0,-1.960173798E0,-7.127428436E0,6.430926819E0
3.571315750E0,-1.960772552E0,-7.141499176E0,6.456822968E0
3.581355750E0,-1.999242554E0,-7.160809021E0,6.477180634E0
3.591395750E0,-2.024090881E0,-7.169191589E0,6.448590088E0
3.601436750E0,-2.090852051E0,-7.121440887E0,6.417754211E0
3.611476750E0,-2.099983063E0,-7.059170380E0,6.367458801E0
3.621547750E0,-2.070045319E0,-7.008126526E0,6.311325531E0
3.631587750E0,-2.063758392E0,-6.953490143E0,6.313870239E0
3.641627750E0,-1.960922241E0,-6.960076447E0,6.328988800E0
3.651668750E0,-1.891167297E0,-6.976093140E0,6.406677246E0
3.661708750E0,-1.891616364E0,-7.002737732E0,6.475983124E0
3.671748750E0,-1.897304535E0,-7.030729523E0,6.544989624E0
3.681788750E0,-1.865720215E0,-7.037465515E0,6.553222504E0
3.691859750E0,-1.860780487E0,-7.013964386E0,6.535708923E0
3.701900750E0,-1.854643250E0,-6.987918549E0,6.504274292E0
3.711940750E0,-1.985321503E0,-6.954088898E0,6.502328339E0
3.721980750E0,-1.604214020E0,-6.939419403E0,6.410269775E0
3.732020750E0,-1.055305481E0,-7.111262054E0,6.333030396E0
3.742061750E0,-1.754651184E0,-6.922953644E0,6.522236938E0
3.752101750E0,-2.251617737E0,-6.789281616E0,6.531218262E0
3.762172750E0,-2.400707703E0,-6.822213135E0,6.460265808E0
3.772212750E0,-2.430944824E0,-6.865323486E0,6.449637909E0
3.782252750E0,-2.207160187E0,-6.856042786E0,6.448739777E0
3.792293750E0,-1.823058929E0,-6.978188782E0,6.447242889E0
3.802333750E0,-1.872007141E0,-7.115902405E0,6.479725342E0
3.812373750E0,-1.890718231E0,-7.162006531E0,6.465654602E0
3.822444750E0,-1.832189941E0,-7.213050385E0,6.407725067E0
3.832484750E0,-1.794917450E0,-7.200027466E0,6.373446350E0
3.842525750E0,-1.782642975E0,-7.131619720E0,6.374943237E0
3.852565750E0,-1.784139862E0,-7.114854584E0,6.385870514E0
3.862605750E0,-1.805245972E0,-7.119644623E0,6.395300903E0
3.872645750E0,-1.839375000E0,-7.160509644E0,6.374643860E0
3.882686750E0,-1.876497803E0,-7.190746765E0,6.336323547E0
3.892756750E0,-1.904339905E0,-7.197333069E0,6.296506348E0
3.902797750E0,-1.934277649E0,-7.203619995E0,6.313271484E0
3.912837750E0,-1.901046753E0,-7.200326843E0,6.288572845E0
3.922876042E0,-1.886377258E0,-7.186405792E0,6.299500122E0
3.932917042E0,-1.918859711E0,-7.176077271E0,6.335126038E0
3.942957042E0,-1.945354614E0,-7.168293457E0,6.353238373E0
3.952997042E0,-1.961071930E0,-7.151378632E0,6.361022186E0
3.963068042E0,-1.960473175E0,-7.143894196E0,6.358627167E0
3.973108042E0,-1.953737183E0,-7.127578125E0,6.368356934E0
3.983149042E0,-1.966011658E0,-7.153623962E0,6.380182343E0
3.993189042E0,-1.957928467E0,-7.198380890E0,6.370602264E0
4.003229042E0,-1.944157104E0,-7.178921356E0,6.369255066E0
4.013269042E0,-1.947300568E0,-7.166197815E0,6.366860046E0
4.023340042E0,-1.936073914E0,-7.133715363E0,6.357279968E0
4.033380042E0,-1.915566559E0,-7.092401276E0,6.363267517E0
4.043421042E0,-1.898651733E0,-7.046746216E0,6.373895416E0
4.053461042E0,-1.897005157E0,-7.035369873E0,6.366111603E0
4.063501042E0,-1.895957336E0,-7.037315826E0,6.381679230E0
4.073542042E0,-1.883084106E0,-7.048991547E0,6.396648102E0
4.083582042E0,-1.875150604E0,-7.065457306E0,6.402785339E0
4.093653042E0,-1.863474884E0,-7.083120575E0,6.404282227E0
4.103693042E0,-1.861528931E0,-7.096442871E0,6.408323822E0
4.113733042E0,-1.839524689E0,-7.104526062E0,6.418502655E0
4.123774042E0,-1.824705505E0,-7.107968903E0,6.421047363E0
4.133814042E0,-1.812730408E0,-7.097490692E0,6.422993317E0
4.143854042E0,-1.795965271E0,-7.077432404E0,6.423592072E0
4.153894042E0,-1.787582703E0,-7.079378357E0,6.424490204E0
4.163965042E0,-1.806443481E0,-7.079977112E0,6.437064056E0
4.174005042E0,-1.825154572E0,-7.057523804E0,6.450536041E0
4.184046042E0,-1.843117218E0,-7.035669250E0,6.459068298E0
4.194086042E0,-1.870061188E0,-7.010820923E0,6.455326080E0
4.204126042E0,-1.906734924E0,-6.980284424E0,6.443949738E0
4.214167042E0,-1.928888855E0,-6.957831116E0,6.451134796E0
4.224207042E0,-1.945953369E0,-6.945107574E0,6.456822968E0
4.234278042E0,-1.957928467E0,-6.934779053E0,6.452631683E0
4.244318042E0,-1.942360840E0,-6.918313293E0,6.466253357E0
4.254358042E0,-1.916165314E0,-6.917265472E0,6.505621490E0
4.264399042E0,-1.886377258E0,-6.910379791E0,6.567143555E0
4.274439042E0,-1.872007141E0,-6.874005432E0,6.637796631E0
4.284479042E0,-1.888173523E0,-6.840924225E0,6.702013092E0
4.294550042E0,-1.906285858E0,-6.792425079E0,6.724616089E0
4.304590042E0,-1.947450256E0,-6.743327179E0,6.731352081E0
4.314630042E0,-2.002835083E0,-6.734046478E0,6.719975739E0
4.324671042E0,-2.057621155E0,-6.725813599E0,6.697372742E0
4.334711042E0,-2.091899872E0,-6.718478851E0,6.685547333E0
4.344751042E0,-2.104174347E0,-6.716832275E0,6.673422546E0
4.354792042E0,-2.099533997E0,-6.700965271E0,6.675518188E0
4.364862042E0,-2.074685669E0,-6.683002625E0,6.683302002E0
4.374903042E0,-2.077380066E0,-6.670728149E0,6.703809357E0
4.384943042E0,-2.091450806E0,-6.667884064E0,6.712940369E0
4.394983042E0,-2.098785553E0,-6.670877838E0,6.740333405E0
4.405024042E0,-2.108365631E0,-6.703959045E0,6.766229553E0
4.415064042E0,-2.110161896E0,-6.750362549E0,6.768025818E0
4.425104042E0,-2.120490417E0,-6.815028076E0,6.738686829E0
4.435175042E0,-2.120340729E0,-6.854396210E0,6.673871613E0
4.445215042E0,-2.102078705E0,-6.868616638E0,6.599176941E0
4.455255042E0,-2.076332245E0,-6.880292358E0,6.541995850E0
4.465296042E0,-2.071392517E0,-6.889123993E0,6.497238922E0
4.475336042E0,-2.051483917E0,-6.896907806E0,6.477180634E0
4.485376042E0,-2.032174072E0,-6.898704071E0,6.465504913E0
4.495447042E0,-2.010618896E0,-6.920259247E0,6.444698181E0
4.505487042E0,-2.002535706E0,-6.938970337E0,6.443350983E0
4.515528042E0,-1.997446289E0,-6.955286407E0,6.446045380E0
4.525568042E0,-2.005679169E0,-6.968309326E0,6.438860321E0
4.535608042E0,-2.026186523E0,-7.010671234E0,6.433920593E0
4.545649042E0,-2.072440338E0,-7.048991547E0,6.456523590E0
4.555689042E0,-2.119143219E0,-7.063661041E0,6.476581879E0
4.565760042E0,-2.171234894E0,-7.062164154E0,6.477779388E0
4.575800042E0,-2.213896179E0,-7.046446838E0,6.469696198E0
4.585840042E0,-2.246678009E0,-7.022047577E0,6.459966431E0
4.595880042E0,-2.274370422E0,-6.963818665E0,6.451883240E0
4.605921042E0,-2.274370422E0,-6.909182281E0,6.454577637E0
4.615961042E0,-2.247725830E0,-6.854246521E0,6.474935303E0
4.626001042E0,-2.218985596E0,-6.821464691E0,6.521488495E0
4.636072042E0,-2.217339020E0,-6.834936676E0,6.565796356E0
4.646112042E0,-2.200424194E0,-6.848857727E0,6.607260132E0
4.656153042E0,-2.192640381E0,-6.847211151E0,6.645430756E0
4.666193042E0,-2.172282715E0,-6.850803680E0,6.659052429E0
4.676233042E0,-2.164947968E0,-6.865922241E0,6.640191650E0
4.686274042E0,-2.175426178E0,-6.893315277E0,6.617588654E0
4.696344042E0,-2.185455322E0,-6.895560608E0,6.589447174E0
4.706385042E0,-2.194286957E0,-6.904541931E0,6.556665344E0
4.716425042E0,-2.190993805E0,-6.909930725E0,6.530619507E0
4.726465042E0,-2.197879486E0,-6.906787262E0,6.528673553E0
4.736505042E0,-2.186652832E0,-6.896159363E0,6.559060364E0
4.746546042E0,-2.176024933E0,-6.899003448E0,6.578519897E0
4.756586042E0,-2.160457306E0,-6.899003448E0,6.591243439E0
4.766657042E0,-2.141147461E0,-6.884184265E0,6.572083282E0
4.776697042E0,-2.123035126E0,-6.859485626E0,6.570436707E0
4.786737042E0,-2.088307343E0,-6.863676910E0,6.581663361E0
4.796778042E0,-2.120640106E0,-6.833439789E0,6.616391144E0
4.806818042E0,-2.062560883E0,-6.808741150E0,6.625971222E0
4.816858042E0,-2.044897614E0,-6.858886871E0,6.625372467E0
4.826899042E0,-2.280956726E0,-6.743177490E0,6.701414337E0
4.836969042E0,-2.062411194E0,-6.814878387E0,6.654112701E0
4.847010042E0,-2.051783295E0,-6.829847260E0,6.625372467E0
4.857050042E0,-2.061513062E0,-6.794071655E0,6.599326630E0
4.867090042E0,-2.045196991E0,-6.791227570E0,6.574777679E0
4.877130042E0,-2.016905823E0,-6.766528931E0,6.601272583E0
4.887171042E0,-1.994901581E0,-6.745871887E0,6.637347565E0
4.897242042E0,-2.001637573E0,-6.741830292E0,6.672524414E0
4.907282042E0,-2.015109558E0,-6.723867645E0,6.702462158E0
4.917322042E0,-2.048340454E0,-6.714287567E0,6.719077606E0
4.927348917E0,-2.114353180E0,-6.708449707E0,6.728807373E0
4.937389917E0,-2.153571625E0,-6.690936127E0,6.728208618E0
4.947429917E0,-2.202070770E0,-6.679859161E0,6.742728424E0
4.957469917E0,-2.233206024E0,-6.683751068E0,6.743776245E0
4.967540917E0,-2.255060577E0,-6.707551575E0,6.734495544E0
4.977580917E0,-2.294877777E0,-6.744375000E0,6.718778229E0
4.987621917E0,-2.302212524E0,-6.756350098E0,6.692283325E0
4.997661917E0,-2.300565948E0,-6.757397919E0,6.662495270E0
5.007701917E0,-2.306403809E0,-6.755901031E0,6.639143829E0
5.017741917E0,-2.281705170E0,-6.753056946E0,6.600823517E0
5.027782917E0,-2.225871277E0,-6.752757568E0,6.590944061E0
5.037853917E0,-2.104773102E0,-6.807843018E0,6.564299469E0
5.047893917E0,-2.405797119E0,-6.700665894E0,6.649771729E0
5.057933917E0,-2.218237152E0,-6.720125427E0,6.672674103E0
5.067973917E0,-2.196831665E0,-6.790628815E0,6.598278809E0
5.078014917E0,-2.280507660E0,-6.784790955E0,6.580316162E0
5.088054917E0,-2.282453613E0,-6.784940643E0,6.532864838E0
5.098094917E0,-2.289788361E0,-6.780300293E0,6.531817017E0
5.108165917E0,-2.289938049E0,-6.782096558E0,6.553821259E0
5.118205917E0,-2.301613770E0,-6.777306519E0,6.564449158E0
5.128246917E0,-2.311044159E0,-6.771318970E0,6.600075073E0
5.138286917E0,-2.298320618E0,-6.786437531E0,6.638694763E0
5.148326917E0,-2.281405792E0,-6.803651733E0,6.669380951E0
5.158366917E0,-2.256258087E0,-6.826703796E0,6.703809357E0
5.168437917E0,-2.231409760E0,-6.876849518E0,6.719077606E0
5.178478917E0,-2.212848358E0,-6.920858002E0,6.698121185E0
5.188518917E0,-2.193837891E0,-6.921157379E0,6.635401611E0
5.198558917E0,-2.167193298E0,-6.903194733E0,6.577472076E0
5.208598917E0,-2.133812714E0,-6.865323486E0,6.558162231E0
5.218639917E0,-2.113904114E0,-6.828050995E0,6.557264099E0
5.228679917E0,-2.095193024E0,-6.805597687E0,6.563101959E0
5.238750917E0,-2.097288666E0,-6.797514496E0,6.568191376E0
5.248790917E0,-2.119592285E0,-6.803801422E0,6.561455383E0
5.258830917E0,-2.144739990E0,-6.837631073E0,6.523284760E0
5.268871917E0,-2.173629913E0,-6.866820374E0,6.496340790E0
5.278911917E0,-2.195334778E0,-6.886130219E0,6.465355225E0
5.288951917E0,-2.197580109E0,-6.898554382E0,6.487060089E0
5.298991917E0,-2.191143494E0,-6.906038818E0,6.515500946E0
5.309062917E0,-2.183509369E0,-6.918462982E0,6.533912659E0
5.319103917E0,-2.184257813E0,-6.913523254E0,6.527775421E0
5.329143917E0,-2.189796295E0,-6.903194733E0,6.539451141E0
5.339183917E0,-2.162702637E0,-6.921756134E0,6.524482269E0
5.349223917E0,-2.155068512E0,-6.931934967E0,6.526577911E0
5.359264917E0,-2.120640106E0,-6.946604462E0,6.528074799E0
5.369334917E0,-2.098037109E0,-6.950047302E0,6.538852386E0
5.379375917E0,-2.079475708E0,-6.933132477E0,6.547234955E0
5.389415917E0,-2.067650299E0,-6.930288391E0,6.553821259E0
5.399455917E0,-2.052980804E0,-6.943161621E0,6.530320129E0
5.409496917E0,-2.026336212E0,-6.942712555E0,6.528823242E0
5.419536917E0,-2.001487885E0,-6.948700104E0,6.529122620E0
5.429576917E0,-1.978884888E0,-6.954537964E0,6.518644409E0
5.439647917E0,-1.977837067E0,-6.951993256E0,6.533762970E0
5.449687917E0,-1.979184265E0,-6.944808197E0,6.534062347E0
5.459728917E0,-1.985022125E0,-6.941365356E0,6.532715149E0
5.469768917E0,-1.997895355E0,-6.943011932E0,6.552923126E0
5.479808917E0,-2.017205200E0,-6.951693878E0,6.557713165E0
5.489848917E0,-2.016307068E0,-6.943610687E0,6.550827484E0
5.499889917E0,-2.035018158E0,-6.945257263E0,6.549480286E0
5.509959917E0,-2.049687653E0,-6.942712555E0,6.543193359E0
5.520000917E0,-2.052531738E0,-6.926546173E0,6.529871063E0
5.530040917E0,-2.066303101E0,-6.929839325E0,6.531517639E0
5.540080917E0,-2.077380066E0,-6.955885162E0,6.512507172E0
5.550121917E0,-2.088457031E0,-6.966063995E0,6.503825226E0
5.560161917E0,-2.093546448E0,-6.964417419E0,6.487958221E0
5.570232917E0,-2.095193024E0,-6.962022400E0,6.464157715E0
5.580272917E0,-2.089654541E0,-6.957382050E0,6.457272034E0
5.590312917E0,-2.080822906E0,-6.953340454E0,6.462511139E0
5.600353917E0,-2.075284424E0,-6.943460999E0,6.457870789E0
5.610393917E0,-2.065105591E0,-6.936874695E0,6.491850128E0
5.620433917E0,-2.057920532E0,-6.946454773E0,6.511010284E0
5.630473917E0,-2.060165863E0,-6.955585785E0,6.516399078E0
5.640544917E0,-2.073039093E0,-6.956932983E0,6.534361725E0
5.650584917E0,-2.093247070E0,-6.952292633E0,6.541097717E0
5.660625917E0,-2.117796021E0,-6.935677185E0,6.524482269E0
5.670665917E0,-2.134411469E0,-6.928941193E0,6.527625732E0
5.680705917E0,-2.148332520E0,-6.918612671E0,6.535708923E0
5.690746917E0,-2.146536255E0,-6.905739441E0,6.519692230E0
5.700786917E0,-2.154619446E0,-6.889423370E0,6.555916901E0
5.710857917E0,-2.140997772E0,-6.870562592E0,6.509663086E0
5.720897917E0,-2.137255554E0,-6.851402435E0,6.484216003E0
5.730937917E0,-2.135010223E0,-6.837182007E0,6.494095459E0
5.740978917E0,-2.131866760E0,-6.823111267E0,6.526877289E0
5.751018917E0,-2.145039368E0,-6.839427338E0,6.551575928E0
5.761058917E0,-2.150278473E0,-6.854096832E0,6.578070831E0
5.771098917E0,-2.152374115E0,-6.871161346E0,6.599027252E0
5.781169917E0,-2.155966644E0,-6.881639557E0,6.606661377E0
5.791209917E0,-2.144141235E0,-6.886579285E0,6.588399353E0
5.801250917E0,-2.132615204E0,-6.881938934E0,6.580465851E0
5.811290917E0,-2.129322052E0,-6.881489868E0,6.566095734E0
5.821330917E0,-2.128423920E0,-6.881489868E0,6.549929352E0
5.831371917E0,-2.125430145E0,-6.888076172E0,6.533762970E0
5.841441917E0,-2.126328278E0,-6.891968079E0,6.535110168E0
5.851482917E0,-2.113455048E0,-6.885830841E0,6.548432465E0
5.861522917E0,-2.117796021E0,-6.894812164E0,6.550079041E0
5.871562917E0,-2.117346954E0,-6.898255005E0,6.537654877E0
5.881603917E0,-2.114802246E0,-6.902296600E0,6.531218262E0
5.891643917E0,-2.124981079E0,-6.895859985E0,6.526877289E0
5.901683917E0,-2.127076721E0,-6.889273682E0,6.530170441E0
5.911754917E0,-2.142494659E0,-6.885531464E0,6.541097717E0
5.921794917E0,-2.147584076E0,-6.880741425E0,6.546336823E0
5.931818042E0,-2.158361664E0,-6.897207184E0,6.548881531E0
5.941859042E0,-2.173929291E0,-6.886728973E0,6.555767212E0
5.951899042E0,-2.191742249E0,-6.885980530E0,6.551575928E0
5.961939042E0,-2.180365906E0,-6.880442047E0,6.540498962E0
5.971980042E0,-2.168989563E0,-6.866970062E0,6.552324371E0
5.982050042E0,-2.153571625E0,-6.857240295E0,6.572083282E0
5.992091042E0,-2.157463531E0,-6.857090607E0,6.587650909E0
6.002131042E0,-2.165546722E0,-6.867419128E0,6.579567719E0
6.012171042E0,-2.148781586E0,-6.877747650E0,6.562054138E0
6.022212042E0,-2.160457306E0,-6.889872437E0,6.559808807E0
6.032252042E0,-2.163301392E0,-6.883884888E0,6.532864838E0
6.042323042E0,-2.156715088E0,-6.869215393E0,6.521638184E0
6.052363042E0,-2.169139252E0,-6.871760101E0,6.515051880E0
6.062403042E0,-2.171683960E0,-6.866371307E0,6.523135071E0
6.072443042E0,-2.170785828E0,-6.859036560E0,6.517895966E0
6.082484042E0,-2.179617462E0,-6.856192474E0,6.521338806E0
6.092524042E0,-2.172881470E0,-6.852150879E0,6.525230713E0
6.102564042E0,-2.162702637E0,-6.846163330E0,6.519841919E0
6.112635042E0,-2.166744232E0,-6.857240295E0,6.523434448E0
6.122675042E0,-2.177671509E0,-6.880292358E0,6.522386627E0
6.132716042E0,-2.184108124E0,-6.895261230E0,6.523135071E0
6.142756042E0,-2.170935516E0,-6.905589752E0,6.536607056E0
6.152796042E0,-2.190095673E0,-6.896907806E0,6.558012543E0
6.162837042E0,-2.197430420E0,-6.892267456E0,6.552623749E0
6.172877042E0,-2.193538513E0,-6.885980530E0,6.532715149E0
6.182948042E0,-2.186503143E0,-6.904541931E0,6.532266083E0
6.192988042E0,-2.180066528E0,-6.897955627E0,6.515800323E0
6.203028042E0,-2.179767151E0,-6.893165588E0,6.521488495E0
6.213068042E0,-2.164798279E0,-6.888525238E0,6.519243164E0
6.223109042E0,-2.155367889E0,-6.881938934E0,6.498436432E0
6.233149042E0,-2.181413727E0,-6.887627106E0,6.538702698E0
6.243220042E0,-2.176623688E0,-6.898704071E0,6.511309662E0
6.253260042E0,-2.182311859E0,-6.894812164E0,6.468947754E0
6.263300042E0,-2.197580109E0,-6.889273682E0,6.478378143E0
6.273341042E0,-2.208806763E0,-6.885381775E0,6.489006042E0
6.283381042E0,-2.212698669E0,-6.892117767E0,6.507866821E0
6.293421042E0,-2.206711121E0,-6.895560608E0,6.516249390E0
6.303462042E0,-2.225272522E0,-6.898105316E0,6.521488495E0
6.313532042E0,-2.222877502E0,-6.902745667E0,6.532415771E0
6.323573042E0,-2.222578125E0,-6.908733215E0,6.522985382E0
6.333613042E0,-2.226020966E0,-6.906487885E0,6.500831451E0
6.343653042E0,-2.229463806E0,-6.914720764E0,6.505920868E0
6.353693042E0,-2.244732056E0,-6.910080414E0,6.504873047E0
6.363734042E0,-2.235301666E0,-6.910080414E0,6.499334564E0
6.373774042E0,-2.232457581E0,-6.907835083E0,6.503525848E0
6.383845042E0,-2.246678009E0,-6.902296600E0,6.505471802E0
6.393885042E0,-2.246079254E0,-6.900200958E0,6.507417755E0
6.403925042E0,-2.250869293E0,-6.894213409E0,6.506669312E0
6.413966042E0,-2.241588593E0,-6.882088623E0,6.526577911E0
6.424006042E0,-2.282303925E0,-6.892267456E0,6.488856354E0
6.434046042E0,-2.289039917E0,-6.895261230E0,6.492897949E0
6.444087042E0,-2.274071045E0,-6.872658234E0,6.515201569E0
6.454157042E0,-2.274819489E0,-6.857240295E0,6.517446899E0
6.464198042E0,-2.270478516E0,-6.840325470E0,6.543343048E0
6.474238042E0,-2.273322601E0,-6.825805664E0,6.547684021E0
6.484278042E0,-2.280807037E0,-6.820865936E0,6.546785889E0
6.494318042E0,-2.272574158E0,-6.800657959E0,6.564898224E0
6.504359042E0,-2.296973419E0,-6.789281616E0,6.554120636E0
6.514430042E0,-2.314487000E0,-6.828949127E0,6.520740051E0
6.524470042E0,-2.271226959E0,-6.843019867E0,6.523434448E0
6.534510042E0,-2.263143768E0,-6.836433563E0,6.525230713E0
6.544550042E0,-2.267335052E0,-6.847061462E0,6.530918884E0
6.554591042E0,-2.270628204E0,-6.843169556E0,6.529421997E0
6.564631042E0,-2.271975403E0,-6.828200684E0,6.517446899E0
6.574671042E0,-2.269430695E0,-6.832841034E0,6.534960480E0
6.584742042E0,-2.267484741E0,-6.834487610E0,6.535708923E0
6.594782042E0,-2.262095947E0,-6.836433563E0,6.534212036E0
6.604823042E0,-2.236948242E0,-6.838080139E0,6.527775421E0
6.614863042E0,-2.195484467E0,-6.826703796E0,6.534361725E0
6.624903042E0,-2.204016724E0,-6.845265198E0,6.544989624E0
6.634943042E0,-2.244582367E0,-6.898255005E0,6.513704681E0
6.644984042E0,-2.210752716E0,-6.930737457E0,6.519542542E0
6.655055042E0,-2.190095673E0,-6.933581543E0,6.526577911E0
6.665095042E0,-2.205064545E0,-6.933880920E0,6.537205811E0
6.675135042E0,-2.207160187E0,-6.904990997E0,6.500232697E0
6.685175042E0,-2.206561432E0,-6.870263214E0,6.511159973E0
6.695216042E0,-2.207309875E0,-6.847211151E0,6.528523865E0
6.705256042E0,-2.202669525E0,-6.833739166E0,6.531817017E0
6.715327042E0,-2.202968903E0,-6.837032318E0,6.538403320E0
6.725367042E0,-2.205812988E0,-6.855893097E0,6.554719391E0
6.735407042E0,-2.215991821E0,-6.855593719E0,6.587650909E0
6.745448042E0,-2.330503693E0,-6.845564575E0,6.542295227E0
6.755488042E0,-2.351609802E0,-6.858587494E0,6.483617249E0
6.765528042E0,-2.328707428E0,-6.839127960E0,6.494394836E0
6.775568042E0,-2.322719879E0,-6.828500061E0,6.474486237E0
6.785639042E0,-2.338287506E0,-6.825057220E0,6.529272308E0
6.795680042E0,-2.297871552E0,-6.829996948E0,6.543792114E0
6.805720042E0,-2.289339294E0,-6.815926208E0,6.532565460E0
6.815760042E0,-2.378404083E0,-6.843618622E0,6.493047638E0
6.825800042E0,-2.342329102E0,-6.855893097E0,6.482270050E0
6.835841042E0,-2.301763458E0,-6.848708038E0,6.485563202E0
6.845881042E0,-2.283800812E0,-6.841522980E0,6.554719391E0
6.855952042E0,-2.231559448E0,-6.846462708E0,6.571185150E0
6.865992042E0,-2.272574158E0,-6.876849518E0,6.532415771E0
6.876032042E0,-2.255958710E0,-6.895261230E0,6.526128845E0
6.886073042E0,-2.224524078E0,-6.892267456E0,6.530918884E0
6.896113042E0,-2.229613495E0,-6.870861969E0,6.574927368E0
6.906153042E0,-2.275717621E0,-6.882837067E0,6.541247406E0
6.916224042E0,-2.249971161E0,-6.881789246E0,6.505471802E0
6.926241167E0,-2.256108398E0,-6.872807922E0,6.525979156E0
6.936282167E0,-2.256407776E0,-6.875352631E0,6.524182892E0
6.946322167E0,-2.247725830E0,-6.866970062E0,6.532116394E0
6.956362167E0,-2.236648865E0,-6.849456482E0,6.559210052E0
6.966402167E0,-2.290536804E0,-6.860084381E0,6.504873047E0
6.976443167E0,-2.304008789E0,-6.867568817E0,6.483766937E0
6.986514167E0,-2.291434937E0,-6.845863953E0,6.483168182E0
6.996554167E0,-2.289039917E0,-6.836583252E0,6.501879272E0
7.006594167E0,-2.297572174E0,-6.835535431E0,6.506968689E0
7.016634167E0,-2.320175171E0,-6.822362823E0,6.509363708E0
7.026675167E0,-2.324665833E0,-6.831493835E0,6.526428223E0
7.036715167E0,-2.351609802E0,-6.838678894E0,6.521488495E0
7.046755167E0,-2.366129608E0,-6.843768311E0,6.504573669E0
7.056826167E0,-2.359992371E0,-6.849606171E0,6.494245148E0
7.066866167E0,-2.363135834E0,-6.842421112E0,6.545438690E0
7.076907167E0,-2.417921906E0,-6.855743408E0,6.504423981E0
7.086947167E0,-2.395618286E0,-6.865922241E0,6.465804291E0
7.096987167E0,-2.378404083E0,-6.868017883E0,6.484964447E0
7.107027167E0,-2.367177429E0,-6.863676910E0,6.505621490E0
7.117068167E0,-2.375859375E0,-6.861281891E0,6.530320129E0
7.127139167E0,-2.360591125E0,-6.854695587E0,6.529571686E0
7.137179167E0,-2.342029724E0,-6.858587494E0,6.536307678E0
7.147219167E0,-2.334694977E0,-6.858437805E0,6.539301453E0
7.157259167E0,-2.305206299E0,-6.837780762E0,6.567742310E0
7.167300167E0,-2.345472565E0,-6.840325470E0,6.553072815E0
7.177340167E0,-2.331401825E0,-6.857240295E0,6.510860596E0
7.187411167E0,-2.314187622E0,-6.839726715E0,6.529571686E0
7.197451167E0,-2.320324860E0,-6.835834808E0,6.520290985E0
7.207491167E0,-2.305655365E0,-6.834038544E0,6.509064331E0
7.217532167E0,-2.309397583E0,-6.829398193E0,6.520290985E0
7.227572167E0,-2.301314392E0,-6.836882629E0,6.517746277E0
7.237612167E0,-2.296524353E0,-6.841672668E0,6.515800323E0
7.247652167E0,-2.301015015E0,-6.860383759E0,6.526727600E0
7.257723167E0,-2.308798828E0,-6.879843292E0,6.525829468E0
7.267764167E0,-2.314337311E0,-6.881340179E0,6.515351257E0
7.277804167E0,-2.324366455E0,-6.884633331E0,6.496789856E0
7.287844167E0,-2.325414276E0,-6.886878662E0,6.486461334E0
7.297884167E0,-2.318678284E0,-6.882238312E0,6.471193085E0
7.307925167E0,-2.326312408E0,-6.882837067E0,6.484365692E0
7.317965167E0,-2.317331085E0,-6.884333954E0,6.475833435E0
7.328036167E0,-2.311193848E0,-6.892267456E0,6.469546509E0
7.338076167E0,-2.302511902E0,-6.885232086E0,6.477180634E0
7.348116167E0,-2.296674042E0,-6.877448273E0,6.483467560E0
7.358157167E0,-2.292782135E0,-6.870263214E0,6.498735809E0
7.368197167E0,-2.297123108E0,-6.867419128E0,6.507118378E0
7.378237167E0,-2.299667816E0,-6.860832825E0,6.518045654E0
7.388308167E0,-2.296224976E0,-6.862030334E0,6.513554993E0
7.398348167E0,-2.300116882E0,-6.854545898E0,6.501879272E0
7.408389167E0,-2.298769684E0,-6.854845276E0,6.504573669E0
7.418429167E0,-2.293979645E0,-6.870412903E0,6.514453125E0
7.428469167E0,-2.312241669E0,-6.890022125E0,6.540049896E0
7.438509167E0,-2.320923615E0,-6.905140686E0,6.562652893E0
7.448550167E0,-2.328557739E0,-6.904392242E0,6.555018768E0
7.458620167E0,-2.332449646E0,-6.919810181E0,6.533014526E0
7.468661167E0,-2.334395599E0,-6.925797729E0,6.515201569E0
7.478701167E0,-2.334395599E0,-6.918912048E0,6.521039429E0
7.488741167E0,-2.344873810E0,-6.911277924E0,6.530619507E0
7.498782167E0,-2.372266846E0,-6.931186523E0,6.542744293E0
7.508822167E0,-2.390828247E0,-6.945556641E0,6.548282776E0
7.518862167E0,-2.384391632E0,-6.956633606E0,6.552923126E0
7.528933167E0,-2.346221008E0,-6.976093140E0,6.541846161E0
7.538973167E0,-2.345921631E0,-7.007976837E0,6.570287018E0
7.549014167E0,-2.394271088E0,-7.094347229E0,6.583160248E0
7.559054167E0,-2.449356537E0,-7.173532562E0,6.542594604E0
7.569094167E0,-2.443668365E0,-7.133565674E0,6.541696472E0
7.579134167E0,-2.383493500E0,-7.036268005E0,6.543492737E0
7.589205167E0,-2.285746765E0,-6.976542206E0,6.550228729E0
7.599245167E0,-2.195933533E0,-6.922205200E0,6.547234955E0
7.609286167E0,-2.119442596E0,-6.887776794E0,6.534212036E0
7.619326167E0,-2.095642090E0,-6.896458740E0,6.524631958E0
7.629366167E0,-2.093396759E0,-6.918612671E0,6.476881256E0
7.639407167E0,-2.113305359E0,-6.953340454E0,6.433022461E0
7.649447167E0,-2.195334778E0,-7.009174347E0,6.420897675E0
7.659518167E0,-2.277214508E0,-7.032226410E0,6.393205261E0
7.669558167E0,-1.926493835E0,-7.112609253E0,6.239624634E0
7.679598167E0,-2.205064545E0,-7.066056061E0,6.231990509E0
7.689639167E0,-2.811303864E0,-6.834936676E0,6.440955963E0
7.699679167E0,-2.922971649E0,-6.735393677E0,6.498885498E0
7.709719167E0,-2.356399841E0,-6.668931885E0,6.461014252E0
7.719759167E0,-2.159708862E0,-6.669231262E0,6.579118652E0
7.729830167E0,-2.252515869E0,-6.670428772E0,6.636000366E0
7.739870167E0,-2.271526337E0,-6.656507721E0,6.537505188E0
7.749911167E0,-2.354902954E0,-6.736890564E0,6.456224213E0
7.759951167E0,-2.401755524E0,-6.789431305E0,6.405330048E0
7.769991167E0,-2.511177979E0,-6.814878387E0,6.411167908E0
7.780032167E0,-2.593506775E0,-6.770420837E0,6.440357208E0
7.790072167E0,-2.638712769E0,-6.718927917E0,6.550977173E0
7.800143167E0,-2.685116272E0,-6.683601379E0,6.679110718E0
7.810183167E0,-2.686613159E0,-6.645879822E0,6.791676636E0
7.820223167E0,-2.629132690E0,-6.566993866E0,6.846462708E0
7.830264167E0,-2.593057709E0,-6.591243439E0,6.860234070E0
7.840304167E0,-2.169738007E0,-6.552923126E0,6.690936127E0
7.850344167E0,-2.241738281E0,-6.545139313E0,6.594835968E0
7.860415167E0,-2.676584015E0,-6.447093201E0,6.678062897E0
7.870455167E0,-2.759810944E0,-6.420298920E0,6.628964996E0
7.880495167E0,-2.878813477E0,-6.562203827E0,6.616391144E0
7.890536167E0,-2.923869781E0,-6.412365417E0,6.684649200E0
7.900576167E0,-2.617157593E0,-6.308331757E0,6.612948303E0
7.910616167E0,-2.668949890E0,-6.419550476E0,6.671177216E0
7.920657167E0,-2.749931488E0,-6.372697906E0,6.706204376E0
7.930713000E0,-2.867437134E0,-6.330635376E0,6.652166748E0
7.940754000E0,-2.884202271E0,-6.349196777E0,6.602021027E0
7.950794000E0,-2.901266785E0,-6.418502655E0,6.626420288E0
7.960834000E0,-2.879861298E0,-6.357729034E0,6.611750793E0
7.970875000E0,-2.839595032E0,-6.307134247E0,6.584657135E0
7.980915000E0,-2.766996002E0,-6.321953430E0,6.587052155E0
7.990955000E0,-2.663860474E0,-6.347999268E0,6.593339081E0
8.001026000E0,-2.593506775E0,-6.349346466E0,6.605912933E0
8.011066000E0,-2.548151093E0,-6.305038605E0,6.625372467E0
8.021106000E0,-2.511028290E0,-6.233786774E0,6.627917175E0
8.031147000E0,-2.490670624E0,-6.198609924E0,6.612199860E0
8.041187000E0,-2.487527161E0,-6.190227356E0,6.605763245E0
8.051227000E0,-2.502945099E0,-6.186036072E0,6.595135345E0
8.061298000E0,-2.492167511E0,-6.227799225E0,6.558611298E0
8.071338000E0,-2.411485291E0,-6.357579346E0,6.532565460E0
8.081379000E0,-2.336341553E0,-6.614295502E0,6.567143555E0
8.091419000E0,-2.309397583E0,-6.984026642E0,6.632557526E0
8.101459000E0,-2.320175171E0,-7.379204865E0,6.724616089E0
8.111500000E0,-2.347867584E0,-7.671546936E0,6.800807648E0
8.121540000E0,-2.421364746E0,-7.740254059E0,6.849456482E0
8.131611000E0,-2.501597900E0,-7.516319733E0,6.802304535E0
8.141651000E0,-2.550546112E0,-7.135511627E0,6.640640717E0
8.151691000E0,-2.586920471E0,-6.724915466E0,6.474336548E0
8.161731000E0,-2.603236542E0,-6.377487946E0,6.358627167E0
8.171772000E0,-2.579286346E0,-6.137536926E0,6.308331757E0
8.181812000E0,-2.478994904E0,-6.004613342E0,6.323749695E0
8.191852000E0,-2.363734589E0,-6.019133148E0,6.397546234E0
8.201923000E0,-2.259551239E0,-6.115532684E0,6.502328339E0
8.211963000E0,-2.206561432E0,-6.318360901E0,6.628964996E0
8.222004000E0,-2.180066528E0,-6.573131104E0,6.749015350E0
8.232044000E0,-2.180814972E0,-6.825506287E0,6.836583252E0
8.242084000E0,-2.182461548E0,-7.009473724E0,6.856491852E0
8.252125000E0,-2.195334778E0,-7.107519836E0,6.869814148E0
8.262195000E0,-2.256258087E0,-7.133266296E0,6.843319244E0
8.272236000E0,-2.312690735E0,-7.116800537E0,6.799310760E0
8.282276000E0,-2.371518402E0,-7.064409485E0,6.732250214E0
8.292316000E0,-2.416874084E0,-6.975494385E0,6.663243713E0
8.302356000E0,-2.431992645E0,-6.881489868E0,6.605014801E0
8.312397000E0,-2.438728638E0,-6.780599670E0,6.582860870E0
8.322437000E0,-2.435285797E0,-6.725214844E0,6.595734100E0
8.332508000E0,-2.437680817E0,-6.692283325E0,6.628066864E0
8.342548000E0,-2.457589417E0,-6.684649200E0,6.659950562E0
8.352588000E0,-2.462080078E0,-6.679260406E0,6.685846710E0
8.362629000E0,-2.482138367E0,-6.664291534E0,6.687942352E0
8.372669000E0,-2.513423309E0,-6.642886047E0,6.681356049E0
8.382709000E0,-2.540966034E0,-6.627168732E0,6.656058655E0
8.392750000E0,-2.560575256E0,-6.621779938E0,6.631360016E0
8.402820000E0,-2.565365295E0,-6.632856903E0,6.598428497E0
8.412861000E0,-2.543660431E0,-6.678511963E0,6.593638458E0
8.422901000E0,-2.525248718E0,-6.750512238E0,6.578370209E0
8.432941000E0,-2.506837006E0,-6.824608154E0,6.548282776E0
8.442981000E0,-2.486928406E0,-6.866371307E0,6.521787872E0
8.453022000E0,-2.461331635E0,-6.895859985E0,6.496939545E0
8.463062000E0,-2.434088287E0,-6.893315277E0,6.488257599E0
8.473133000E0,-2.427651672E0,-6.845564575E0,6.486311646E0
8.483173000E0,-2.440524902E0,-6.760840759E0,6.510411530E0
8.493213000E0,-2.473606110E0,-6.698121185E0,6.529721375E0
8.503254000E0,-2.496358795E0,-6.691834259E0,6.557713165E0
8.513294000E0,-2.527943115E0,-6.704707489E0,6.566544800E0
8.523334000E0,-2.534080353E0,-6.733148346E0,6.574178925E0
8.533405000E0,-2.527344360E0,-6.788682861E0,6.575077057E0
8.543445000E0,-2.504741364E0,-6.857539673E0,6.558012543E0
8.553486000E0,-2.482886810E0,-6.924749908E0,6.543043671E0
8.563526000E0,-2.455643463E0,-6.969806213E0,6.520740051E0
8.573566000E0,-2.426454163E0,-6.987768860E0,6.483916626E0
8.583606000E0,-2.373614044E0,-6.966812439E0,6.478078766E0
8.593647000E0,-2.321522369E0,-6.930288391E0,6.479725342E0
8.603718000E0,-2.284399567E0,-6.891519012E0,6.485712891E0
8.613758000E0,-2.246977386E0,-6.871011658E0,6.507118378E0
8.623798000E0,-2.216291199E0,-6.859934692E0,6.476731567E0
8.633838000E0,-2.213896179E0,-6.897057495E0,6.443500671E0
8.643879000E0,-2.215093689E0,-6.948101349E0,6.403833160E0
8.653919000E0,-2.204765167E0,-6.984625397E0,6.367758179E0
8.663959000E0,-2.195185089E0,-7.003037109E0,6.397995300E0
8.674030000E0,-2.193987579E0,-7.026987305E0,6.453230438E0
8.684070000E0,-2.194137268E0,-7.058571625E0,6.482569427E0
8.694111000E0,-2.179018707E0,-7.109316101E0,6.460864563E0
8.704151000E0,-2.153421936E0,-7.170688477E0,6.421047363E0
8.714191000E0,-2.132764893E0,-7.197782135E0,6.415957947E0
8.724231000E0,-2.160756683E0,-7.182663574E0,6.408323822E0
8.734302000E0,-2.248324585E0,-7.216493225E0,6.415508881E0
8.744343000E0,-2.308050385E0,-7.255112915E0,6.470594330E0
8.754383000E0,-2.307301941E0,-7.256609802E0,6.596183167E0
8.764423000E0,-2.262095947E0,-7.198829956E0,6.737788696E0
8.774463000E0,-2.216590576E0,-7.112908630E0,6.838229828E0
8.784504000E0,-2.195933533E0,-7.006629639E0,6.803651733E0
8.794544000E0,-2.283501434E0,-6.944209442E0,6.701564026E0
8.804615000E0,-2.433938599E0,-6.900350647E0,6.596931610E0
8.814655000E0,-2.557282104E0,-6.886429596E0,6.523584137E0
8.824695000E0,-2.602188721E0,-6.854246521E0,6.541397095E0
8.834736000E0,-2.460732880E0,-6.697223053E0,6.577621765E0
8.844776000E0,-2.183808746E0,-6.650520172E0,6.664441223E0
8.854816000E0,-2.041903839E0,-6.530320129E0,6.723418579E0
8.864856000E0,-2.541415100E0,-6.288572845E0,6.818470917E0
8.874927000E0,-2.729124756E0,-6.235133972E0,6.740034027E0
8.884968000E0,-2.884651337E0,-6.237379303E0,6.669081573E0
8.895008000E0,-3.185825043E0,-6.112688599E0,6.659202118E0
8.905048000E0,-2.800226898E0,-6.208938446E0,6.567442932E0
8.915088000E0,-2.711012421E0,-6.386020203E0,6.692582703E0
8.925129000E0,-2.723885651E0,-6.257437592E0,6.794520721E0
8.935184042E0,-2.696043549E0,-6.161636810E0,6.836732941E0
8.945225042E0,-2.685116272E0,-6.047424316E0,6.815477142E0
8.955265042E0,-2.760110321E0,-6.008056183E0,6.709198151E0
8.965305042E0,-2.840343475E0,-6.049519958E0,6.750661926E0
8.975346042E0,-2.868934021E0,-5.939947815E0,6.740333405E0
8.985386042E0,-3.133583679E0,-6.090834045E0,6.818620605E0
8.995426042E0,-3.081941071E0,-6.235433350E0,6.856491852E0
9.005497042E0,-2.487527161E0,-6.181695099E0,6.724017334E0
9.015537042E0,-2.557282104E0,-6.251749420E0,6.686595154E0
9.025578042E0,-3.540886688E0,-6.126459961E0,6.806645508E0
9.035618042E0,-4.005370789E0,-6.049370270E0,6.822662201E0
9.045658042E0,-3.370391235E0,-6.007008362E0,6.752158813E0
9.055698042E0,-2.856360168E0,-6.077212372E0,6.765630798E0
9.065739042E0,-2.993924103E0,-6.030659180E0,6.744375000E0
9.075809042E0,-3.011287994E0,-6.007008362E0,6.682403870E0
9.085850042E0,-2.984344025E0,-5.991141357E0,6.671027527E0
9.095890042E0,-2.955005035E0,-5.930966492E0,6.668183441E0
9.105930042E0,-2.987038422E0,-5.882167969E0,6.658154297E0
9.115971042E0,-3.063679047E0,-5.923332367E0,6.598129120E0
9.126011042E0,-3.169658661E0,-6.013145599E0,6.550977173E0
9.136051042E0,-3.270249481E0,-6.095474396E0,6.522686005E0
9.146122042E0,-3.297043762E0,-6.237828369E0,6.498436432E0
9.156162042E0,-3.248095551E0,-6.483766937E0,6.449637909E0
9.166203042E0,-3.166664886E0,-6.813531189E0,6.413862305E0
9.176243042E0,-3.081641693E0,-7.157665558E0,6.449488220E0
9.186283042E0,-2.963836670E0,-7.359895020E0,6.489904175E0
9.196323042E0,-2.786305847E0,-7.346273346E0,6.545887756E0
9.206394042E0,-2.682421875E0,-7.253616028E0,6.571334839E0
9.216434042E0,-2.627186737E0,-7.176077271E0,6.533164215E0
9.226475042E0,-2.631827087E0,-7.114255829E0,6.436016235E0
9.236515042E0,-2.647993469E0,-6.999743958E0,6.346053314E0
9.246555042E0,-2.662662964E0,-6.847360840E0,6.302643585E0
9.256596042E0,-2.669997711E0,-6.706803131E0,6.341562653E0
9.266636042E0,-2.648741913E0,-6.593339081E0,6.479126587E0
9.276707042E0,-2.603835297E0,-6.517147522E0,6.655759277E0
9.286747042E0,-2.546055450E0,-6.464008026E0,6.793472900E0
9.296787042E0,-2.524649963E0,-6.434669037E0,6.839127960E0
9.306828042E0,-2.538870392E0,-6.431675262E0,6.848558350E0
9.316868042E0,-2.559377747E0,-6.442303162E0,6.821464691E0
9.326908042E0,-2.589914246E0,-6.468049622E0,6.820716248E0
9.336948042E0,-2.594704285E0,-6.518943787E0,6.825955353E0
9.347019042E0,-2.549198914E0,-6.570586395E0,6.831493835E0
9.357059042E0,-2.472707977E0,-6.607858887E0,6.856042786E0
9.367100042E0,-2.406096497E0,-6.632557526E0,6.872508545E0
9.377140042E0,-2.332000580E0,-6.647227020E0,6.871760101E0
9.387180042E0,-2.265089722E0,-6.626120911E0,6.868916016E0
9.397221042E0,-2.195933533E0,-6.603517914E0,6.862778778E0
9.407291042E0,-2.148033142E0,-6.582112427E0,6.840325470E0
9.417332042E0,-2.113455048E0,-6.560108185E0,6.818470917E0
9.427372042E0,-2.112856293E0,-6.573280792E0,6.782994690E0
9.437412042E0,-2.123484192E0,-6.600224762E0,6.762038269E0
9.447453042E0,-2.158211975E0,-6.622079315E0,6.724466400E0
9.457493042E0,-2.206262054E0,-6.662195892E0,6.714586945E0
9.467533042E0,-2.253713379E0,-6.687343597E0,6.703509979E0
9.477604042E0,-2.289788361E0,-6.711742859E0,6.704108734E0
9.487644042E0,-2.323917389E0,-6.726112976E0,6.695277100E0
9.497684042E0,-2.345771942E0,-6.714287567E0,6.676416321E0
9.507725042E0,-2.359992371E0,-6.700815582E0,6.647227020E0
9.517765042E0,-2.361339569E0,-6.696025543E0,6.621929626E0
9.527805042E0,-2.363734589E0,-6.683900757E0,6.599326630E0
9.537846042E0,-2.361788635E0,-6.675967255E0,6.593039703E0
9.547916042E0,-2.343825989E0,-6.674170990E0,6.608607330E0
9.557957042E0,-2.332000580E0,-6.682403870E0,6.628515930E0
9.567997042E0,-2.325264587E0,-6.694378967E0,6.638844452E0
9.578037042E0,-2.337089996E0,-6.724167023E0,6.651118927E0
9.588078042E0,-2.352058868E0,-6.756050720E0,6.640191650E0
9.598118042E0,-2.372266846E0,-6.766828308E0,6.621630249E0
9.608189042E0,-2.372117157E0,-6.758595428E0,6.615043945E0
9.618229042E0,-2.373913422E0,-6.731651459E0,6.618187408E0
9.628269042E0,-2.355052643E0,-6.712940369E0,6.622378693E0
9.638309042E0,-2.343676300E0,-6.702761536E0,6.643335114E0
9.648350042E0,-2.345622253E0,-6.700965271E0,6.661447449E0
9.658390042E0,-2.351011047E0,-6.688690796E0,6.675069122E0
9.668430042E0,-2.376158752E0,-6.686295776E0,6.686146088E0
9.678501042E0,-2.423610077E0,-6.663393402E0,6.691684570E0
9.688541042E0,-2.456691284E0,-6.633755035E0,6.683302002E0
9.698582042E0,-2.505789185E0,-6.603368225E0,6.674021301E0
9.708622042E0,-2.542612610E0,-6.580765228E0,6.673272858E0
9.718662042E0,-2.571053467E0,-6.559060364E0,6.679559784E0
9.728703042E0,-2.569706268E0,-6.534511414E0,6.703360291E0
9.738743042E0,-2.594704285E0,-6.550228729E0,6.707252197E0
9.748814042E0,-2.593656464E0,-6.552024994E0,6.722071381E0
9.758854042E0,-2.589614868E0,-6.544540558E0,6.734046478E0
9.768894042E0,-2.586321716E0,-6.533164215E0,6.749763794E0
9.778934042E0,-2.583926697E0,-6.516399078E0,6.765630798E0
9.788975042E0,-2.587968292E0,-6.504274292E0,6.777905273E0
9.799015042E0,-2.598745880E0,-6.486910400E0,6.781348114E0
9.809055042E0,-2.594255219E0,-6.474336548E0,6.796167297E0
9.819126042E0,-2.589016113E0,-6.456822968E0,6.810687103E0
9.829166042E0,-2.592159576E0,-6.455326080E0,6.810836792E0
9.839207042E0,-2.582130432E0,-6.463708649E0,6.832092590E0
9.849247042E0,-2.575095062E0,-6.478078766E0,6.837032318E0
9.859287042E0,-2.581232300E0,-6.480473785E0,6.791826324E0
9.869328042E0,-2.567910004E0,-6.489904175E0,6.797813873E0
9.879398042E0,-2.561473389E0,-6.488107910E0,6.791077881E0
9.889439042E0,-2.534828796E0,-6.479875031E0,6.797813873E0
9.899479042E0,-2.512076111E0,-6.485413513E0,6.809339905E0
9.909519042E0,-2.489024048E0,-6.492748260E0,6.811585236E0
9.919559042E0,-2.467618561E0,-6.494544525E0,6.809489594E0
9.929607667E0,-2.466421051E0,-6.498137054E0,6.796915741E0
9.939647667E0,-2.476001129E0,-6.501280518E0,6.785240021E0
9.949718667E0,-2.473007355E0,-6.529721375E0,6.781647491E0
9.959758667E0,-2.472707977E0,-6.560108185E0,6.755302277E0
9.969798667E0,-2.468965759E0,-6.577322388E0,6.740932159E0
9.979839667E0,-2.472109222E0,-6.591393127E0,6.740782471E0
9.989879667E0,-2.456840973E0,-6.603368225E0,6.729106750E0
9.999919667E0,-2.453098755E0,-6.628066864E0,6.723119202E0
1.000996067E1,-2.437381439E0,-6.628515930E0,6.712790680E0
1.002003067E1,-2.427501984E0,-6.628066864E0,6.706803131E0
1.003007167E1,-2.434387665E0,-6.618486786E0,6.693031769E0
1.004011167E1,-2.431992645E0,-6.608307953E0,6.680906982E0
1.005015167E1,-2.437231750E0,-6.607409821E0,6.688391418E0
1.006019167E1,-2.448907471E0,-6.604865112E0,6.689888306E0
1.007023267E1,-2.450104980E0,-6.604116669E0,6.687792664E0
1.008030367E1,-2.464624786E0,-6.618935852E0,6.697223053E0
1.009034367E1,-2.477797394E0,-6.624474335E0,6.697372742E0
1.010038367E1,-2.475252686E0,-6.631060638E0,6.694977722E0
1.011042367E1,-2.476300507E0,-6.626420288E0,6.698570251E0
1.012046467E1,-2.478096771E0,-6.618337097E0,6.693480835E0
1.013050467E1,-2.481988678E0,-6.597081299E0,6.715485077E0
1.014054467E1,-2.483934631E0,-6.577472076E0,6.719376984E0
1.015061567E1,-2.499053192E0,-6.562054138E0,6.745722198E0
1.016065567E1,-2.506986694E0,-6.550528107E0,6.732100525E0
1.017069667E1,-2.507286072E0,-6.550677795E0,6.737040253E0
1.018073667E1,-2.504142609E0,-6.537654877E0,6.735393677E0
1.019077667E1,-2.493365021E0,-6.539451141E0,6.743476868E0
1.020081667E1,-2.473606110E0,-6.536008301E0,6.739584961E0
1.021085767E1,-2.478396149E0,-6.550977173E0,6.749464417E0
1.022092867E1,-2.477048950E0,-6.557114410E0,6.753356323E0
1.023096867E1,-2.476300507E0,-6.556815033E0,6.757846985E0
1.024100867E1,-2.485281830E0,-6.569388885E0,6.753356323E0
1.025104867E1,-2.503244476E0,-6.562802582E0,6.734196167E0
1.026108967E1,-2.494113464E0,-6.569987640E0,6.722969513E0
1.027112967E1,-2.480641479E0,-6.582411804E0,6.730453949E0
1.028116967E1,-2.478695526E0,-6.576723633E0,6.725364532E0
1.029124067E1,-2.473606110E0,-6.586752777E0,6.719227295E0
1.030128067E1,-2.464624786E0,-6.591393127E0,6.723568268E0
1.031132167E1,-2.464624786E0,-6.589896240E0,6.742578735E0
1.032136167E1,-2.454595642E0,-6.574178925E0,6.747219086E0
1.033140167E1,-2.453996887E0,-6.545438690E0,6.756799164E0
1.034144167E1,-2.475851440E0,-6.543792114E0,6.745871887E0
1.035151267E1,-2.486629028E0,-6.552623749E0,6.743476868E0
1.036155367E1,-2.498304749E0,-6.546336823E0,6.739584961E0
1.037159367E1,-2.519410858E0,-6.557264099E0,6.727160797E0
1.038163367E1,-2.530038757E0,-6.568191376E0,6.718927917E0
1.039167367E1,-2.523602142E0,-6.566395111E0,6.697073364E0
1.040171467E1,-2.532433777E0,-6.548731842E0,6.703360291E0
1.041175467E1,-2.528092804E0,-6.555018768E0,6.707401886E0
1.042182567E1,-2.523003387E0,-6.545139313E0,6.721921692E0
1.043186567E1,-2.508333893E0,-6.552923126E0,6.731052704E0
1.044190567E1,-2.499352570E0,-6.552324371E0,6.728657684E0
1.045194667E1,-2.503543854E0,-6.552024994E0,6.724017334E0
1.046198667E1,-2.499651947E0,-6.558611298E0,6.731801147E0
1.047202667E1,-2.500550079E0,-6.558910675E0,6.728507996E0
1.048206667E1,-2.507286072E0,-6.549929352E0,6.730004883E0
1.049213767E1,-2.502496033E0,-6.539301453E0,6.728208618E0
1.050217867E1,-2.504292297E0,-6.521638184E0,6.744824066E0
1.051221867E1,-2.511177979E0,-6.528224487E0,6.736591187E0
1.052225867E1,-2.498903503E0,-6.541546783E0,6.732848969E0
1.053229867E1,-2.508932648E0,-6.552623749E0,6.751709747E0
1.054233967E1,-2.499801636E0,-6.553072815E0,6.768175507E0
1.055240967E1,-2.534230042E0,-6.558461609E0,6.745123444E0
1.056245067E1,-2.534529419E0,-6.576723633E0,6.732699280E0
1.057249067E1,-2.521656189E0,-6.575376434E0,6.745871887E0
1.058253067E1,-2.525847473E0,-6.581663361E0,6.742279358E0
1.059257167E1,-2.513123932E0,-6.577472076E0,6.735243988E0
1.060261167E1,-2.512076111E0,-6.579418030E0,6.743177490E0
1.061265167E1,-2.513572998E0,-6.570885773E0,6.732100525E0
1.062272267E1,-2.519560547E0,-6.561605072E0,6.729406128E0
1.063276267E1,-2.511327667E0,-6.558611298E0,6.734046478E0
1.064280367E1,-2.497705994E0,-6.548432465E0,6.734196167E0
1.065284367E1,-2.508782959E0,-6.540798340E0,6.725963287E0
1.066288367E1,-2.510279846E0,-6.541995850E0,6.721622314E0
1.067292367E1,-2.519859924E0,-6.542594604E0,6.735693054E0
1.068296467E1,-2.517464905E0,-6.538852386E0,6.733747101E0
1.069303467E1,-2.512674866E0,-6.534212036E0,6.750961304E0
1.070307567E1,-2.514171753E0,-6.542145538E0,6.784042511E0
1.071311567E1,-2.510130157E0,-6.533164215E0,6.794670410E0
1.072315567E1,-2.508184204E0,-6.528972931E0,6.807693329E0
1.073319667E1,-2.494861908E0,-6.524781647E0,6.801107025E0
1.074323667E1,-2.486928406E0,-6.522835693E0,6.785090332E0
1.075330767E1,-2.474803619E0,-6.529122620E0,6.788832550E0
1.076334767E1,-2.476150818E0,-6.528224487E0,6.787934418E0
1.077338767E1,-2.469564514E0,-6.541397095E0,6.775809631E0
1.078342867E1,-2.472258911E0,-6.536157990E0,6.756799164E0
1.079346867E1,-2.470163269E0,-6.532715149E0,6.766528931E0
1.080350867E1,-2.455194397E0,-6.522087250E0,6.763684845E0
1.081354867E1,-2.450254669E0,-6.515950012E0,6.770720215E0
1.082361967E1,-2.442620544E0,-6.517297211E0,6.789131927E0
1.083365967E1,-2.443069611E0,-6.523733826E0,6.796616364E0
1.084370067E1,-2.440225525E0,-6.522835693E0,6.790479126E0
1.085374067E1,-2.442919922E0,-6.541995850E0,6.794969788E0
1.086378067E1,-2.446362762E0,-6.545438690E0,6.774612122E0
1.087382167E1,-2.452799377E0,-6.536008301E0,6.785838776E0
1.088386167E1,-2.450104980E0,-6.529571686E0,6.783144379E0
1.089393267E1,-2.454146576E0,-6.536756744E0,6.782845001E0
1.090397267E1,-2.461032257E0,-6.527775421E0,6.787635040E0
1.091401267E1,-2.469564514E0,-6.532715149E0,6.781797180E0
1.092405367E1,-2.468816071E0,-6.540049896E0,6.786138153E0
1.093406917E1,-2.483485565E0,-6.544839935E0,6.771169281E0
1.094410917E1,-2.485880585E0,-6.556815033E0,6.761888580E0
1.095418017E1,-2.479593658E0,-6.555018768E0,6.749464417E0
1.096422017E1,-2.473606110E0,-6.544390869E0,6.741830292E0
1.097426017E1,-2.467768250E0,-6.531517639E0,6.747219086E0
1.098430117E1,-2.462678833E0,-6.536906433E0,6.753206635E0
1.099434117E1,-2.453248444E0,-6.527476044E0,6.760840759E0
1.100438117E1,-2.466570740E0,-6.522985382E0,6.772516479E0
1.101442217E1,-2.471510468E0,-6.524931335E0,6.784940643E0
1.102449217E1,-2.474204865E0,-6.531367950E0,6.782845001E0
1.103453317E1,-2.486179962E0,-6.542295227E0,6.773414612E0
1.104457317E1,-2.495161285E0,-6.555767212E0,6.770121460E0
1.105461317E1,-2.495610352E0,-6.565496979E0,6.782994690E0
1.106465417E1,-2.494412842E0,-6.561754761E0,6.781348114E0
1.107469417E1,-2.493963776E0,-6.538103943E0,6.781946869E0
1.108473417E1,-2.484982452E0,-6.524182892E0,6.795867920E0
1.109480517E1,-2.470312958E0,-6.522386627E0,6.806944885E0
1.110484517E1,-2.466121674E0,-6.514153748E0,6.808441772E0
1.111488517E1,-2.461481323E0,-6.513554993E0,6.787635040E0
1.112492617E1,-2.448907471E0,-6.522236938E0,6.773264923E0
1.113496617E1,-2.440824280E0,-6.520290985E0,6.776258698E0
1.114500617E1,-2.439028015E0,-6.528374176E0,6.771169281E0
1.115504717E1,-2.439477081E0,-6.534960480E0,6.768474884E0
1.116511717E1,-2.438279572E0,-6.538403320E0,6.783743134E0
1.117515817E1,-2.435435486E0,-6.534062347E0,6.780150604E0
1.118519817E1,-2.427951050E0,-6.526877289E0,6.785389709E0
1.119523817E1,-2.432591400E0,-6.537505188E0,6.787784729E0
1.120527917E1,-2.440824280E0,-6.537056122E0,6.796915741E0
1.121531917E1,-2.425705719E0,-6.533463593E0,6.802005157E0
1.122539017E1,-2.425855408E0,-6.532565460E0,6.798262939E0
1.123543017E1,-2.414329376E0,-6.528673553E0,6.795119476E0
1.124547017E1,-2.423011322E0,-6.526727600E0,6.804998932E0
1.125551017E1,-2.425106964E0,-6.529721375E0,6.793622589E0
1.126555117E1,-2.420316925E0,-6.507866821E0,6.800807648E0
1.127559117E1,-2.418370972E0,-6.498735809E0,6.796316986E0
1.128563117E1,-2.409239960E0,-6.512357483E0,6.790628815E0
1.129570217E1,-2.411634979E0,-6.520440674E0,6.801556091E0
1.130574217E1,-2.426903229E0,-6.523584137E0,6.810387726E0
1.131578317E1,-2.422562256E0,-6.534960480E0,6.812932434E0
1.132582317E1,-2.429597626E0,-6.539900208E0,6.819518738E0
1.133586317E1,-2.440824280E0,-6.541846161E0,6.808591461E0
1.134590417E1,-2.435435486E0,-6.528224487E0,6.813830566E0
1.135594417E1,-2.430196381E0,-6.531667328E0,6.801406403E0
1.136601517E1,-2.436333618E0,-6.536307678E0,6.790179749E0
1.137605517E1,-2.455344086E0,-6.532116394E0,6.766079865E0
1.138609517E1,-2.454146576E0,-6.530020752E0,6.771917725E0
1.139613517E1,-2.452949066E0,-6.533313904E0,6.769971771E0
1.140617617E1,-2.453697510E0,-6.536906433E0,6.755302277E0
1.141621617E1,-2.449506226E0,-6.539750519E0,6.766229553E0
1.142628717E1,-2.446213074E0,-6.542744293E0,6.770420837E0
1.143632717E1,-2.443518677E0,-6.544091492E0,6.783144379E0
1.144636717E1,-2.447859650E0,-6.541247406E0,6.787036285E0
1.145640817E1,-2.449805603E0,-6.534361725E0,6.787036285E0
1.146644817E1,-2.456242218E0,-6.536157990E0,6.789281616E0
1.147648817E1,-2.455793152E0,-6.547684021E0,6.788682861E0
1.148652917E1,-2.463726654E0,-6.545887756E0,6.788233795E0
1.149659917E1,-2.460433502E0,-6.536008301E0,6.780749359E0
1.150664017E1,-2.453398132E0,-6.541846161E0,6.778054962E0
1.151668017E1,-2.445764008E0,-6.541097717E0,6.789281616E0
1.152672017E1,-2.436034241E0,-6.528673553E0,6.783593445E0
1.153676017E1,-2.424957275E0,-6.524781647E0,6.777755585E0
1.154680117E1,-2.423310699E0,-6.524482269E0,6.781497803E0
1.155684117E1,-2.417323151E0,-6.525679779E0,6.779701538E0
1.156691217E1,-2.421065369E0,-6.536157990E0,6.777007141E0
1.157695217E1,-2.431393890E0,-6.540948029E0,6.788832550E0
1.158699217E1,-2.421664124E0,-6.530469818E0,6.797514496E0
1.159703317E1,-2.427651672E0,-6.530619507E0,6.798113251E0
1.160707317E1,-2.445314941E0,-6.534511414E0,6.807393951E0
1.161711317E1,-2.429148560E0,-6.532266083E0,6.795867920E0
1.162718417E1,-2.425855408E0,-6.532864838E0,6.774911499E0
1.163722417E1,-2.408042450E0,-6.530619507E0,6.797215118E0
1.164726517E1,-2.396815796E0,-6.524781647E0,6.796466675E0
1.165730517E1,-2.410138092E0,-6.537355499E0,6.786437531E0
1.166734517E1,-2.416724396E0,-6.541546783E0,6.792125702E0
1.167738517E1,-2.415526886E0,-6.538253632E0,6.808741150E0
1.168742617E1,-2.418969727E0,-6.529871063E0,6.810687103E0
1.169749717E1,-2.428549805E0,-6.533912659E0,6.809040527E0
1.170753717E1,-2.431393890E0,-6.538553009E0,6.812633057E0
1.171757717E1,-2.436483307E0,-6.546486511E0,6.803801422E0
1.172761717E1,-2.435734863E0,-6.540349274E0,6.796766052E0
1.173765817E1,-2.431693268E0,-6.533313904E0,6.792425079E0
1.174769817E1,-2.436632996E0,-6.537804565E0,6.781348114E0
1.175773817E1,-2.430795135E0,-6.532266083E0,6.770570526E0
1.176780917E1,-2.431693268E0,-6.527925110E0,6.760541382E0
1.177784917E1,-2.427651672E0,-6.522835693E0,6.751560059E0
1.178789017E1,-2.430346069E0,-6.530769196E0,6.762187958E0
1.179793017E1,-2.436932373E0,-6.530769196E0,6.763684845E0
1.180797017E1,-2.430795135E0,-6.534810791E0,6.771618347E0
1.181801017E1,-2.436932373E0,-6.539002075E0,6.774612122E0
1.182805117E1,-2.431393890E0,-6.549629974E0,6.777905273E0
1.183812217E1,-2.426603851E0,-6.551725616E0,6.780150604E0
1.184816217E1,-2.434237976E0,-6.546037445E0,6.781946869E0
1.185820217E1,-2.434836731E0,-6.547234955E0,6.787185974E0
1.186824217E1,-2.425855408E0,-6.544390869E0,6.780749359E0
1.187828317E1,-2.428849182E0,-6.551725616E0,6.782246246E0
1.188832317E1,-2.434687042E0,-6.553821259E0,6.781647491E0
1.189839417E1,-2.425855408E0,-6.545738068E0,6.794071655E0
1.190843417E1,-2.429148560E0,-6.539301453E0,6.777306519E0
1.191847417E1,-2.431842957E0,-6.531367950E0,6.782246246E0
1.192851517E1,-2.430795135E0,-6.519991608E0,6.778653717E0
1.193854000E1,-2.442021790E0,-6.504873047E0,6.788233795E0
1.194858000E1,-2.451003113E0,-6.513554993E0,6.798113251E0
1.195862000E1,-2.456691284E0,-6.521338806E0,6.807543640E0
1.196869100E1,-2.446512451E0,-6.529122620E0,6.799909515E0
1.197873200E1,-2.450554047E0,-6.524781647E0,6.809788971E0
1.198877200E1,-2.448907471E0,-6.529871063E0,6.810537415E0
1.199881200E1,-2.445764008E0,-6.524332581E0,6.809040527E0
1.200885200E1,-2.446961517E0,-6.512507172E0,6.792125702E0
1.201889300E1,-2.448458405E0,-6.513704681E0,6.795418854E0
1.202893300E1,-2.444267120E0,-6.512357483E0,6.790030060E0
1.203900400E1,-2.431543579E0,-6.513105927E0,6.797215118E0
1.204904400E1,-2.437381439E0,-6.517596588E0,6.798262939E0
1.205908400E1,-2.437231750E0,-6.516997833E0,6.792275391E0
1.206912500E1,-2.428549805E0,-6.522087250E0,6.804250488E0
1.207916500E1,-2.430046692E0,-6.516997833E0,6.798262939E0
1.208920500E1,-2.422861633E0,-6.520440674E0,6.807843018E0
1.209927600E1,-2.427352295E0,-6.523584137E0,6.800657959E0
1.210931600E1,-2.439926147E0,-6.527775421E0,6.798861694E0
1.211935700E1,-2.440225525E0,-6.522087250E0,6.800807648E0
1.212939700E1,-2.443518677E0,-6.523883514E0,6.791377258E0
1.213943700E1,-2.448757782E0,-6.518644409E0,6.778354340E0
1.214947700E1,-2.445764008E0,-6.516099701E0,6.782246246E0
1.215951800E1,-2.444865875E0,-6.502927094E0,6.794071655E0
1.216958800E1,-2.449955292E0,-6.502028961E0,6.806944885E0
1.217962900E1,-2.453996887E0,-6.508764954E0,6.807693329E0
1.218966900E1,-2.450554047E0,-6.504423981E0,6.807094574E0
1.219970900E1,-2.448159027E0,-6.504274292E0,6.810537415E0
1.220975000E1,-2.445165253E0,-6.510411530E0,6.797215118E0
1.221979000E1,-2.453996887E0,-6.505471802E0,6.791826324E0
1.222983000E1,-2.437531128E0,-6.511908417E0,6.790628815E0
1.223990100E1,-2.431244202E0,-6.514453125E0,6.788084106E0
1.224994100E1,-2.437381439E0,-6.515351257E0,6.802603912E0
1.225998200E1,-2.445614319E0,-6.516249390E0,6.806944885E0
1.227002200E1,-2.447859650E0,-6.505771179E0,6.810238037E0
1.228006200E1,-2.449506226E0,-6.501579895E0,6.816974030E0
1.229010200E1,-2.453098755E0,-6.503675537E0,6.812633057E0
1.230017300E1,-2.457140350E0,-6.508166199E0,6.815177765E0
1.231021300E1,-2.434237976E0,-6.513554993E0,6.806196442E0
1.232025400E1,-2.438129883E0,-6.515650635E0,6.801556091E0
1.233029400E1,-2.446662140E0,-6.513704681E0,6.814129944E0
1.234033400E1,-2.450853424E0,-6.514752502E0,6.815776520E0
1.235037500E1,-2.448907471E0,-6.509812775E0,6.824608154E0
1.236041500E1,-2.448159027E0,-6.511908417E0,6.818321228E0
1.237048600E1,-2.448009338E0,-6.514453125E0,6.813680878E0
1.238052600E1,-2.443818054E0,-6.518195343E0,6.814129944E0
1.239056600E1,-2.439776459E0,-6.520290985E0,6.812483368E0
1.240060700E1,-2.438578949E0,-6.522236938E0,6.807992706E0
1.241064700E1,-2.448907471E0,-6.522087250E0,6.801256714E0
1.242068700E1,-2.452799377E0,-6.505022736E0,6.804400177E0
1.243072700E1,-2.456691284E0,-6.500382385E0,6.799460449E0
1.244079800E1,-2.455044708E0,-6.490203552E0,6.797514496E0
1.245083800E1,-2.460882568E0,-6.498436432E0,6.790928192E0
1.246087900E1,-2.462529144E0,-6.484665070E0,6.796167297E0
1.247091900E1,-2.456391907E0,-6.487209778E0,6.785389709E0
1.248095900E1,-2.456391907E0,-6.504873047E0,6.798262939E0
1.249100000E1,-2.460732880E0,-6.511609039E0,6.806495819E0
1.250104000E1,-2.453398132E0,-6.509812775E0,6.821913757E0
1.251111100E1,-2.448159027E0,-6.514303436E0,6.812932434E0
1.252115100E1,-2.458038483E0,-6.510112152E0,6.815626831E0
1.253119100E1,-2.460583191E0,-6.505621490E0,6.805298309E0
1.254123200E1,-2.458487549E0,-6.509663086E0,6.804849243E0
1.255127200E1,-2.453098755E0,-6.505172424E0,6.804998932E0
1.256131200E1,-2.464026031E0,-6.511908417E0,6.796316986E0
1.257138300E1,-2.458637238E0,-6.510860596E0,6.796915741E0
1.258142300E1,-2.464175720E0,-6.509663086E0,6.793921967E0
1.259146300E1,-2.467768250E0,-6.496789856E0,6.787485352E0
1.260150400E1,-2.470462646E0,-6.491101685E0,6.791227570E0
1.261154400E1,-2.460134125E0,-6.492149506E0,6.802603912E0
1.262158400E1,-2.457439728E0,-6.489455109E0,6.804998932E0
1.263162500E1,-2.461930389E0,-6.502478027E0,6.818321228E0
1.264169500E1,-2.468367004E0,-6.498885498E0,6.823859711E0
1.265173600E1,-2.465223541E0,-6.502028961E0,6.822512512E0
1.266177600E1,-2.470911713E0,-6.505172424E0,6.816225586E0
1.267181600E1,-2.478096771E0,-6.495292969E0,6.806046753E0
1.268185700E1,-2.469115448E0,-6.500382385E0,6.816225586E0
1.269189700E1,-2.461331635E0,-6.499334564E0,6.801256714E0
1.270193700E1,-2.453847198E0,-6.501579895E0,6.806645508E0
1.271200800E1,-2.452649689E0,-6.496939545E0,6.802154846E0
1.272204800E1,-2.445764008E0,-6.499035187E0,6.791227570E0
1.273208800E1,-2.448757782E0,-6.499334564E0,6.798412628E0
1.274212900E1,-2.464924164E0,-6.498586121E0,6.811435547E0
1.275216900E1,-2.447410583E0,-6.503076782E0,6.804100800E0
1.276220900E1,-2.456391907E0,-6.503974915E0,6.822512512E0
1.277228000E1,-2.456990662E0,-6.506369934E0,6.819069672E0
1.278232000E1,-2.463277588E0,-6.499783630E0,6.823560333E0
1.279236100E1,-2.470163269E0,-6.500083008E0,6.828200684E0
1.280240100E1,-2.473456421E0,-6.496490479E0,6.811884613E0
1.281244100E1,-2.482138367E0,-6.502328339E0,6.815327454E0
1.282248200E1,-2.480940857E0,-6.503675537E0,6.804400177E0
1.283252200E1,-2.477498016E0,-6.488257599E0,6.800657959E0
1.284259300E1,-2.466870117E0,-6.496490479E0,6.784491577E0
1.285263300E1,-2.463726654E0,-6.486760712E0,6.789281616E0
1.286267300E1,-2.467319183E0,-6.492598572E0,6.804100800E0
1.287271300E1,-2.458637238E0,-6.487060089E0,6.808142395E0
1.288275400E1,-2.454895020E0,-6.495292969E0,6.812633057E0
1.289279400E1,-2.463427277E0,-6.503376160E0,6.820416870E0
1.290283400E1,-2.462678833E0,-6.502328339E0,6.822961578E0
1.291290500E1,-2.462678833E0,-6.500232697E0,6.824159088E0
1.292294500E1,-2.465822296E0,-6.501879272E0,6.821764069E0
1.293299175E1,-2.468666382E0,-6.498735809E0,6.819069672E0
1.294303175E1,-2.468666382E0,-6.500981140E0,6.811136169E0
1.295307175E1,-2.462828522E0,-6.493646393E0,6.797065430E0
1.296311275E1,-2.464325409E0,-6.493347015E0,6.816375275E0
1.297318275E1,-2.458487549E0,-6.499484253E0,6.811435547E0
1.298322375E1,-2.453697510E0,-6.508315887E0,6.802154846E0
1.299326375E1,-2.459834747E0,-6.504274292E0,6.805597687E0
1.300330375E1,-2.458637238E0,-6.512058105E0,6.813231812E0
1.301334375E1,-2.454595642E0,-6.512357483E0,6.793323212E0
1.302338475E1,-2.448458405E0,-6.509363708E0,6.796316986E0
1.303342475E1,-2.462678833E0,-6.502178650E0,6.805747375E0
1.304349575E1,-2.467468872E0,-6.500083008E0,6.815177765E0
1.305353575E1,-2.467768250E0,-6.499035187E0,6.803202667E0
1.306357575E1,-2.476300507E0,-6.493796082E0,6.810986481E0
1.307361675E1,-2.478994904E0,-6.488856354E0,6.812633057E0
1.308365675E1,-2.467768250E0,-6.497089233E0,6.827302551E0
1.309369675E1,-2.459984436E0,-6.511609039E0,6.830446014E0
1.310373775E1,-2.468816071E0,-6.510411530E0,6.830595703E0
1.311380775E1,-2.461631012E0,-6.513854370E0,6.824757843E0
1.312384875E1,-2.470163269E0,-6.505920868E0,6.814279633E0
1.313388875E1,-2.468816071E0,-6.489604797E0,6.796766052E0
1.314392875E1,-2.464475098E0,-6.487808533E0,6.789730682E0
1.315396875E1,-2.464175720E0,-6.486611023E0,6.777156830E0
1.316400975E1,-2.478695526E0,-6.484066315E0,6.784491577E0
1.317404975E1,-2.468666382E0,-6.493796082E0,6.782545624E0
1.318412075E1,-2.461930389E0,-6.499783630E0,6.797065430E0
1.319416075E1,-2.473306732E0,-6.507866821E0,6.797514496E0
1.320420075E1,-2.474204865E0,-6.509214020E0,6.813830566E0
1.321424175E1,-2.464774475E0,-6.507717133E0,6.818770294E0
1.322428175E1,-2.459984436E0,-6.506220245E0,6.828500061E0
1.323432175E1,-2.457439728E0,-6.501879272E0,6.813980255E0
1.324439275E1,-2.459385681E0,-6.501579895E0,6.804100800E0
1.325443275E1,-2.463726654E0,-6.509812775E0,6.796167297E0
1.326447375E1,-2.460583191E0,-6.507417755E0,6.801556091E0
1.327451375E1,-2.459535370E0,-6.496340790E0,6.795269165E0
1.328455375E1,-2.467468872E0,-6.498735809E0,6.782395935E0
1.329459375E1,-2.468666382E0,-6.501430206E0,6.795269165E0
1.330463475E1,-2.466570740E0,-6.497089233E0,6.806795197E0
1.331470575E1,-2.468666382E0,-6.489305420E0,6.803052979E0
1.332474575E1,-2.473456421E0,-6.488407288E0,6.807393951E0
1.333478575E1,-2.472707977E0,-6.487808533E0,6.808741150E0
1.334482575E1,-2.476599884E0,-6.486012268E0,6.816674652E0
1.335486675E1,-2.474504242E0,-6.494394836E0,6.824907532E0
1.336490675E1,-2.481988678E0,-6.503376160E0,6.817273407E0
1.337494675E1,-2.488574982E0,-6.500681763E0,6.811435547E0
1.338501775E1,-2.488275604E0,-6.489754486E0,6.808441772E0
1.339505775E1,-2.496358795E0,-6.494694214E0,6.802005157E0
1.340509875E1,-2.491419067E0,-6.502328339E0,6.789131927E0
1.341513875E1,-2.485730896E0,-6.496191101E0,6.793622589E0
1.342517875E1,-2.476749573E0,-6.499184875E0,6.791676636E0
1.343521875E1,-2.477797394E0,-6.489155731E0,6.791377258E0
1.344528975E1,-2.489173737E0,-6.486311646E0,6.798712006E0
1.345533075E1,-2.481090546E0,-6.484814758E0,6.797065430E0
1.346537075E1,-2.480491791E0,-6.496640167E0,6.797664185E0
1.347541075E1,-2.485581207E0,-6.495292969E0,6.815776520E0
1.348545075E1,-2.477797394E0,-6.498885498E0,6.821315002E0
1.349549175E1,-2.481988678E0,-6.503825226E0,6.810238037E0
1.350553175E1,-2.481090546E0,-6.508166199E0,6.803202667E0
1.351560275E1,-2.482886810E0,-6.499783630E0,6.811435547E0
1.352564275E1,-2.485281830E0,-6.492448883E0,6.804100800E0
1.353568275E1,-2.488275604E0,-6.496041412E0,6.807843018E0
1.354572375E1,-2.483635254E0,-6.491999817E0,6.798262939E0
1.355576375E1,-2.480342102E0,-6.491550751E0,6.806795197E0
1.356580375E1,-2.472857666E0,-6.490652618E0,6.802903290E0
1.357584375E1,-2.473007355E0,-6.485413513E0,6.804849243E0
1.358591475E1,-2.478246460E0,-6.490951996E0,6.803502045E0
1.359595575E1,-2.471360779E0,-6.493496704E0,6.807244263E0
1.360599575E1,-2.463127899E0,-6.499783630E0,6.802753601E0
1.361603575E1,-2.470163269E0,-6.498735809E0,6.811136169E0
1.362607575E1,-2.469265137E0,-6.502478027E0,6.814129944E0
1.363611675E1,-2.461930389E0,-6.496939545E0,6.818620605E0
1.364618775E1,-2.468666382E0,-6.501130829E0,6.815776520E0
1.365622775E1,-2.472258911E0,-6.495143280E0,6.812782745E0
1.366626775E1,-2.465073853E0,-6.488107910E0,6.814579010E0
1.367630775E1,-2.467768250E0,-6.491251373E0,6.820416870E0
1.368634875E1,-2.471360779E0,-6.501430206E0,6.808890839E0
1.369638875E1,-2.463576965E0,-6.490951996E0,6.811585236E0
1.370642875E1,-2.466570740E0,-6.491101685E0,6.815327454E0
1.371649975E1,-2.468666382E0,-6.493047638E0,6.813680878E0
1.372653975E1,-2.478096771E0,-6.495292969E0,6.806346130E0
1.373658075E1,-2.484982452E0,-6.492897949E0,6.813082123E0
1.374662075E1,-2.482138367E0,-6.493646393E0,6.806196442E0
1.375666075E1,-2.472558289E0,-6.499633942E0,6.793622589E0
1.376670075E1,-2.472707977E0,-6.499184875E0,6.804100800E0
1.377674175E1,-2.477198639E0,-6.499334564E0,6.793472900E0
1.378681275E1,-2.484234009E0,-6.502777405E0,6.803651733E0
1.379685275E1,-2.479743347E0,-6.501130829E0,6.803801422E0
1.380689275E1,-2.487227783E0,-6.489155731E0,6.819069672E0
1.381693275E1,-2.486179962E0,-6.482569427E0,6.825955353E0
1.382697375E1,-2.473007355E0,-6.475084991E0,6.835236053E0
1.383701375E1,-2.473456421E0,-6.485712891E0,6.834786987E0
1.384708475E1,-2.466121674E0,-6.492448883E0,6.825506287E0
1.385712475E1,-2.470911713E0,-6.495292969E0,6.831044769E0
1.386716475E1,-2.470911713E0,-6.503226471E0,6.812782745E0
1.387720575E1,-2.476599884E0,-6.493496704E0,6.808591461E0
1.388724575E1,-2.476150818E0,-6.482419739E0,6.806795197E0
1.389728575E1,-2.478845215E0,-6.475983124E0,6.803202667E0
1.390732575E1,-2.473606110E0,-6.471492462E0,6.793173523E0
1.391739675E1,-2.477348328E0,-6.479875031E0,6.788533173E0
1.392743775E1,-2.474354553E0,-6.489305420E0,6.794371033E0
1.393745379E1,-2.476150818E0,-6.485114136E0,6.806944885E0
1.394749379E1,-2.464475098E0,-6.493646393E0,6.819518738E0
1.395753379E1,-2.453547821E0,-6.496640167E0,6.831793213E0
1.396757479E1,-2.443967743E0,-6.497388611E0,6.842870178E0
1.397761479E1,-2.448159027E0,-6.495292969E0,6.835834808E0
1.398768579E1,-2.449356537E0,-6.495442657E0,6.825206909E0
1.399772579E1,-2.445464630E0,-6.509214020E0,6.823260956E0
1.400776579E1,-2.451601868E0,-6.513554993E0,6.814728699E0
1.401780679E1,-2.453847198E0,-6.503675537E0,6.796167297E0
1.402784679E1,-2.455942841E0,-6.497837677E0,6.784790955E0
1.403788679E1,-2.460134125E0,-6.497987366E0,6.794969788E0
1.404792679E1,-2.466271362E0,-6.498436432E0,6.793323212E0
1.405799779E1,-2.465373230E0,-6.481671295E0,6.800508270E0
1.406803879E1,-2.478246460E0,-6.477180634E0,6.821464691E0
1.407807879E1,-2.475851440E0,-6.482569427E0,6.819967804E0
1.408811879E1,-2.471959534E0,-6.488407288E0,6.828050995E0
1.409815879E1,-2.472857666E0,-6.490951996E0,6.836882629E0
1.410819979E1,-2.466870117E0,-6.487359467E0,6.828799438E0
1.411826979E1,-2.475552063E0,-6.487060089E0,6.830296326E0
1.412831079E1,-2.478096771E0,-6.481521606E0,6.832841034E0
1.413835079E1,-2.475102997E0,-6.478378143E0,6.817872162E0
1.414839079E1,-2.462080078E0,-6.478677521E0,6.805747375E0
1.415843179E1,-2.457739105E0,-6.492748260E0,6.800508270E0
1.416847179E1,-2.456242218E0,-6.499633942E0,6.807393951E0
1.417851179E1,-2.462678833E0,-6.497089233E0,6.811884613E0
1.418858279E1,-2.453398132E0,-6.504873047E0,6.791826324E0
1.419862279E1,-2.449955292E0,-6.510561218E0,6.794221344E0
1.420866379E1,-2.459535370E0,-6.512058105E0,6.801256714E0
1.421870379E1,-2.457439728E0,-6.506369934E0,6.810687103E0
1.422874379E1,-2.449356537E0,-6.507118378E0,6.814728699E0
1.423878379E1,-2.452200623E0,-6.516848145E0,6.806346130E0
1.424882479E1,-2.456541595E0,-6.519093475E0,6.804699554E0
1.425889479E1,-2.458337860E0,-6.511159973E0,6.809040527E0
1.426893579E1,-2.451601868E0,-6.513405304E0,6.802304535E0
1.427897579E1,-2.445015564E0,-6.517147522E0,6.800807648E0
1.428901579E1,-2.448458405E0,-6.513255615E0,6.804400177E0
1.429905679E1,-2.445764008E0,-6.512806549E0,6.811585236E0
1.430909679E1,-2.444716187E0,-6.516399078E0,6.793772278E0
1.431916779E1,-2.434836731E0,-6.512058105E0,6.789880371E0
1.432920779E1,-2.437082062E0,-6.508465576E0,6.793772278E0
1.433924779E1,-2.433788910E0,-6.517147522E0,6.798262939E0
1.434928879E1,-2.431393890E0,-6.515201569E0,6.800358582E0
1.435932879E1,-2.432890778E0,-6.511459351E0,6.816375275E0
1.436936879E1,-2.423909454E0,-6.511758728E0,6.829398193E0
1.437940879E1,-2.420167236E0,-6.521189117E0,6.819668427E0
1.438947979E1,-2.423310699E0,-6.519841919E0,6.816225586E0
1.439951979E1,-2.418370972E0,-6.526577911E0,6.799460449E0
1.440956079E1,-2.415077820E0,-6.533912659E0,6.787784729E0
1.441960079E1,-2.418820038E0,-6.538702698E0,6.779701538E0
1.442964079E1,-2.418670349E0,-6.537505188E0,6.784192200E0
1.443968179E1,-2.421664124E0,-6.527625732E0,6.789580994E0
1.444972179E1,-2.424059143E0,-6.528972931E0,6.784341888E0
1.445979279E1,-2.435435486E0,-6.519991608E0,6.796766052E0
1.446983279E1,-2.441123657E0,-6.525679779E0,6.797813873E0
1.447987279E1,-2.445913696E0,-6.521189117E0,6.797664185E0
1.448991379E1,-2.449655914E0,-6.521488495E0,6.797215118E0
1.449995379E1,-2.442021790E0,-6.529721375E0,6.791377258E0
1.450999379E1,-2.440674591E0,-6.540049896E0,6.784042511E0
1.452006479E1,-2.436333618E0,-6.531966705E0,6.784641266E0
1.453010479E1,-2.425556030E0,-6.536457367E0,6.790329437E0
1.454014479E1,-2.417323151E0,-6.548133087E0,6.791227570E0
1.455018579E1,-2.424657898E0,-6.542744293E0,6.783443756E0
1.456022579E1,-2.436782684E0,-6.539301453E0,6.783144379E0
1.457026579E1,-2.443668365E0,-6.533912659E0,6.797364807E0
1.458030679E1,-2.445913696E0,-6.534361725E0,6.800807648E0
1.459037679E1,-2.448009338E0,-6.537654877E0,6.802903290E0
1.460041779E1,-2.437531128E0,-6.551725616E0,6.805897064E0
1.461045779E1,-2.428400116E0,-6.552923126E0,6.808890839E0
1.462049779E1,-2.433489532E0,-6.542893982E0,6.794670410E0
1.463053879E1,-2.441273346E0,-6.534511414E0,6.769373016E0
1.464057879E1,-2.437680817E0,-6.535708923E0,6.757397919E0
1.465061879E1,-2.438728638E0,-6.529871063E0,6.759493561E0
1.466068979E1,-2.433489532E0,-6.519392853E0,6.760092316E0
1.467072979E1,-2.428849182E0,-6.527176666E0,6.757547607E0
1.468076979E1,-2.434687042E0,-6.540199585E0,6.773713989E0
1.469081079E1,-2.437980194E0,-6.541397095E0,6.777306519E0
1.470085079E1,-2.427801361E0,-6.543792114E0,6.789431305E0
1.471089079E1,-2.424358521E0,-6.548282776E0,6.780300293E0
1.472096179E1,-2.421963501E0,-6.551725616E0,6.794221344E0
1.473100179E1,-2.420017548E0,-6.552773438E0,6.792275391E0
1.474104279E1,-2.422262878E0,-6.542295227E0,6.797664185E0
1.475108279E1,-2.422412567E0,-6.547833710E0,6.796616364E0
1.476112279E1,-2.435435486E0,-6.546785889E0,6.782395935E0
1.477116379E1,-2.436632996E0,-6.541247406E0,6.786886597E0
1.478120379E1,-2.422861633E0,-6.543193359E0,6.770869904E0
1.479127479E1,-2.424059143E0,-6.527326355E0,6.767427063E0
1.480131479E1,-2.427501984E0,-6.522386627E0,6.778504028E0
1.481135479E1,-2.433190155E0,-6.512207794E0,6.784042511E0
1.482139479E1,-2.443518677E0,-6.493496704E0,6.797664185E0
1.483143579E1,-2.448458405E0,-6.505621490E0,6.813531189E0
1.484147579E1,-2.446213074E0,-6.515500946E0,6.807393951E0
1.485151579E1,-2.444865875E0,-6.525530090E0,6.814878387E0
1.486158679E1,-2.446961517E0,-6.529421997E0,6.822512512E0
1.487162679E1,-2.446811829E0,-6.528523865E0,6.818770294E0
1.488166779E1,-2.445015564E0,-6.529272308E0,6.804699554E0
1.489170779E1,-2.439926147E0,-6.531966705E0,6.790778503E0
1.490174779E1,-2.436034241E0,-6.530469818E0,6.784341888E0
1.491178879E1,-2.434537354E0,-6.529571686E0,6.772516479E0
1.492185879E1,-2.430645447E0,-6.525230713E0,6.775809631E0
1.493189979E1,-2.426603851E0,-6.518943787E0,6.786736908E0
1.494194354E1,-2.433639221E0,-6.519542542E0,6.784491577E0
1.495198354E1,-2.434836731E0,-6.521338806E0,6.793323212E0
1.496202354E1,-2.430645447E0,-6.527476044E0,6.792125702E0
1.497206454E1,-2.434537354E0,-6.527026978E0,6.799909515E0
1.498210454E1,-2.439177704E0,-6.529421997E0,6.796616364E0
1.499217554E1,-2.444416809E0,-6.525230713E0,6.799011383E0
1.500221554E1,-2.452500000E0,-6.527476044E0,6.791676636E0
1.501225554E1,-2.449356537E0,-6.538852386E0,6.802005157E0
1.502229654E1,-2.453847198E0,-6.518195343E0,6.794969788E0
1.503233654E1,-2.449356537E0,-6.511908417E0,6.792574768E0
1.504237654E1,-2.454296265E0,-6.514902191E0,6.790778503E0
1.505241754E1,-2.451452179E0,-6.512357483E0,6.800059204E0
1.506248754E1,-2.444117432E0,-6.510561218E0,6.804699554E0
1.507252854E1,-2.437830505E0,-6.503825226E0,6.798861694E0
1.508256854E1,-2.423610077E0,-6.502178650E0,6.803801422E0
1.509260854E1,-2.421813812E0,-6.513255615E0,6.809489594E0
1.510264854E1,-2.422562256E0,-6.507866821E0,6.815776520E0
1.511268954E1,-2.429447937E0,-6.501879272E0,6.829248505E0
1.512272954E1,-2.435285797E0,-6.508315887E0,6.825655975E0
1.513280054E1,-2.435884552E0,-6.503525848E0,6.813231812E0
1.514284054E1,-2.439327393E0,-6.507717133E0,6.799310760E0
1.515288054E1,-2.442620544E0,-6.514153748E0,6.805298309E0
1.516292154E1,-2.441273346E0,-6.510860596E0,6.814279633E0
1.517296154E1,-2.444267120E0,-6.513554993E0,6.806645508E0
1.518300154E1,-2.442470856E0,-6.522087250E0,6.793323212E0
1.519307254E1,-2.441273346E0,-6.514752502E0,6.796616364E0
1.520311254E1,-2.441872101E0,-6.505172424E0,6.810986481E0
1.521315354E1,-2.445464630E0,-6.505621490E0,6.812483368E0
1.522319354E1,-2.442171478E0,-6.516099701E0,6.805597687E0
1.523323354E1,-2.434836731E0,-6.524033203E0,6.809339905E0
1.524327354E1,-2.431693268E0,-6.518644409E0,6.810238037E0
1.525331454E1,-2.430346069E0,-6.508764954E0,6.797065430E0
1.526338554E1,-2.439327393E0,-6.512357483E0,6.796766052E0
1.527342554E1,-2.448159027E0,-6.513554993E0,6.809639282E0
1.528346554E1,-2.458038483E0,-6.512357483E0,6.818321228E0
1.529350554E1,-2.468367004E0,-6.512806549E0,6.830296326E0
1.530354654E1,-2.473306732E0,-6.505621490E0,6.814429321E0
1.531358654E1,-2.454445953E0,-6.514602814E0,6.811435547E0
1.532362654E1,-2.445015564E0,-6.518943787E0,6.817273407E0
1.533369754E1,-2.446662140E0,-6.524781647E0,6.813381500E0
1.534373754E1,-2.447709961E0,-6.511010284E0,6.811734924E0
1.535377854E1,-2.445464630E0,-6.499633942E0,6.804549866E0
1.536381854E1,-2.460134125E0,-6.493796082E0,6.798861694E0
1.537385854E1,-2.451901245E0,-6.484814758E0,6.793323212E0
1.538389854E1,-2.446961517E0,-6.480174408E0,6.791676636E0
1.539396954E1,-2.452649689E0,-6.489305420E0,6.773414612E0
1.540401054E1,-2.461631012E0,-6.490802307E0,6.782545624E0
1.541405054E1,-2.461930389E0,-6.499933319E0,6.798262939E0
1.542409054E1,-2.462529144E0,-6.499184875E0,6.819668427E0
1.543413054E1,-2.451452179E0,-6.498137054E0,6.827152863E0
1.544417154E1,-2.447111206E0,-6.508914642E0,6.830745392E0
1.545421154E1,-2.447111206E0,-6.510261841E0,6.825206909E0
1.546428254E1,-2.442620544E0,-6.520740051E0,6.822961578E0
1.547432254E1,-2.440973969E0,-6.517895966E0,6.825057220E0
1.548436254E1,-2.446662140E0,-6.523284760E0,6.826254730E0
1.549440354E1,-2.433788910E0,-6.522835693E0,6.799759827E0
1.550444354E1,-2.436932373E0,-6.506220245E0,6.793472900E0
1.551448354E1,-2.441572723E0,-6.499035187E0,6.795568542E0
1.552452354E1,-2.447260895E0,-6.492748260E0,6.787784729E0
1.553459454E1,-2.448757782E0,-6.489754486E0,6.795568542E0
1.554463554E1,-2.454296265E0,-6.486161957E0,6.799460449E0
1.555467554E1,-2.463726654E0,-6.487359467E0,6.821015625E0
1.556471554E1,-2.467169495E0,-6.493347015E0,6.820716248E0
1.557475554E1,-2.465073853E0,-6.499933319E0,6.817722473E0
1.558479654E1,-2.462978210E0,-6.503376160E0,6.832990723E0
1.559486654E1,-2.461032257E0,-6.504573669E0,6.827003174E0
1.560490754E1,-2.458038483E0,-6.501280518E0,6.817872162E0
1.561494754E1,-2.452350311E0,-6.491850128E0,6.823859711E0
1.562498754E1,-2.454296265E0,-6.491700439E0,6.826105042E0
1.563502854E1,-2.448009338E0,-6.485114136E0,6.826853485E0
1.564506854E1,-2.450703735E0,-6.491700439E0,6.828649750E0
1.565510854E1,-2.453847198E0,-6.494245148E0,6.809788971E0
1.566517954E1,-2.456691284E0,-6.493047638E0,6.819668427E0
1.567521954E1,-2.452799377E0,-6.490053864E0,6.805447998E0
1.568526054E1,-2.457439728E0,-6.505621490E0,6.811435547E0
1.569530054E1,-2.454745331E0,-6.515950012E0,6.798113251E0
1.570534054E1,-2.468816071E0,-6.510261841E0,6.806346130E0
1.571538054E1,-2.472109222E0,-6.508465576E0,6.788832550E0
1.572542154E1,-2.472857666E0,-6.515950012E0,6.782845001E0
1.573549154E1,-2.468217316E0,-6.509064331E0,6.796017609E0
1.574553254E1,-2.466271362E0,-6.503675537E0,6.806495819E0
1.575557254E1,-2.458337860E0,-6.508615265E0,6.803951111E0
1.576561254E1,-2.455942841E0,-6.500083008E0,6.803202667E0
1.577565354E1,-2.454445953E0,-6.495592346E0,6.806196442E0
1.578569354E1,-2.442620544E0,-6.504274292E0,6.819069672E0
1.579576454E1,-2.441722412E0,-6.496640167E0,6.801705780E0
1.580580454E1,-2.443219299E0,-6.492897949E0,6.809040527E0
1.581584454E1,-2.448308716E0,-6.502927094E0,6.812333679E0
1.582588554E1,-2.447410583E0,-6.509363708E0,6.818171539E0
1.583592554E1,-2.448757782E0,-6.513854370E0,6.814579010E0
1.584596554E1,-2.437680817E0,-6.505920868E0,6.814878387E0
1.585600554E1,-2.431992645E0,-6.501579895E0,6.814579010E0
1.586607654E1,-2.444117432E0,-6.500232697E0,6.815626831E0
1.587611654E1,-2.457589417E0,-6.502478027E0,6.818770294E0
1.588615754E1,-2.455643463E0,-6.495292969E0,6.808441772E0
1.589619754E1,-2.451152802E0,-6.490951996E0,6.797813873E0
1.590623754E1,-2.461032257E0,-6.499783630E0,6.803052979E0
1.591627854E1,-2.461481323E0,-6.498137054E0,6.802005157E0
1.592631854E1,-2.467019806E0,-6.488856354E0,6.803502045E0
1.593638025E1,-2.469863892E0,-6.494245148E0,6.816674652E0
1.594642025E1,-2.472558289E0,-6.493945770E0,6.806196442E0
1.595646025E1,-2.472857666E0,-6.489904175E0,6.815926208E0
1.596650125E1,-2.472558289E0,-6.489006042E0,6.822063446E0
1.597654125E1,-2.471510468E0,-6.489604797E0,6.825506287E0
1.598658125E1,-2.484234009E0,-6.483168182E0,6.817123718E0
1.599665225E1,-2.490970001E0,-6.504423981E0,6.808292084E0
1.600669225E1,-2.471360779E0,-6.504423981E0,6.805597687E0
1.601673225E1,-2.463876343E0,-6.494843903E0,6.815477142E0
1.602677325E1,-2.468217316E0,-6.494694214E0,6.806196442E0
1.603681325E1,-2.462229767E0,-6.501879272E0,6.808741150E0
1.604685325E1,-2.473905487E0,-6.499633942E0,6.819219360E0
1.605689425E1,-2.484234009E0,-6.495143280E0,6.819668427E0
1.606696425E1,-2.479893036E0,-6.491999817E0,6.814878387E0
1.607700525E1,-2.489622803E0,-6.486461334E0,6.817872162E0
1.608704525E1,-2.488724670E0,-6.489155731E0,6.811884613E0
1.609708525E1,-2.471510468E0,-6.490053864E0,6.815626831E0
1.610712625E1,-2.472408600E0,-6.503525848E0,6.820117493E0
1.611716625E1,-2.471809845E0,-6.512656860E0,6.814129944E0
1.612720625E1,-2.483485565E0,-6.492897949E0,6.798562317E0
1.613727725E1,-2.480491791E0,-6.489455109E0,6.802454224E0
1.614731725E1,-2.480042725E0,-6.482569427E0,6.796466675E0
1.615735725E1,-2.489024048E0,-6.471791840E0,6.789431305E0
1.616739825E1,-2.491269379E0,-6.472240906E0,6.793921967E0
1.617743825E1,-2.495760040E0,-6.473887482E0,6.807843018E0
1.618747825E1,-2.498903503E0,-6.481521606E0,6.810836792E0
1.619754925E1,-2.485880585E0,-6.503974915E0,6.817423096E0
1.620758925E1,-2.477048950E0,-6.505322113E0,6.802903290E0
1.621763025E1,-2.466421051E0,-6.509513397E0,6.820117493E0
1.622767025E1,-2.469414825E0,-6.519692230E0,6.810238037E0
1.623771025E1,-2.463127899E0,-6.521338806E0,6.811285858E0
1.624775125E1,-2.464175720E0,-6.516399078E0,6.812932434E0
1.625779125E1,-2.479443970E0,-6.522386627E0,6.797065430E0
1.626786225E1,-2.468666382E0,-6.507118378E0,6.801107025E0
1.627790225E1,-2.469265137E0,-6.501130829E0,6.788682861E0
1.628794225E1,-2.467319183E0,-6.500681763E0,6.792275391E0
1.629798225E1,-2.471510468E0,-6.493197327E0,6.792874146E0
1.630802325E1,-2.475402374E0,-6.485413513E0,6.789880371E0
1.631806325E1,-2.485880585E0,-6.471492462E0,6.793772278E0
1.632810325E1,-2.491868134E0,-6.477480011E0,6.801855469E0
1.633817425E1,-2.488574982E0,-6.481671295E0,6.810687103E0
1.634821425E1,-2.488724670E0,-6.478078766E0,6.816075897E0
1.635825525E1,-2.487826538E0,-6.488257599E0,6.826853485E0
1.636829525E1,-2.495011597E0,-6.494694214E0,6.837032318E0
1.637833525E1,-2.495909729E0,-6.495143280E0,6.814579010E0
1.638837625E1,-2.488574982E0,-6.489455109E0,6.822811890E0
1.639844625E1,-2.482437744E0,-6.484365692E0,6.824757843E0
1.640848725E1,-2.484084320E0,-6.488556976E0,6.810986481E0
1.641852725E1,-2.479443970E0,-6.498885498E0,6.795418854E0
1.642856725E1,-2.474354553E0,-6.489305420E0,6.802005157E0
1.643860725E1,-2.479743347E0,-6.493047638E0,6.807393951E0
1.644864825E1,-2.481988678E0,-6.494843903E0,6.796616364E0
1.645868825E1,-2.487527161E0,-6.494544525E0,6.808890839E0
1.646875925E1,-2.490221558E0,-6.498885498E0,6.807244263E0
1.647879925E1,-2.497855682E0,-6.503675537E0,6.803052979E0
1.648883925E1,-2.499951324E0,-6.498885498E0,6.806944885E0
1.649888025E1,-2.489772491E0,-6.500981140E0,6.798712006E0
1.650892025E1,-2.493514709E0,-6.506669312E0,6.800358582E0
1.651896025E1,-2.495460663E0,-6.494245148E0,6.793772278E0
1.652900125E1,-2.488574982E0,-6.489455109E0,6.790928192E0
1.653907125E1,-2.486778717E0,-6.495143280E0,6.787635040E0
1.654911225E1,-2.483934631E0,-6.492748260E0,6.788383484E0
1.655915225E1,-2.485730896E0,-6.486311646E0,6.797215118E0
1.656919225E1,-2.485730896E0,-6.487359467E0,6.800957336E0
1.657923225E1,-2.481838989E0,-6.488706665E0,6.798562317E0
1.658927325E1,-2.482587433E0,-6.493047638E0,6.797364807E0
1.659931325E1,-2.481689301E0,-6.490053864E0,6.802603912E0
1.660938425E1,-2.480491791E0,-6.488856354E0,6.809489594E0
1.661942425E1,-2.485880585E0,-6.499783630E0,6.805897064E0
1.662946425E1,-2.492915955E0,-6.501430206E0,6.813531189E0
1.663950525E1,-2.486778717E0,-6.495891724E0,6.819967804E0
1.664954525E1,-2.479593658E0,-6.489006042E0,6.810986481E0
1.665958525E1,-2.479294281E0,-6.483766937E0,6.806196442E0
1.666965625E1,-2.487377472E0,-6.488856354E0,6.796167297E0
1.667969625E1,-2.492167511E0,-6.490951996E0,6.799011383E0
1.668973725E1,-2.487976227E0,-6.488107910E0,6.809788971E0
1.669977725E1,-2.488275604E0,-6.487958221E0,6.812183990E0
1.670981725E1,-2.490371246E0,-6.492598572E0,6.813680878E0
1.671985725E1,-2.483186188E0,-6.493945770E0,6.812034302E0
1.672989825E1,-2.490820312E0,-6.498137054E0,6.790628815E0
1.673996925E1,-2.489173737E0,-6.500532074E0,6.793323212E0
1.675000925E1,-2.490371246E0,-6.495292969E0,6.801406403E0
1.676004925E1,-2.493365021E0,-6.496340790E0,6.788383484E0
1.677008925E1,-2.491119690E0,-6.496490479E0,6.791976013E0
1.678013025E1,-2.494263153E0,-6.491251373E0,6.799759827E0
1.679017025E1,-2.496059418E0,-6.477180634E0,6.803951111E0
1.680021025E1,-2.488275604E0,-6.480324097E0,6.818770294E0
1.681028125E1,-2.495161285E0,-6.489305420E0,6.810836792E0
1.682032125E1,-2.479144592E0,-6.492748260E0,6.811136169E0
1.683036225E1,-2.474653931E0,-6.491101685E0,6.813231812E0
1.684040225E1,-2.477198639E0,-6.496490479E0,6.807094574E0
1.685044225E1,-2.487976227E0,-6.505322113E0,6.800957336E0
1.686048225E1,-2.494861908E0,-6.493646393E0,6.800807648E0
1.687055325E1,-2.500999146E0,-6.478976898E0,6.798262939E0
1.688059425E1,-2.503244476E0,-6.483018494E0,6.808142395E0
1.689063425E1,-2.493215332E0,-6.477330322E0,6.812633057E0
1.690067425E1,-2.496957550E0,-6.476881256E0,6.826254730E0
1.691071425E1,-2.489323425E0,-6.473288727E0,6.820566559E0
1.692075525E1,-2.475851440E0,-6.494394836E0,6.828350372E0
1.693079525E1,-2.471211090E0,-6.495891724E0,6.829847260E0
1.694082587E1,-2.476150818E0,-6.496041412E0,6.825655975E0
1.695086587E1,-2.486928406E0,-6.483617249E0,6.817872162E0
1.696090587E1,-2.491119690E0,-6.476432190E0,6.807393951E0
1.697094688E1,-2.489173737E0,-6.470893707E0,6.812633057E0
1.698098688E1,-2.489473114E0,-6.470744019E0,6.804849243E0
1.699102687E1,-2.492466888E0,-6.478677521E0,6.807543640E0
1.700106687E1,-2.486629028E0,-6.470744019E0,6.803352356E0
1.701113788E1,-2.481389923E0,-6.472689972E0,6.802903290E0
1.702117887E1,-2.478545837E0,-6.477929077E0,6.816524963E0
1.703121887E1,-2.467618561E0,-6.490353241E0,6.816824341E0
1.704125887E1,-2.465822296E0,-6.488257599E0,6.823260956E0
1.705129887E1,-2.461032257E0,-6.494843903E0,6.817273407E0
1.706133987E1,-2.453697510E0,-6.493796082E0,6.823859711E0
1.707140987E1,-2.468516693E0,-6.483766937E0,6.826554108E0
1.708145087E1,-2.456840973E0,-6.494095459E0,6.827452240E0
1.709149087E1,-2.455194397E0,-6.492748260E0,6.804400177E0
1.710153087E1,-2.459235992E0,-6.490053864E0,6.797215118E0
1.711157188E1,-2.453398132E0,-6.497837677E0,6.810986481E0
1.712161188E1,-2.449955292E0,-6.500831451E0,6.807393951E0
1.713165187E1,-2.449206848E0,-6.485263824E0,6.802154846E0
1.714172287E1,-2.460433502E0,-6.474037170E0,6.820267181E0
1.715176288E1,-2.464624786E0,-6.474037170E0,6.823859711E0
1.716180387E1,-2.474204865E0,-6.486611023E0,6.826404419E0
1.717184387E1,-2.471061401E0,-6.502028961E0,6.828500061E0
1.718188387E1,-2.476749573E0,-6.496340790E0,6.823260956E0
1.719192387E1,-2.479593658E0,-6.495742035E0,6.810387726E0
1.720196487E1,-2.477498016E0,-6.502028961E0,6.802154846E0
1.721203487E1,-2.489772491E0,-6.496789856E0,6.809489594E0
1.722207587E1,-2.478845215E0,-6.495891724E0,6.808741150E0
1.723211587E1,-2.469265137E0,-6.499633942E0,6.798262939E0
1.724215587E1,-2.467618561E0,-6.502927094E0,6.784641266E0
1.725219688E1,-2.474953308E0,-6.499184875E0,6.798861694E0
1.726223688E1,-2.462828522E0,-6.499184875E0,6.810537415E0
1.727230787E1,-2.463427277E0,-6.507268066E0,6.809489594E0
1.728234787E1,-2.454895020E0,-6.505771179E0,6.793023834E0
1.729238788E1,-2.450554047E0,-6.517895966E0,6.804400177E0
1.730242887E1,-2.453547821E0,-6.518345032E0,6.812034302E0
1.731246887E1,-2.471360779E0,-6.516698456E0,6.803052979E0
1.732250887E1,-2.470013580E0,-6.519692230E0,6.800059204E0
1.733254887E1,-2.467319183E0,-6.519392853E0,6.804998932E0
1.734261987E1,-2.469115448E0,-6.515950012E0,6.801556091E0
1.735265987E1,-2.464325409E0,-6.512357483E0,6.790179749E0
1.736270087E1,-2.460732880E0,-6.517446899E0,6.786138153E0
1.737274087E1,-2.450404358E0,-6.513255615E0,6.800508270E0
1.738278087E1,-2.455643463E0,-6.503076782E0,6.801406403E0
1.739282188E1,-2.451901245E0,-6.503226471E0,6.787335663E0
1.740286188E1,-2.453847198E0,-6.507118378E0,6.812932434E0
1.741293287E1,-2.450104980E0,-6.509513397E0,6.812932434E0
1.742297287E1,-2.429148560E0,-6.519093475E0,6.793173523E0
1.743301288E1,-2.432890778E0,-6.512806549E0,6.799759827E0
1.744305387E1,-2.434237976E0,-6.517297211E0,6.808890839E0
1.745309387E1,-2.433788910E0,-6.516399078E0,6.799909515E0
1.746313387E1,-2.442620544E0,-6.511309662E0,6.815028076E0
1.747320488E1,-2.440824280E0,-6.514303436E0,6.812034302E0
1.748324487E1,-2.448159027E0,-6.512357483E0,6.802903290E0
1.749328487E1,-2.459535370E0,-6.506669312E0,6.802603912E0
1.750332587E1,-2.449805603E0,-6.506070557E0,6.799759827E0
1.751336587E1,-2.447260895E0,-6.507866821E0,6.804400177E0
1.752340587E1,-2.452050934E0,-6.512806549E0,6.805747375E0
1.753344688E1,-2.450853424E0,-6.514752502E0,6.801107025E0
1.754351687E1,-2.443219299E0,-6.515201569E0,6.795418854E0
1.755355787E1,-2.438728638E0,-6.517446899E0,6.792724457E0
1.756359787E1,-2.446811829E0,-6.528823242E0,6.789131927E0
1.757363788E1,-2.451452179E0,-6.530170441E0,6.775210876E0
1.758367887E1,-2.444716187E0,-6.533014526E0,6.776258698E0
1.759371887E1,-2.448308716E0,-6.531667328E0,6.783144379E0
1.760375887E1,-2.444566498E0,-6.540648651E0,6.779102783E0
1.761382988E1,-2.445314941E0,-6.527625732E0,6.786437531E0
1.762386987E1,-2.446811829E0,-6.527925110E0,6.791526947E0
1.763390987E1,-2.451003113E0,-6.523733826E0,6.783294067E0
1.764395087E1,-2.451901245E0,-6.524033203E0,6.791976013E0
1.765399087E1,-2.449057159E0,-6.534361725E0,6.778354340E0
1.766403087E1,-2.441572723E0,-6.536457367E0,6.776408386E0
1.767410187E1,-2.430495758E0,-6.536906433E0,6.768474884E0
1.768414187E1,-2.434237976E0,-6.532715149E0,6.768624573E0
1.769418287E1,-2.447111206E0,-6.531667328E0,6.790778503E0
1.770422287E1,-2.445314941E0,-6.531367950E0,6.793921967E0
1.771426288E1,-2.445015564E0,-6.527176666E0,6.799310760E0
1.772430387E1,-2.457739105E0,-6.519991608E0,6.803801422E0
1.773434387E1,-2.457290039E0,-6.527775421E0,6.804250488E0
1.774441488E1,-2.452799377E0,-6.536607056E0,6.791377258E0
1.775445488E1,-2.459235992E0,-6.541846161E0,6.797364807E0
1.776449487E1,-2.454445953E0,-6.544241180E0,6.802304535E0
1.777453487E1,-2.451452179E0,-6.531218262E0,6.785988464E0
1.778457587E1,-2.443219299E0,-6.525230713E0,6.775061188E0
1.779461587E1,-2.451003113E0,-6.522985382E0,6.768175507E0
1.780465587E1,-2.448308716E0,-6.520889740E0,6.762637024E0
1.781472687E1,-2.443518677E0,-6.526428223E0,6.764882355E0
1.782476687E1,-2.442770233E0,-6.527775421E0,6.760242004E0
1.783480787E1,-2.428100739E0,-6.533762970E0,6.769672394E0
1.784484787E1,-2.434537354E0,-6.526727600E0,6.779102783E0
1.785488788E1,-2.434687042E0,-6.528074799E0,6.798113251E0
1.786492887E1,-2.428998871E0,-6.537804565E0,6.800807648E0
1.787499887E1,-2.429897003E0,-6.536607056E0,6.799161072E0
1.788503988E1,-2.435585175E0,-6.534062347E0,6.783593445E0
1.789507988E1,-2.434836731E0,-6.534361725E0,6.787036285E0
1.790511987E1,-2.442171478E0,-6.530619507E0,6.788982239E0
1.791515987E1,-2.446662140E0,-6.537954254E0,6.789880371E0
1.792520087E1,-2.453697510E0,-6.527176666E0,6.786886597E0
1.793524192E1,-2.446961517E0,-6.525979156E0,6.782994690E0
1.794531292E1,-2.442321167E0,-6.520290985E0,6.769672394E0
1.795535292E1,-2.443069611E0,-6.506070557E0,6.786736908E0
1.796539292E1,-2.448757782E0,-6.510561218E0,6.791976013E0
1.797543392E1,-2.458038483E0,-6.499035187E0,6.798113251E0
1.798547392E1,-2.461631012E0,-6.496041412E0,6.801256714E0
1.799551392E1,-2.464325409E0,-6.501280518E0,6.819668427E0
1.800555492E1,-2.467917938E0,-6.510261841E0,6.819069672E0
1.801562492E1,-2.460583191E0,-6.515051880E0,6.809339905E0
1.802566592E1,-2.467319183E0,-6.520740051E0,6.811884613E0
1.803570592E1,-2.464624786E0,-6.516099701E0,6.801556091E0
1.804574592E1,-2.454895020E0,-6.518794098E0,6.806495819E0
1.805578592E1,-2.450404358E0,-6.511908417E0,6.810836792E0
1.806582692E1,-2.448907471E0,-6.507417755E0,6.797065430E0
1.807589792E1,-2.435734863E0,-6.510860596E0,6.795418854E0
1.808593792E1,-2.438878326E0,-6.511609039E0,6.809040527E0
1.809597792E1,-2.450104980E0,-6.510710907E0,6.797364807E0
1.810601792E1,-2.454745331E0,-6.502178650E0,6.804849243E0
1.811605892E1,-2.457140350E0,-6.512956238E0,6.798861694E0
1.812609892E1,-2.454296265E0,-6.517596588E0,6.793921967E0
1.813613892E1,-2.455493774E0,-6.508465576E0,6.802753601E0
1.814620992E1,-2.454445953E0,-6.509663086E0,6.807693329E0
1.815624992E1,-2.457140350E0,-6.517147522E0,6.811435547E0
1.816629092E1,-2.461780701E0,-6.517895966E0,6.799909515E0
1.817633092E1,-2.454445953E0,-6.517147522E0,6.804998932E0
1.818637092E1,-2.449955292E0,-6.519692230E0,6.807094574E0
1.819641092E1,-2.434088287E0,-6.517446899E0,6.812633057E0
1.820645192E1,-2.434237976E0,-6.520889740E0,6.818021851E0
1.821652292E1,-2.446213074E0,-6.509812775E0,6.808890839E0
1.822656292E1,-2.439626770E0,-6.510261841E0,6.798412628E0
1.823660292E1,-2.448308716E0,-6.498286743E0,6.795418854E0
1.824664292E1,-2.446662140E0,-6.497687988E0,6.806495819E0
1.825668392E1,-2.452050934E0,-6.491101685E0,6.810986481E0
1.826672392E1,-2.457739105E0,-6.485712891E0,6.815177765E0
1.827679492E1,-2.468067627E0,-6.488706665E0,6.814728699E0
1.828683492E1,-2.463876343E0,-6.492897949E0,6.810986481E0
1.829687492E1,-2.452200623E0,-6.498586121E0,6.805298309E0
1.830691592E1,-2.458637238E0,-6.497538300E0,6.806196442E0
1.831695592E1,-2.457439728E0,-6.498885498E0,6.804849243E0
1.832699592E1,-2.457888794E0,-6.495143280E0,6.805447998E0
1.833703592E1,-2.453847198E0,-6.496640167E0,6.817722473E0
1.834710692E1,-2.458188171E0,-6.505471802E0,6.805148621E0
1.835714792E1,-2.453098755E0,-6.498436432E0,6.809788971E0
1.836718792E1,-2.462828522E0,-6.497987366E0,6.807393951E0
1.837722792E1,-2.465822296E0,-6.495292969E0,6.798562317E0
1.838726792E1,-2.460433502E0,-6.495442657E0,6.809190216E0
1.839730892E1,-2.472109222E0,-6.492897949E0,6.814579010E0
1.840734892E1,-2.477647705E0,-6.504124603E0,6.802603912E0
1.841741992E1,-2.483635254E0,-6.491101685E0,6.806346130E0
1.842745992E1,-2.481988678E0,-6.499334564E0,6.803502045E0
1.843749992E1,-2.478994904E0,-6.506819000E0,6.794371033E0
1.844754092E1,-2.473157043E0,-6.504723358E0,6.794969788E0
1.845758092E1,-2.470312958E0,-6.505022736E0,6.786287842E0
1.846762092E1,-2.459385681E0,-6.499933319E0,6.784491577E0
1.847769192E1,-2.458786926E0,-6.492299194E0,6.794969788E0
1.848773192E1,-2.467768250E0,-6.491401062E0,6.811884613E0
1.849777292E1,-2.470911713E0,-6.482419739E0,6.819818115E0
1.850781292E1,-2.491419067E0,-6.486910400E0,6.827901306E0
1.851785292E1,-2.488574982E0,-6.480773163E0,6.821464691E0
1.852789292E1,-2.487976227E0,-6.491999817E0,6.825206909E0
1.853793392E1,-2.487676849E0,-6.506070557E0,6.827152863E0
1.854800492E1,-2.484234009E0,-6.500831451E0,6.821614380E0
1.855804492E1,-2.477198639E0,-6.495742035E0,6.811884613E0
1.856808492E1,-2.484084320E0,-6.495143280E0,6.795718231E0
1.857812492E1,-2.486778717E0,-6.489604797E0,6.789580994E0
1.858816592E1,-2.488275604E0,-6.480174408E0,6.789131927E0
1.859820592E1,-2.480641479E0,-6.481072540E0,6.788682861E0
1.860824592E1,-2.482587433E0,-6.480324097E0,6.792275391E0
1.861831692E1,-2.482138367E0,-6.486012268E0,6.795867920E0
1.862835692E1,-2.484383698E0,-6.494694214E0,6.794670410E0
1.863839792E1,-2.485431519E0,-6.498436432E0,6.807543640E0
1.864843792E1,-2.488425293E0,-6.498137054E0,6.815776520E0
1.865847792E1,-2.477348328E0,-6.494394836E0,6.823260956E0
1.866851792E1,-2.471959534E0,-6.494245148E0,6.821464691E0
1.867858892E1,-2.480791168E0,-6.492897949E0,6.812633057E0
1.868862992E1,-2.482138367E0,-6.502777405E0,6.809040527E0
1.869866992E1,-2.475102997E0,-6.511010284E0,6.814878387E0
1.870870992E1,-2.473755798E0,-6.506669312E0,6.806795197E0
1.871874992E1,-2.460583191E0,-6.506070557E0,6.788084106E0
1.872879092E1,-2.461181946E0,-6.502328339E0,6.793622589E0
1.873883092E1,-2.477048950E0,-6.501879272E0,6.799011383E0
1.874890192E1,-2.463127899E0,-6.495742035E0,6.814728699E0
1.875894192E1,-2.466720428E0,-6.486760712E0,6.823410645E0
1.876898192E1,-2.490820312E0,-6.476881256E0,6.815926208E0
1.877902292E1,-2.497256927E0,-6.474785614E0,6.813830566E0
1.878906292E1,-2.497705994E0,-6.482868805E0,6.817423096E0
1.879910292E1,-2.508034515E0,-6.486910400E0,6.811285858E0
1.880914292E1,-2.516566772E0,-6.484216003E0,6.809489594E0
1.881921392E1,-2.512525177E0,-6.486012268E0,6.814579010E0
1.882925492E1,-2.512974243E0,-6.480773163E0,6.817572784E0
1.883929492E1,-2.511627045E0,-6.493496704E0,6.809040527E0
1.884933492E1,-2.502496033E0,-6.482719116E0,6.805897064E0
1.885937492E1,-2.493664398E0,-6.473139038E0,6.802454224E0
1.886941592E1,-2.487377472E0,-6.477929077E0,6.805298309E0
1.887948592E1,-2.482737122E0,-6.473438416E0,6.809639282E0
1.888952692E1,-2.488275604E0,-6.484515381E0,6.807094574E0
1.889956692E1,-2.488425293E0,-6.486611023E0,6.801855469E0
1.890960692E1,-2.490371246E0,-6.489305420E0,6.795269165E0
1.891964792E1,-2.491568756E0,-6.490353241E0,6.802903290E0
1.892968792E1,-2.494562531E0,-6.494993591E0,6.804699554E0
1.893973529E1,-2.500250702E0,-6.499184875E0,6.796316986E0
1.894980629E1,-2.496358795E0,-6.509214020E0,6.804250488E0
1.895984629E1,-2.499202881E0,-6.508764954E0,6.802154846E0
1.896988729E1,-2.499951324E0,-6.502927094E0,6.796915741E0
1.897992729E1,-2.496358795E0,-6.500532074E0,6.805148621E0
1.898996729E1,-2.493814087E0,-6.493496704E0,6.800059204E0
1.900000729E1,-2.487826538E0,-6.489754486E0,6.810537415E0
1.901004829E1,-2.500550079E0,-6.487359467E0,6.797664185E0
1.902011829E1,-2.499801636E0,-6.490802307E0,6.798113251E0
1.903015929E1,-2.503094788E0,-6.485413513E0,6.799161072E0
1.904019929E1,-2.489622803E0,-6.480024719E0,6.798861694E0
1.905023929E1,-2.494263153E0,-6.474486237E0,6.801107025E0
1.906028029E1,-2.503094788E0,-6.475534058E0,6.820267181E0
1.907032029E1,-2.495310974E0,-6.475833435E0,6.802454224E0
1.908039129E1,-2.500999146E0,-6.479575653E0,6.807693329E0
1.909043129E1,-2.491718445E0,-6.488407288E0,6.802603912E0
1.910047129E1,-2.484084320E0,-6.494245148E0,6.808591461E0
1.911051229E1,-2.484533386E0,-6.483317871E0,6.811285858E0
1.912055229E1,-2.480342102E0,-6.484216003E0,6.817123718E0
1.913059229E1,-2.475552063E0,-6.488856354E0,6.810088348E0
1.914063229E1,-2.480042725E0,-6.487658844E0,6.799011383E0
1.915070329E1,-2.483934631E0,-6.484515381E0,6.813531189E0
1.916074329E1,-2.490221558E0,-6.487509155E0,6.809339905E0
1.917078429E1,-2.503992920E0,-6.491401062E0,6.796316986E0
1.918082429E1,-2.505340118E0,-6.485563202E0,6.795867920E0
1.919086429E1,-2.508932648E0,-6.486760712E0,6.789281616E0
1.920090529E1,-2.505190430E0,-6.490203552E0,6.784491577E0
1.921094529E1,-2.510878601E0,-6.497538300E0,6.792425079E0
1.922101629E1,-2.500550079E0,-6.488257599E0,6.791077881E0
1.923105629E1,-2.502645721E0,-6.486311646E0,6.808890839E0
1.924109629E1,-2.505938873E0,-6.492748260E0,6.799460449E0
1.925113729E1,-2.508333893E0,-6.489455109E0,6.810537415E0
1.926117729E1,-2.500101013E0,-6.493646393E0,6.824608154E0
1.927121729E1,-2.493065643E0,-6.489904175E0,6.814878387E0
1.928128829E1,-2.491419067E0,-6.490203552E0,6.807393951E0
1.929132829E1,-2.486329651E0,-6.493047638E0,6.804849243E0
1.930136829E1,-2.493963776E0,-6.494394836E0,6.787635040E0
1.931140929E1,-2.499502258E0,-6.497987366E0,6.789131927E0
1.932144929E1,-2.496059418E0,-6.477779388E0,6.800059204E0
1.933148929E1,-2.513273621E0,-6.479276276E0,6.804400177E0
1.934153029E1,-2.503992920E0,-6.479276276E0,6.815177765E0
1.935160029E1,-2.504591675E0,-6.486461334E0,6.802753601E0
1.936164129E1,-2.492466888E0,-6.493047638E0,6.813980255E0
1.937168129E1,-2.494113464E0,-6.493796082E0,6.826554108E0
1.938172129E1,-2.499801636E0,-6.503076782E0,6.819518738E0
1.939176229E1,-2.495460663E0,-6.488856354E0,6.800358582E0
1.940180229E1,-2.501597900E0,-6.476132812E0,6.797065430E0
1.941184229E1,-2.490221558E0,-6.476731567E0,6.788084106E0
1.942191329E1,-2.497556305E0,-6.471791840E0,6.788533173E0
1.943195329E1,-2.507286072E0,-6.474336548E0,6.789580994E0
1.944199329E1,-2.508633270E0,-6.479725342E0,6.789281616E0
1.945203429E1,-2.503693542E0,-6.481820984E0,6.799610138E0
1.946207429E1,-2.504741364E0,-6.478827209E0,6.811585236E0
1.947211429E1,-2.511776733E0,-6.484365692E0,6.820117493E0
1.948218529E1,-2.498604126E0,-6.491550751E0,6.816974030E0
1.949222529E1,-2.498454437E0,-6.498885498E0,6.823260956E0
1.950226629E1,-2.502346344E0,-6.497089233E0,6.813381500E0
1.951230629E1,-2.497107239E0,-6.494544525E0,6.811585236E0
1.952234629E1,-2.494712219E0,-6.492448883E0,6.805148621E0
1.953238729E1,-2.494562531E0,-6.492748260E0,6.791676636E0
1.954242729E1,-2.498005371E0,-6.491999817E0,6.786437531E0
1.955249829E1,-2.501897278E0,-6.486012268E0,6.788832550E0
1.956253829E1,-2.495011597E0,-6.483617249E0,6.787485352E0
1.957257829E1,-2.490820312E0,-6.475833435E0,6.800807648E0
1.958261829E1,-2.498005371E0,-6.474186859E0,6.799909515E0
1.959265929E1,-2.510878601E0,-6.474037170E0,6.798861694E0
1.960269929E1,-2.509830780E0,-6.476132812E0,6.800208893E0
1.961273929E1,-2.505639496E0,-6.482270050E0,6.804998932E0
1.962281029E1,-2.519410858E0,-6.477779388E0,6.821764069E0
1.963285029E1,-2.517464905E0,-6.488706665E0,6.819967804E0
1.964289129E1,-2.506986694E0,-6.490652618E0,6.814579010E0
1.965293129E1,-2.509381714E0,-6.481371918E0,6.807693329E0
1.966297129E1,-2.513123932E0,-6.491101685E0,6.800208893E0
1.967301229E1,-2.507136383E0,-6.482868805E0,6.800358582E0
1.968308229E1,-2.503992920E0,-6.476881256E0,6.804250488E0
1.969312329E1,-2.496358795E0,-6.479425964E0,6.807543640E0
1.970316329E1,-2.507585449E0,-6.477030945E0,6.812333679E0
1.971320329E1,-2.510130157E0,-6.484216003E0,6.805597687E0
1.972324329E1,-2.514471130E0,-6.477480011E0,6.804849243E0
1.973328429E1,-2.518063660E0,-6.489455109E0,6.794221344E0
1.974332429E1,-2.513872375E0,-6.489904175E0,6.798712006E0
1.975339529E1,-2.503094788E0,-6.496041412E0,6.792574768E0
1.976343529E1,-2.503244476E0,-6.497987366E0,6.796167297E0
1.977347529E1,-2.502945099E0,-6.496340790E0,6.791976013E0
1.978351629E1,-2.495161285E0,-6.494843903E0,6.806795197E0
1.979355629E1,-2.482437744E0,-6.492598572E0,6.818171539E0
1.980359629E1,-2.484383698E0,-6.488856354E0,6.826105042E0
1.981363729E1,-2.472707977E0,-6.486012268E0,6.820416870E0
1.982370729E1,-2.474803619E0,-6.491700439E0,6.812183990E0
1.983374829E1,-2.480940857E0,-6.476132812E0,6.808292084E0
1.984378829E1,-2.476899261E0,-6.460415497E0,6.798113251E0
1.985382829E1,-2.474953308E0,-6.467750244E0,6.792125702E0
1.986386829E1,-2.489024048E0,-6.471791840E0,6.798861694E0
1.987390929E1,-2.500550079E0,-6.480174408E0,6.795718231E0
1.988398029E1,-2.501597900E0,-6.471941528E0,6.805897064E0
1.989402029E1,-2.513872375E0,-6.476432190E0,6.813980255E0
1.990406029E1,-2.515968018E0,-6.482719116E0,6.811435547E0
1.991410029E1,-2.514920197E0,-6.484515381E0,6.812782745E0
1.992414129E1,-2.515219574E0,-6.480473785E0,6.810687103E0
1.993414500E1,-2.516417084E0,-6.472989349E0,6.802753601E0
1.994418500E1,-2.510130157E0,-6.475683746E0,6.802603912E0
1.995425600E1,-2.520758057E0,-6.477779388E0,6.796017609E0
1.996429600E1,-2.520907745E0,-6.475084991E0,6.801256714E0
1.997433700E1,-2.517315216E0,-6.476282501E0,6.792275391E0
1.998437700E1,-2.518812103E0,-6.467301178E0,6.809190216E0
1.999441700E1,-2.528242493E0,-6.468498688E0,6.806346130E0
2.000445700E1,-2.523452454E0,-6.474037170E0,6.804849243E0
2.001449800E1,-2.530188446E0,-6.477180634E0,6.805897064E0
2.002456900E1,-2.521207123E0,-6.490951996E0,6.806795197E0
2.003460900E1,-2.514770508E0,-6.500083008E0,6.813830566E0
2.004464900E1,-2.505340118E0,-6.493197327E0,6.806196442E0
2.005468900E1,-2.502945099E0,-6.497687988E0,6.803801422E0
2.006473000E1,-2.492317200E0,-6.487658844E0,6.800059204E0
2.007477000E1,-2.491419067E0,-6.487060089E0,6.808890839E0
2.008484100E1,-2.493065643E0,-6.479725342E0,6.804100800E0
2.009488100E1,-2.493215332E0,-6.482719116E0,6.793323212E0
2.010492100E1,-2.489323425E0,-6.489155731E0,6.807693329E0
2.011496200E1,-2.480042725E0,-6.499184875E0,6.802603912E0
2.012500200E1,-2.487078094E0,-6.494843903E0,6.789281616E0
2.013504200E1,-2.485281830E0,-6.495442657E0,6.787934418E0
2.014508200E1,-2.497705994E0,-6.494694214E0,6.799610138E0
2.015515300E1,-2.503693542E0,-6.495742035E0,6.802603912E0
2.016519400E1,-2.502046967E0,-6.483617249E0,6.806944885E0
2.017523400E1,-2.503394165E0,-6.479425964E0,6.809639282E0
2.018527400E1,-2.506986694E0,-6.472989349E0,6.815327454E0
2.019531400E1,-2.501747589E0,-6.470893707E0,6.821614380E0
2.020535500E1,-2.504741364E0,-6.478228455E0,6.827452240E0
2.021539500E1,-2.510279846E0,-6.483317871E0,6.832092590E0
2.022546600E1,-2.509830780E0,-6.481671295E0,6.814429321E0
2.023550600E1,-2.520907745E0,-6.477180634E0,6.817722473E0
2.024554600E1,-2.531685333E0,-6.468798065E0,6.817273407E0
2.025558700E1,-2.531535645E0,-6.458319855E0,6.790030060E0
2.026562700E1,-2.529440002E0,-6.454727325E0,6.782395935E0
2.027566700E1,-2.529140625E0,-6.459517365E0,6.770720215E0
2.028573800E1,-2.533032532E0,-6.461762695E0,6.783593445E0
2.029577800E1,-2.530338135E0,-6.469396820E0,6.794371033E0
2.030581900E1,-2.527793427E0,-6.470145264E0,6.815477142E0
2.031585900E1,-2.513722687E0,-6.468798065E0,6.827302551E0
2.032589900E1,-2.493963776E0,-6.486910400E0,6.824308777E0
2.033593900E1,-2.497256927E0,-6.493496704E0,6.816375275E0
2.034598000E1,-2.494412842E0,-6.491401062E0,6.814878387E0
2.035605000E1,-2.491868134E0,-6.490053864E0,6.800358582E0
2.036609100E1,-2.501148834E0,-6.490203552E0,6.791976013E0
2.037613100E1,-2.493963776E0,-6.483916626E0,6.810238037E0
2.038617100E1,-2.495161285E0,-6.480324097E0,6.802005157E0
2.039621200E1,-2.502046967E0,-6.482419739E0,6.794221344E0
2.040625200E1,-2.500849457E0,-6.469546509E0,6.796915741E0
2.041629200E1,-2.502795410E0,-6.470294952E0,6.792574768E0
2.042636300E1,-2.514920197E0,-6.471342773E0,6.796915741E0
2.043640300E1,-2.513572998E0,-6.465804291E0,6.807992706E0
2.044644400E1,-2.517315216E0,-6.469247131E0,6.814728699E0
2.045648400E1,-2.514471130E0,-6.465654602E0,6.820267181E0
2.046652400E1,-2.516866150E0,-6.479276276E0,6.827901306E0
2.047656400E1,-2.529440002E0,-6.480473785E0,6.824907532E0
2.048663500E1,-2.529290314E0,-6.480623474E0,6.822063446E0
2.049667500E1,-2.514770508E0,-6.473737793E0,6.813680878E0
2.050671600E1,-2.519710236E0,-6.473438416E0,6.818321228E0
2.051675600E1,-2.513123932E0,-6.464906158E0,6.820566559E0
2.052679600E1,-2.503843231E0,-6.460116119E0,6.828500061E0
2.053683700E1,-2.503094788E0,-6.464307404E0,6.824159088E0
2.054687700E1,-2.508333893E0,-6.463259583E0,6.814579010E0
2.055694800E1,-2.512225800E0,-6.462960205E0,6.819518738E0
2.056698800E1,-2.501747589E0,-6.468498688E0,6.827152863E0
2.057702800E1,-2.497107239E0,-6.463858337E0,6.820716248E0
2.058706900E1,-2.492017822E0,-6.471791840E0,6.827601929E0
2.059710900E1,-2.487078094E0,-6.470444641E0,6.825805664E0
2.060714900E1,-2.490371246E0,-6.477629700E0,6.821764069E0
2.061718900E1,-2.492616577E0,-6.481671295E0,6.819219360E0
2.062726000E1,-2.493814087E0,-6.473438416E0,6.816075897E0
2.063730000E1,-2.495011597E0,-6.476132812E0,6.820117493E0
2.064734100E1,-2.503843231E0,-6.470145264E0,6.826105042E0
2.065738100E1,-2.496658173E0,-6.465504913E0,6.834637299E0
2.066742100E1,-2.503394165E0,-6.457272034E0,6.830745392E0
2.067746200E1,-2.517764282E0,-6.459367676E0,6.831643524E0
2.068753200E1,-2.526595917E0,-6.460415497E0,6.824308777E0
2.069757300E1,-2.530936890E0,-6.459217987E0,6.813231812E0
2.070761300E1,-2.535128174E0,-6.474486237E0,6.808441772E0
2.071765300E1,-2.533182220E0,-6.468947754E0,6.805447998E0
2.072769400E1,-2.525398407E0,-6.469845886E0,6.816375275E0
2.073773400E1,-2.515069885E0,-6.469396820E0,6.812483368E0
2.074777400E1,-2.509830780E0,-6.472689972E0,6.810836792E0
2.075784500E1,-2.498454437E0,-6.465504913E0,6.811585236E0
2.076788500E1,-2.483335876E0,-6.450985107E0,6.811136169E0
2.077792500E1,-2.471809845E0,-6.459517365E0,6.817722473E0
2.078796600E1,-2.465223541E0,-6.466552734E0,6.825506287E0
2.079800600E1,-2.447260895E0,-6.472091217E0,6.822512512E0
2.080804600E1,-2.443818054E0,-6.478677521E0,6.822362823E0
2.081811700E1,-2.435884552E0,-6.483018494E0,6.833888855E0
2.082815700E1,-2.433788910E0,-6.494095459E0,6.831942902E0
2.083819800E1,-2.426603851E0,-6.504873047E0,6.833439789E0
2.084823800E1,-2.448009338E0,-6.500083008E0,6.814429321E0
2.085827800E1,-2.451152802E0,-6.495292969E0,6.819967804E0
2.086831900E1,-2.452050934E0,-6.497837677E0,6.822512512E0
2.087835900E1,-2.452200623E0,-6.497538300E0,6.804998932E0
2.088843000E1,-2.451452179E0,-6.488556976E0,6.816974030E0
2.089847000E1,-2.451901245E0,-6.489305420E0,6.819668427E0
2.090851000E1,-2.453547821E0,-6.478976898E0,6.822961578E0
2.091855000E1,-2.459685059E0,-6.462960205E0,6.843768311E0
2.092859100E1,-2.478845215E0,-6.469995575E0,6.819668427E0
2.093864575E1,-2.492017822E0,-6.480174408E0,6.820267181E0
2.094868575E1,-2.497406616E0,-6.479575653E0,6.819069672E0
2.095875675E1,-2.499053192E0,-6.475084991E0,6.797215118E0
2.096879675E1,-2.496059418E0,-6.479276276E0,6.809190216E0
2.097883775E1,-2.498005371E0,-6.478677521E0,6.812034302E0
2.098887775E1,-2.493065643E0,-6.488856354E0,6.809788971E0
2.099891775E1,-2.495310974E0,-6.493197327E0,6.813531189E0
2.100895875E1,-2.486179962E0,-6.480773163E0,6.826404419E0
2.101902875E1,-2.489622803E0,-6.471193085E0,6.831793213E0
2.102906975E1,-2.489173737E0,-6.477480011E0,6.847061462E0
2.103910975E1,-2.488275604E0,-6.485563202E0,6.854396210E0
2.104914975E1,-2.489922180E0,-6.477929077E0,6.834038544E0
2.105918975E1,-2.490970001E0,-6.469546509E0,6.837631073E0
2.106923075E1,-2.492017822E0,-6.473588104E0,6.828799438E0
2.107927075E1,-2.482737122E0,-6.472390594E0,6.811136169E0
2.108934175E1,-2.479294281E0,-6.458918610E0,6.809639282E0
2.109938175E1,-2.476300507E0,-6.462361450E0,6.806046753E0
2.110942175E1,-2.465971985E0,-6.474785614E0,6.792275391E0
2.111946275E1,-2.460732880E0,-6.468348999E0,6.791826324E0
2.112950275E1,-2.472408600E0,-6.480773163E0,6.790628815E0
2.113954275E1,-2.457589417E0,-6.487359467E0,6.800657959E0
2.114958375E1,-2.449655914E0,-6.487509155E0,6.807393951E0
2.115965375E1,-2.446961517E0,-6.500981140E0,6.823710022E0
2.116969475E1,-2.438578949E0,-6.500232697E0,6.818021851E0
2.117973475E1,-2.444267120E0,-6.510411530E0,6.817273407E0
2.118977475E1,-2.448757782E0,-6.516548767E0,6.826105042E0
2.119981475E1,-2.451751556E0,-6.515201569E0,6.814579010E0
2.120985575E1,-2.452799377E0,-6.514453125E0,6.805148621E0
2.121992675E1,-2.462828522E0,-6.510411530E0,6.788383484E0
2.122996675E1,-2.469863892E0,-6.504573669E0,6.780899048E0
2.124000675E1,-2.464325409E0,-6.500532074E0,6.793173523E0
2.125004675E1,-2.456391907E0,-6.499783630E0,6.797813873E0
2.126008775E1,-2.463127899E0,-6.491850128E0,6.793472900E0
2.127012775E1,-2.453697510E0,-6.481671295E0,6.809639282E0
2.128016775E1,-2.455194397E0,-6.478527832E0,6.831643524E0
2.129023875E1,-2.443967743E0,-6.489604797E0,6.835685120E0
2.130027875E1,-2.452350311E0,-6.502777405E0,6.843468933E0
2.131031975E1,-2.448458405E0,-6.504274292E0,6.838678894E0
2.132035975E1,-2.449356537E0,-6.497987366E0,6.824757843E0
2.133039975E1,-2.456092529E0,-6.491700439E0,6.825805664E0
2.134043975E1,-2.472258911E0,-6.486461334E0,6.814279633E0
2.135048075E1,-2.473007355E0,-6.492897949E0,6.808591461E0
2.136055175E1,-2.473755798E0,-6.487359467E0,6.807244263E0
2.137059175E1,-2.469265137E0,-6.477779388E0,6.807543640E0
2.138063175E1,-2.477048950E0,-6.476282501E0,6.812782745E0
2.139067175E1,-2.473606110E0,-6.482120361E0,6.815477142E0
2.140071275E1,-2.481389923E0,-6.492149506E0,6.813830566E0
2.141075275E1,-2.481090546E0,-6.491700439E0,6.821913757E0
2.142082375E1,-2.476899261E0,-6.492299194E0,6.811884613E0
2.143086375E1,-2.470312958E0,-6.491401062E0,6.821764069E0
2.144090375E1,-2.463726654E0,-6.496939545E0,6.802304535E0
2.145094475E1,-2.456691284E0,-6.502627716E0,6.815477142E0
2.146098475E1,-2.453996887E0,-6.506369934E0,6.828949127E0
2.147102475E1,-2.451751556E0,-6.503825226E0,6.824608154E0
2.148106475E1,-2.443368988E0,-6.501579895E0,6.812183990E0
2.149113575E1,-2.440375214E0,-6.507717133E0,6.816075897E0
2.150117675E1,-2.444566498E0,-6.500232697E0,6.807543640E0
2.151121675E1,-2.445614319E0,-6.490502930E0,6.802454224E0
2.152125675E1,-2.449356537E0,-6.484814758E0,6.798562317E0
2.153129675E1,-2.461331635E0,-6.485263824E0,6.799759827E0
2.154133775E1,-2.459086304E0,-6.488257599E0,6.791976013E0
2.155137775E1,-2.458637238E0,-6.487359467E0,6.790628815E0
2.156144875E1,-2.476450195E0,-6.495143280E0,6.799011383E0
2.157148875E1,-2.479443970E0,-6.490802307E0,6.809339905E0
2.158152875E1,-2.485581207E0,-6.487209778E0,6.816824341E0
2.159156975E1,-2.485132141E0,-6.483766937E0,6.823560333E0
2.160160975E1,-2.470013580E0,-6.481521606E0,6.831493835E0
2.161164975E1,-2.465373230E0,-6.481521606E0,6.814429321E0
2.162172075E1,-2.461331635E0,-6.487359467E0,6.821015625E0
2.163176075E1,-2.462229767E0,-6.481671295E0,6.826703796E0
2.164180175E1,-2.453697510E0,-6.471941528E0,6.832841034E0
2.165184175E1,-2.452500000E0,-6.479276276E0,6.832092590E0
2.166188175E1,-2.456990662E0,-6.464307404E0,6.838229828E0
2.167192175E1,-2.455793152E0,-6.477779388E0,6.838978271E0
2.168196275E1,-2.451302490E0,-6.470594330E0,6.834487610E0
2.169203275E1,-2.449506226E0,-6.475234680E0,6.829547882E0
2.170207375E1,-2.452799377E0,-6.477929077E0,6.824757843E0
2.171211375E1,-2.449356537E0,-6.475833435E0,6.830446014E0
2.172215375E1,-2.464175720E0,-6.472091217E0,6.822961578E0
2.173219475E1,-2.470163269E0,-6.472839661E0,6.830146637E0
2.174223475E1,-2.470462646E0,-6.472839661E0,6.839876404E0
2.175227475E1,-2.476001129E0,-6.455326080E0,6.841522980E0
2.176234575E1,-2.480042725E0,-6.462810516E0,6.837780762E0
2.177238575E1,-2.482288055E0,-6.471043396E0,6.849306793E0
2.178242675E1,-2.484982452E0,-6.477330322E0,6.860383759E0
2.179246675E1,-2.483335876E0,-6.469097443E0,6.844067688E0
2.180250675E1,-2.482737122E0,-6.475683746E0,6.846762085E0
2.181254675E1,-2.488574982E0,-6.465504913E0,6.831194458E0
2.182261775E1,-2.491568756E0,-6.459667053E0,6.824458466E0
2.183265775E1,-2.481389923E0,-6.453679504E0,6.818919983E0
2.184269875E1,-2.491269379E0,-6.459667053E0,6.819668427E0
2.185273875E1,-2.491419067E0,-6.466852112E0,6.810088348E0
2.186277875E1,-2.500550079E0,-6.474037170E0,6.809339905E0
2.187281975E1,-2.516716461E0,-6.491251373E0,6.807843018E0
2.188285975E1,-2.513273621E0,-6.496640167E0,6.800657959E0
2.189293075E1,-2.496358795E0,-6.486910400E0,6.795568542E0
2.190297075E1,-2.499502258E0,-6.496191101E0,6.804250488E0
2.191301075E1,-2.491868134E0,-6.504873047E0,6.787036285E0
2.192305175E1,-2.483036499E0,-6.493646393E0,6.791976013E0
2.193309175E1,-2.476899261E0,-6.497238922E0,6.809639282E0
2.194310479E1,-2.491568756E0,-6.495742035E0,6.808441772E0
2.195314479E1,-2.502046967E0,-6.508016510E0,6.808142395E0
2.196321579E1,-2.515219574E0,-6.499184875E0,6.804400177E0
2.197325579E1,-2.512375488E0,-6.490353241E0,6.790628815E0
2.198329679E1,-2.501298523E0,-6.483168182E0,6.803052979E0
2.199333679E1,-2.499202881E0,-6.468199310E0,6.791676636E0
2.200337679E1,-2.494712219E0,-6.459217987E0,6.801556091E0
2.201341779E1,-2.483635254E0,-6.461912384E0,6.812782745E0
2.202348779E1,-2.475552063E0,-6.471642151E0,6.822662201E0
2.203352879E1,-2.469714203E0,-6.483617249E0,6.812633057E0
2.204356879E1,-2.465223541E0,-6.496939545E0,6.812932434E0
2.205360879E1,-2.460732880E0,-6.501729584E0,6.819668427E0
2.206364979E1,-2.462678833E0,-6.497837677E0,6.812333679E0
2.207368979E1,-2.469115448E0,-6.493646393E0,6.810088348E0
2.208372979E1,-2.472109222E0,-6.498885498E0,6.805747375E0
2.209380079E1,-2.468516693E0,-6.497089233E0,6.801107025E0
2.210384079E1,-2.458487549E0,-6.491251373E0,6.792574768E0
2.211388079E1,-2.465373230E0,-6.496939545E0,6.795867920E0
2.212392179E1,-2.471660156E0,-6.511609039E0,6.793622589E0
2.213396179E1,-2.478845215E0,-6.521039429E0,6.771019592E0
2.214400179E1,-2.475701752E0,-6.524033203E0,6.760691071E0
2.215407279E1,-2.484982452E0,-6.524781647E0,6.764283600E0
2.216411279E1,-2.492317200E0,-6.524781647E0,6.773564301E0
2.217415379E1,-2.487078094E0,-6.527775421E0,6.773264923E0
2.218419379E1,-2.493963776E0,-6.526428223E0,6.769971771E0
2.219423379E1,-2.497107239E0,-6.535409546E0,6.770121460E0
2.220427479E1,-2.485431519E0,-6.523733826E0,6.767876129E0
2.221431479E1,-2.483186188E0,-6.522686005E0,6.780449982E0
2.222438579E1,-2.484084320E0,-6.520889740E0,6.787784729E0
2.223442579E1,-2.473007355E0,-6.522236938E0,6.780749359E0
2.224446579E1,-2.471061401E0,-6.516848145E0,6.783892822E0
2.225450579E1,-2.462828522E0,-6.509663086E0,6.795269165E0
2.226454679E1,-2.467019806E0,-6.507118378E0,6.796466675E0
2.227458679E1,-2.474953308E0,-6.503825226E0,6.806346130E0
2.228462679E1,-2.482886810E0,-6.510710907E0,6.781647491E0
2.229469779E1,-2.496957550E0,-6.516099701E0,6.777605896E0
2.230473779E1,-2.495011597E0,-6.521189117E0,6.766828308E0
2.231477879E1,-2.504292297E0,-6.518794098E0,6.766828308E0
2.232481879E1,-2.511627045E0,-6.524931335E0,6.764283600E0
2.233485879E1,-2.521506500E0,-6.523284760E0,6.760391693E0
2.234489979E1,-2.512974243E0,-6.526128845E0,6.773414612E0
2.235496979E1,-2.509381714E0,-6.520440674E0,6.776408386E0
2.236501079E1,-2.510130157E0,-6.522386627E0,6.777456207E0
2.237505079E1,-2.514321442E0,-6.512507172E0,6.786437531E0
2.238509079E1,-2.508932648E0,-6.502927094E0,6.792874146E0
2.239513079E1,-2.503992920E0,-6.505322113E0,6.780150604E0
2.240517179E1,-2.508633270E0,-6.505022736E0,6.774312744E0
2.241521179E1,-2.520458679E0,-6.489604797E0,6.774462433E0
2.242528279E1,-2.521057434E0,-6.479875031E0,6.788533173E0
2.243532279E1,-2.509681091E0,-6.485563202E0,6.792574768E0
2.244536279E1,-2.504441986E0,-6.487209778E0,6.800807648E0
2.245540379E1,-2.509980469E0,-6.490502930E0,6.791077881E0
2.246544379E1,-2.514321442E0,-6.496939545E0,6.784192200E0
2.247548379E1,-2.526296539E0,-6.499334564E0,6.792874146E0
2.248552479E1,-2.530787201E0,-6.504723358E0,6.790030060E0
2.249559479E1,-2.533182220E0,-6.496789856E0,6.797065430E0
2.250563579E1,-2.521057434E0,-6.497238922E0,6.793323212E0
2.251567579E1,-2.506837006E0,-6.491700439E0,6.789880371E0
2.252571579E1,-2.495011597E0,-6.493496704E0,6.794820099E0
2.253575579E1,-2.487227783E0,-6.495592346E0,6.799011383E0
2.254579679E1,-2.480342102E0,-6.494993591E0,6.802005157E0
2.255586779E1,-2.486479340E0,-6.495592346E0,6.794820099E0
2.256590779E1,-2.490820312E0,-6.489155731E0,6.797514496E0
2.257594779E1,-2.499801636E0,-6.483467560E0,6.808441772E0
2.258598779E1,-2.505789185E0,-6.462660828E0,6.800657959E0
2.259602879E1,-2.508782959E0,-6.452481995E0,6.812782745E0
2.260606879E1,-2.502046967E0,-6.459966431E0,6.809489594E0
2.261610879E1,-2.501448212E0,-6.471193085E0,6.804699554E0
2.262617979E1,-2.508633270E0,-6.473438416E0,6.801256714E0
2.263621979E1,-2.498454437E0,-6.479575653E0,6.793472900E0
2.264626079E1,-2.491419067E0,-6.489455109E0,6.797364807E0
2.265630079E1,-2.480192413E0,-6.497238922E0,6.809938660E0
2.266634079E1,-2.490520935E0,-6.482868805E0,6.811734924E0
2.267638079E1,-2.494712219E0,-6.495292969E0,6.822063446E0
2.268642179E1,-2.495610352E0,-6.480623474E0,6.805597687E0
2.269649279E1,-2.513572998E0,-6.483317871E0,6.802753601E0
2.270653279E1,-2.526446228E0,-6.489155731E0,6.796616364E0
2.271657279E1,-2.523751831E0,-6.493496704E0,6.790179749E0
2.272661279E1,-2.531535645E0,-6.502178650E0,6.767876129E0
2.273665379E1,-2.542313232E0,-6.501430206E0,6.776408386E0
2.274669379E1,-2.543510742E0,-6.505172424E0,6.782994690E0
2.275676479E1,-2.545756073E0,-6.499035187E0,6.790778503E0
2.276680479E1,-2.541415100E0,-6.493646393E0,6.790179749E0
2.277684479E1,-2.550995178E0,-6.485712891E0,6.788533173E0
2.278688579E1,-2.544857941E0,-6.486012268E0,6.788682861E0
2.279692579E1,-2.551743622E0,-6.479425964E0,6.790479126E0
2.280696579E1,-2.560126190E0,-6.480773163E0,6.793472900E0
2.281700579E1,-2.561473389E0,-6.480623474E0,6.797364807E0
2.282707679E1,-2.569556580E0,-6.481222229E0,6.803651733E0
2.283711779E1,-2.567011871E0,-6.480922852E0,6.793323212E0
2.284715779E1,-2.565514984E0,-6.477929077E0,6.794071655E0
2.285719779E1,-2.561473389E0,-6.480473785E0,6.784491577E0
2.286723779E1,-2.554737396E0,-6.477929077E0,6.784042511E0
2.287727879E1,-2.552641754E0,-6.475983124E0,6.781348114E0
2.288734879E1,-2.541265411E0,-6.465355225E0,6.781048737E0
2.289738979E1,-2.522853699E0,-6.469995575E0,6.782994690E0
2.290742979E1,-2.526446228E0,-6.473887482E0,6.798861694E0
2.291746979E1,-2.527643738E0,-6.480623474E0,6.808142395E0
2.292751079E1,-2.523602142E0,-6.483467560E0,6.810238037E0
2.293755687E1,-2.522254944E0,-6.485563202E0,6.805298309E0
2.294759687E1,-2.521955566E0,-6.479276276E0,6.802603912E0
2.295766788E1,-2.532733154E0,-6.473139038E0,6.800208893E0
2.296770787E1,-2.535128174E0,-6.477629700E0,6.795568542E0
2.297774887E1,-2.535577240E0,-6.478976898E0,6.787185974E0
2.298778887E1,-2.531086578E0,-6.478827209E0,6.802603912E0
2.299782887E1,-2.522254944E0,-6.478827209E0,6.799310760E0
2.300786887E1,-2.523602142E0,-6.483916626E0,6.783593445E0
2.301790988E1,-2.515369263E0,-6.477779388E0,6.785389709E0
2.302797987E1,-2.509681091E0,-6.483018494E0,6.791526947E0
2.303802087E1,-2.504142609E0,-6.481820984E0,6.793323212E0
2.304806088E1,-2.518213348E0,-6.479725342E0,6.793173523E0
2.305810088E1,-2.524500275E0,-6.480623474E0,6.798562317E0
2.306814187E1,-2.529589691E0,-6.484515381E0,6.796167297E0
2.307818187E1,-2.530936890E0,-6.486311646E0,6.797664185E0
2.308825288E1,-2.532284088E0,-6.489305420E0,6.803651733E0
2.309829288E1,-2.536625061E0,-6.486311646E0,6.813980255E0
2.310833287E1,-2.537074127E0,-6.498586121E0,6.807992706E0
2.311837387E1,-2.540067902E0,-6.493347015E0,6.798712006E0
2.312841387E1,-2.549348602E0,-6.493796082E0,6.799161072E0
2.313845387E1,-2.542911987E0,-6.476881256E0,6.785389709E0
2.314849387E1,-2.530188446E0,-6.476881256E0,6.790179749E0
2.315856487E1,-2.525398407E0,-6.471492462E0,6.791377258E0
2.316860487E1,-2.525847473E0,-6.471043396E0,6.797813873E0
2.317864587E1,-2.530188446E0,-6.475683746E0,6.811884613E0
2.318868588E1,-2.522404633E0,-6.483168182E0,6.817722473E0
2.319872588E1,-2.518512726E0,-6.479725342E0,6.818470917E0
2.320876687E1,-2.526296539E0,-6.477929077E0,6.798113251E0
2.321880687E1,-2.534978485E0,-6.480773163E0,6.780449982E0
2.322887788E1,-2.546055450E0,-6.497687988E0,6.787335663E0
2.323891788E1,-2.538421326E0,-6.497987366E0,6.777007141E0
2.324895787E1,-2.522404633E0,-6.488107910E0,6.778653717E0
2.325899887E1,-2.511028290E0,-6.471193085E0,6.786736908E0
2.326903887E1,-2.475701752E0,-6.447392578E0,6.798712006E0
2.327907887E1,-2.462678833E0,-6.433471527E0,6.828649750E0
2.328914987E1,-2.445015564E0,-6.425238647E0,6.846313019E0
2.329918987E1,-2.437231750E0,-6.433770905E0,6.878645782E0
2.330922987E1,-2.449805603E0,-6.454427948E0,6.884184265E0
2.331927087E1,-2.474953308E0,-6.471642151E0,6.863227844E0
2.332931088E1,-2.502645721E0,-6.489754486E0,6.863976288E0
2.333935088E1,-2.524500275E0,-6.493796082E0,6.843768311E0
2.334939187E1,-2.528092804E0,-6.481072540E0,6.822662201E0
2.335946187E1,-2.517315216E0,-6.443800049E0,6.806196442E0
2.336950288E1,-2.505938873E0,-6.379733276E0,6.802903290E0
2.337954288E1,-2.511926422E0,-6.333778839E0,6.833439789E0
2.338958287E1,-2.518363037E0,-6.317762146E0,6.869365082E0
2.339962387E1,-2.520608368E0,-6.349047089E0,6.879693604E0
2.340966387E1,-2.547851715E0,-6.408473511E0,6.864425354E0
2.341970387E1,-2.638413391E0,-6.515800323E0,6.797813873E0
2.342977487E1,-2.653831329E0,-6.581513672E0,6.759194183E0
2.343981487E1,-2.711311798E0,-6.640491028E0,6.681805115E0
2.344985487E1,-2.734214172E0,-6.678811340E0,6.642137604E0
2.345989587E1,-2.779420166E0,-6.716083832E0,6.602769470E0
2.346993588E1,-2.743644562E0,-6.708150330E0,6.567742310E0
2.347997588E1,-2.699636078E0,-6.659950562E0,6.558910675E0
2.349004687E1,-2.668051758E0,-6.627767487E0,6.581962738E0
2.350008687E1,-2.626587982E0,-6.574178925E0,6.608307953E0
2.351012788E1,-2.579286346E0,-6.515950012E0,6.639293518E0
2.352016788E1,-2.554438019E0,-6.485563202E0,6.666387177E0
2.353020787E1,-2.560874634E0,-6.486910400E0,6.713539124E0
2.354024887E1,-2.559976501E0,-6.483168182E0,6.757098541E0
2.355028887E1,-2.561323700E0,-6.490652618E0,6.809639282E0
2.356035987E1,-2.578388214E0,-6.483018494E0,6.844816132E0
2.357039987E1,-2.588417358E0,-6.462211761E0,6.870412903E0
2.358043987E1,-2.580483856E0,-6.439608765E0,6.895111542E0
2.359047987E1,-2.570903778E0,-6.407276001E0,6.898853760E0
2.360052087E1,-2.543510742E0,-6.387068024E0,6.900500336E0
2.361056088E1,-2.496658173E0,-6.384673004E0,6.899003448E0
2.362063187E1,-2.469115448E0,-6.378086700E0,6.899302826E0
2.363067187E1,-2.437830505E0,-6.386618958E0,6.887926483E0
2.364071187E1,-2.400707703E0,-6.410718842E0,6.873706055E0
2.365075288E1,-2.379152527E0,-6.425687714E0,6.861132202E0
2.366079288E1,-2.361489258E0,-6.439159698E0,6.821165314E0
2.367083287E1,-2.346221008E0,-6.458918610E0,6.793173523E0
2.368087387E1,-2.342329102E0,-6.497687988E0,6.761589203E0
2.369094388E1,-2.346670074E0,-6.543492737E0,6.712042236E0
2.370098487E1,-2.366279297E0,-6.596183167E0,6.682403870E0
2.371102487E1,-2.388283539E0,-6.667884064E0,6.661297760E0
2.372106487E1,-2.401007080E0,-6.716383209E0,6.641688538E0
2.373110487E1,-2.444117432E0,-6.716981964E0,6.644382935E0
2.374114587E1,-2.485431519E0,-6.690337372E0,6.659052429E0
2.375118588E1,-2.508034515E0,-6.633156281E0,6.670129395E0
2.376125687E1,-2.552042999E0,-6.573131104E0,6.695576477E0
2.377129687E1,-2.592908020E0,-6.518045654E0,6.716233521E0
2.378133687E1,-2.630180511E0,-6.458020477E0,6.747668152E0
2.379137788E1,-2.658471680E0,-6.411467285E0,6.775510254E0
2.380141788E1,-2.700983276E0,-6.374943237E0,6.795867920E0
2.381145787E1,-2.733765106E0,-6.359674988E0,6.809190216E0
2.382152887E1,-2.749781799E0,-6.357130280E0,6.815926208E0
2.383156888E1,-2.745291138E0,-6.345454559E0,6.839277649E0
2.384160987E1,-2.737806702E0,-6.333629150E0,6.865173798E0
2.385164987E1,-2.704575806E0,-6.333778839E0,6.876101074E0
2.386168987E1,-2.672392731E0,-6.327192535E0,6.904841309E0
2.387172987E1,-2.620899811E0,-6.317462769E0,6.907535706E0
2.388177087E1,-2.576591949E0,-6.316414948E0,6.917265472E0
2.389184187E1,-2.539020081E0,-6.324498138E0,6.924001465E0
2.390188187E1,-2.512225800E0,-6.350244598E0,6.918912048E0
2.391192187E1,-2.516716461E0,-6.373446350E0,6.913373566E0
2.392196187E1,-2.530338135E0,-6.408473511E0,6.905739441E0
2.393200288E1,-2.548001404E0,-6.443800049E0,6.887178040E0
2.394201900E1,-2.565664673E0,-6.458170166E0,6.872508545E0
2.395205900E1,-2.575095062E0,-6.481072540E0,6.839577026E0
2.396213000E1,-2.582280121E0,-6.495292969E0,6.802304535E0
2.397217000E1,-2.569706268E0,-6.506819000E0,6.766678619E0
2.398221100E1,-2.569406891E0,-6.521189117E0,6.747368774E0
2.399225100E1,-2.571053467E0,-6.540049896E0,6.735543365E0
2.400229100E1,-2.574496307E0,-6.550677795E0,6.742878113E0
2.401233100E1,-2.569855957E0,-6.547983398E0,6.740782471E0
2.402240200E1,-2.556533661E0,-6.534511414E0,6.755302277E0
2.403244300E1,-2.550695801E0,-6.517147522E0,6.774911499E0
2.404248300E1,-2.526895294E0,-6.518345032E0,6.802603912E0
2.405252300E1,-2.511327667E0,-6.514902191E0,6.794221344E0
2.406256300E1,-2.484683075E0,-6.520889740E0,6.782395935E0
2.407260400E1,-2.465073853E0,-6.518794098E0,6.777905273E0
2.408264400E1,-2.460134125E0,-6.520740051E0,6.772067413E0
2.409271500E1,-2.449506226E0,-6.513105927E0,6.774462433E0
2.410275500E1,-2.440375214E0,-6.495891724E0,6.789281616E0
2.411279500E1,-2.431244202E0,-6.483317871E0,6.804849243E0
2.412283600E1,-2.415526886E0,-6.473588104E0,6.825955353E0
2.413287600E1,-2.411634979E0,-6.453829193E0,6.839726715E0
2.414291600E1,-2.414029999E0,-6.435417480E0,6.852599945E0
2.415295600E1,-2.404000854E0,-6.416257324E0,6.885232086E0
2.416302700E1,-2.398013306E0,-6.406228180E0,6.898404694E0
2.417306800E1,-2.399659882E0,-6.399342499E0,6.912774811E0
2.418310800E1,-2.421514435E0,-6.391708374E0,6.921007690E0
2.419314800E1,-2.445015564E0,-6.384673004E0,6.912625122E0
2.420318800E1,-2.464774475E0,-6.382128296E0,6.909331970E0
2.421322900E1,-2.484383698E0,-6.395151215E0,6.874304810E0
2.422330000E1,-2.493664398E0,-6.410269775E0,6.855893097E0
2.423334000E1,-2.504591675E0,-6.421197052E0,6.847510529E0
2.424338000E1,-2.498005371E0,-6.426735535E0,6.839876404E0
2.425342000E1,-2.492616577E0,-6.435716858E0,6.831942902E0
2.426346100E1,-2.487377472E0,-6.434968414E0,6.831942902E0
2.427350100E1,-2.474504242E0,-6.454427948E0,6.840475159E0
2.428354100E1,-2.464475098E0,-6.452781372E0,6.850803680E0
2.429361200E1,-2.454445953E0,-6.441405029E0,6.864125977E0
2.430365200E1,-2.451452179E0,-6.440955963E0,6.872957611E0
2.431369300E1,-2.440824280E0,-6.434669037E0,6.884633331E0
2.432373300E1,-2.441273346E0,-6.433471527E0,6.891668701E0
2.433377300E1,-2.440824280E0,-6.436614990E0,6.896009674E0
2.434381300E1,-2.439177704E0,-6.447691956E0,6.895111542E0
2.435388400E1,-2.440973969E0,-6.447691956E0,6.896309052E0
2.436392500E1,-2.445464630E0,-6.436614990E0,6.874903564E0
2.437396500E1,-2.438728638E0,-6.440506897E0,6.855294342E0
2.438400500E1,-2.420316925E0,-6.441854095E0,6.855294342E0
2.439404500E1,-2.398761749E0,-6.449787598E0,6.873107300E0
2.440408600E1,-2.386337585E0,-6.455326080E0,6.875951385E0
2.441412600E1,-2.394271088E0,-6.454877014E0,6.866970062E0
2.442419700E1,-2.394121399E0,-6.465504913E0,6.868017883E0
2.443423700E1,-2.393522644E0,-6.454427948E0,6.868017883E0
2.444427700E1,-2.399659882E0,-6.458768921E0,6.859785004E0
2.445431800E1,-2.413131866E0,-6.448889465E0,6.865473175E0
2.446435800E1,-2.419867859E0,-6.443201294E0,6.869514771E0
2.447439800E1,-2.436632996E0,-6.443051605E0,6.876849518E0
2.448443800E1,-2.461631012E0,-6.448141022E0,6.869963837E0
2.449450900E1,-2.472408600E0,-6.450536041E0,6.857689362E0
2.450455000E1,-2.485730896E0,-6.447841644E0,6.853198700E0
2.451459000E1,-2.480042725E0,-6.441405029E0,6.852749634E0
2.452463000E1,-2.479893036E0,-6.440955963E0,6.848109283E0
2.453467000E1,-2.474055176E0,-6.453679504E0,6.840026093E0
2.454471100E1,-2.454445953E0,-6.450236664E0,6.835385742E0
2.455478100E1,-2.442770233E0,-6.458020477E0,6.839277649E0
2.456482200E1,-2.433040466E0,-6.465654602E0,6.831194458E0
2.457486200E1,-2.430645447E0,-6.460265808E0,6.847660217E0
2.458490200E1,-2.442470856E0,-6.466852112E0,6.849157104E0
2.459494300E1,-2.450254669E0,-6.467301178E0,6.859186249E0
2.460498300E1,-2.457439728E0,-6.471492462E0,6.848109283E0
2.461502300E1,-2.467319183E0,-6.473887482E0,6.854396210E0
2.462509400E1,-2.470013580E0,-6.459517365E0,6.858437805E0
2.463513400E1,-2.470612335E0,-6.459816742E0,6.862180023E0
2.464517500E1,-2.456242218E0,-6.470594330E0,6.851103058E0
2.465521500E1,-2.451152802E0,-6.476132812E0,6.853348389E0
2.466525500E1,-2.426903229E0,-6.466852112E0,6.848258972E0
2.467529500E1,-2.417472839E0,-6.460864563E0,6.852300568E0
2.468533600E1,-2.409988403E0,-6.449937286E0,6.850803680E0
2.469540600E1,-2.413131866E0,-6.443350983E0,6.864275665E0
2.470544700E1,-2.415077820E0,-6.446195068E0,6.874005432E0
2.471548700E1,-2.418520660E0,-6.426436157E0,6.889722748E0
2.472552700E1,-2.440973969E0,-6.413712616E0,6.885980530E0
2.473556800E1,-2.446213074E0,-6.415209503E0,6.907086639E0
2.474560800E1,-2.453398132E0,-6.421197052E0,6.900650024E0
2.475567900E1,-2.466570740E0,-6.415059814E0,6.894063721E0
2.476571900E1,-2.466720428E0,-6.423891449E0,6.895859985E0
2.477575900E1,-2.460433502E0,-6.428831177E0,6.896159363E0
2.478580000E1,-2.450853424E0,-6.432124329E0,6.883585510E0
2.479584000E1,-2.440375214E0,-6.433471527E0,6.875502319E0
2.480588000E1,-2.435585175E0,-6.428082733E0,6.865473175E0
2.481592000E1,-2.432890778E0,-6.431824951E0,6.853348389E0
2.482599100E1,-2.426005096E0,-6.420149231E0,6.846612396E0
2.483603100E1,-2.416275330E0,-6.427633667E0,6.854096832E0
2.484607200E1,-2.418670349E0,-6.437812500E0,6.859335938E0
2.485611200E1,-2.422262878E0,-6.445895691E0,6.867419128E0
2.486615200E1,-2.426154785E0,-6.439010010E0,6.885830841E0
2.487619300E1,-2.437531128E0,-6.439608765E0,6.883735199E0
2.488626300E1,-2.448009338E0,-6.438710632E0,6.874155121E0
2.489630400E1,-2.457888794E0,-6.441255341E0,6.881190491E0
2.490634400E1,-2.474354553E0,-6.440057831E0,6.877148895E0
2.491638400E1,-2.473606110E0,-6.452781372E0,6.868017883E0
2.492642500E1,-2.477647705E0,-6.450386353E0,6.858288116E0
2.493646500E1,-2.473456421E0,-6.452182617E0,6.847809906E0
2.494651075E1,-2.464624786E0,-6.441554718E0,6.843618622E0
2.495658175E1,-2.467468872E0,-6.434369659E0,6.847510529E0
2.496662175E1,-2.468217316E0,-6.426885223E0,6.857839050E0
2.497666175E1,-2.466870117E0,-6.419849854E0,6.863078156E0
2.498670275E1,-2.457589417E0,-6.423891449E0,6.871610413E0
2.499674275E1,-2.460882568E0,-6.428082733E0,6.890620880E0
2.500678275E1,-2.459685059E0,-6.432124329E0,6.896458740E0
2.501682375E1,-2.452350311E0,-6.435417480E0,6.903045044E0
2.502689375E1,-2.456691284E0,-6.427184601E0,6.895410919E0
2.503693475E1,-2.463427277E0,-6.421945496E0,6.896608429E0
2.504697475E1,-2.459086304E0,-6.424490204E0,6.891369324E0
2.505701475E1,-2.452050934E0,-6.413862305E0,6.883735199E0
2.506705575E1,-2.444716187E0,-6.405180359E0,6.876250763E0
2.507709575E1,-2.438728638E0,-6.418652344E0,6.863377533E0
2.508716675E1,-2.434986420E0,-6.414011993E0,6.873406677E0
2.509720675E1,-2.432890778E0,-6.413862305E0,6.878047028E0
2.510724675E1,-2.423011322E0,-6.423143005E0,6.879693604E0
2.511728675E1,-2.419718170E0,-6.426136780E0,6.879693604E0
2.512732775E1,-2.413431244E0,-6.427334290E0,6.895710297E0
2.513736775E1,-2.409239960E0,-6.437363434E0,6.893764343E0
2.514740775E1,-2.427951050E0,-6.435716858E0,6.882537689E0
2.515747875E1,-2.428400116E0,-6.433471527E0,6.876699829E0
2.516751875E1,-2.428400116E0,-6.428232422E0,6.879693604E0
2.517755975E1,-2.438878326E0,-6.436465302E0,6.887028351E0
2.518759975E1,-2.443069611E0,-6.432274017E0,6.881789246E0
2.519763975E1,-2.447859650E0,-6.443350983E0,6.875801697E0
2.520768075E1,-2.445913696E0,-6.433621216E0,6.875352631E0
2.521772075E1,-2.437830505E0,-6.421197052E0,6.865173798E0
2.522779175E1,-2.439776459E0,-6.422993317E0,6.868017883E0
2.523783175E1,-2.443818054E0,-6.420149231E0,6.871760101E0
2.524787175E1,-2.442021790E0,-6.421346741E0,6.871760101E0
2.525791175E1,-2.438129883E0,-6.429130554E0,6.882537689E0
2.526795275E1,-2.451601868E0,-6.434369659E0,6.890620880E0
2.527799275E1,-2.441722412E0,-6.436016235E0,6.881190491E0
2.528806375E1,-2.440075836E0,-6.431824951E0,6.889722748E0
2.529810375E1,-2.447111206E0,-6.426136780E0,6.874604187E0
2.530814375E1,-2.453398132E0,-6.426735535E0,6.875202942E0
2.531818475E1,-2.461032257E0,-6.426585846E0,6.873855743E0
2.532822475E1,-2.457439728E0,-6.417005768E0,6.870861969E0
2.533826475E1,-2.470462646E0,-6.423442383E0,6.869215393E0
2.534830575E1,-2.469414825E0,-6.429579620E0,6.874753876E0
2.535837575E1,-2.453248444E0,-6.436315613E0,6.865473175E0
2.536841675E1,-2.453547821E0,-6.435118103E0,6.857090607E0
2.537845675E1,-2.451452179E0,-6.434669037E0,6.871011658E0
2.538849675E1,-2.451152802E0,-6.425837402E0,6.875502319E0
2.539853675E1,-2.452350311E0,-6.434070282E0,6.871311035E0
2.540857775E1,-2.454296265E0,-6.441255341E0,6.880292358E0
2.541864875E1,-2.461181946E0,-6.419999542E0,6.889273682E0
2.542868875E1,-2.454445953E0,-6.423891449E0,6.893764343E0
2.543872875E1,-2.442620544E0,-6.418502655E0,6.910230103E0
2.544876875E1,-2.448159027E0,-6.429130554E0,6.912475433E0
2.545880975E1,-2.435435486E0,-6.425238647E0,6.915768585E0
2.546884975E1,-2.434836731E0,-6.421795807E0,6.901099091E0
2.547888975E1,-2.448907471E0,-6.420298920E0,6.893614655E0
2.548896075E1,-2.442620544E0,-6.409371643E0,6.868916016E0
2.549900075E1,-2.440973969E0,-6.415957947E0,6.859186249E0
2.550904175E1,-2.451302490E0,-6.407126312E0,6.852599945E0
2.551908175E1,-2.439028015E0,-6.407575378E0,6.853498077E0
2.552912175E1,-2.445464630E0,-6.413712616E0,6.853049011E0
2.553916175E1,-2.445764008E0,-6.423442383E0,6.859785004E0
2.554920275E1,-2.438279572E0,-6.430477753E0,6.871161346E0
2.555927375E1,-2.429897003E0,-6.431824951E0,6.891668701E0
2.556931375E1,-2.427801361E0,-6.428681488E0,6.891519012E0
2.557935375E1,-2.428100739E0,-6.440057831E0,6.894213409E0
2.558939375E1,-2.428400116E0,-6.453679504E0,6.888225861E0
2.559943475E1,-2.427951050E0,-6.440357208E0,6.876849518E0
2.560947475E1,-2.434836731E0,-6.438411255E0,6.880142670E0
2.561954575E1,-2.436782684E0,-6.433920593E0,6.872658234E0
2.562958575E1,-2.433938599E0,-6.433920593E0,6.867718506E0
2.563962575E1,-2.438279572E0,-6.428831177E0,6.870562592E0
2.564966675E1,-2.449057159E0,-6.423592072E0,6.871909790E0
2.565970675E1,-2.442321167E0,-6.423292694E0,6.877597961E0
2.566974675E1,-2.444716187E0,-6.411766663E0,6.879094849E0
2.567978675E1,-2.453847198E0,-6.405629425E0,6.876400452E0
2.568985775E1,-2.452649689E0,-6.417754211E0,6.879244537E0
2.569989875E1,-2.448907471E0,-6.411018219E0,6.901997223E0
2.570993875E1,-2.436034241E0,-6.408174133E0,6.905140686E0
2.571997875E1,-2.423011322E0,-6.409970398E0,6.900350647E0
2.573001875E1,-2.431543579E0,-6.415957947E0,6.902595978E0
2.574005975E1,-2.429447937E0,-6.424490204E0,6.903643799E0
2.575012975E1,-2.426603851E0,-6.415508881E0,6.912325745E0
2.576017075E1,-2.431543579E0,-6.413113861E0,6.914571075E0
2.577021075E1,-2.431393890E0,-6.410120087E0,6.894812164E0
2.578025075E1,-2.429148560E0,-6.414760437E0,6.885381775E0
2.579029175E1,-2.435136108E0,-6.419849854E0,6.891219635E0
2.580033175E1,-2.442919922E0,-6.415059814E0,6.883136444E0
2.581037175E1,-2.448757782E0,-6.420298920E0,6.873855743E0
2.582044275E1,-2.442321167E0,-6.422843628E0,6.867718506E0
2.583048275E1,-2.437980194E0,-6.421646118E0,6.869065704E0
2.584052375E1,-2.433639221E0,-6.428382111E0,6.872209167E0
2.585056375E1,-2.426603851E0,-6.440357208E0,6.879244537E0
2.586060375E1,-2.427651672E0,-6.422993317E0,6.872059479E0
2.587064375E1,-2.432292023E0,-6.430627441E0,6.878795471E0
2.588068475E1,-2.440973969E0,-6.427633667E0,6.888525238E0
2.589075475E1,-2.441722412E0,-6.422394562E0,6.888225861E0
2.590079575E1,-2.445015564E0,-6.429130554E0,6.879843292E0
2.591083575E1,-2.448608093E0,-6.429878998E0,6.879843292E0
2.592087575E1,-2.457888794E0,-6.431824951E0,6.869664459E0
2.593091675E1,-2.459385681E0,-6.432723083E0,6.871909790E0
2.594093687E1,-2.464774475E0,-6.435267792E0,6.856940918E0
2.595100787E1,-2.474953308E0,-6.424789581E0,6.861132202E0
2.596104787E1,-2.471809845E0,-6.421496429E0,6.867568817E0
2.597108787E1,-2.478695526E0,-6.414311371E0,6.881938934E0
2.598112887E1,-2.473905487E0,-6.394253082E0,6.900500336E0
2.599116887E1,-2.475851440E0,-6.378685455E0,6.909182281E0
2.600120888E1,-2.478545837E0,-6.375691681E0,6.906487885E0
2.601124887E1,-2.480342102E0,-6.381679230E0,6.896159363E0
2.602131987E1,-2.484982452E0,-6.379284210E0,6.910230103E0
2.603135987E1,-2.489922180E0,-6.386768646E0,6.904691620E0
2.604140088E1,-2.494113464E0,-6.398594055E0,6.907386017E0
2.605144087E1,-2.500849457E0,-6.404731293E0,6.901248779E0
2.606148087E1,-2.499053192E0,-6.412365417E0,6.904990997E0
2.607152187E1,-2.506088562E0,-6.413263550E0,6.889273682E0
2.608156187E1,-2.494562531E0,-6.414311371E0,6.870712280E0
2.609163287E1,-2.490221558E0,-6.417454834E0,6.894063721E0
2.610167287E1,-2.479443970E0,-6.416407013E0,6.876101074E0
2.611171287E1,-2.479593658E0,-6.409521332E0,6.875053253E0
2.612175387E1,-2.479144592E0,-6.418951721E0,6.881040802E0
2.613179387E1,-2.467019806E0,-6.421945496E0,6.888525238E0
2.614183388E1,-2.477348328E0,-6.408772888E0,6.906338196E0
2.615190487E1,-2.462379456E0,-6.411167908E0,6.898704071E0
2.616194487E1,-2.455493774E0,-6.413263550E0,6.891069946E0
2.617198487E1,-2.452500000E0,-6.424939270E0,6.892117767E0
2.618202588E1,-2.445764008E0,-6.428831177E0,6.888076172E0
2.619206587E1,-2.443219299E0,-6.432274017E0,6.875951385E0
2.620210587E1,-2.449356537E0,-6.421346741E0,6.872957611E0
2.621214687E1,-2.454895020E0,-6.409221954E0,6.869664459E0
2.622221688E1,-2.452949066E0,-6.399043121E0,6.871011658E0
2.623225787E1,-2.457290039E0,-6.386768646E0,6.868616638E0
2.624229787E1,-2.447859650E0,-6.389463043E0,6.875352631E0
2.625233787E1,-2.446662140E0,-6.397396545E0,6.884483643E0
2.626237887E1,-2.450104980E0,-6.398893433E0,6.893015900E0
2.627241887E1,-2.448907471E0,-6.407425690E0,6.897805939E0
2.628248987E1,-2.437830505E0,-6.412215729E0,6.904541931E0
2.629252987E1,-2.435884552E0,-6.415359192E0,6.909182281E0
2.630256987E1,-2.438129883E0,-6.416856079E0,6.913223877E0
2.631260987E1,-2.443069611E0,-6.416856079E0,6.895859985E0
2.632265088E1,-2.450853424E0,-6.424340515E0,6.882388000E0
2.633269087E1,-2.465373230E0,-6.421945496E0,6.875053253E0
2.634273087E1,-2.473905487E0,-6.419999542E0,6.877897339E0
2.635280188E1,-2.474504242E0,-6.413712616E0,6.869963837E0
2.636284188E1,-2.474653931E0,-6.413413239E0,6.860832825E0
2.637288287E1,-2.488724670E0,-6.407126312E0,6.868616638E0
2.638292287E1,-2.492466888E0,-6.408174133E0,6.876400452E0
2.639296287E1,-2.498005371E0,-6.398444366E0,6.873107300E0
2.640300387E1,-2.498753815E0,-6.389762421E0,6.876999207E0
2.641304387E1,-2.500699768E0,-6.393205261E0,6.879394226E0
2.642311487E1,-2.495161285E0,-6.396348724E0,6.909481659E0
2.643315487E1,-2.487377472E0,-6.393654327E0,6.897955627E0
2.644319487E1,-2.487527161E0,-6.399192810E0,6.892417145E0
2.645323487E1,-2.478994904E0,-6.409371643E0,6.883585510E0
2.646327588E1,-2.485730896E0,-6.399342499E0,6.874454498E0
2.647331587E1,-2.482138367E0,-6.396947479E0,6.883136444E0
2.648338687E1,-2.486479340E0,-6.401138763E0,6.876400452E0
2.649342688E1,-2.492017822E0,-6.409970398E0,6.891369324E0
2.650346688E1,-2.494562531E0,-6.412515106E0,6.879992981E0
2.651350787E1,-2.500699768E0,-6.408323822E0,6.874005432E0
2.652354787E1,-2.502046967E0,-6.407575378E0,6.878496094E0
2.653358787E1,-2.490371246E0,-6.406228180E0,6.878645782E0
2.654362887E1,-2.479294281E0,-6.413413239E0,6.873855743E0
2.655369887E1,-2.478994904E0,-6.402635651E0,6.880442047E0
2.656373987E1,-2.477048950E0,-6.413862305E0,6.889273682E0
2.657377987E1,-2.473456421E0,-6.405030670E0,6.901248779E0
2.658381987E1,-2.479893036E0,-6.405629425E0,6.891369324E0
2.659385987E1,-2.478246460E0,-6.406826935E0,6.898704071E0
2.660390088E1,-2.476300507E0,-6.408174133E0,6.890022125E0
2.661397187E1,-2.490071869E0,-6.407425690E0,6.886579285E0
2.662401187E1,-2.488724670E0,-6.410569153E0,6.890920258E0
2.663405188E1,-2.481389923E0,-6.406527557E0,6.889123993E0
2.664409188E1,-2.494861908E0,-6.409072266E0,6.888824615E0
2.665413287E1,-2.476450195E0,-6.411467285E0,6.886878662E0
2.666417287E1,-2.482138367E0,-6.407575378E0,6.881340179E0
2.667421287E1,-2.488874359E0,-6.399342499E0,6.882537689E0
2.668428388E1,-2.492915955E0,-6.400090942E0,6.885082397E0
2.669432387E1,-2.488724670E0,-6.407874756E0,6.887627106E0
2.670436487E1,-2.489473114E0,-6.402036896E0,6.891369324E0
2.671440487E1,-2.488574982E0,-6.396049347E0,6.884333954E0
2.672444487E1,-2.492766266E0,-6.397695923E0,6.888375549E0
2.673448487E1,-2.483784943E0,-6.403084717E0,6.883136444E0
2.674452588E1,-2.485281830E0,-6.404132538E0,6.872807922E0
2.675459687E1,-2.486629028E0,-6.413413239E0,6.879094849E0
2.676463687E1,-2.490970001E0,-6.402485962E0,6.887477417E0
2.677467688E1,-2.481689301E0,-6.402485962E0,6.888824615E0
2.678471688E1,-2.487377472E0,-6.400390320E0,6.890171814E0
2.679475787E1,-2.489922180E0,-6.395600281E0,6.892117767E0
2.680479787E1,-2.479144592E0,-6.398743744E0,6.887627106E0
2.681486888E1,-2.486479340E0,-6.395001526E0,6.884932709E0
2.682490888E1,-2.488125916E0,-6.402635651E0,6.881040802E0
2.683494887E1,-2.472258911E0,-6.401737518E0,6.874903564E0
2.684498987E1,-2.473157043E0,-6.412964172E0,6.879843292E0
2.685502987E1,-2.472707977E0,-6.420598297E0,6.866670685E0
2.686506987E1,-2.489323425E0,-6.425837402E0,6.861281891E0
2.687510987E1,-2.502645721E0,-6.429429932E0,6.873556366E0
2.688518087E1,-2.498604126E0,-6.415808258E0,6.882537689E0
2.689522187E1,-2.484832764E0,-6.417454834E0,6.887028351E0
2.690526187E1,-2.472558289E0,-6.416706390E0,6.889273682E0
2.691530188E1,-2.477797394E0,-6.416107635E0,6.890171814E0
2.692534188E1,-2.481988678E0,-6.422843628E0,6.884483643E0
2.693538287E1,-2.486329651E0,-6.419700165E0,6.886279907E0
2.694541475E1,-2.484383698E0,-6.413263550E0,6.877897339E0
2.695548575E1,-2.486479340E0,-6.399192810E0,6.868616638E0
2.696552575E1,-2.500400391E0,-6.394851837E0,6.853947144E0
2.697556575E1,-2.499202881E0,-6.395300903E0,6.854545898E0
2.698560675E1,-2.496508484E0,-6.402186584E0,6.856192474E0
2.699564675E1,-2.494861908E0,-6.398294678E0,6.858138428E0
2.700568675E1,-2.492915955E0,-6.406527557E0,6.866820374E0
2.701575775E1,-2.488125916E0,-6.409072266E0,6.884184265E0
2.702579775E1,-2.476450195E0,-6.407725067E0,6.888525238E0
2.703583875E1,-2.468367004E0,-6.414161682E0,6.904242554E0
2.704587875E1,-2.467169495E0,-6.405629425E0,6.892566833E0
2.705591875E1,-2.467019806E0,-6.409820709E0,6.890920258E0
2.706595875E1,-2.474653931E0,-6.407725067E0,6.894512787E0
2.707599975E1,-2.484234009E0,-6.403384094E0,6.886579285E0
2.708606975E1,-2.489922180E0,-6.405629425E0,6.878196716E0
2.709611075E1,-2.494113464E0,-6.408174133E0,6.872508545E0
2.710615075E1,-2.493215332E0,-6.404132538E0,6.858288116E0
2.711619075E1,-2.496508484E0,-6.400839386E0,6.861132202E0
2.712623175E1,-2.499651947E0,-6.400689697E0,6.870113525E0
2.713627175E1,-2.498304749E0,-6.403982849E0,6.879394226E0
2.714634275E1,-2.494712219E0,-6.395749969E0,6.878346405E0
2.715638275E1,-2.504142609E0,-6.401587830E0,6.885232086E0
2.716642275E1,-2.504591675E0,-6.399941254E0,6.889273682E0
2.717646375E1,-2.513572998E0,-6.404431915E0,6.894812164E0
2.718650375E1,-2.518662415E0,-6.401587830E0,6.886429596E0
2.719654375E1,-2.519111481E0,-6.405479736E0,6.888076172E0
2.720658375E1,-2.524350586E0,-6.405629425E0,6.884783020E0
2.721665475E1,-2.510130157E0,-6.397995300E0,6.879693604E0
2.722669475E1,-2.512076111E0,-6.403234406E0,6.882837067E0
2.723673575E1,-2.514920197E0,-6.403982849E0,6.867718506E0
2.724677575E1,-2.507435760E0,-6.402336273E0,6.870861969E0
2.725681575E1,-2.506387939E0,-6.402935028E0,6.876849518E0
2.726685675E1,-2.504741364E0,-6.409970398E0,6.867568817E0
2.727689675E1,-2.498005371E0,-6.415957947E0,6.861281891E0
2.728696775E1,-2.498155060E0,-6.416407013E0,6.857839050E0
2.729700775E1,-2.496508484E0,-6.412215729E0,6.873107300E0
2.730704775E1,-2.489173737E0,-6.415359192E0,6.864874420E0
2.731708875E1,-2.498304749E0,-6.421197052E0,6.863826599E0
2.732712875E1,-2.498155060E0,-6.407126312E0,6.873256989E0
2.733716875E1,-2.498155060E0,-6.414161682E0,6.875801697E0
2.734723975E1,-2.495610352E0,-6.413263550E0,6.869065704E0
2.735727975E1,-2.503543854E0,-6.413113861E0,6.867269440E0
2.736731975E1,-2.499502258E0,-6.405479736E0,6.877747650E0
2.737736075E1,-2.496358795E0,-6.405030670E0,6.882837067E0
2.738740075E1,-2.494412842E0,-6.401288452E0,6.881040802E0
2.739744075E1,-2.481838989E0,-6.391558685E0,6.877148895E0
2.740748175E1,-2.474055176E0,-6.388564911E0,6.884184265E0
2.741755175E1,-2.482288055E0,-6.399791565E0,6.877597961E0
2.742759275E1,-2.473456421E0,-6.399043121E0,6.878795471E0
2.743763275E1,-2.476001129E0,-6.411018219E0,6.879094849E0
2.744767275E1,-2.487676849E0,-6.411018219E0,6.879693604E0
2.745771375E1,-2.485730896E0,-6.403234406E0,6.879693604E0
2.746775375E1,-2.492017822E0,-6.404880981E0,6.884932709E0
2.747782475E1,-2.491718445E0,-6.404880981E0,6.885082397E0
2.748786475E1,-2.492915955E0,-6.411317596E0,6.877448273E0
2.749790475E1,-2.489024048E0,-6.404132538E0,6.881190491E0
2.750794475E1,-2.490221558E0,-6.395749969E0,6.881639557E0
2.751798575E1,-2.492017822E0,-6.404282227E0,6.872059479E0
2.752802575E1,-2.486179962E0,-6.408623199E0,6.876101074E0
2.753806575E1,-2.489922180E0,-6.409221954E0,6.871311035E0
2.754813675E1,-2.495610352E0,-6.415957947E0,6.871460724E0
2.755817675E1,-2.489922180E0,-6.406527557E0,6.876550140E0
2.756821775E1,-2.489323425E0,-6.413263550E0,6.869065704E0
2.757825775E1,-2.497256927E0,-6.416257324E0,6.871760101E0
2.758829775E1,-2.499202881E0,-6.413113861E0,6.871311035E0
2.759833875E1,-2.505489807E0,-6.416257324E0,6.869365082E0
2.760837875E1,-2.508633270E0,-6.405479736E0,6.866221619E0
2.761844975E1,-2.513123932E0,-6.396648102E0,6.881938934E0
2.762848975E1,-2.522853699E0,-6.394851837E0,6.886728973E0
2.763852975E1,-2.522704010E0,-6.404132538E0,6.878645782E0
2.764856975E1,-2.512525177E0,-6.407425690E0,6.876550140E0
2.765861075E1,-2.507136383E0,-6.404880981E0,6.872658234E0
2.766865075E1,-2.507435760E0,-6.396797791E0,6.867718506E0
2.767872175E1,-2.504142609E0,-6.402785339E0,6.868916016E0
2.768876175E1,-2.505639496E0,-6.412215729E0,6.868916016E0
2.769880175E1,-2.512824554E0,-6.409970398E0,6.877897339E0
2.770884275E1,-2.501298523E0,-6.410718842E0,6.872658234E0
2.771888275E1,-2.504741364E0,-6.407575378E0,6.881789246E0
2.772892275E1,-2.506238251E0,-6.397097168E0,6.885980530E0
2.773896375E1,-2.502645721E0,-6.410120087E0,6.892716522E0
2.774903375E1,-2.499951324E0,-6.413562927E0,6.885681152E0
2.775907475E1,-2.501148834E0,-6.420747986E0,6.889423370E0
2.776911475E1,-2.506537628E0,-6.422095184E0,6.875801697E0
2.777915475E1,-2.502196655E0,-6.411916351E0,6.867868195E0
2.778919475E1,-2.513872375E0,-6.401587830E0,6.861880646E0
2.779923575E1,-2.508333893E0,-6.391558685E0,6.849157104E0
2.780930675E1,-2.502945099E0,-6.390810242E0,6.839577026E0
2.781934675E1,-2.496059418E0,-6.391109619E0,6.845564575E0
2.782938675E1,-2.497406616E0,-6.405779114E0,6.857539673E0
2.783942675E1,-2.489473114E0,-6.406826935E0,6.877747650E0
2.784946775E1,-2.484832764E0,-6.398893433E0,6.888674927E0
2.785950775E1,-2.476001129E0,-6.405779114E0,6.896309052E0
2.786954775E1,-2.475102997E0,-6.408772888E0,6.894512787E0
2.787961875E1,-2.487227783E0,-6.410120087E0,6.879543915E0
2.788965875E1,-2.496358795E0,-6.408772888E0,6.879693604E0
2.789969975E1,-2.488574982E0,-6.411167908E0,6.872209167E0
2.790973975E1,-2.504441986E0,-6.413413239E0,6.864125977E0
2.791977975E1,-2.497107239E0,-6.403982849E0,6.876250763E0
2.792981975E1,-2.509082336E0,-6.400989075E0,6.879843292E0
2.793986075E1,-2.501298523E0,-6.403982849E0,6.874903564E0
2.794991462E1,-2.497107239E0,-6.400240631E0,6.871011658E0
2.795995462E1,-2.500250702E0,-6.403384094E0,6.866071930E0
2.796999462E1,-2.507884827E0,-6.398444366E0,6.875801697E0
2.798003462E1,-2.507585449E0,-6.399641876E0,6.882388000E0
2.799007562E1,-2.510279846E0,-6.403084717E0,6.890770569E0
2.800011563E1,-2.507884827E0,-6.414610748E0,6.890920258E0
2.801018662E1,-2.506387939E0,-6.411167908E0,6.893165588E0
2.802022662E1,-2.514321442E0,-6.405180359E0,6.889273682E0
2.803026662E1,-2.514022064E0,-6.400689697E0,6.878795471E0
2.804030763E1,-2.513423309E0,-6.399641876E0,6.884483643E0
2.805034763E1,-2.514770508E0,-6.395749969E0,6.886130219E0
2.806038762E1,-2.514620819E0,-6.396498413E0,6.881789246E0
2.807042762E1,-2.517464905E0,-6.395899658E0,6.870263214E0
2.808049863E1,-2.515369263E0,-6.401737518E0,6.872957611E0
2.809053962E1,-2.522853699E0,-6.403084717E0,6.873706055E0
2.810057962E1,-2.520608368E0,-6.402785339E0,6.868167572E0
2.811061962E1,-2.521207123E0,-6.407874756E0,6.869365082E0
2.812065962E1,-2.506986694E0,-6.405479736E0,6.874005432E0
2.813070062E1,-2.510429535E0,-6.412814484E0,6.879244537E0
2.814077062E1,-2.508184204E0,-6.408772888E0,6.884783020E0
2.815081162E1,-2.504591675E0,-6.405479736E0,6.881489868E0
2.816085162E1,-2.503394165E0,-6.410718842E0,6.884932709E0
2.817089162E1,-2.502046967E0,-6.406228180E0,6.876250763E0
2.818093263E1,-2.507735138E0,-6.402635651E0,6.879094849E0
2.819097263E1,-2.501897278E0,-6.408772888E0,6.889872437E0
2.820101262E1,-2.500250702E0,-6.402186584E0,6.888076172E0
2.821108362E1,-2.492466888E0,-6.397995300E0,6.880591736E0
2.822112363E1,-2.488574982E0,-6.397695923E0,6.869215393E0
2.823116462E1,-2.496209106E0,-6.398294678E0,6.872358856E0
2.824120462E1,-2.487377472E0,-6.397097168E0,6.866221619E0
2.825124462E1,-2.491568756E0,-6.395600281E0,6.881789246E0
2.826128462E1,-2.496957550E0,-6.403084717E0,6.883136444E0
2.827132562E1,-2.490820312E0,-6.400090942E0,6.894363098E0
2.828139562E1,-2.486928406E0,-6.400240631E0,6.885980530E0
2.829143662E1,-2.484084320E0,-6.406228180E0,6.875202942E0
2.830147662E1,-2.484234009E0,-6.407276001E0,6.872358856E0
2.831151662E1,-2.485880585E0,-6.406228180E0,6.870412903E0
2.832155763E1,-2.486179962E0,-6.406228180E0,6.883735199E0
2.833159763E1,-2.495760040E0,-6.404581604E0,6.885980530E0
2.834166862E1,-2.493664398E0,-6.402036896E0,6.879094849E0
2.835170862E1,-2.492766266E0,-6.395300903E0,6.881040802E0
2.836174863E1,-2.493065643E0,-6.400689697E0,6.875951385E0
2.837178962E1,-2.495610352E0,-6.406078491E0,6.864425354E0
2.838182962E1,-2.491419067E0,-6.401587830E0,6.873107300E0
2.839186962E1,-2.488125916E0,-6.400090942E0,6.873406677E0
2.840190962E1,-2.494562531E0,-6.406826935E0,6.869963837E0
2.841198062E1,-2.488874359E0,-6.400689697E0,6.863976288E0
2.842202062E1,-2.486629028E0,-6.401887207E0,6.882537689E0
2.843206162E1,-2.489922180E0,-6.412215729E0,6.884633331E0
2.844210162E1,-2.492017822E0,-6.407276001E0,6.895111542E0
2.845214162E1,-2.498604126E0,-6.405928802E0,6.887627106E0
2.846218263E1,-2.495909729E0,-6.403982849E0,6.887627106E0
2.847225262E1,-2.486928406E0,-6.402186584E0,6.884932709E0
2.848229362E1,-2.500999146E0,-6.398743744E0,6.876400452E0
2.849233362E1,-2.505938873E0,-6.407276001E0,6.881040802E0
2.850237363E1,-2.491868134E0,-6.408623199E0,6.886130219E0
2.851241462E1,-2.487527161E0,-6.411916351E0,6.878945160E0
2.852245462E1,-2.492766266E0,-6.409970398E0,6.871909790E0
2.853249462E1,-2.490371246E0,-6.415508881E0,6.865473175E0
2.854256563E1,-2.496059418E0,-6.421945496E0,6.871460724E0
2.855260562E1,-2.501747589E0,-6.423891449E0,6.871460724E0
2.856264562E1,-2.505040741E0,-6.429130554E0,6.882837067E0
2.857268662E1,-2.492317200E0,-6.422544250E0,6.891519012E0
2.858272662E1,-2.495310974E0,-6.416407013E0,6.890620880E0
2.859276662E1,-2.499651947E0,-6.424490204E0,6.881938934E0
2.860280763E1,-2.500101013E0,-6.420747986E0,6.880591736E0
2.861287762E1,-2.505938873E0,-6.420149231E0,6.872209167E0
2.862291862E1,-2.507136383E0,-6.420298920E0,6.874155121E0
2.863295862E1,-2.501448212E0,-6.407874756E0,6.847510529E0
2.864299863E1,-2.499951324E0,-6.404431915E0,6.838080139E0
2.865303962E1,-2.493814087E0,-6.398144989E0,6.845414886E0
2.866307962E1,-2.488275604E0,-6.412515106E0,6.849456482E0
2.867315062E1,-2.482437744E0,-6.421346741E0,6.837780762E0
2.868319063E1,-2.491119690E0,-6.429729309E0,6.840026093E0
2.869323062E1,-2.476599884E0,-6.447841644E0,6.848408661E0
2.870327062E1,-2.459984436E0,-6.452781372E0,6.860832825E0
2.871331162E1,-2.464475098E0,-6.441554718E0,6.863976288E0
2.872335162E1,-2.463726654E0,-6.434669037E0,6.873855743E0
2.873339162E1,-2.460583191E0,-6.436914368E0,6.870113525E0
2.874346262E1,-2.468516693E0,-6.433172150E0,6.870712280E0
2.875350262E1,-2.469714203E0,-6.424190826E0,6.870412903E0
2.876354362E1,-2.479893036E0,-6.423891449E0,6.860533447E0
2.877358362E1,-2.480641479E0,-6.429729309E0,6.855743408E0
2.878362363E1,-2.480042725E0,-6.432723083E0,6.852899323E0
2.879366462E1,-2.478695526E0,-6.427184601E0,6.851252747E0
2.880373462E1,-2.469265137E0,-6.426286469E0,6.853797455E0
2.881377562E1,-2.475851440E0,-6.426585846E0,6.847660217E0
2.882381563E1,-2.476300507E0,-6.426136780E0,6.863976288E0
2.883385562E1,-2.475402374E0,-6.415209503E0,6.880442047E0
2.884389562E1,-2.477048950E0,-6.418502655E0,6.869814148E0
2.885393662E1,-2.479893036E0,-6.429729309E0,6.877148895E0
2.886397662E1,-2.486030273E0,-6.430926819E0,6.890920258E0
2.887404762E1,-2.488425293E0,-6.428681488E0,6.877897339E0
2.888408762E1,-2.497705994E0,-6.421945496E0,6.859335938E0
2.889412762E1,-2.502346344E0,-6.420747986E0,6.863227844E0
2.890416862E1,-2.498155060E0,-6.418802032E0,6.853198700E0
2.891420862E1,-2.497406616E0,-6.417454834E0,6.859186249E0
2.892424863E1,-2.488874359E0,-6.426885223E0,6.853348389E0
2.893431962E1,-2.486629028E0,-6.428382111E0,6.857090607E0
2.894434650E1,-2.491419067E0,-6.431974640E0,6.856940918E0
2.895438750E1,-2.493065643E0,-6.428531799E0,6.858737183E0
2.896442750E1,-2.494712219E0,-6.434219971E0,6.860982513E0
2.897446750E1,-2.489922180E0,-6.438710632E0,6.863227844E0
2.898450750E1,-2.483635254E0,-6.439758453E0,6.847211151E0
2.899454850E1,-2.483934631E0,-6.440057831E0,6.861730957E0
2.900461950E1,-2.491419067E0,-6.432573395E0,6.860832825E0
2.901465950E1,-2.493664398E0,-6.425088959E0,6.856641541E0
2.902469950E1,-2.485581207E0,-6.424939270E0,6.866520996E0
2.903473950E1,-2.482138367E0,-6.428681488E0,6.861132202E0
2.904478050E1,-2.481389923E0,-6.425987091E0,6.873256989E0
2.905482050E1,-2.485431519E0,-6.426735535E0,6.865024109E0
2.906486050E1,-2.481988678E0,-6.423891449E0,6.866071930E0
2.907493150E1,-2.487826538E0,-6.422244873E0,6.862928467E0
2.908497150E1,-2.485431519E0,-6.421795807E0,6.860982513E0
2.909501250E1,-2.478695526E0,-6.423442383E0,6.870113525E0
2.910505250E1,-2.479593658E0,-6.420747986E0,6.869664459E0
2.911509250E1,-2.484832764E0,-6.414610748E0,6.867868195E0
2.912513250E1,-2.471510468E0,-6.417604523E0,6.870263214E0
2.913520350E1,-2.473755798E0,-6.414011993E0,6.877148895E0
2.914524450E1,-2.478545837E0,-6.410868530E0,6.868766327E0
2.915528450E1,-2.463726654E0,-6.421945496E0,6.865622864E0
2.916532450E1,-2.462828522E0,-6.416856079E0,6.871460724E0
2.917536450E1,-2.472558289E0,-6.413862305E0,6.875352631E0
2.918540550E1,-2.474653931E0,-6.420598297E0,6.877747650E0
2.919544550E1,-2.479294281E0,-6.424041138E0,6.875801697E0
2.920551650E1,-2.473007355E0,-6.420448608E0,6.869514771E0
2.921555650E1,-2.480491791E0,-6.420298920E0,6.868916016E0
2.922559650E1,-2.482288055E0,-6.408922577E0,6.870412903E0
2.923563750E1,-2.481389923E0,-6.411616974E0,6.875801697E0
2.924567750E1,-2.486629028E0,-6.418053589E0,6.871610413E0
2.925571750E1,-2.484832764E0,-6.420747986E0,6.872807922E0
2.926578850E1,-2.476899261E0,-6.419999542E0,6.870562592E0
2.927582850E1,-2.471959534E0,-6.423442383E0,6.860234070E0
2.928586950E1,-2.476899261E0,-6.422544250E0,6.864275665E0
2.929590950E1,-2.476899261E0,-6.430777130E0,6.860683136E0
2.930594950E1,-2.480042725E0,-6.430477753E0,6.866970062E0
2.931598950E1,-2.478096771E0,-6.411766663E0,6.873706055E0
2.932603050E1,-2.482138367E0,-6.409072266E0,6.878196716E0
2.933610150E1,-2.495760040E0,-6.416107635E0,6.871909790E0
2.934614150E1,-2.497855682E0,-6.419251099E0,6.894961853E0
2.935618150E1,-2.499651947E0,-6.430477753E0,6.894512787E0
2.936622150E1,-2.503094788E0,-6.424340515E0,6.880891113E0
2.937626250E1,-2.501897278E0,-6.423592072E0,6.881789246E0
2.938630250E1,-2.503094788E0,-6.420149231E0,6.860084381E0
2.939634250E1,-2.489922180E0,-6.413562927E0,6.850504303E0
2.940641350E1,-2.481090546E0,-6.415359192E0,6.844965820E0
2.941645350E1,-2.484533386E0,-6.412215729E0,6.860832825E0
2.942649450E1,-2.483784943E0,-6.421945496E0,6.854994965E0
2.943653450E1,-2.474653931E0,-6.422394562E0,6.848109283E0
2.944657450E1,-2.470163269E0,-6.420448608E0,6.864275665E0
2.945661450E1,-2.471510468E0,-6.418502655E0,6.873855743E0
2.946668550E1,-2.475402374E0,-6.426286469E0,6.886728973E0
2.947672650E1,-2.470462646E0,-6.424939270E0,6.886728973E0
2.948676650E1,-2.464175720E0,-6.419400787E0,6.882837067E0
2.949680650E1,-2.471360779E0,-6.421047363E0,6.869514771E0
2.950684650E1,-2.482437744E0,-6.429280243E0,6.878047028E0
2.951688750E1,-2.489622803E0,-6.429429932E0,6.875202942E0
2.952692750E1,-2.486479340E0,-6.430178375E0,6.864575043E0
2.953699850E1,-2.495909729E0,-6.428980865E0,6.845115509E0
2.954703850E1,-2.486928406E0,-6.413113861E0,6.843917999E0
2.955707850E1,-2.482886810E0,-6.413562927E0,6.860683136E0
2.956711950E1,-2.480342102E0,-6.408922577E0,6.862030334E0
2.957715950E1,-2.479443970E0,-6.398743744E0,6.864275665E0
2.958719950E1,-2.491119690E0,-6.398743744E0,6.878047028E0
2.959727050E1,-2.490970001E0,-6.401887207E0,6.897506561E0
2.960731050E1,-2.488275604E0,-6.413562927E0,6.890770569E0
2.961735150E1,-2.492466888E0,-6.420149231E0,6.910828857E0
2.962739150E1,-2.488425293E0,-6.414311371E0,6.888525238E0
2.963743150E1,-2.480641479E0,-6.414610748E0,6.876400452E0
2.964747150E1,-2.492766266E0,-6.416407013E0,6.868916016E0
2.965751250E1,-2.494263153E0,-6.411616974E0,6.868466949E0
2.966758250E1,-2.491119690E0,-6.414760437E0,6.879543915E0
2.967762350E1,-2.487227783E0,-6.403384094E0,6.887327728E0
2.968766350E1,-2.485581207E0,-6.404132538E0,6.867868195E0
2.969770350E1,-2.486179962E0,-6.404880981E0,6.867718506E0
2.970774450E1,-2.489323425E0,-6.403982849E0,6.863826599E0
2.971778450E1,-2.483784943E0,-6.418652344E0,6.875352631E0
2.972782450E1,-2.489922180E0,-6.420448608E0,6.870712280E0
2.973789550E1,-2.488125916E0,-6.420448608E0,6.862928467E0
2.974793550E1,-2.491868134E0,-6.421346741E0,6.870861969E0
2.975797650E1,-2.493814087E0,-6.420747986E0,6.881639557E0
2.976801650E1,-2.493215332E0,-6.425837402E0,6.877298584E0
2.977805650E1,-2.492466888E0,-6.422993317E0,6.864425354E0
2.978809650E1,-2.490071869E0,-6.421795807E0,6.872957611E0
2.979816750E1,-2.488425293E0,-6.421646118E0,6.870412903E0
2.980820750E1,-2.482437744E0,-6.417305145E0,6.867868195E0
2.981824850E1,-2.486030273E0,-6.414610748E0,6.878047028E0
2.982828850E1,-2.481539612E0,-6.420897675E0,6.867419128E0
2.983832850E1,-2.476300507E0,-6.414311371E0,6.859934692E0
2.984836950E1,-2.474354553E0,-6.411467285E0,6.868916016E0
2.985840950E1,-2.473456421E0,-6.409221954E0,6.869514771E0
2.986848050E1,-2.470163269E0,-6.407126312E0,6.886579285E0
2.987852050E1,-2.476150818E0,-6.415209503E0,6.894662476E0
2.988856050E1,-2.477498016E0,-6.406826935E0,6.886429596E0
2.989860150E1,-2.488574982E0,-6.405330048E0,6.874155121E0
2.990864150E1,-2.488125916E0,-6.410419464E0,6.883735199E0
2.991868150E1,-2.486928406E0,-6.407874756E0,6.883286133E0
2.992875250E1,-2.495460663E0,-6.403384094E0,6.875352631E0
2.993879250E1,-2.493963776E0,-6.409371643E0,6.879843292E0
2.994882875E1,-2.494712219E0,-6.402336273E0,6.882537689E0
2.995886975E1,-2.490670624E0,-6.411317596E0,6.872209167E0
2.996890975E1,-2.494412842E0,-6.409521332E0,6.880292358E0
2.997894975E1,-2.490221558E0,-6.415957947E0,6.873256989E0
2.998899075E1,-2.497855682E0,-6.416556702E0,6.874753876E0
2.999906075E1,-2.489473114E0,-6.420897675E0,6.872508545E0
3.000910175E1,-2.498155060E0,-6.414610748E0,6.873256989E0
3.001914175E1,-2.506986694E0,-6.402485962E0,6.870263214E0
3.002918175E1,-2.513872375E0,-6.401288452E0,6.873556366E0
3.003922275E1,-2.511627045E0,-6.405928802E0,6.877148895E0
3.004926275E1,-2.504591675E0,-6.414910126E0,6.873406677E0
3.005933375E1,-2.493814087E0,-6.403982849E0,6.875951385E0
3.006937375E1,-2.483635254E0,-6.395450592E0,6.879244537E0
3.007941375E1,-2.491119690E0,-6.405180359E0,6.881938934E0
3.008945375E1,-2.491568756E0,-6.419999542E0,6.878645782E0
3.009949475E1,-2.495610352E0,-6.415359192E0,6.884633331E0
3.010953475E1,-2.495760040E0,-6.410718842E0,6.885381775E0
3.011957475E1,-2.490820312E0,-6.407276001E0,6.881489868E0
3.012964575E1,-2.495610352E0,-6.408922577E0,6.887477417E0
3.013968575E1,-2.494562531E0,-6.417604523E0,6.890321503E0
3.014972675E1,-2.482138367E0,-6.428232422E0,6.881340179E0
3.015976675E1,-2.484383698E0,-6.423741760E0,6.876849518E0
3.016980675E1,-2.487078094E0,-6.419999542E0,6.881938934E0
3.017984775E1,-2.493365021E0,-6.410569153E0,6.866970062E0
3.018988775E1,-2.496658173E0,-6.395899658E0,6.851402435E0
3.019995875E1,-2.496807861E0,-6.388415222E0,6.852599945E0
3.020999875E1,-2.495760040E0,-6.382577362E0,6.865024109E0
3.022003875E1,-2.491718445E0,-6.388714600E0,6.863377533E0
3.023007875E1,-2.496059418E0,-6.398294678E0,6.877747650E0
3.024011975E1,-2.492017822E0,-6.413113861E0,6.877298584E0
3.025015975E1,-2.483635254E0,-6.405330048E0,6.876699829E0
3.026023075E1,-2.482737122E0,-6.409820709E0,6.896458740E0
3.027027075E1,-2.476899261E0,-6.424041138E0,6.884783020E0
3.028031075E1,-2.485581207E0,-6.418802032E0,6.886429596E0
3.029035175E1,-2.481090546E0,-6.415957947E0,6.891519012E0
3.030039175E1,-2.481539612E0,-6.414311371E0,6.884184265E0
3.031043175E1,-2.479144592E0,-6.416856079E0,6.873556366E0
3.032047275E1,-2.484832764E0,-6.417005768E0,6.856641541E0
3.033054275E1,-2.490970001E0,-6.411317596E0,6.862329712E0
3.034058375E1,-2.495460663E0,-6.409820709E0,6.856342163E0
3.035062375E1,-2.503094788E0,-6.401138763E0,6.858437805E0
3.036066375E1,-2.503094788E0,-6.404731293E0,6.874005432E0
3.037070375E1,-2.506537628E0,-6.400689697E0,6.882238312E0
3.038074475E1,-2.517315216E0,-6.398144989E0,6.878196716E0
3.039081575E1,-2.519261169E0,-6.394851837E0,6.869065704E0
3.040085575E1,-2.522704010E0,-6.397246857E0,6.880741425E0
3.041089575E1,-2.520907745E0,-6.400390320E0,6.890471191E0
3.042093575E1,-2.522404633E0,-6.403384094E0,6.877298584E0
3.043097675E1,-2.519710236E0,-6.410269775E0,6.875502319E0
3.044101675E1,-2.508633270E0,-6.398444366E0,6.867568817E0
3.045105675E1,-2.502945099E0,-6.398144989E0,6.864425354E0
3.046112775E1,-2.500999146E0,-6.416257324E0,6.875352631E0
3.047116775E1,-2.485880585E0,-6.410120087E0,6.865173798E0
3.048120875E1,-2.483784943E0,-6.408473511E0,6.868167572E0
3.049124875E1,-2.495909729E0,-6.408772888E0,6.868916016E0
3.050128875E1,-2.492766266E0,-6.414011993E0,6.871460724E0
3.051132875E1,-2.485431519E0,-6.428232422E0,6.870712280E0
3.052136975E1,-2.487826538E0,-6.428082733E0,6.879244537E0
3.053144075E1,-2.499651947E0,-6.421197052E0,6.880292358E0
3.054148075E1,-2.495610352E0,-6.420448608E0,6.873855743E0
3.055152075E1,-2.500101013E0,-6.412215729E0,6.859934692E0
3.056156075E1,-2.502945099E0,-6.409820709E0,6.864275665E0
3.057160175E1,-2.500400391E0,-6.414311371E0,6.862629089E0
3.058164175E1,-2.510728912E0,-6.410269775E0,6.862180023E0
3.059171275E1,-2.509681091E0,-6.402935028E0,6.868766327E0
3.060175275E1,-2.496358795E0,-6.402186584E0,6.878196716E0
3.061179275E1,-2.501298523E0,-6.402635651E0,6.868766327E0
3.062183375E1,-2.496209106E0,-6.396797791E0,6.878945160E0
3.063187375E1,-2.493365021E0,-6.397097168E0,6.887028351E0
3.064191375E1,-2.487377472E0,-6.397246857E0,6.883585510E0
3.065195375E1,-2.488724670E0,-6.398144989E0,6.883286133E0
3.066202475E1,-2.489473114E0,-6.397246857E0,6.889123993E0
3.067206575E1,-2.490820312E0,-6.396947479E0,6.899003448E0
3.068210575E1,-2.496508484E0,-6.398444366E0,6.903494110E0
3.069214575E1,-2.494562531E0,-6.402935028E0,6.890471191E0
3.070218575E1,-2.488574982E0,-6.402785339E0,6.883884888E0
3.071222675E1,-2.496059418E0,-6.399941254E0,6.875053253E0
3.072229675E1,-2.507435760E0,-6.409970398E0,6.877148895E0
3.073233775E1,-2.501597900E0,-6.398893433E0,6.884184265E0
3.074237775E1,-2.503543854E0,-6.404731293E0,6.879693604E0
3.075241775E1,-2.513423309E0,-6.404731293E0,6.862180023E0
3.076245875E1,-2.515968018E0,-6.405779114E0,6.868766327E0
3.077249875E1,-2.516866150E0,-6.406527557E0,6.883735199E0
3.078253875E1,-2.524500275E0,-6.400090942E0,6.882687378E0
3.079260975E1,-2.533930664E0,-6.401288452E0,6.883136444E0
3.080264975E1,-2.530487823E0,-6.402635651E0,6.870263214E0
3.081269075E1,-2.529889069E0,-6.404282227E0,6.857988739E0
3.082273075E1,-2.515518951E0,-6.404880981E0,6.861281891E0
3.083277075E1,-2.507735138E0,-6.410868530E0,6.872059479E0
3.084281075E1,-2.509232025E0,-6.406527557E0,6.861431580E0
3.085288175E1,-2.512375488E0,-6.401737518E0,6.863078156E0
3.086292175E1,-2.521955566E0,-6.411766663E0,6.875502319E0
3.087296275E1,-2.507136383E0,-6.412365417E0,6.873556366E0
3.088300275E1,-2.499502258E0,-6.406228180E0,6.862479401E0
3.089304275E1,-2.492466888E0,-6.406228180E0,6.873107300E0
3.090308375E1,-2.495760040E0,-6.406078491E0,6.868616638E0
3.091312375E1,-2.500999146E0,-6.405779114E0,6.871909790E0
3.092319475E1,-2.504891052E0,-6.407425690E0,6.868317261E0
3.093323475E1,-2.503843231E0,-6.413113861E0,6.871610413E0
3.094327475E1,-2.515219574E0,-6.408174133E0,6.876699829E0
3.095332404E1,-2.505190430E0,-6.397995300E0,6.891219635E0
3.096336404E1,-2.502496033E0,-6.413263550E0,6.885232086E0
3.097340404E1,-2.509531403E0,-6.417754211E0,6.883435822E0
3.098344404E1,-2.498753815E0,-6.420747986E0,6.882537689E0
3.099351504E1,-2.500550079E0,-6.419849854E0,6.870562592E0
3.100355504E1,-2.498454437E0,-6.409521332E0,6.868167572E0
3.101359604E1,-2.505040741E0,-6.403384094E0,6.867868195E0
3.102363604E1,-2.494113464E0,-6.391259308E0,6.861431580E0
3.103367604E1,-2.491718445E0,-6.384673004E0,6.856192474E0
3.104371704E1,-2.498903503E0,-6.393055573E0,6.849456482E0
3.105378704E1,-2.498304749E0,-6.398144989E0,6.857689362E0
3.106382804E1,-2.498304749E0,-6.411317596E0,6.856342163E0
3.107386804E1,-2.501148834E0,-6.411766663E0,6.857240295E0
3.108390804E1,-2.499951324E0,-6.422693939E0,6.876400452E0
3.109394904E1,-2.503693542E0,-6.420747986E0,6.878496094E0
3.110398904E1,-2.497705994E0,-6.419251099E0,6.876999207E0
3.111402904E1,-2.494263153E0,-6.418352966E0,6.872658234E0
3.112410004E1,-2.493963776E0,-6.415508881E0,6.879693604E0
3.113414004E1,-2.500550079E0,-6.407425690E0,6.873706055E0
3.114418004E1,-2.493664398E0,-6.414161682E0,6.874155121E0
3.115422104E1,-2.505340118E0,-6.404282227E0,6.869065704E0
3.116426104E1,-2.510579224E0,-6.403234406E0,6.867119751E0
3.117430104E1,-2.508333893E0,-6.403084717E0,6.870562592E0
3.118437204E1,-2.520009613E0,-6.397845612E0,6.871610413E0
3.119441204E1,-2.521955566E0,-6.401587830E0,6.872059479E0
3.120445304E1,-2.524799652E0,-6.393654327E0,6.873406677E0
3.121449304E1,-2.523901520E0,-6.398893433E0,6.862629089E0
3.122453304E1,-2.533032532E0,-6.407575378E0,6.878496094E0
3.123457404E1,-2.527943115E0,-6.397995300E0,6.884633331E0
3.124461404E1,-2.519261169E0,-6.400240631E0,6.884184265E0
3.125468504E1,-2.518961792E0,-6.403683472E0,6.879992981E0
3.126472504E1,-2.529440002E0,-6.395300903E0,6.875502319E0
3.127476504E1,-2.527044983E0,-6.390660553E0,6.883585510E0
3.128480504E1,-2.527793427E0,-6.394402771E0,6.876699829E0
3.129484604E1,-2.528541870E0,-6.401887207E0,6.872957611E0
3.130488604E1,-2.518213348E0,-6.403084717E0,6.873406677E0
3.131495704E1,-2.517165527E0,-6.408174133E0,6.861730957E0
3.132499704E1,-2.520458679E0,-6.403982849E0,6.869065704E0
3.133503704E1,-2.528691559E0,-6.408174133E0,6.878496094E0
3.134507804E1,-2.521955566E0,-6.403084717E0,6.870861969E0
3.135511804E1,-2.518363037E0,-6.400090942E0,6.870861969E0
3.136515804E1,-2.526296539E0,-6.400689697E0,6.879094849E0
3.137519904E1,-2.519859924E0,-6.397995300E0,6.877747650E0
3.138526904E1,-2.518213348E0,-6.398893433E0,6.877897339E0
3.139531004E1,-2.514321442E0,-6.407874756E0,6.880442047E0
3.140535004E1,-2.523302765E0,-6.412814484E0,6.870712280E0
3.141539004E1,-2.514321442E0,-6.407575378E0,6.869065704E0
3.142543004E1,-2.504741364E0,-6.404282227E0,6.876849518E0
3.143547104E1,-2.506837006E0,-6.404880981E0,6.874454498E0
3.144551104E1,-2.505938873E0,-6.406527557E0,6.873406677E0
3.145558204E1,-2.501448212E0,-6.405928802E0,6.870113525E0
3.146562204E1,-2.499651947E0,-6.396947479E0,6.870861969E0
3.147566204E1,-2.501298523E0,-6.402935028E0,6.872059479E0
3.148570304E1,-2.500849457E0,-6.390959930E0,6.873855743E0
3.149574304E1,-2.503543854E0,-6.388864288E0,6.874753876E0
3.150578304E1,-2.490820312E0,-6.404880981E0,6.873406677E0
3.151585404E1,-2.506537628E0,-6.405330048E0,6.878645782E0
3.152589404E1,-2.504292297E0,-6.403982849E0,6.866970062E0
3.153593504E1,-2.504591675E0,-6.405928802E0,6.876999207E0
3.154597504E1,-2.509681091E0,-6.397995300E0,6.869365082E0
3.155601504E1,-2.509681091E0,-6.396049347E0,6.863377533E0
3.156605504E1,-2.510579224E0,-6.403384094E0,6.880741425E0
3.157609604E1,-2.509980469E0,-6.393055573E0,6.882687378E0
3.158616704E1,-2.505789185E0,-6.400540009E0,6.875352631E0
3.159620704E1,-2.501747589E0,-6.409221954E0,6.869215393E0
3.160624704E1,-2.512974243E0,-6.409521332E0,6.867568817E0
3.161628704E1,-2.514620819E0,-6.401288452E0,6.874155121E0
3.162632804E1,-2.515369263E0,-6.404282227E0,6.870712280E0
3.163636804E1,-2.509232025E0,-6.406826935E0,6.860234070E0
3.164643904E1,-2.516117706E0,-6.406976624E0,6.869065704E0
3.165647904E1,-2.516417084E0,-6.402036896E0,6.878196716E0
3.166651904E1,-2.511028290E0,-6.406228180E0,6.868466949E0
3.167656004E1,-2.515518951E0,-6.404132538E0,6.863078156E0
3.168660004E1,-2.510279846E0,-6.401138763E0,6.871311035E0
3.169664004E1,-2.519859924E0,-6.396049347E0,6.886728973E0
3.170668004E1,-2.531685333E0,-6.400689697E0,6.885980530E0
3.171675104E1,-2.521057434E0,-6.402785339E0,6.872059479E0
3.172679204E1,-2.513722687E0,-6.394851837E0,6.881789246E0
3.173683204E1,-2.513722687E0,-6.397396545E0,6.881489868E0
3.174687204E1,-2.517015839E0,-6.388864288E0,6.885232086E0
3.175691204E1,-2.508034515E0,-6.392905884E0,6.888525238E0
3.176695304E1,-2.506687317E0,-6.404132538E0,6.881938934E0
3.177702304E1,-2.509232025E0,-6.402186584E0,6.894961853E0
3.178706404E1,-2.510728912E0,-6.388115845E0,6.889273682E0
3.179710404E1,-2.522404633E0,-6.394851837E0,6.896907806E0
3.180714404E1,-2.509830780E0,-6.404132538E0,6.900799713E0
3.181718504E1,-2.508034515E0,-6.406228180E0,6.897955627E0
3.182722504E1,-2.509830780E0,-6.407874756E0,6.889423370E0
3.183726504E1,-2.514471130E0,-6.403833160E0,6.891668701E0
3.184733604E1,-2.513123932E0,-6.398893433E0,6.881340179E0
3.185737604E1,-2.509681091E0,-6.399342499E0,6.876999207E0
3.186741704E1,-2.515219574E0,-6.384223938E0,6.867718506E0
3.187745704E1,-2.508184204E0,-6.384822693E0,6.858587494E0
3.188749704E1,-2.516267395E0,-6.389013977E0,6.850653992E0
3.189753704E1,-2.514171753E0,-6.404282227E0,6.850803680E0
3.190760804E1,-2.508483582E0,-6.407276001E0,6.853647766E0
3.191764804E1,-2.501747589E0,-6.413712616E0,6.871161346E0
3.192768904E1,-2.496658173E0,-6.420448608E0,6.860234070E0
3.193772904E1,-2.492317200E0,-6.427483978E0,6.876999207E0
3.194774862E1,-2.500550079E0,-6.423741760E0,6.896907806E0
3.195778962E1,-2.498155060E0,-6.423143005E0,6.889273682E0
3.196782962E1,-2.497556305E0,-6.422693939E0,6.897656250E0
3.197790062E1,-2.496059418E0,-6.424190826E0,6.879693604E0
3.198794062E1,-2.504591675E0,-6.425987091E0,6.873107300E0
3.199798062E1,-2.502645721E0,-6.413862305E0,6.863676910E0
3.200802162E1,-2.494562531E0,-6.417604523E0,6.854096832E0
3.201806162E1,-2.490670624E0,-6.416107635E0,6.853198700E0
3.202810163E1,-2.491419067E0,-6.399941254E0,6.857539673E0
3.203814162E1,-2.490221558E0,-6.392456818E0,6.868167572E0
3.204821262E1,-2.493065643E0,-6.401438141E0,6.867868195E0
3.205825263E1,-2.496209106E0,-6.402635651E0,6.871760101E0
3.206829363E1,-2.497406616E0,-6.407276001E0,6.876550140E0
3.207833362E1,-2.508333893E0,-6.415957947E0,6.890920258E0
3.208837362E1,-2.509830780E0,-6.423592072E0,6.881789246E0
3.209841462E1,-2.515518951E0,-6.425987091E0,6.878496094E0
3.210848463E1,-2.513572998E0,-6.426735535E0,6.868766327E0
3.211852562E1,-2.509830780E0,-6.415508881E0,6.867419128E0
3.212856562E1,-2.509681091E0,-6.412066040E0,6.861730957E0
3.213860562E1,-2.506238251E0,-6.411317596E0,6.854096832E0
3.214864662E1,-2.505190430E0,-6.405330048E0,6.855743408E0
3.215868662E1,-2.500849457E0,-6.408922577E0,6.854396210E0
3.216872663E1,-2.501448212E0,-6.408772888E0,6.850653992E0
3.217879762E1,-2.496957550E0,-6.421945496E0,6.855144653E0
3.218883762E1,-2.503543854E0,-6.425687714E0,6.857090607E0
3.219887763E1,-2.508333893E0,-6.412664795E0,6.860683136E0
3.220891863E1,-2.493664398E0,-6.426885223E0,6.844816132E0
3.221895862E1,-2.496658173E0,-6.424041138E0,6.856641541E0
3.222899862E1,-2.503693542E0,-6.426885223E0,6.855144653E0
3.223906963E1,-2.498454437E0,-6.429878998E0,6.864275665E0
3.224910963E1,-2.485431519E0,-6.433172150E0,6.868167572E0
3.225915062E1,-2.485730896E0,-6.431076508E0,6.881340179E0
3.226919062E1,-2.481240234E0,-6.427034912E0,6.868317261E0
3.227923062E1,-2.483784943E0,-6.427783356E0,6.865323486E0
3.228927162E1,-2.475402374E0,-6.426436157E0,6.866670685E0
3.229931162E1,-2.474653931E0,-6.422993317E0,6.859635315E0
3.230938262E1,-2.478096771E0,-6.431824951E0,6.857988739E0
3.231942262E1,-2.484383698E0,-6.433471527E0,6.854994965E0
3.232946262E1,-2.484234009E0,-6.437213745E0,6.843917999E0
3.233950263E1,-2.486778717E0,-6.428831177E0,6.851701813E0
3.234954363E1,-2.492167511E0,-6.432423706E0,6.856491852E0
3.235958362E1,-2.481539612E0,-6.431824951E0,6.855444031E0
3.236965462E1,-2.477498016E0,-6.438261566E0,6.861281891E0
3.237969463E1,-2.482886810E0,-6.429280243E0,6.868766327E0
3.238973463E1,-2.487078094E0,-6.428980865E0,6.870263214E0
3.239977562E1,-2.484234009E0,-6.443650360E0,6.868916016E0
3.240981562E1,-2.478994904E0,-6.435716858E0,6.857988739E0
3.241985562E1,-2.486179962E0,-6.425687714E0,6.859485626E0
3.242989662E1,-2.482737122E0,-6.428082733E0,6.863078156E0
3.243996662E1,-2.472558289E0,-6.436614990E0,6.854096832E0
3.245000762E1,-2.476001129E0,-6.442003784E0,6.847360840E0
3.246004762E1,-2.477198639E0,-6.443650360E0,6.846013641E0
3.247008762E1,-2.470163269E0,-6.438560944E0,6.839726715E0
3.248012763E1,-2.483934631E0,-6.437962189E0,6.851402435E0
3.249016863E1,-2.486928406E0,-6.442452850E0,6.849007416E0
3.250023962E1,-2.488874359E0,-6.433321838E0,6.841373291E0
3.251027962E1,-2.485581207E0,-6.435118103E0,6.850204926E0
3.252031963E1,-2.481988678E0,-6.438111877E0,6.857539673E0
3.253035963E1,-2.482437744E0,-6.441105652E0,6.855593719E0
3.254040062E1,-2.485132141E0,-6.439758453E0,6.856342163E0
3.255044062E1,-2.481689301E0,-6.439908142E0,6.847211151E0
3.256048062E1,-2.475252686E0,-6.432573395E0,6.846313019E0
3.257055162E1,-2.483036499E0,-6.443949738E0,6.842720490E0
3.258059162E1,-2.482886810E0,-6.449637909E0,6.858437805E0
3.259063262E1,-2.486928406E0,-6.444698181E0,6.869814148E0
3.260067262E1,-2.496358795E0,-6.429878998E0,6.862928467E0
3.261071262E1,-2.500999146E0,-6.436614990E0,6.869065704E0
3.262075263E1,-2.501148834E0,-6.431974640E0,6.866221619E0
3.263079363E1,-2.490520935E0,-6.432573395E0,6.865622864E0
3.264086462E1,-2.485880585E0,-6.433022461E0,6.878795471E0
3.265090462E1,-2.492167511E0,-6.428531799E0,6.865922241E0
3.266094463E1,-2.500699768E0,-6.437812500E0,6.846762085E0
3.267098463E1,-2.499951324E0,-6.426585846E0,6.844965820E0
3.268102562E1,-2.491868134E0,-6.423442383E0,6.831493835E0
3.269106562E1,-2.484383698E0,-6.421197052E0,6.840624847E0
3.270113663E1,-2.479743347E0,-6.428082733E0,6.840624847E0
3.271117662E1,-2.473905487E0,-6.425987091E0,6.838678894E0
3.272121662E1,-2.472408600E0,-6.427034912E0,6.859186249E0
3.273125762E1,-2.473456421E0,-6.431824951E0,6.864874420E0
3.274129762E1,-2.468965759E0,-6.442452850E0,6.860683136E0
3.275133762E1,-2.460732880E0,-6.441854095E0,6.860383759E0
3.276137763E1,-2.467768250E0,-6.445296936E0,6.863826599E0
3.277144862E1,-2.469265137E0,-6.451434174E0,6.862180023E0
3.278148962E1,-2.479593658E0,-6.443500671E0,6.855593719E0
3.279152962E1,-2.478845215E0,-6.440207520E0,6.849306793E0
3.280156963E1,-2.478994904E0,-6.437213745E0,6.842271423E0
3.281160963E1,-2.483036499E0,-6.435118103E0,6.841223602E0
3.282165062E1,-2.488724670E0,-6.431824951E0,6.841073914E0
3.283172062E1,-2.490970001E0,-6.427633667E0,6.842720490E0
3.284176163E1,-2.480940857E0,-6.431226196E0,6.848708038E0
3.285180162E1,-2.486629028E0,-6.417604523E0,6.859635315E0
3.286184162E1,-2.484383698E0,-6.405330048E0,6.856940918E0
3.287188262E1,-2.499352570E0,-6.418802032E0,6.867269440E0
3.288192262E1,-2.494861908E0,-6.432573395E0,6.874604187E0
3.289196262E1,-2.491868134E0,-6.437962189E0,6.884034576E0
3.290203362E1,-2.496658173E0,-6.440357208E0,6.874304810E0
3.291207362E1,-2.493664398E0,-6.430028687E0,6.877298584E0
3.292211462E1,-2.495760040E0,-6.423741760E0,6.862329712E0
3.293215462E1,-2.487227783E0,-6.426436157E0,6.863527222E0
3.294219463E1,-2.487227783E0,-6.426735535E0,6.863527222E0
3.295223363E1,-2.483934631E0,-6.419550476E0,6.849755859E0
3.296230462E1,-2.485581207E0,-6.423292694E0,6.840774536E0
3.297234462E1,-2.491119690E0,-6.422843628E0,6.851103058E0
3.298238563E1,-2.487078094E0,-6.426735535E0,6.866820374E0
3.299242563E1,-2.489772491E0,-6.435118103E0,6.853797455E0
3.300246562E1,-2.486778717E0,-6.430477753E0,6.858886871E0
3.301250662E1,-2.489772491E0,-6.424340515E0,6.872957611E0
3.302254662E1,-2.490970001E0,-6.431974640E0,6.870412903E0
3.303261762E1,-2.487676849E0,-6.428831177E0,6.864275665E0
3.304265762E1,-2.493963776E0,-6.426585846E0,6.859934692E0
3.305269762E1,-2.490221558E0,-6.443051605E0,6.859635315E0
3.306273862E1,-2.483036499E0,-6.440057831E0,6.865024109E0
3.307277862E1,-2.483485565E0,-6.421945496E0,6.857689362E0
3.308281863E1,-2.484982452E0,-6.422244873E0,6.856791229E0
3.309285863E1,-2.478096771E0,-6.419101410E0,6.862329712E0
3.310292962E1,-2.482138367E0,-6.419101410E0,6.854845276E0
3.311296962E1,-2.483335876E0,-6.418802032E0,6.862928467E0
3.312301063E1,-2.482737122E0,-6.424639893E0,6.855444031E0
3.313305063E1,-2.472109222E0,-6.425388336E0,6.862180023E0
3.314309062E1,-2.468067627E0,-6.419101410E0,6.865173798E0
3.315313162E1,-2.476450195E0,-6.423143005E0,6.869963837E0
3.316320163E1,-2.473007355E0,-6.421646118E0,6.882088623E0
3.317324262E1,-2.470312958E0,-6.419400787E0,6.870562592E0
3.318328262E1,-2.477647705E0,-6.412964172E0,6.881639557E0
3.319332262E1,-2.476150818E0,-6.413413239E0,6.876400452E0
3.320336362E1,-2.477198639E0,-6.409371643E0,6.874753876E0
3.321340362E1,-2.481988678E0,-6.415808258E0,6.875202942E0
3.322344363E1,-2.485730896E0,-6.427633667E0,6.868916016E0
3.323351462E1,-2.490221558E0,-6.434669037E0,6.868466949E0
3.324355462E1,-2.494113464E0,-6.437064056E0,6.857988739E0
3.325359462E1,-2.490820312E0,-6.430028687E0,6.839427338E0
3.326363563E1,-2.484533386E0,-6.433621216E0,6.860683136E0
3.327367563E1,-2.489323425E0,-6.425687714E0,6.864874420E0
3.328371562E1,-2.490221558E0,-6.414760437E0,6.861132202E0
3.329378662E1,-2.495460663E0,-6.422693939E0,6.862479401E0
3.330382663E1,-2.499951324E0,-6.424789581E0,6.866071930E0
3.331386762E1,-2.484533386E0,-6.415508881E0,6.867718506E0
3.332390762E1,-2.485730896E0,-6.419700165E0,6.870263214E0
3.333394762E1,-2.486778717E0,-6.415957947E0,6.869215393E0
3.334398862E1,-2.485281830E0,-6.411616974E0,6.882537689E0
3.335402862E1,-2.478845215E0,-6.422394562E0,6.879244537E0
3.336409962E1,-2.481838989E0,-6.428232422E0,6.861581268E0
3.337413962E1,-2.488574982E0,-6.422693939E0,6.864874420E0
3.338417962E1,-2.489473114E0,-6.412215729E0,6.881190491E0
3.339421962E1,-2.495011597E0,-6.401288452E0,6.886130219E0
3.340426063E1,-2.484383698E0,-6.412814484E0,6.882687378E0
3.341430063E1,-2.486329651E0,-6.420448608E0,6.894063721E0
3.342437162E1,-2.485730896E0,-6.422843628E0,6.891968079E0
3.343441162E1,-2.494263153E0,-6.428980865E0,6.883286133E0
3.344445163E1,-2.486928406E0,-6.422544250E0,6.863826599E0
3.345449262E1,-2.490520935E0,-6.415658569E0,6.854845276E0
3.346453262E1,-2.496957550E0,-6.398893433E0,6.850653992E0
3.347457262E1,-2.491269379E0,-6.403234406E0,6.842121735E0
3.348461362E1,-2.486778717E0,-6.409671021E0,6.839277649E0
3.349468362E1,-2.490970001E0,-6.410718842E0,6.843319244E0
3.350472462E1,-2.483036499E0,-6.412365417E0,6.863377533E0
3.351476462E1,-2.487377472E0,-6.418652344E0,6.869963837E0
3.352480462E1,-2.481988678E0,-6.424490204E0,6.877747650E0
3.353484462E1,-2.472707977E0,-6.420897675E0,6.879843292E0
3.354488563E1,-2.471959534E0,-6.422693939E0,6.871610413E0
3.355495662E1,-2.476450195E0,-6.422244873E0,6.879094849E0
3.356499662E1,-2.479743347E0,-6.421945496E0,6.878346405E0
3.357503662E1,-2.481838989E0,-6.423442383E0,6.871610413E0
3.358507663E1,-2.484234009E0,-6.418203278E0,6.873556366E0
3.359511762E1,-2.489922180E0,-6.413413239E0,6.868317261E0
3.360515762E1,-2.478695526E0,-6.411317596E0,6.860084381E0
3.361519762E1,-2.482886810E0,-6.410569153E0,6.868317261E0
3.362526863E1,-2.483186188E0,-6.412215729E0,6.871610413E0
3.363530862E1,-2.486179962E0,-6.404282227E0,6.873855743E0
3.364534962E1,-2.495161285E0,-6.390959930E0,6.874604187E0
3.365538962E1,-2.497256927E0,-6.402336273E0,6.887477417E0
3.366542962E1,-2.495310974E0,-6.410120087E0,6.888225861E0
3.367546962E1,-2.502795410E0,-6.409521332E0,6.887178040E0
3.368551063E1,-2.507585449E0,-6.419700165E0,6.890620880E0
3.369558162E1,-2.512525177E0,-6.413413239E0,6.881789246E0
3.370562162E1,-2.509830780E0,-6.406377869E0,6.863976288E0
3.371566162E1,-2.507286072E0,-6.416107635E0,6.878795471E0
3.372570163E1,-2.502346344E0,-6.412664795E0,6.877897339E0
3.373574262E1,-2.500849457E0,-6.409970398E0,6.875801697E0
3.374578262E1,-2.492317200E0,-6.410868530E0,6.873107300E0
3.375585362E1,-2.492766266E0,-6.408772888E0,6.855444031E0
3.376589363E1,-2.496358795E0,-6.412814484E0,6.850354614E0
3.377593362E1,-2.495610352E0,-6.419101410E0,6.865922241E0
3.378597462E1,-2.503992920E0,-6.411616974E0,6.878196716E0
3.379601462E1,-2.499951324E0,-6.410120087E0,6.881040802E0
3.380605462E1,-2.497107239E0,-6.415658569E0,6.868916016E0
3.381609462E1,-2.499352570E0,-6.422843628E0,6.864575043E0
3.382616562E1,-2.496508484E0,-6.423592072E0,6.879543915E0
3.383620662E1,-2.494412842E0,-6.424340515E0,6.874304810E0
3.384624662E1,-2.497107239E0,-6.415059814E0,6.871909790E0
3.385628662E1,-2.499801636E0,-6.416407013E0,6.874753876E0
3.386632663E1,-2.490371246E0,-6.422843628E0,6.874304810E0
3.387636762E1,-2.500250702E0,-6.417903900E0,6.868616638E0
3.388643862E1,-2.500400391E0,-6.409371643E0,6.867718506E0
3.389647862E1,-2.497705994E0,-6.408323822E0,6.866221619E0
3.390651863E1,-2.492317200E0,-6.415808258E0,6.868916016E0
3.391655862E1,-2.493814087E0,-6.414461060E0,6.868317261E0
3.392659962E1,-2.484234009E0,-6.406078491E0,6.872209167E0
3.393663962E1,-2.478994904E0,-6.398893433E0,6.874903564E0
3.394665625E1,-2.484234009E0,-6.404581604E0,6.881489868E0
3.395672725E1,-2.488125916E0,-6.406078491E0,6.873706055E0
3.396676725E1,-2.494412842E0,-6.415808258E0,6.878645782E0
3.397680825E1,-2.493365021E0,-6.413263550E0,6.877448273E0
3.398684825E1,-2.487527161E0,-6.405479736E0,6.889423370E0
3.399688825E1,-2.484533386E0,-6.406228180E0,6.879843292E0
3.400692825E1,-2.482138367E0,-6.407276001E0,6.873855743E0
3.401699925E1,-2.494412842E0,-6.404731293E0,6.868766327E0
3.402704025E1,-2.501747589E0,-6.411018219E0,6.865473175E0
3.403708025E1,-2.491269379E0,-6.418802032E0,6.873556366E0
3.404712025E1,-2.491868134E0,-6.425837402E0,6.861431580E0
3.405716025E1,-2.489922180E0,-6.416556702E0,6.849306793E0
3.406720125E1,-2.493814087E0,-6.411467285E0,6.862329712E0
3.407724125E1,-2.493514709E0,-6.410419464E0,6.868766327E0
3.408731225E1,-2.492915955E0,-6.406826935E0,6.872957611E0
3.409735225E1,-2.499651947E0,-6.400390320E0,6.876101074E0
3.410739225E1,-2.500550079E0,-6.406677246E0,6.881040802E0
3.411743325E1,-2.498304749E0,-6.413862305E0,6.878795471E0
3.412747325E1,-2.504142609E0,-6.414311371E0,6.881639557E0
3.413751325E1,-2.495310974E0,-6.413562927E0,6.869514771E0
3.414758425E1,-2.491269379E0,-6.409671021E0,6.859635315E0
3.415762425E1,-2.495161285E0,-6.415508881E0,6.868017883E0
3.416766525E1,-2.493664398E0,-6.416257324E0,6.860533447E0
3.417770525E1,-2.503992920E0,-6.408922577E0,6.875652008E0
3.418774525E1,-2.506687317E0,-6.411167908E0,6.881340179E0
3.419778525E1,-2.505489807E0,-6.404581604E0,6.877448273E0
3.420782625E1,-2.507435760E0,-6.416257324E0,6.885531464E0
3.421789625E1,-2.503693542E0,-6.414760437E0,6.884184265E0
3.422793725E1,-2.508932648E0,-6.418951721E0,6.891519012E0
3.423797725E1,-2.513572998E0,-6.410718842E0,6.871909790E0
3.424801725E1,-2.513722687E0,-6.402186584E0,6.863826599E0
3.425805825E1,-2.510429535E0,-6.401438141E0,6.857389984E0
3.426809825E1,-2.515518951E0,-6.397695923E0,6.848109283E0
3.427813825E1,-2.521207123E0,-6.393055573E0,6.842271423E0
3.428820925E1,-2.518512726E0,-6.401138763E0,6.839427338E0
3.429824925E1,-2.520308990E0,-6.414910126E0,6.849456482E0
3.430829025E1,-2.511177979E0,-6.421646118E0,6.863078156E0
3.431833025E1,-2.499951324E0,-6.416706390E0,6.872059479E0
3.432837025E1,-2.492616577E0,-6.414161682E0,6.868466949E0
3.433841025E1,-2.490071869E0,-6.420149231E0,6.870263214E0
3.434848125E1,-2.496209106E0,-6.414161682E0,6.875202942E0
3.435852125E1,-2.492766266E0,-6.417005768E0,6.889123993E0
3.436856225E1,-2.502645721E0,-6.422394562E0,6.878047028E0
3.437860225E1,-2.496807861E0,-6.410120087E0,6.863377533E0
3.438864225E1,-2.513123932E0,-6.414011993E0,6.858737183E0
3.439868325E1,-2.507585449E0,-6.415658569E0,6.844516754E0
3.440872325E1,-2.512076111E0,-6.416257324E0,6.843618622E0
3.441879425E1,-2.505639496E0,-6.413862305E0,6.872209167E0
3.442883425E1,-2.510878601E0,-6.409820709E0,6.867718506E0
3.443887425E1,-2.507435760E0,-6.399192810E0,6.872508545E0
3.444891525E1,-2.502046967E0,-6.395600281E0,6.879094849E0
3.445895525E1,-2.506537628E0,-6.405779114E0,6.864874420E0
3.446899525E1,-2.511776733E0,-6.418352966E0,6.877448273E0
3.447906625E1,-2.513123932E0,-6.417604523E0,6.881639557E0
3.448910625E1,-2.513123932E0,-6.405330048E0,6.871311035E0
3.449914625E1,-2.521356812E0,-6.414760437E0,6.879094849E0
3.450918725E1,-2.518512726E0,-6.404431915E0,6.876849518E0
3.451922725E1,-2.523901520E0,-6.405928802E0,6.869664459E0
3.452926725E1,-2.508483582E0,-6.409072266E0,6.871311035E0
3.453930825E1,-2.502496033E0,-6.405030670E0,6.859785004E0
3.454937825E1,-2.517913971E0,-6.399941254E0,6.863976288E0
3.455941925E1,-2.511327667E0,-6.396648102E0,6.865772552E0
3.456945925E1,-2.523153076E0,-6.388714600E0,6.872358856E0
3.457949925E1,-2.527194672E0,-6.400240631E0,6.879094849E0
3.458954025E1,-2.542911987E0,-6.408024445E0,6.889273682E0
3.459958025E1,-2.556833038E0,-6.416407013E0,6.887477417E0
3.460965125E1,-2.554288330E0,-6.415209503E0,6.886728973E0
3.461969125E1,-2.547552338E0,-6.431375885E0,6.865173798E0
3.462973125E1,-2.549947357E0,-6.431974640E0,6.849157104E0
3.463977125E1,-2.543660431E0,-6.411317596E0,6.837331696E0
3.464981225E1,-2.531086578E0,-6.413413239E0,6.842570801E0
3.465985225E1,-2.510579224E0,-6.413113861E0,6.844965820E0
3.466989225E1,-2.505489807E0,-6.404431915E0,6.835685120E0
3.467996325E1,-2.506537628E0,-6.409970398E0,6.839277649E0
3.469000325E1,-2.499352570E0,-6.409521332E0,6.853797455E0
3.470004425E1,-2.495011597E0,-6.420149231E0,6.863527222E0
3.471008425E1,-2.493963776E0,-6.434070282E0,6.859635315E0
3.472012425E1,-2.496508484E0,-6.456822968E0,6.864425354E0
3.473016525E1,-2.496209106E0,-6.458469543E0,6.874155121E0
3.474023525E1,-2.483335876E0,-6.444997559E0,6.875502319E0
3.475027625E1,-2.473606110E0,-6.438261566E0,6.879992981E0
3.476031625E1,-2.477048950E0,-6.429878998E0,6.861880646E0
3.477035625E1,-2.468217316E0,-6.433321838E0,6.862629089E0
3.478039625E1,-2.458038483E0,-6.419999542E0,6.863527222E0
3.479043725E1,-2.447709961E0,-6.418053589E0,6.856192474E0
3.480047725E1,-2.458487549E0,-6.419700165E0,6.852749634E0
3.481054825E1,-2.464026031E0,-6.420298920E0,6.846762085E0
3.482058825E1,-2.483784943E0,-6.422544250E0,6.856491852E0
3.483062825E1,-2.497107239E0,-6.417454834E0,6.861132202E0
3.484066925E1,-2.489473114E0,-6.415059814E0,6.876250763E0
3.485070925E1,-2.501148834E0,-6.412515106E0,6.876699829E0
3.486074925E1,-2.500550079E0,-6.413413239E0,6.874155121E0
3.487079025E1,-2.507585449E0,-6.409221954E0,6.882837067E0
3.488086025E1,-2.506088562E0,-6.410868530E0,6.881639557E0
3.489090125E1,-2.506537628E0,-6.400839386E0,6.887627106E0
3.490094125E1,-2.508034515E0,-6.413413239E0,6.872807922E0
3.491098125E1,-2.512824554E0,-6.413413239E0,6.887477417E0
3.492102125E1,-2.514171753E0,-6.408174133E0,6.879394226E0
3.493106225E1,-2.510878601E0,-6.403084717E0,6.874005432E0
3.494113325E1,-2.497406616E0,-6.409970398E0,6.857839050E0
3.495117775E1,-2.505190430E0,-6.409371643E0,6.854845276E0
3.496121775E1,-2.496957550E0,-6.407575378E0,6.856192474E0
3.497125775E1,-2.490221558E0,-6.410120087E0,6.862030334E0
3.498129875E1,-2.494861908E0,-6.415359192E0,6.853498077E0
3.499133875E1,-2.491868134E0,-6.425987091E0,6.866520996E0
3.500137875E1,-2.480641479E0,-6.444099426E0,6.867269440E0
3.501144975E1,-2.477348328E0,-6.456224213E0,6.863676910E0
3.502148975E1,-2.464175720E0,-6.470594330E0,6.851851501E0
3.503153075E1,-2.463576965E0,-6.483168182E0,6.844666443E0
3.504157075E1,-2.462379456E0,-6.465355225E0,6.827601929E0
3.505161075E1,-2.461181946E0,-6.450086975E0,6.822362823E0
3.506165075E1,-2.467019806E0,-6.443201294E0,6.809938660E0
3.507172175E1,-2.476150818E0,-6.415209503E0,6.807094574E0
3.508176275E1,-2.479593658E0,-6.408024445E0,6.823410645E0
3.509180275E1,-2.483635254E0,-6.406377869E0,6.834637299E0
3.510184275E1,-2.491568756E0,-6.413562927E0,6.857689362E0
3.511188275E1,-2.498604126E0,-6.408174133E0,6.864125977E0
3.512192375E1,-2.496508484E0,-6.412365417E0,6.878496094E0
3.513196375E1,-2.497855682E0,-6.419400787E0,6.889872437E0
3.514203475E1,-2.499352570E0,-6.425088959E0,6.902595978E0
3.515207475E1,-2.487976227E0,-6.426585846E0,6.886878662E0
3.516211475E1,-2.491269379E0,-6.425987091E0,6.881938934E0
3.517215575E1,-2.493365021E0,-6.424041138E0,6.874155121E0
3.518219575E1,-2.493514709E0,-6.420598297E0,6.859635315E0
3.519223575E1,-2.505639496E0,-6.407874756E0,6.858288116E0
3.520230675E1,-2.506986694E0,-6.401138763E0,6.844217377E0
3.521234675E1,-2.510579224E0,-6.412964172E0,6.837182007E0
3.522238775E1,-2.510279846E0,-6.428980865E0,6.838978271E0
3.523242775E1,-2.511477356E0,-6.430777130E0,6.844516754E0
3.524246775E1,-2.512824554E0,-6.442153473E0,6.837182007E0
3.525250775E1,-2.501597900E0,-6.441704407E0,6.841223602E0
3.526254875E1,-2.499801636E0,-6.439608765E0,6.844067688E0
3.527261875E1,-2.489473114E0,-6.446943512E0,6.844516754E0
3.528265975E1,-2.493365021E0,-6.441255341E0,6.843618622E0
3.529269975E1,-2.504891052E0,-6.429878998E0,6.863527222E0
3.530273975E1,-2.518812103E0,-6.415808258E0,6.859036560E0
3.531278075E1,-2.517165527E0,-6.415957947E0,6.861431580E0
3.532282075E1,-2.523901520E0,-6.425538025E0,6.854845276E0
3.533289175E1,-2.526146851E0,-6.431824951E0,6.856791229E0
3.534293175E1,-2.514022064E0,-6.441554718E0,6.851402435E0
3.535297175E1,-2.505489807E0,-6.443500671E0,6.847510529E0
3.536301275E1,-2.496658173E0,-6.434669037E0,6.851701813E0
3.537305275E1,-2.498304749E0,-6.417305145E0,6.853947144E0
3.538309275E1,-2.496209106E0,-6.409970398E0,6.867269440E0
3.539313275E1,-2.491868134E0,-6.394402771E0,6.880891113E0
3.540320375E1,-2.489922180E0,-6.384972382E0,6.891219635E0
3.541324375E1,-2.475402374E0,-6.379433899E0,6.890920258E0
3.542328475E1,-2.472707977E0,-6.376889191E0,6.886130219E0
3.543332475E1,-2.475252686E0,-6.391109619E0,6.895560608E0
3.544336475E1,-2.468516693E0,-6.385720825E0,6.892866211E0
3.545340575E1,-2.462379456E0,-6.400540009E0,6.889273682E0
3.546347575E1,-2.463876343E0,-6.411167908E0,6.889423370E0
3.547351675E1,-2.455942841E0,-6.431226196E0,6.894213409E0
3.548355675E1,-2.451751556E0,-6.439309387E0,6.882088623E0
3.549359675E1,-2.463576965E0,-6.440506897E0,6.871311035E0
3.550363775E1,-2.472558289E0,-6.429878998E0,6.859635315E0
3.551367775E1,-2.482737122E0,-6.418502655E0,6.853498077E0
3.552371775E1,-2.488125916E0,-6.424639893E0,6.849606171E0
3.553378875E1,-2.486479340E0,-6.414311371E0,6.848258972E0
3.554382875E1,-2.488125916E0,-6.410718842E0,6.856940918E0
3.555386875E1,-2.474504242E0,-6.415059814E0,6.869514771E0
3.556390975E1,-2.468816071E0,-6.422843628E0,6.862778778E0
3.557394975E1,-2.463427277E0,-6.412964172E0,6.873706055E0
3.558398975E1,-2.453996887E0,-6.413562927E0,6.872957611E0
3.559406075E1,-2.466121674E0,-6.411616974E0,6.875202942E0
3.560410075E1,-2.465373230E0,-6.410718842E0,6.874454498E0
3.561414175E1,-2.459834747E0,-6.409072266E0,6.879543915E0
3.562418175E1,-2.459086304E0,-6.414011993E0,6.890920258E0
3.563422175E1,-2.464624786E0,-6.415808258E0,6.888375549E0
3.564426275E1,-2.472857666E0,-6.417903900E0,6.871460724E0
3.565430275E1,-2.482437744E0,-6.432423706E0,6.876699829E0
3.566437375E1,-2.485132141E0,-6.438411255E0,6.873406677E0
3.567441375E1,-2.482288055E0,-6.441554718E0,6.866520996E0
3.568445375E1,-2.492167511E0,-6.444548492E0,6.855294342E0
3.569449375E1,-2.478994904E0,-6.441854095E0,6.848408661E0
3.570453475E1,-2.470013580E0,-6.436165924E0,6.846762085E0
3.571457475E1,-2.468217316E0,-6.435118103E0,6.846163330E0
3.572461475E1,-2.469863892E0,-6.422544250E0,6.854396210E0
3.573468575E1,-2.477198639E0,-6.418502655E0,6.854396210E0
3.574472575E1,-2.481389923E0,-6.439758453E0,6.859635315E0
3.575476675E1,-2.510728912E0,-6.435417480E0,6.851552124E0
3.576480675E1,-2.521207123E0,-6.439908142E0,6.846013641E0
3.577484675E1,-2.511477356E0,-6.448290710E0,6.835984497E0
3.578488775E1,-2.511627045E0,-6.467301178E0,6.826853485E0
3.579495775E1,-2.499651947E0,-6.469396820E0,6.835086365E0
3.580499875E1,-2.473157043E0,-6.472540283E0,6.847360840E0
3.581503875E1,-2.461930389E0,-6.462660828E0,6.858737183E0
3.582507875E1,-2.454745331E0,-6.451583862E0,6.850204926E0
3.583511875E1,-2.448308716E0,-6.445147247E0,6.839577026E0
3.584515975E1,-2.436333618E0,-6.439908142E0,6.841073914E0
3.585519975E1,-2.426603851E0,-6.438560944E0,6.854845276E0
3.586527075E1,-2.409838715E0,-6.435567169E0,6.852450256E0
3.587531075E1,-2.406695251E0,-6.434519348E0,6.854695587E0
3.588535075E1,-2.413880310E0,-6.441554718E0,6.855593719E0
3.589539175E1,-2.394570465E0,-6.463409271E0,6.854845276E0
3.590543175E1,-2.404449921E0,-6.467001801E0,6.858437805E0
3.591547175E1,-2.413281555E0,-6.474635925E0,6.857389984E0
3.592554275E1,-2.414329376E0,-6.492448883E0,6.846612396E0
3.593558275E1,-2.423011322E0,-6.502927094E0,6.849306793E0
3.594562375E1,-2.423460388E0,-6.500232697E0,6.834337921E0
3.595564037E1,-2.415077820E0,-6.509663086E0,6.821464691E0
3.596568037E1,-2.398013306E0,-6.510860596E0,6.810537415E0
3.597572037E1,-2.391277313E0,-6.510411530E0,6.807843018E0
3.598576137E1,-2.379751282E0,-6.507118378E0,6.801705780E0
3.599583237E1,-2.374063110E0,-6.505172424E0,6.806944885E0
3.600587237E1,-2.375410309E0,-6.505471802E0,6.814129944E0
3.601591237E1,-2.376158752E0,-6.481222229E0,6.820117493E0
3.602595237E1,-2.401156769E0,-6.480773163E0,6.823710022E0
3.603599338E1,-2.408790894E0,-6.500681763E0,6.834637299E0
3.604603338E1,-2.417323151E0,-6.496041412E0,6.835086365E0
3.605610437E1,-2.417173462E0,-6.504573669E0,6.841073914E0
3.606614437E1,-2.421215057E0,-6.495891724E0,6.822662201E0
3.607618438E1,-2.420017548E0,-6.484964447E0,6.815926208E0
3.608622537E1,-2.414179688E0,-6.471941528E0,6.831793213E0
3.609626537E1,-2.405647430E0,-6.460415497E0,6.855444031E0
3.610630537E1,-2.404898987E0,-6.449637909E0,6.851851501E0
3.611634537E1,-2.414628754E0,-6.451284485E0,6.860982513E0
3.612641637E1,-2.414628754E0,-6.460864563E0,6.840774536E0
3.613645737E1,-2.408940582E0,-6.474635925E0,6.832990723E0
3.614649737E1,-2.400258636E0,-6.484515381E0,6.834188232E0
3.615653737E1,-2.405946808E0,-6.485563202E0,6.817722473E0
3.616657737E1,-2.395468597E0,-6.485114136E0,6.838379517E0
3.617661838E1,-2.382445679E0,-6.477629700E0,6.849755859E0
3.618668837E1,-2.381098480E0,-6.482569427E0,6.840624847E0
3.619672937E1,-2.385888519E0,-6.477629700E0,6.843019867E0
3.620676937E1,-2.384391632E0,-6.473139038E0,6.855144653E0
3.621680938E1,-2.389181671E0,-6.476132812E0,6.862180023E0
3.622685037E1,-2.411036224E0,-6.470594330E0,6.869814148E0
3.623689037E1,-2.421215057E0,-6.463109894E0,6.858138428E0
3.624693037E1,-2.432441711E0,-6.464906158E0,6.858587494E0
3.625700138E1,-2.447410583E0,-6.453529816E0,6.851252747E0
3.626704137E1,-2.448009338E0,-6.461613007E0,6.844217377E0
3.627708237E1,-2.454296265E0,-6.469396820E0,6.839726715E0
3.628712237E1,-2.457439728E0,-6.481371918E0,6.826554108E0
3.629716237E1,-2.444566498E0,-6.480922852E0,6.828050995E0
3.630720237E1,-2.442770233E0,-6.488856354E0,6.831044769E0
3.631727337E1,-2.444865875E0,-6.482419739E0,6.835535431E0
3.632731337E1,-2.432292023E0,-6.481371918E0,6.827601929E0
3.633735437E1,-2.432591400E0,-6.481521606E0,6.837182007E0
3.634739437E1,-2.427352295E0,-6.479725342E0,6.839277649E0
3.635743438E1,-2.409988403E0,-6.487209778E0,6.834637299E0
3.636747537E1,-2.414029999E0,-6.481072540E0,6.843917999E0
3.637751537E1,-2.410886536E0,-6.476282501E0,6.852150879E0
3.638758637E1,-2.405946808E0,-6.477330322E0,6.846762085E0
3.639762638E1,-2.408341827E0,-6.481671295E0,6.831643524E0
3.640766637E1,-2.387385406E0,-6.500083008E0,6.835236053E0
3.641770737E1,-2.375410309E0,-6.495891724E0,6.830446014E0
3.642774737E1,-2.383194122E0,-6.490353241E0,6.838828583E0
3.643778737E1,-2.376757507E0,-6.500232697E0,6.837331696E0
3.644785837E1,-2.382295990E0,-6.486760712E0,6.837481384E0
3.645789837E1,-2.381248169E0,-6.465504913E0,6.847061462E0
3.646793837E1,-2.380649414E0,-6.455924835E0,6.862778778E0
3.647797937E1,-2.395767975E0,-6.453230438E0,6.876849518E0
3.648801937E1,-2.409239960E0,-6.460415497E0,6.886429596E0
3.649805938E1,-2.410437469E0,-6.470444641E0,6.889872437E0
3.650810037E1,-2.414029999E0,-6.472390594E0,6.891519012E0
3.651817037E1,-2.407892761E0,-6.472091217E0,6.882986755E0
3.652821137E1,-2.398761749E0,-6.476282501E0,6.869065704E0
3.653825138E1,-2.384541321E0,-6.478378143E0,6.840475159E0
3.654829137E1,-2.376907196E0,-6.467301178E0,6.826554108E0
3.655833237E1,-2.378104706E0,-6.464157715E0,6.822811890E0
3.656837237E1,-2.373614044E0,-6.465504913E0,6.814429321E0
3.657844338E1,-2.367925873E0,-6.482868805E0,6.803951111E0
3.658848337E1,-2.367476807E0,-6.488856354E0,6.822213135E0
3.659852337E1,-2.361040192E0,-6.482868805E0,6.823111267E0
3.660856337E1,-2.364183655E0,-6.499334564E0,6.834337921E0
3.661860437E1,-2.358495483E0,-6.493197327E0,6.835834808E0
3.662864437E1,-2.364033966E0,-6.490652618E0,6.834337921E0
3.663868438E1,-2.363734589E0,-6.494245148E0,6.830895081E0
3.664875537E1,-2.371668091E0,-6.508914642E0,6.829098816E0
3.665879537E1,-2.377206573E0,-6.516698456E0,6.836283875E0
3.666883637E1,-2.357597351E0,-6.533613281E0,6.836583252E0
3.667887638E1,-2.361489258E0,-6.530619507E0,6.818470917E0
3.668891637E1,-2.349963226E0,-6.514004059E0,6.825206909E0
3.669895737E1,-2.337988129E0,-6.493796082E0,6.828050995E0
3.670902738E1,-2.342329102E0,-6.474336548E0,6.849456482E0
3.671906838E1,-2.344275055E0,-6.472540283E0,6.865173798E0
3.672910837E1,-2.367476807E0,-6.454727325E0,6.860683136E0
3.673914837E1,-2.372566223E0,-6.455475769E0,6.851252747E0
3.674918837E1,-2.387834473E0,-6.472390594E0,6.849306793E0
3.675922937E1,-2.392474823E0,-6.483467560E0,6.851402435E0
3.676926937E1,-2.393372955E0,-6.494993591E0,6.852749634E0
3.677934037E1,-2.384391632E0,-6.494694214E0,6.861132202E0
3.678938037E1,-2.390229492E0,-6.477030945E0,6.874304810E0
3.679942037E1,-2.387684784E0,-6.469396820E0,6.864575043E0
3.680946137E1,-2.396067352E0,-6.458469543E0,6.870412903E0
3.681950138E1,-2.393971710E0,-6.454278259E0,6.866221619E0
3.682954137E1,-2.396965485E0,-6.466403046E0,6.863527222E0
3.683958237E1,-2.396666107E0,-6.471642151E0,6.858737183E0
3.684965238E1,-2.408192139E0,-6.484665070E0,6.860234070E0
3.685969338E1,-2.407144318E0,-6.486012268E0,6.852899323E0
3.686973337E1,-2.397115173E0,-6.490951996E0,6.842121735E0
3.687977337E1,-2.395318909E0,-6.498586121E0,6.837631073E0
3.688981337E1,-2.384990387E0,-6.502178650E0,6.825506287E0
3.689985437E1,-2.372566223E0,-6.490353241E0,6.819518738E0
3.690992537E1,-2.373763733E0,-6.494245148E0,6.821315002E0
3.691996537E1,-2.369123383E0,-6.493945770E0,6.829697571E0
3.693000537E1,-2.376757507E0,-6.495891724E0,6.815177765E0
3.694004537E1,-2.367626495E0,-6.490203552E0,6.822512512E0
3.695009175E1,-2.360740814E0,-6.491251373E0,6.837481384E0
3.696013175E1,-2.360890503E0,-6.483317871E0,6.856641541E0
3.697017175E1,-2.371817780E0,-6.466702423E0,6.867868195E0
3.698024275E1,-2.376158752E0,-6.476432190E0,6.862778778E0
3.699028275E1,-2.371368713E0,-6.485263824E0,6.876699829E0
3.700032375E1,-2.372865601E0,-6.496191101E0,6.870113525E0
3.701036375E1,-2.364932098E0,-6.504124603E0,6.853947144E0
3.702040375E1,-2.355352020E0,-6.508315887E0,6.850204926E0
3.703044375E1,-2.351759491E0,-6.507417755E0,6.839427338E0
3.704051475E1,-2.349214783E0,-6.499933319E0,6.847211151E0
3.705055575E1,-2.340083771E0,-6.488706665E0,6.840774536E0
3.706059575E1,-2.346221008E0,-6.473438416E0,6.845714264E0
3.707063575E1,-2.350561981E0,-6.472240906E0,6.860533447E0
3.708067575E1,-2.372566223E0,-6.472240906E0,6.854994965E0
3.709071675E1,-2.375859375E0,-6.488556976E0,6.849905548E0
3.710075675E1,-2.384391632E0,-6.506819000E0,6.840026093E0
3.711082775E1,-2.390828247E0,-6.511609039E0,6.836732941E0
3.712086775E1,-2.380050659E0,-6.511758728E0,6.841522980E0
3.713090775E1,-2.367177429E0,-6.510261841E0,6.841672668E0
3.714094875E1,-2.351759491E0,-6.504723358E0,6.824757843E0
3.715098875E1,-2.352208557E0,-6.499783630E0,6.827152863E0
3.716102875E1,-2.363285522E0,-6.506070557E0,6.819668427E0
3.717109975E1,-2.351460114E0,-6.503825226E0,6.827452240E0
3.718113975E1,-2.334545288E0,-6.495742035E0,6.848258972E0
3.719118075E1,-2.348017273E0,-6.500981140E0,6.836732941E0
3.720122075E1,-2.348316650E0,-6.502777405E0,6.840325470E0
3.721126075E1,-2.345771942E0,-6.505322113E0,6.847211151E0
3.722130075E1,-2.343227234E0,-6.511908417E0,6.839277649E0
3.723134175E1,-2.340682526E0,-6.517895966E0,6.849456482E0
3.724141175E1,-2.340233459E0,-6.525380402E0,6.836732941E0
3.725145275E1,-2.349514160E0,-6.517297211E0,6.824608154E0
3.726149275E1,-2.351011047E0,-6.501430206E0,6.825506287E0
3.727153275E1,-2.361489258E0,-6.498735809E0,6.830745392E0
3.728157375E1,-2.364483032E0,-6.498436432E0,6.827302551E0
3.729161375E1,-2.356399841E0,-6.496789856E0,6.814728699E0
3.730168475E1,-2.361040192E0,-6.485413513E0,6.814279633E0
3.731172475E1,-2.362537079E0,-6.495442657E0,6.822662201E0
3.732176475E1,-2.347119141E0,-6.498286743E0,6.837032318E0
3.733180575E1,-2.336191864E0,-6.494544525E0,6.840624847E0
3.734184575E1,-2.334245911E0,-6.500083008E0,6.837331696E0
3.735188575E1,-2.341430969E0,-6.509513397E0,6.843768311E0
3.736192575E1,-2.345322876E0,-6.510411530E0,6.849007416E0
3.737199675E1,-2.339185638E0,-6.521338806E0,6.845564575E0
3.738203675E1,-2.341580658E0,-6.521638184E0,6.834936676E0
3.739207775E1,-2.352058868E0,-6.516997833E0,6.836433563E0
3.740211775E1,-2.357148285E0,-6.509064331E0,6.838978271E0
3.741215775E1,-2.358345795E0,-6.506519623E0,6.838229828E0
3.742219875E1,-2.370769958E0,-6.494843903E0,6.825206909E0
3.743226875E1,-2.380200348E0,-6.481521606E0,6.825805664E0
3.744230975E1,-2.380948792E0,-6.475983124E0,6.839726715E0
3.745234975E1,-2.380799103E0,-6.468947754E0,6.837032318E0
3.746238975E1,-2.377805328E0,-6.482868805E0,6.832242279E0
3.747243075E1,-2.365830231E0,-6.489904175E0,6.850803680E0
3.748247075E1,-2.368824005E0,-6.491999817E0,6.860683136E0
3.749251075E1,-2.375260620E0,-6.486161957E0,6.858737183E0
3.750258175E1,-2.381846924E0,-6.483617249E0,6.852150879E0
3.751262175E1,-2.379302216E0,-6.472989349E0,6.864275665E0
3.752266175E1,-2.388582916E0,-6.470594330E0,6.859934692E0
3.753270275E1,-2.394420776E0,-6.462211761E0,6.844217377E0
3.754274275E1,-2.389780426E0,-6.475234680E0,6.836433563E0
3.755278275E1,-2.394271088E0,-6.483467560E0,6.840325470E0
3.756285375E1,-2.388433228E0,-6.487509155E0,6.825655975E0
3.757289375E1,-2.384840698E0,-6.502178650E0,6.816524963E0
3.758293475E1,-2.388732605E0,-6.512656860E0,6.821015625E0
3.759297475E1,-2.390678558E0,-6.515351257E0,6.819369049E0
3.760301475E1,-2.393073578E0,-6.507268066E0,6.822063446E0
3.761305575E1,-2.397264862E0,-6.497837677E0,6.829398193E0
3.762309575E1,-2.415377197E0,-6.494095459E0,6.833589478E0
3.763316675E1,-2.419418793E0,-6.507268066E0,6.836732941E0
3.764320675E1,-2.415826263E0,-6.503825226E0,6.817722473E0
3.765324675E1,-2.418670349E0,-6.488407288E0,6.825955353E0
3.766328675E1,-2.425106964E0,-6.488556976E0,6.819069672E0
3.767332775E1,-2.428699493E0,-6.491850128E0,6.817722473E0
3.768336775E1,-2.418520660E0,-6.491550751E0,6.831942902E0
3.769343875E1,-2.408940582E0,-6.494694214E0,6.819069672E0
3.770347875E1,-2.414628754E0,-6.485712891E0,6.826105042E0
3.771351875E1,-2.418969727E0,-6.475683746E0,6.841373291E0
3.772355975E1,-2.421215057E0,-6.469845886E0,6.838379517E0
3.773359975E1,-2.408042450E0,-6.463109894E0,6.857539673E0
3.774363975E1,-2.413131866E0,-6.458619232E0,6.857090607E0
3.775368075E1,-2.415377197E0,-6.451134796E0,6.856042786E0
3.776375075E1,-2.415526886E0,-6.460265808E0,6.856192474E0
3.777379175E1,-2.415077820E0,-6.463858337E0,6.865024109E0
3.778383175E1,-2.418071594E0,-6.456673279E0,6.857839050E0
3.779387175E1,-2.419119415E0,-6.446943512E0,6.864425354E0
3.780391175E1,-2.431543579E0,-6.455775146E0,6.857240295E0
3.781395275E1,-2.431992645E0,-6.463109894E0,6.852899323E0
3.782402375E1,-2.431393890E0,-6.454877014E0,6.856342163E0
3.783406375E1,-2.431094513E0,-6.460415497E0,6.853647766E0
3.784410375E1,-2.442770233E0,-6.455176392E0,6.845265198E0
3.785414375E1,-2.443069611E0,-6.459517365E0,6.836732941E0
3.786418475E1,-2.442919922E0,-6.469696198E0,6.829398193E0
3.787422475E1,-2.436034241E0,-6.468947754E0,6.841672668E0
3.788426475E1,-2.438878326E0,-6.462960205E0,6.831493835E0
3.789433575E1,-2.436782684E0,-6.458319855E0,6.852150879E0
3.790437575E1,-2.437830505E0,-6.456074524E0,6.869215393E0
3.791441675E1,-2.444117432E0,-6.449787598E0,6.868616638E0
3.792445675E1,-2.461481323E0,-6.454727325E0,6.862928467E0
3.793449675E1,-2.468965759E0,-6.471043396E0,6.861880646E0
3.794453675E1,-2.483335876E0,-6.463109894E0,6.842720490E0
3.795458379E1,-2.489024048E0,-6.462810516E0,6.837780762E0
3.796462479E1,-2.478096771E0,-6.459517365E0,6.827152863E0
3.797466479E1,-2.484533386E0,-6.446195068E0,6.822063446E0
3.798470479E1,-2.475552063E0,-6.445446625E0,6.820716248E0
3.799474479E1,-2.461930389E0,-6.446195068E0,6.814129944E0
3.800478579E1,-2.469863892E0,-6.456523590E0,6.816824341E0
3.801482579E1,-2.465373230E0,-6.454427948E0,6.836732941E0
3.802489679E1,-2.465073853E0,-6.452781372E0,6.836283875E0
3.803493679E1,-2.460134125E0,-6.455475769E0,6.839277649E0
3.804497679E1,-2.462379456E0,-6.464307404E0,6.844666443E0
3.805501779E1,-2.464924164E0,-6.466253357E0,6.842720490E0
3.806505779E1,-2.456541595E0,-6.469696198E0,6.841972046E0
3.807509779E1,-2.448009338E0,-6.476432190E0,6.844965820E0
3.808516879E1,-2.446512451E0,-6.472989349E0,6.842121735E0
3.809520879E1,-2.457439728E0,-6.461163940E0,6.829996948E0
3.810524979E1,-2.442770233E0,-6.462211761E0,6.824907532E0
3.811528979E1,-2.446063385E0,-6.465804291E0,6.819967804E0
3.812532979E1,-2.457888794E0,-6.471342773E0,6.806346130E0
3.813536979E1,-2.473007355E0,-6.451434174E0,6.813381500E0
3.814541079E1,-2.475102997E0,-6.458319855E0,6.822512512E0
3.815548179E1,-2.456391907E0,-6.466253357E0,6.833140411E0
3.816552179E1,-2.464175720E0,-6.458768921E0,6.844816132E0
3.817556179E1,-2.478246460E0,-6.454278259E0,6.852450256E0
3.818560179E1,-2.468666382E0,-6.442901917E0,6.852450256E0
3.819564279E1,-2.467319183E0,-6.438560944E0,6.860234070E0
3.820568279E1,-2.472857666E0,-6.436315613E0,6.873556366E0
3.821575379E1,-2.459385681E0,-6.432723083E0,6.884633331E0
3.822579379E1,-2.456391907E0,-6.420298920E0,6.900650024E0
3.823583379E1,-2.458637238E0,-6.415658569E0,6.899602203E0
3.824587479E1,-2.460732880E0,-6.402485962E0,6.896009674E0
3.825591479E1,-2.464774475E0,-6.392606506E0,6.883286133E0
3.826595479E1,-2.460583191E0,-6.386469269E0,6.885381775E0
3.827599479E1,-2.467618561E0,-6.381978607E0,6.889872437E0
3.828606579E1,-2.469265137E0,-6.387217712E0,6.903643799E0
3.829610679E1,-2.481988678E0,-6.405330048E0,6.899003448E0
3.830614679E1,-2.499352570E0,-6.413862305E0,6.880741425E0
3.831618679E1,-2.506837006E0,-6.449188843E0,6.853947144E0
3.832622679E1,-2.518063660E0,-6.457870789E0,6.831643524E0
3.833626779E1,-2.529889069E0,-6.469396820E0,6.807543640E0
3.834630779E1,-2.536625061E0,-6.483766937E0,6.814129944E0
3.835637879E1,-2.542313232E0,-6.468049622E0,6.800059204E0
3.836641879E1,-2.556982727E0,-6.456822968E0,6.780599670E0
3.837645879E1,-2.570754089E0,-6.456673279E0,6.768624573E0
3.838649979E1,-2.572849731E0,-6.454727325E0,6.776558075E0
3.839653979E1,-2.575993195E0,-6.463858337E0,6.790928192E0
3.840657979E1,-2.568508759E0,-6.486910400E0,6.778504028E0
3.841665079E1,-2.565514984E0,-6.497538300E0,6.793472900E0
3.842669079E1,-2.556982727E0,-6.496789856E0,6.795269165E0
3.843673179E1,-2.541564789E0,-6.489006042E0,6.782994690E0
3.844677179E1,-2.523602142E0,-6.473887482E0,6.799610138E0
3.845681179E1,-2.491718445E0,-6.462062073E0,6.808292084E0
3.846685179E1,-2.478695526E0,-6.443500671E0,6.827003174E0
3.847689279E1,-2.465971985E0,-6.429878998E0,6.849456482E0
3.848696279E1,-2.461631012E0,-6.422394562E0,6.861730957E0
3.849700379E1,-2.470762024E0,-6.417454834E0,6.872658234E0
3.850704379E1,-2.493664398E0,-6.423442383E0,6.884184265E0
3.851708379E1,-2.503244476E0,-6.421945496E0,6.864575043E0
3.852712479E1,-2.509830780E0,-6.402785339E0,6.859186249E0
3.853716479E1,-2.521506500E0,-6.407276001E0,6.862778778E0
3.854723579E1,-2.518213348E0,-6.411766663E0,6.852150879E0
3.855727579E1,-2.520159302E0,-6.421496429E0,6.850354614E0
3.856731579E1,-2.523602142E0,-6.427633667E0,6.835984497E0
3.857735679E1,-2.530188446E0,-6.423442383E0,6.831942902E0
3.858739679E1,-2.530936890E0,-6.423592072E0,6.845714264E0
3.859743679E1,-2.524649963E0,-6.419700165E0,6.856042786E0
3.860747679E1,-2.525847473E0,-6.415209503E0,6.853947144E0
3.861754779E1,-2.528092804E0,-6.421047363E0,6.865473175E0
3.862758779E1,-2.537373505E0,-6.436465302E0,6.860832825E0
3.863762879E1,-2.541115723E0,-6.434818726E0,6.869963837E0
3.864766879E1,-2.552492065E0,-6.426585846E0,6.863826599E0
3.865770879E1,-2.561772766E0,-6.417454834E0,6.842870178E0
3.866774979E1,-2.556982727E0,-6.402186584E0,6.817273407E0
3.867781979E1,-2.568658447E0,-6.389912109E0,6.825655975E0
3.868786079E1,-2.564317474E0,-6.403982849E0,6.833739166E0
3.869790079E1,-2.557581482E0,-6.399941254E0,6.826105042E0
3.870794079E1,-2.552342377E0,-6.398444366E0,6.840924225E0
3.871798179E1,-2.517764282E0,-6.393504639E0,6.849157104E0
3.872802179E1,-2.508483582E0,-6.387068024E0,6.876101074E0
3.873806179E1,-2.499202881E0,-6.386918335E0,6.900799713E0
3.874813279E1,-2.503094788E0,-6.386618958E0,6.904242554E0
3.875817279E1,-2.511477356E0,-6.387068024E0,6.908882904E0
3.876821279E1,-2.526595917E0,-6.395001526E0,6.898853760E0
3.877825379E1,-2.544259186E0,-6.391109619E0,6.897506561E0
3.878829379E1,-2.556683350E0,-6.388415222E0,6.882088623E0
3.879833379E1,-2.549647980E0,-6.392905884E0,6.863676910E0
3.880840479E1,-2.533631287E0,-6.391858063E0,6.841972046E0
3.881844479E1,-2.532882843E0,-6.384223938E0,6.845714264E0
3.882848579E1,-2.521057434E0,-6.377487946E0,6.848258972E0
3.883852579E1,-2.523602142E0,-6.383625183E0,6.849456482E0
3.884856579E1,-2.518961792E0,-6.391408997E0,6.855444031E0
3.885860679E1,-2.508483582E0,-6.397246857E0,6.859186249E0
3.886864679E1,-2.519410858E0,-6.411317596E0,6.883136444E0
3.887871779E1,-2.534679108E0,-6.417005768E0,6.886130219E0
3.888875779E1,-2.547252960E0,-6.417903900E0,6.898404694E0
3.889879779E1,-2.569855957E0,-6.410419464E0,6.895560608E0
3.890883779E1,-2.575544128E0,-6.398444366E0,6.885531464E0
3.891887879E1,-2.567460938E0,-6.400689697E0,6.879543915E0
3.892891879E1,-2.564766541E0,-6.391109619E0,6.861132202E0
3.893898979E1,-2.559826813E0,-6.377937012E0,6.872957611E0
3.894902979E1,-2.541415100E0,-6.369554443E0,6.867419128E0
3.895907850E1,-2.524350586E0,-6.373446350E0,6.865622864E0
3.896911950E1,-2.511776733E0,-6.378984833E0,6.876699829E0
3.897915950E1,-2.512076111E0,-6.389762421E0,6.884932709E0
3.898919950E1,-2.514022064E0,-6.392756195E0,6.878645782E0
3.899924050E1,-2.516117706E0,-6.404731293E0,6.866371307E0
3.900931050E1,-2.531685333E0,-6.403384094E0,6.879244537E0
3.901935150E1,-2.541864166E0,-6.404581604E0,6.874604187E0
3.902939150E1,-2.542462921E0,-6.403982849E0,6.864724731E0
3.903943150E1,-2.532733154E0,-6.409521332E0,6.867718506E0
3.904947150E1,-2.518961792E0,-6.407126312E0,6.867269440E0
3.905951250E1,-2.509531403E0,-6.407575378E0,6.868017883E0
3.906958350E1,-2.497406616E0,-6.419101410E0,6.868466949E0
3.907962350E1,-2.488574982E0,-6.419251099E0,6.870712280E0
3.908966350E1,-2.493365021E0,-6.430028687E0,6.870861969E0
3.909970350E1,-2.487527161E0,-6.424490204E0,6.872059479E0
3.910974450E1,-2.487227783E0,-6.430777130E0,6.866820374E0
3.911978450E1,-2.484234009E0,-6.420598297E0,6.866221619E0
3.912982450E1,-2.474204865E0,-6.423741760E0,6.860683136E0
3.913989550E1,-2.462678833E0,-6.427633667E0,6.872358856E0
3.914993550E1,-2.471061401E0,-6.428531799E0,6.875502319E0
3.915997650E1,-2.475851440E0,-6.412215729E0,6.876849518E0
3.917001650E1,-2.472258911E0,-6.408623199E0,6.871460724E0
3.918005650E1,-2.471660156E0,-6.401138763E0,6.882687378E0
3.919009650E1,-2.467019806E0,-6.395001526E0,6.896159363E0
3.920016750E1,-2.453098755E0,-6.401138763E0,6.893165588E0
3.921020850E1,-2.441273346E0,-6.406677246E0,6.900799713E0
3.922024850E1,-2.425106964E0,-6.409371643E0,6.913523254E0
3.923028850E1,-2.422113190E0,-6.430328064E0,6.900200958E0
3.924032850E1,-2.431393890E0,-6.433321838E0,6.883286133E0
3.925036950E1,-2.432741089E0,-6.440357208E0,6.887776794E0
3.926040950E1,-2.456242218E0,-6.447841644E0,6.869215393E0
3.927048050E1,-2.472707977E0,-6.439758453E0,6.865173798E0
3.928052050E1,-2.477048950E0,-6.450685730E0,6.856940918E0
3.929056050E1,-2.485880585E0,-6.461613007E0,6.850653992E0
3.930060150E1,-2.477947083E0,-6.480024719E0,6.849007416E0
3.931064150E1,-2.468067627E0,-6.481072540E0,6.843019867E0
3.932068150E1,-2.466271362E0,-6.490652618E0,6.831493835E0
3.933075250E1,-2.474055176E0,-6.489455109E0,6.824608154E0
3.934079250E1,-2.466720428E0,-6.480922852E0,6.814129944E0
3.935083350E1,-2.443069611E0,-6.477629700E0,6.821614380E0
3.936087350E1,-2.446662140E0,-6.485712891E0,6.820267181E0
3.937091350E1,-2.453697510E0,-6.485862579E0,6.799610138E0
3.938095350E1,-2.427202606E0,-6.481671295E0,6.801107025E0
3.939099450E1,-2.428849182E0,-6.480773163E0,6.801406403E0
3.940106450E1,-2.415077820E0,-6.496640167E0,6.801556091E0
3.941110550E1,-2.407593384E0,-6.507567444E0,6.799011383E0
3.942114550E1,-2.395618286E0,-6.515500946E0,6.811585236E0
3.943118550E1,-2.397564240E0,-6.531367950E0,6.811585236E0
3.944122650E1,-2.389331360E0,-6.515201569E0,6.814129944E0
3.945126650E1,-2.384391632E0,-6.510710907E0,6.825805664E0
3.946133750E1,-2.399659882E0,-6.503825226E0,6.828500061E0
3.947137750E1,-2.400108948E0,-6.501130829E0,6.824907532E0
3.948141750E1,-2.401605835E0,-6.497987366E0,6.816674652E0
3.949145850E1,-2.416275330E0,-6.492448883E0,6.814728699E0
3.950149850E1,-2.414479065E0,-6.494394836E0,6.811285858E0
3.951153850E1,-2.401306458E0,-6.503974915E0,6.825206909E0
3.952157850E1,-2.405048676E0,-6.504873047E0,6.830146637E0
3.953164950E1,-2.394271088E0,-6.502178650E0,6.834337921E0
3.954168950E1,-2.370320892E0,-6.518943787E0,6.844067688E0
3.955173050E1,-2.378853149E0,-6.524631958E0,6.848708038E0
3.956177050E1,-2.376308441E0,-6.519392853E0,6.832092590E0
3.957181050E1,-2.383343811E0,-6.507417755E0,6.806795197E0
3.958185150E1,-2.383792877E0,-6.503525848E0,6.795418854E0
3.959192150E1,-2.383194122E0,-6.503226471E0,6.791227570E0
3.960196250E1,-2.378553772E0,-6.499334564E0,6.800957336E0
3.961200250E1,-2.360142059E0,-6.505022736E0,6.805148621E0
3.962204250E1,-2.344724121E0,-6.517297211E0,6.815776520E0
3.963208350E1,-2.337089996E0,-6.536906433E0,6.810687103E0
3.964212350E1,-2.331401825E0,-6.540049896E0,6.807693329E0
3.965216350E1,-2.324067078E0,-6.544989624E0,6.804100800E0
3.966223450E1,-2.321522369E0,-6.551575928E0,6.800957336E0
3.967227450E1,-2.324665833E0,-6.552324371E0,6.811285858E0
3.968231450E1,-2.329455872E0,-6.562054138E0,6.798712006E0
3.969235550E1,-2.319875793E0,-6.557862854E0,6.793023834E0
3.970239550E1,-2.317181396E0,-6.557413788E0,6.807393951E0
3.971243550E1,-2.325414276E0,-6.553222504E0,6.818770294E0
3.972250650E1,-2.322869568E0,-6.544839935E0,6.796017609E0
3.973254650E1,-2.333497467E0,-6.541846161E0,6.780300293E0
3.974258750E1,-2.337089996E0,-6.542744293E0,6.782994690E0
3.975262750E1,-2.332150269E0,-6.530469818E0,6.794071655E0
3.976266750E1,-2.329755249E0,-6.515500946E0,6.793323212E0
3.977270850E1,-2.334096222E0,-6.496191101E0,6.805747375E0
3.978274850E1,-2.332749023E0,-6.502478027E0,6.811734924E0
3.979281950E1,-2.342478790E0,-6.510561218E0,6.825057220E0
3.980285950E1,-2.355651398E0,-6.508615265E0,6.814429321E0
3.981289950E1,-2.357747040E0,-6.518943787E0,6.826703796E0
3.982293950E1,-2.361788635E0,-6.526727600E0,6.826554108E0
3.983298050E1,-2.360441437E0,-6.519991608E0,6.827302551E0
3.984302050E1,-2.361339569E0,-6.525380402E0,6.819219360E0
3.985309150E1,-2.367626495E0,-6.539600830E0,6.820865936E0
3.986313150E1,-2.354453888E0,-6.540049896E0,6.807693329E0
3.987317150E1,-2.355352020E0,-6.542444916E0,6.800807648E0
3.988321250E1,-2.337838440E0,-6.543941803E0,6.803202667E0
3.989325250E1,-2.337089996E0,-6.536756744E0,6.795269165E0
3.990329250E1,-2.338586884E0,-6.536457367E0,6.782395935E0
3.991333350E1,-2.339784393E0,-6.539750519E0,6.768923950E0
3.992340350E1,-2.349963226E0,-6.537355499E0,6.804100800E0
3.993344450E1,-2.353555756E0,-6.523883514E0,6.820416870E0
3.994348450E1,-2.351011047E0,-6.534212036E0,6.814279633E0
3.995353100E1,-2.359094238E0,-6.532715149E0,6.815177765E0
3.996357100E1,-2.362387390E0,-6.537505188E0,6.835685120E0
3.997361200E1,-2.368674316E0,-6.538852386E0,6.840624847E0
3.998368300E1,-2.378404083E0,-6.539002075E0,6.838080139E0
3.999372300E1,-2.374212799E0,-6.520440674E0,6.832242279E0
4.000376300E1,-2.368973694E0,-6.514752502E0,6.816824341E0
4.001380300E1,-2.368225250E0,-6.521937561E0,6.799161072E0
4.002384400E1,-2.368824005E0,-6.519692230E0,6.781797180E0
4.003388400E1,-2.359243927E0,-6.511908417E0,6.792425079E0
4.004392400E1,-2.349214783E0,-6.512507172E0,6.786587219E0
4.005399500E1,-2.339185638E0,-6.507567444E0,6.787485352E0
4.006403500E1,-2.328258362E0,-6.518195343E0,6.798412628E0
4.007407600E1,-2.336042175E0,-6.525081024E0,6.812483368E0
4.008411600E1,-2.340832214E0,-6.518345032E0,6.820566559E0
4.009415600E1,-2.334545288E0,-6.525679779E0,6.821464691E0
4.010419600E1,-2.349065094E0,-6.528523865E0,6.822512512E0
4.011426700E1,-2.366279297E0,-6.527326355E0,6.829098816E0
4.012430800E1,-2.364632721E0,-6.537804565E0,6.830745392E0
4.013434800E1,-2.373164978E0,-6.543792114E0,6.827601929E0
4.014438800E1,-2.377056885E0,-6.535259857E0,6.816674652E0
4.015442800E1,-2.375410309E0,-6.525230713E0,6.820416870E0
4.016446900E1,-2.370021515E0,-6.517446899E0,6.809489594E0
4.017450900E1,-2.379002838E0,-6.504573669E0,6.813680878E0
4.018458000E1,-2.369123383E0,-6.493047638E0,6.809489594E0
4.019462000E1,-2.370769958E0,-6.487958221E0,6.823260956E0
4.020466000E1,-2.382445679E0,-6.487209778E0,6.821464691E0
4.021470100E1,-2.386487274E0,-6.497089233E0,6.840924225E0
4.022474100E1,-2.394869843E0,-6.498586121E0,6.862629089E0
4.023478100E1,-2.401456146E0,-6.500831451E0,6.849905548E0
4.024485200E1,-2.397414551E0,-6.505322113E0,6.839726715E0
4.025489200E1,-2.390379181E0,-6.508914642E0,6.835834808E0
4.026493300E1,-2.385589142E0,-6.512357483E0,6.828050995E0
4.027497300E1,-2.388283539E0,-6.500382385E0,6.822512512E0
4.028501300E1,-2.383942566E0,-6.494544525E0,6.815477142E0
4.029505300E1,-2.390379181E0,-6.494544525E0,6.830895081E0
4.030509400E1,-2.406545563E0,-6.490802307E0,6.840624847E0
4.031516400E1,-2.408341827E0,-6.494843903E0,6.851552124E0
4.032520500E1,-2.417622528E0,-6.502328339E0,6.829398193E0
4.033524500E1,-2.421664124E0,-6.506519623E0,6.826554108E0
4.034528500E1,-2.426005096E0,-6.506519623E0,6.839277649E0
4.035532600E1,-2.439028015E0,-6.508914642E0,6.827003174E0
4.036536600E1,-2.437830505E0,-6.504573669E0,6.815626831E0
4.037543700E1,-2.441273346E0,-6.507417755E0,6.812782745E0
4.038547700E1,-2.430944824E0,-6.505471802E0,6.798412628E0
4.039551700E1,-2.425556030E0,-6.507268066E0,6.800059204E0
4.040555800E1,-2.418670349E0,-6.510710907E0,6.782545624E0
4.041559800E1,-2.400707703E0,-6.507417755E0,6.804549866E0
4.042563800E1,-2.391127625E0,-6.507567444E0,6.805447998E0
4.043567800E1,-2.381547546E0,-6.495891724E0,6.829996948E0
4.044574900E1,-2.380948792E0,-6.497687988E0,6.831643524E0
4.045578900E1,-2.372117157E0,-6.503076782E0,6.835535431E0
4.046583000E1,-2.361489258E0,-6.508764954E0,6.853498077E0
4.047587000E1,-2.367476807E0,-6.497987366E0,6.854246521E0
4.048591000E1,-2.366728363E0,-6.498137054E0,6.851402435E0
4.049595100E1,-2.368973694E0,-6.488556976E0,6.835535431E0
4.050602100E1,-2.366428986E0,-6.480024719E0,6.847360840E0
4.051606200E1,-2.369722137E0,-6.475833435E0,6.843468933E0
4.052610200E1,-2.376458130E0,-6.479575653E0,6.837631073E0
4.053614200E1,-2.379900970E0,-6.480773163E0,6.840624847E0
4.054618300E1,-2.369273071E0,-6.481222229E0,6.842570801E0
4.055622300E1,-2.362237701E0,-6.478976898E0,6.840325470E0
4.056626300E1,-2.359094238E0,-6.478976898E0,6.827302551E0
4.057633400E1,-2.369871826E0,-6.479425964E0,6.832841034E0
4.058637400E1,-2.383194122E0,-6.477030945E0,6.839427338E0
4.059641400E1,-2.395169220E0,-6.483617249E0,6.854096832E0
4.060645500E1,-2.404000854E0,-6.473887482E0,6.864275665E0
4.061649500E1,-2.411634979E0,-6.467899933E0,6.865323486E0
4.062653500E1,-2.410437469E0,-6.478677521E0,6.871161346E0
4.063660600E1,-2.407294006E0,-6.491999817E0,6.871909790E0
4.064664600E1,-2.405198364E0,-6.486910400E0,6.865922241E0
4.065668700E1,-2.411335602E0,-6.480473785E0,6.838229828E0
4.066672700E1,-2.418520660E0,-6.474486237E0,6.832242279E0
4.067676700E1,-2.419568481E0,-6.464457092E0,6.829697571E0
4.068680800E1,-2.406395874E0,-6.452332306E0,6.822961578E0
4.069684800E1,-2.409689026E0,-6.453978882E0,6.826703796E0
4.070691900E1,-2.414628754E0,-6.470145264E0,6.834936676E0
4.071695900E1,-2.408790894E0,-6.471791840E0,6.829996948E0
4.072699900E1,-2.409689026E0,-6.470145264E0,6.839427338E0
4.073703900E1,-2.405198364E0,-6.471492462E0,6.832691345E0
4.074708000E1,-2.407892761E0,-6.474037170E0,6.841672668E0
4.075712000E1,-2.402054901E0,-6.469097443E0,6.851552124E0
4.076719100E1,-2.417173462E0,-6.477480011E0,6.852450256E0
4.077723100E1,-2.413730621E0,-6.482868805E0,6.853348389E0
4.078727100E1,-2.413730621E0,-6.480174408E0,6.830895081E0
4.079731200E1,-2.423460388E0,-6.483916626E0,6.839427338E0
4.080735200E1,-2.430795135E0,-6.476731567E0,6.837182007E0
4.081739200E1,-2.434986420E0,-6.469097443E0,6.843768311E0
4.082743300E1,-2.431992645E0,-6.464157715E0,6.835236053E0
4.083750300E1,-2.430346069E0,-6.459367676E0,6.827901306E0
4.084754400E1,-2.440824280E0,-6.446494446E0,6.846612396E0
4.085758400E1,-2.444716187E0,-6.437213745E0,6.844666443E0
4.086762400E1,-2.443069611E0,-6.447841644E0,6.854545898E0
4.087766400E1,-2.457439728E0,-6.447542267E0,6.863527222E0
4.088770500E1,-2.461032257E0,-6.454278259E0,6.872508545E0
4.089777600E1,-2.452050934E0,-6.460116119E0,6.883435822E0
4.090781600E1,-2.446213074E0,-6.461313629E0,6.880442047E0
4.091785600E1,-2.457140350E0,-6.448440399E0,6.871760101E0
4.092789600E1,-2.454595642E0,-6.434818726E0,6.871610413E0
4.093793700E1,-2.465971985E0,-6.435866547E0,6.861431580E0
4.094797700E1,-2.461930389E0,-6.436165924E0,6.856940918E0
4.095801004E1,-2.460732880E0,-6.431675262E0,6.850803680E0
4.096808104E1,-2.451003113E0,-6.429130554E0,6.854246521E0
4.097812104E1,-2.449805603E0,-6.426136780E0,6.867718506E0
4.098816204E1,-2.448009338E0,-6.427633667E0,6.869215393E0
4.099820204E1,-2.437381439E0,-6.430777130E0,6.871909790E0
4.100824204E1,-2.442919922E0,-6.436914368E0,6.872658234E0
4.101828204E1,-2.436483307E0,-6.436764679E0,6.872807922E0
4.102835304E1,-2.435285797E0,-6.443051605E0,6.869215393E0
4.103839404E1,-2.442470856E0,-6.449637909E0,6.864724731E0
4.104843404E1,-2.456391907E0,-6.443500671E0,6.860533447E0
4.105847404E1,-2.455942841E0,-6.451883240E0,6.853947144E0
4.106851404E1,-2.459685059E0,-6.451883240E0,6.852899323E0
4.107855504E1,-2.466720428E0,-6.434519348E0,6.858886871E0
4.108859504E1,-2.461032257E0,-6.432423706E0,6.862180023E0
4.109866604E1,-2.451152802E0,-6.435716858E0,6.863227844E0
4.110870604E1,-2.438878326E0,-6.434070282E0,6.868466949E0
4.111874604E1,-2.440075836E0,-6.428980865E0,6.854246521E0
4.112878704E1,-2.439177704E0,-6.431226196E0,6.847211151E0
4.113882704E1,-2.434537354E0,-6.443201294E0,6.871460724E0
4.114886704E1,-2.422861633E0,-6.435567169E0,6.865024109E0
4.115893804E1,-2.428100739E0,-6.442901917E0,6.873855743E0
4.116897804E1,-2.431842957E0,-6.456523590E0,6.871610413E0
4.117901904E1,-2.424208832E0,-6.447691956E0,6.862928467E0
4.118905904E1,-2.425705719E0,-6.447392578E0,6.859635315E0
4.119909904E1,-2.421514435E0,-6.438860321E0,6.863527222E0
4.120913904E1,-2.419568481E0,-6.432573395E0,6.862329712E0
4.121918004E1,-2.431393890E0,-6.442752228E0,6.863227844E0
4.122925104E1,-2.431543579E0,-6.450985107E0,6.854096832E0
4.123929104E1,-2.437680817E0,-6.460714874E0,6.850953369E0
4.124933104E1,-2.428699493E0,-6.458768921E0,6.856042786E0
4.125937104E1,-2.420466614E0,-6.449937286E0,6.860234070E0
4.126941204E1,-2.417472839E0,-6.458918610E0,6.846163330E0
4.127945204E1,-2.423011322E0,-6.461463318E0,6.853797455E0
4.128952304E1,-2.434387665E0,-6.462660828E0,6.854994965E0
4.129956304E1,-2.432591400E0,-6.460415497E0,6.859036560E0
4.130960304E1,-2.435585175E0,-6.454577637E0,6.870412903E0
4.131964404E1,-2.431543579E0,-6.452631683E0,6.872957611E0
4.132968404E1,-2.431244202E0,-6.462511139E0,6.896758118E0
4.133972404E1,-2.438279572E0,-6.454278259E0,6.890022125E0
4.134976404E1,-2.438878326E0,-6.453529816E0,6.879693604E0
4.135983504E1,-2.441273346E0,-6.441854095E0,6.869514771E0
4.136987604E1,-2.444416809E0,-6.435267792E0,6.851402435E0
4.137991604E1,-2.457739105E0,-6.432423706E0,6.853647766E0
4.138995604E1,-2.445614319E0,-6.432872772E0,6.831643524E0
4.139999604E1,-2.432591400E0,-6.437213745E0,6.816225586E0
4.141003704E1,-2.421364746E0,-6.441255341E0,6.832391968E0
4.142010704E1,-2.428549805E0,-6.440207520E0,6.847061462E0
4.143014804E1,-2.417622528E0,-6.453230438E0,6.855444031E0
4.144018804E1,-2.412832489E0,-6.443350983E0,6.865024109E0
4.145022804E1,-2.400558014E0,-6.445296936E0,6.868167572E0
4.146026904E1,-2.401456146E0,-6.458768921E0,6.860683136E0
4.147030904E1,-2.418071594E0,-6.460116119E0,6.868017883E0
4.148034904E1,-2.420167236E0,-6.456074524E0,6.863676910E0
4.149042004E1,-2.428998871E0,-6.468049622E0,6.859335938E0
4.150046004E1,-2.434237976E0,-6.463858337E0,6.852001190E0
4.151050104E1,-2.441572723E0,-6.464457092E0,6.847809906E0
4.152054104E1,-2.441123657E0,-6.447841644E0,6.847959595E0
4.153058104E1,-2.437680817E0,-6.446793823E0,6.846612396E0
4.154062104E1,-2.439926147E0,-6.439908142E0,6.839427338E0
4.155069204E1,-2.437980194E0,-6.420897675E0,6.848558350E0
4.156073204E1,-2.438578949E0,-6.427034912E0,6.851851501E0
4.157077304E1,-2.452799377E0,-6.429579620E0,6.865922241E0
4.158081304E1,-2.450703735E0,-6.436614990E0,6.886429596E0
4.159085304E1,-2.447260895E0,-6.442153473E0,6.889872437E0
4.160089404E1,-2.445764008E0,-6.443350983E0,6.889573059E0
4.161093404E1,-2.453547821E0,-6.429878998E0,6.873855743E0
4.162100504E1,-2.453248444E0,-6.430028687E0,6.857988739E0
4.163104504E1,-2.450703735E0,-6.437962189E0,6.877298584E0
4.164108504E1,-2.457140350E0,-6.424340515E0,6.864874420E0
4.165112604E1,-2.446362762E0,-6.428831177E0,6.868916016E0
4.166116604E1,-2.443368988E0,-6.425837402E0,6.868466949E0
4.167120604E1,-2.443668365E0,-6.435866547E0,6.874304810E0
4.168127704E1,-2.441872101E0,-6.433770905E0,6.862329712E0
4.169131704E1,-2.444865875E0,-6.445596313E0,6.862928467E0
4.170135704E1,-2.445165253E0,-6.438860321E0,6.855294342E0
4.171139804E1,-2.447859650E0,-6.445296936E0,6.854994965E0
4.172143804E1,-2.458188171E0,-6.449787598E0,6.843618622E0
4.173147804E1,-2.449356537E0,-6.444997559E0,6.849306793E0
4.174151904E1,-2.454296265E0,-6.447991333E0,6.854994965E0
4.175158904E1,-2.452949066E0,-6.446943512E0,6.857090607E0
4.176163004E1,-2.450254669E0,-6.441255341E0,6.860234070E0
4.177167004E1,-2.444716187E0,-6.444548492E0,6.865473175E0
4.178171004E1,-2.444865875E0,-6.436315613E0,6.869215393E0
4.179175104E1,-2.445913696E0,-6.431226196E0,6.870412903E0
4.180179104E1,-2.440075836E0,-6.429729309E0,6.860234070E0
4.181186204E1,-2.442770233E0,-6.436016235E0,6.861431580E0
4.182190204E1,-2.436782684E0,-6.431076508E0,6.858288116E0
4.183194204E1,-2.436932373E0,-6.434369659E0,6.856491852E0
4.184198204E1,-2.440524902E0,-6.428831177E0,6.868167572E0
4.185202304E1,-2.432142334E0,-6.429429932E0,6.869664459E0
4.186206304E1,-2.434986420E0,-6.426735535E0,6.864874420E0
4.187210304E1,-2.435435486E0,-6.429579620E0,6.887776794E0
4.188217404E1,-2.433489532E0,-6.429729309E0,6.880142670E0
4.189221404E1,-2.441872101E0,-6.428531799E0,6.871760101E0
4.190225504E1,-2.439477081E0,-6.431525574E0,6.860084381E0
4.191229504E1,-2.440674591E0,-6.438411255E0,6.855444031E0
4.192233504E1,-2.435285797E0,-6.445596313E0,6.856641541E0
4.193237604E1,-2.435734863E0,-6.438560944E0,6.872807922E0
4.194244604E1,-2.434836731E0,-6.445446625E0,6.866520996E0
4.195248704E1,-2.428549805E0,-6.453080750E0,6.846462708E0
4.196250262E1,-2.427651672E0,-6.449488220E0,6.849755859E0
4.197254263E1,-2.424208832E0,-6.458619232E0,6.862329712E0
4.198258263E1,-2.421813812E0,-6.455775146E0,6.850653992E0
4.199262362E1,-2.430346069E0,-6.444099426E0,6.850055237E0
4.200266362E1,-2.425406342E0,-6.437064056E0,6.858437805E0
4.201273463E1,-2.424807587E0,-6.445895691E0,6.858737183E0
4.202277462E1,-2.443069611E0,-6.446494446E0,6.873107300E0
4.203281462E1,-2.448308716E0,-6.443800049E0,6.879992981E0
4.204285562E1,-2.456541595E0,-6.424789581E0,6.878645782E0
4.205289562E1,-2.453098755E0,-6.429429932E0,6.887477417E0
4.206293562E1,-2.434687042E0,-6.436165924E0,6.891519012E0
4.207300662E1,-2.435435486E0,-6.446344757E0,6.882238312E0
4.208304662E1,-2.431842957E0,-6.445746002E0,6.875202942E0
4.209308762E1,-2.439626770E0,-6.442752228E0,6.874454498E0
4.210312762E1,-2.451452179E0,-6.438411255E0,6.863826599E0
4.211316763E1,-2.454745331E0,-6.433920593E0,6.846163330E0
4.212320763E1,-2.451003113E0,-6.426885223E0,6.840924225E0
4.213327862E1,-2.458637238E0,-6.426735535E0,6.843618622E0
4.214331963E1,-2.457439728E0,-6.427783356E0,6.851701813E0
4.215335963E1,-2.460283813E0,-6.432423706E0,6.841522980E0
4.216339962E1,-2.464475098E0,-6.433321838E0,6.848408661E0
4.217343962E1,-2.458487549E0,-6.440357208E0,6.861880646E0
4.218348062E1,-2.459086304E0,-6.447542267E0,6.858737183E0
4.219352062E1,-2.455942841E0,-6.442752228E0,6.862629089E0
4.220359162E1,-2.444566498E0,-6.439309387E0,6.875502319E0
4.221363162E1,-2.452649689E0,-6.445895691E0,6.867718506E0
4.222367162E1,-2.448009338E0,-6.445746002E0,6.855593719E0
4.223371262E1,-2.442321167E0,-6.452481995E0,6.867419128E0
4.224375262E1,-2.462229767E0,-6.453230438E0,6.866670685E0
4.225379263E1,-2.453847198E0,-6.456673279E0,6.855893097E0
4.226386362E1,-2.443219299E0,-6.436764679E0,6.851103058E0
4.227390362E1,-2.447859650E0,-6.428531799E0,6.854845276E0
4.228394463E1,-2.448907471E0,-6.432124329E0,6.859335938E0
4.229398463E1,-2.459984436E0,-6.420598297E0,6.858886871E0
4.230402462E1,-2.464175720E0,-6.419400787E0,6.862479401E0
4.231406462E1,-2.461780701E0,-6.419101410E0,6.878795471E0
4.232410562E1,-2.460134125E0,-6.422843628E0,6.876699829E0
4.233417563E1,-2.464026031E0,-6.441255341E0,6.874005432E0
4.234421662E1,-2.470312958E0,-6.441405029E0,6.867269440E0
4.235425662E1,-2.466720428E0,-6.436764679E0,6.871610413E0
4.236429662E1,-2.465971985E0,-6.437513123E0,6.869065704E0
4.237433762E1,-2.468516693E0,-6.445147247E0,6.865323486E0
4.238437762E1,-2.466570740E0,-6.435118103E0,6.865922241E0
4.239444862E1,-2.459385681E0,-6.425687714E0,6.866820374E0
4.240448862E1,-2.455643463E0,-6.425837402E0,6.845564575E0
4.241452862E1,-2.451901245E0,-6.428980865E0,6.846762085E0
4.242456963E1,-2.456391907E0,-6.431076508E0,6.852300568E0
4.243460963E1,-2.456840973E0,-6.439758453E0,6.847211151E0
4.244464962E1,-2.463576965E0,-6.441554718E0,6.863078156E0
4.245468962E1,-2.459535370E0,-6.441255341E0,6.861281891E0
4.246476063E1,-2.461331635E0,-6.447392578E0,6.872209167E0
4.247480063E1,-2.459235992E0,-6.450985107E0,6.866371307E0
4.248484162E1,-2.462978210E0,-6.446793823E0,6.855444031E0
4.249488162E1,-2.454146576E0,-6.445746002E0,6.853797455E0
4.250492162E1,-2.450703735E0,-6.431076508E0,6.854246521E0
4.251496262E1,-2.458038483E0,-6.434070282E0,6.868916016E0
4.252503262E1,-2.454146576E0,-6.439010010E0,6.858437805E0
4.253507362E1,-2.456990662E0,-6.438710632E0,6.860533447E0
4.254511362E1,-2.452500000E0,-6.428980865E0,6.859635315E0
4.255515362E1,-2.453547821E0,-6.437064056E0,6.849606171E0
4.256519463E1,-2.452799377E0,-6.445147247E0,6.854246521E0
4.257523463E1,-2.462080078E0,-6.434818726E0,6.850504303E0
4.258527462E1,-2.461631012E0,-6.441554718E0,6.852300568E0
4.259534562E1,-2.469564514E0,-6.446195068E0,6.851103058E0
4.260538563E1,-2.478096771E0,-6.447093201E0,6.857689362E0
4.261542563E1,-2.475701752E0,-6.438411255E0,6.859036560E0
4.262546662E1,-2.473157043E0,-6.435417480E0,6.862479401E0
4.263550662E1,-2.468666382E0,-6.437363434E0,6.867269440E0
4.264554662E1,-2.469115448E0,-6.432423706E0,6.859934692E0
4.265561763E1,-2.468965759E0,-6.434219971E0,6.851103058E0
4.266565762E1,-2.464175720E0,-6.443350983E0,6.865473175E0
4.267569862E1,-2.459834747E0,-6.446494446E0,6.857839050E0
4.268573862E1,-2.464475098E0,-6.444548492E0,6.859036560E0
4.269577862E1,-2.456242218E0,-6.447542267E0,6.848408661E0
4.270581963E1,-2.455194397E0,-6.444997559E0,6.853498077E0
4.271585963E1,-2.449506226E0,-6.442752228E0,6.854845276E0
4.272593062E1,-2.450703735E0,-6.439908142E0,6.854096832E0
4.273597062E1,-2.457140350E0,-6.437363434E0,6.863377533E0
4.274601063E1,-2.459535370E0,-6.435118103E0,6.868167572E0
4.275605063E1,-2.466570740E0,-6.438560944E0,6.865772552E0
4.276609162E1,-2.471809845E0,-6.437812500E0,6.865622864E0
4.277613162E1,-2.481838989E0,-6.444847870E0,6.860832825E0
4.278620263E1,-2.486179962E0,-6.444698181E0,6.849606171E0
4.279624263E1,-2.475102997E0,-6.442003784E0,6.839277649E0
4.280628262E1,-2.469414825E0,-6.441554718E0,6.836433563E0
4.281632362E1,-2.475851440E0,-6.445746002E0,6.833439789E0
4.282636362E1,-2.480940857E0,-6.445746002E0,6.843917999E0
4.283640362E1,-2.481389923E0,-6.448889465E0,6.835385742E0
4.284644463E1,-2.475252686E0,-6.443500671E0,6.844067688E0
4.285651462E1,-2.472258911E0,-6.435567169E0,6.862928467E0
4.286655562E1,-2.471211090E0,-6.433321838E0,6.860832825E0
4.287659562E1,-2.468217316E0,-6.438560944E0,6.877448273E0
4.288663563E1,-2.467019806E0,-6.439459076E0,6.882088623E0
4.289667563E1,-2.468067627E0,-6.436614990E0,6.861581268E0
4.290671662E1,-2.479294281E0,-6.428831177E0,6.854695587E0
4.291678762E1,-2.484982452E0,-6.426585846E0,6.859934692E0
4.292682763E1,-2.487527161E0,-6.424789581E0,6.839577026E0
4.293686763E1,-2.486778717E0,-6.421047363E0,6.828200684E0
4.294690762E1,-2.489622803E0,-6.424340515E0,6.828050995E0
4.295695600E1,-2.487527161E0,-6.429729309E0,6.823710022E0
4.296699600E1,-2.480192413E0,-6.425987091E0,6.824907532E0
4.297703600E1,-2.478096771E0,-6.434070282E0,6.838978271E0
4.298710700E1,-2.484832764E0,-6.441105652E0,6.853947144E0
4.299714700E1,-2.483485565E0,-6.437812500E0,6.858737183E0
4.300718800E1,-2.482138367E0,-6.440057831E0,6.862180023E0
4.301722800E1,-2.481689301E0,-6.436465302E0,6.859186249E0
4.302726800E1,-2.485281830E0,-6.437213745E0,6.856342163E0
4.303730800E1,-2.480491791E0,-6.440506897E0,6.844666443E0
4.304737900E1,-2.485880585E0,-6.436016235E0,6.840924225E0
4.305742000E1,-2.488425293E0,-6.435866547E0,6.830296326E0
4.306746000E1,-2.492466888E0,-6.430777130E0,6.845265198E0
4.307750000E1,-2.479593658E0,-6.437064056E0,6.850803680E0
4.308754000E1,-2.484982452E0,-6.438261566E0,6.835834808E0
4.309758100E1,-2.481539612E0,-6.423442383E0,6.855294342E0
4.310762100E1,-2.484683075E0,-6.422693939E0,6.852599945E0
4.311769200E1,-2.487227783E0,-6.430328064E0,6.858288116E0
4.312773200E1,-2.492915955E0,-6.430028687E0,6.866371307E0
4.313777200E1,-2.496209106E0,-6.434818726E0,6.870861969E0
4.314781300E1,-2.491269379E0,-6.431974640E0,6.883136444E0
4.315785300E1,-2.504741364E0,-6.426735535E0,6.871011658E0
4.316789300E1,-2.503094788E0,-6.423442383E0,6.867119751E0
4.317796400E1,-2.501448212E0,-6.430627441E0,6.870861969E0
4.318800400E1,-2.493814087E0,-6.419700165E0,6.846762085E0
4.319804500E1,-2.487976227E0,-6.425538025E0,6.850055237E0
4.320808500E1,-2.485581207E0,-6.429280243E0,6.839277649E0
4.321812500E1,-2.489772491E0,-6.435417480E0,6.843917999E0
4.322816500E1,-2.486030273E0,-6.425837402E0,6.849306793E0
4.323820600E1,-2.479743347E0,-6.419849854E0,6.861730957E0
4.324827600E1,-2.484683075E0,-6.431525574E0,6.852450256E0
4.325831700E1,-2.487377472E0,-6.427633667E0,6.859186249E0
4.326835700E1,-2.478845215E0,-6.426585846E0,6.866970062E0
4.327839700E1,-2.480192413E0,-6.432423706E0,6.872209167E0
4.328843800E1,-2.482737122E0,-6.427334290E0,6.875951385E0
4.329847800E1,-2.488874359E0,-6.431226196E0,6.874604187E0
4.330854900E1,-2.481240234E0,-6.430627441E0,6.868167572E0
4.331858900E1,-2.475402374E0,-6.424490204E0,6.864724731E0
4.332862900E1,-2.476300507E0,-6.425538025E0,6.860832825E0
4.333867000E1,-2.474953308E0,-6.431076508E0,6.855294342E0
4.334871000E1,-2.470612335E0,-6.438560944E0,6.842570801E0
4.335875000E1,-2.465223541E0,-6.434519348E0,6.850055237E0
4.336879000E1,-2.466870117E0,-6.422993317E0,6.851402435E0
4.337886100E1,-2.461780701E0,-6.425837402E0,6.858437805E0
4.338890100E1,-2.471360779E0,-6.432423706E0,6.865173798E0
4.339894200E1,-2.475102997E0,-6.438111877E0,6.859485626E0
4.340898200E1,-2.474204865E0,-6.435267792E0,6.873706055E0
4.341902200E1,-2.476300507E0,-6.431974640E0,6.864125977E0
4.342906300E1,-2.475851440E0,-6.437363434E0,6.857839050E0
4.343913300E1,-2.468965759E0,-6.443949738E0,6.854246521E0
4.344917400E1,-2.465672607E0,-6.442452850E0,6.860982513E0
4.345921400E1,-2.464475098E0,-6.445596313E0,6.857539673E0
4.346925400E1,-2.459834747E0,-6.443650360E0,6.856042786E0
4.347929500E1,-2.459385681E0,-6.440357208E0,6.861581268E0
4.348933500E1,-2.456242218E0,-6.447242889E0,6.856940918E0
4.349937500E1,-2.458637238E0,-6.435716858E0,6.864125977E0
4.350944600E1,-2.454595642E0,-6.434818726E0,6.862479401E0
4.351948600E1,-2.458038483E0,-6.440806274E0,6.856940918E0
4.352952600E1,-2.455493774E0,-6.435267792E0,6.856192474E0
4.353956700E1,-2.458038483E0,-6.439908142E0,6.850653992E0
4.354960700E1,-2.455643463E0,-6.442752228E0,6.850055237E0
4.355964700E1,-2.463127899E0,-6.446045380E0,6.851552124E0
4.356971800E1,-2.455942841E0,-6.444698181E0,6.845115509E0
4.357975800E1,-2.456391907E0,-6.447392578E0,6.857389984E0
4.358979900E1,-2.471660156E0,-6.441255341E0,6.853498077E0
4.359983900E1,-2.470762024E0,-6.439758453E0,6.857389984E0
4.360987900E1,-2.471959534E0,-6.437662811E0,6.848857727E0
4.361992000E1,-2.476300507E0,-6.441704407E0,6.859785004E0
4.362999000E1,-2.459086304E0,-6.442452850E0,6.852899323E0
4.364003100E1,-2.452649689E0,-6.447093201E0,6.845265198E0
4.365007100E1,-2.453398132E0,-6.444249115E0,6.846313019E0
4.366011100E1,-2.447111206E0,-6.455326080E0,6.855294342E0
4.367015100E1,-2.449655914E0,-6.456224213E0,6.852150879E0
4.368019200E1,-2.461331635E0,-6.447841644E0,6.864724731E0
4.369023200E1,-2.464774475E0,-6.442303162E0,6.868616638E0
4.370030300E1,-2.470462646E0,-6.444249115E0,6.874304810E0
4.371034300E1,-2.477647705E0,-6.455176392E0,6.872658234E0
4.372038300E1,-2.477048950E0,-6.450985107E0,6.864125977E0
4.373042400E1,-2.484084320E0,-6.451134796E0,6.845564575E0
4.374046400E1,-2.481090546E0,-6.436614990E0,6.849905548E0
4.375050400E1,-2.485281830E0,-6.426136780E0,6.834936676E0
4.376057500E1,-2.480342102E0,-6.441554718E0,6.832242279E0
4.377061500E1,-2.474803619E0,-6.426735535E0,6.835385742E0
4.378065600E1,-2.454745331E0,-6.430926819E0,6.829248505E0
4.379069600E1,-2.464325409E0,-6.450835419E0,6.841223602E0
4.380073600E1,-2.457589417E0,-6.457870789E0,6.846762085E0
4.381077600E1,-2.437381439E0,-6.472091217E0,6.849606171E0
4.382081700E1,-2.434986420E0,-6.454278259E0,6.845863953E0
4.383088800E1,-2.436333618E0,-6.460714874E0,6.854096832E0
4.384092800E1,-2.435585175E0,-6.467450867E0,6.860982513E0
4.385096800E1,-2.441722412E0,-6.465055847E0,6.865922241E0
4.386100800E1,-2.437531128E0,-6.469247131E0,6.856940918E0
4.387104900E1,-2.446961517E0,-6.470893707E0,6.854545898E0
4.388108900E1,-2.453697510E0,-6.463259583E0,6.840325470E0
4.389116000E1,-2.458936615E0,-6.463109894E0,6.845714264E0
4.390120000E1,-2.448458405E0,-6.463409271E0,6.830895081E0
4.391124000E1,-2.457888794E0,-6.455475769E0,6.812183990E0
4.392128100E1,-2.452799377E0,-6.458619232E0,6.815177765E0
4.393132100E1,-2.444865875E0,-6.455775146E0,6.825057220E0
4.394136100E1,-2.444117432E0,-6.448141022E0,6.847959595E0
4.395140100E1,-2.425556030E0,-6.458170166E0,6.849456482E0
4.396144788E1,-2.427501984E0,-6.454128571E0,6.881489868E0
4.397148887E1,-2.427052917E0,-6.469995575E0,6.885830841E0
4.398152887E1,-2.434836731E0,-6.468348999E0,6.882837067E0
4.399156887E1,-2.444267120E0,-6.461912384E0,6.874604187E0
4.400160887E1,-2.452350311E0,-6.459816742E0,6.860234070E0
4.401164987E1,-2.455194397E0,-6.462062073E0,6.842570801E0
4.402171987E1,-2.456691284E0,-6.458319855E0,6.830895081E0
4.403176087E1,-2.446362762E0,-6.450086975E0,6.839427338E0
4.404180087E1,-2.453697510E0,-6.456673279E0,6.832541656E0
4.405184087E1,-2.457589417E0,-6.456972656E0,6.827901306E0
4.406188188E1,-2.454895020E0,-6.458768921E0,6.827003174E0
4.407192187E1,-2.453996887E0,-6.470594330E0,6.818620605E0
4.408196187E1,-2.443967743E0,-6.468049622E0,6.825206909E0
4.409203287E1,-2.443368988E0,-6.467450867E0,6.840924225E0
4.410207288E1,-2.441423035E0,-6.472390594E0,6.839427338E0
4.411211387E1,-2.442770233E0,-6.476881256E0,6.842720490E0
4.412215387E1,-2.445015564E0,-6.479575653E0,6.838229828E0
4.413219387E1,-2.445913696E0,-6.476881256E0,6.847959595E0
4.414223387E1,-2.442919922E0,-6.469995575E0,6.837930450E0
4.415230487E1,-2.445165253E0,-6.468348999E0,6.836134186E0
4.416234487E1,-2.437231750E0,-6.475534058E0,6.833888855E0
4.417238587E1,-2.441273346E0,-6.470744019E0,6.824608154E0
4.418242587E1,-2.429897003E0,-6.458768921E0,6.836732941E0
4.419246587E1,-2.439776459E0,-6.461163940E0,6.845115509E0
4.420250688E1,-2.435435486E0,-6.465205536E0,6.836732941E0
4.421254687E1,-2.426005096E0,-6.462062073E0,6.841972046E0
4.422261787E1,-2.428549805E0,-6.465355225E0,6.844666443E0
4.423265787E1,-2.427651672E0,-6.467750244E0,6.844067688E0
4.424269788E1,-2.430196381E0,-6.471791840E0,6.851552124E0
4.425273887E1,-2.428400116E0,-6.468648376E0,6.846163330E0
4.426277887E1,-2.433639221E0,-6.464457092E0,6.833290100E0
4.427281887E1,-2.430196381E0,-6.459966431E0,6.828649750E0
4.428288988E1,-2.437082062E0,-6.474635925E0,6.839127960E0
4.429292987E1,-2.438578949E0,-6.466403046E0,6.836882629E0
4.430296987E1,-2.445314941E0,-6.459667053E0,6.843768311E0
4.431301087E1,-2.445314941E0,-6.462810516E0,6.847360840E0
4.432305087E1,-2.446961517E0,-6.452781372E0,6.835385742E0
4.433309087E1,-2.444865875E0,-6.463858337E0,6.848558350E0
4.434313188E1,-2.445913696E0,-6.464307404E0,6.855444031E0
4.435320187E1,-2.446213074E0,-6.463109894E0,6.843169556E0
4.436324287E1,-2.446961517E0,-6.470294952E0,6.844666443E0
4.437328287E1,-2.445764008E0,-6.461313629E0,6.852899323E0
4.438332288E1,-2.445614319E0,-6.462660828E0,6.846762085E0
4.439336387E1,-2.446961517E0,-6.465205536E0,6.845265198E0
4.440340387E1,-2.443967743E0,-6.459217987E0,6.835086365E0
4.441347488E1,-2.448458405E0,-6.462361450E0,6.839876404E0
4.442351488E1,-2.448757782E0,-6.463708649E0,6.826853485E0
4.443355487E1,-2.444267120E0,-6.456673279E0,6.837481384E0
4.444359487E1,-2.452050934E0,-6.454128571E0,6.854246521E0
4.445363587E1,-2.454745331E0,-6.459816742E0,6.851701813E0
4.446367587E1,-2.456541595E0,-6.462062073E0,6.858737183E0
4.447371587E1,-2.458337860E0,-6.469845886E0,6.869514771E0
4.448378687E1,-2.459834747E0,-6.466103668E0,6.866970062E0
4.449382687E1,-2.452050934E0,-6.463259583E0,6.848258972E0
4.450386787E1,-2.454595642E0,-6.458619232E0,6.847360840E0
4.451390787E1,-2.449655914E0,-6.456673279E0,6.836882629E0
4.452394788E1,-2.440225525E0,-6.464606781E0,6.822961578E0
4.453398887E1,-2.436034241E0,-6.462810516E0,6.821015625E0
4.454405887E1,-2.423759766E0,-6.465055847E0,6.828949127E0
4.455409988E1,-2.420466614E0,-6.466702423E0,6.832841034E0
4.456413988E1,-2.420765991E0,-6.469546509E0,6.844217377E0
4.457417987E1,-2.417472839E0,-6.459816742E0,6.860383759E0
4.458421987E1,-2.411634979E0,-6.466253357E0,6.849755859E0
4.459426087E1,-2.408940582E0,-6.472390594E0,6.845714264E0
4.460433188E1,-2.421215057E0,-6.473887482E0,6.838828583E0
4.461437187E1,-2.424957275E0,-6.474785614E0,6.847660217E0
4.462441187E1,-2.438429260E0,-6.472989349E0,6.845265198E0
4.463445187E1,-2.443069611E0,-6.481820984E0,6.839577026E0
4.464449287E1,-2.442770233E0,-6.477030945E0,6.831942902E0
4.465453287E1,-2.452949066E0,-6.474486237E0,6.829098816E0
4.466457288E1,-2.444716187E0,-6.466702423E0,6.818919983E0
4.467464387E1,-2.443368988E0,-6.463259583E0,6.825506287E0
4.468468387E1,-2.441273346E0,-6.458469543E0,6.846462708E0
4.469472488E1,-2.442919922E0,-6.449039154E0,6.840774536E0
4.470476488E1,-2.433339844E0,-6.446494446E0,6.851252747E0
4.471480487E1,-2.425556030E0,-6.451434174E0,6.876250763E0
4.472484487E1,-2.435285797E0,-6.461912384E0,6.880292358E0
4.473491588E1,-2.436782684E0,-6.467450867E0,6.875502319E0
4.474495688E1,-2.439028015E0,-6.469396820E0,6.867568817E0
4.475499687E1,-2.442919922E0,-6.458319855E0,6.848258972E0
4.476503687E1,-2.442620544E0,-6.451883240E0,6.843468933E0
4.477507687E1,-2.440225525E0,-6.454427948E0,6.836283875E0
4.478511787E1,-2.444117432E0,-6.452931061E0,6.830296326E0
4.479515787E1,-2.438429260E0,-6.449338531E0,6.835685120E0
4.480522887E1,-2.443518677E0,-6.442003784E0,6.835385742E0
4.481526887E1,-2.445165253E0,-6.449338531E0,6.838529205E0
4.482530887E1,-2.434986420E0,-6.452631683E0,6.846013641E0
4.483534988E1,-2.433788910E0,-6.458918610E0,6.851103058E0
4.484538988E1,-2.432741089E0,-6.463708649E0,6.850953369E0
4.485542987E1,-2.446811829E0,-6.465504913E0,6.849306793E0
4.486550087E1,-2.445764008E0,-6.467001801E0,6.845265198E0
4.487554088E1,-2.462678833E0,-6.463409271E0,6.846612396E0
4.488558188E1,-2.460433502E0,-6.469097443E0,6.838529205E0
4.489562187E1,-2.453098755E0,-6.471642151E0,6.847360840E0
4.490566187E1,-2.452949066E0,-6.459966431E0,6.841223602E0
4.491570187E1,-2.442620544E0,-6.468498688E0,6.840924225E0
4.492574287E1,-2.436034241E0,-6.462062073E0,6.849306793E0
4.493581387E1,-2.432741089E0,-6.466103668E0,6.849306793E0
4.494585387E1,-2.421963501E0,-6.468648376E0,6.848558350E0
4.495589387E1,-2.438728638E0,-6.452931061E0,6.845714264E0
4.496594112E1,-2.435585175E0,-6.454577637E0,6.847061462E0
4.497598212E1,-2.435585175E0,-6.457721100E0,6.850653992E0
4.498602212E1,-2.425106964E0,-6.460265808E0,6.856491852E0
4.499609312E1,-2.431393890E0,-6.467750244E0,6.857988739E0
4.500613312E1,-2.437531128E0,-6.456373901E0,6.851402435E0
4.501617312E1,-2.433938599E0,-6.456224213E0,6.857689362E0
4.502621412E1,-2.436632996E0,-6.448141022E0,6.862629089E0
4.503625412E1,-2.432142334E0,-6.444099426E0,6.860683136E0
4.504629413E1,-2.432890778E0,-6.445895691E0,6.855743408E0
4.505633413E1,-2.420616302E0,-6.459966431E0,6.851851501E0
4.506640512E1,-2.427651672E0,-6.464157715E0,6.853647766E0
4.507644613E1,-2.436483307E0,-6.460415497E0,6.848857727E0
4.508648613E1,-2.434237976E0,-6.464008026E0,6.856791229E0
4.509652612E1,-2.426154785E0,-6.474785614E0,6.858737183E0
4.510656612E1,-2.436932373E0,-6.462361450E0,6.841522980E0
4.511660712E1,-2.440375214E0,-6.466702423E0,6.853647766E0
4.512667713E1,-2.437381439E0,-6.459816742E0,6.852150879E0
4.513671812E1,-2.439926147E0,-6.456523590E0,6.841672668E0
4.514675812E1,-2.437082062E0,-6.458170166E0,6.851552124E0
4.515679812E1,-2.432890778E0,-6.445147247E0,6.853049011E0
4.516683912E1,-2.425705719E0,-6.446344757E0,6.861431580E0
4.517687912E1,-2.422262878E0,-6.440806274E0,6.862030334E0
4.518691913E1,-2.426903229E0,-6.448889465E0,6.856192474E0
4.519699012E1,-2.432591400E0,-6.455924835E0,6.859186249E0
4.520703012E1,-2.436782684E0,-6.453529816E0,6.857090607E0
4.521707113E1,-2.436632996E0,-6.448590088E0,6.873107300E0
4.522711113E1,-2.441572723E0,-6.450536041E0,6.875202942E0
4.523715112E1,-2.442321167E0,-6.439010010E0,6.871909790E0
4.524719112E1,-2.438878326E0,-6.444997559E0,6.869963837E0
4.525726213E1,-2.449805603E0,-6.452182617E0,6.886130219E0
4.526730213E1,-2.451751556E0,-6.452631683E0,6.874604187E0
4.527734312E1,-2.451302490E0,-6.455625458E0,6.857389984E0
4.528738312E1,-2.460433502E0,-6.440057831E0,6.841972046E0
4.529742312E1,-2.464026031E0,-6.430777130E0,6.847360840E0
4.530746412E1,-2.470312958E0,-6.431375885E0,6.849007416E0
4.531750412E1,-2.461780701E0,-6.436315613E0,6.837032318E0
4.532757512E1,-2.464026031E0,-6.443650360E0,6.829248505E0
4.533761512E1,-2.468516693E0,-6.451583862E0,6.838379517E0
4.534765512E1,-2.468516693E0,-6.446494446E0,6.828799438E0
4.535769613E1,-2.465522919E0,-6.449787598E0,6.841073914E0
4.536773613E1,-2.453697510E0,-6.455326080E0,6.852899323E0
4.537777612E1,-2.445015564E0,-6.452032928E0,6.856940918E0
4.538784712E1,-2.445913696E0,-6.458020477E0,6.852150879E0
4.539788713E1,-2.448159027E0,-6.461613007E0,6.858886871E0
4.540792713E1,-2.448458405E0,-6.465055847E0,6.858886871E0
4.541796812E1,-2.457739105E0,-6.466403046E0,6.858886871E0
4.542800812E1,-2.455493774E0,-6.463259583E0,6.858138428E0
4.543804812E1,-2.445165253E0,-6.464906158E0,6.838828583E0
4.544811913E1,-2.444416809E0,-6.456224213E0,6.835984497E0
4.545815912E1,-2.430196381E0,-6.449937286E0,6.829398193E0
4.546820012E1,-2.438878326E0,-6.453080750E0,6.840624847E0
4.547824012E1,-2.442620544E0,-6.439758453E0,6.858288116E0
4.548828012E1,-2.454895020E0,-6.427933044E0,6.871011658E0
4.549832113E1,-2.454595642E0,-6.447242889E0,6.867718506E0
4.550836113E1,-2.445165253E0,-6.450086975E0,6.871760101E0
4.551843212E1,-2.445614319E0,-6.446644135E0,6.872957611E0
4.552847212E1,-2.448907471E0,-6.449937286E0,6.863078156E0
4.553851213E1,-2.446662140E0,-6.449188843E0,6.859934692E0
4.554855213E1,-2.441572723E0,-6.439608765E0,6.848408661E0
4.555859312E1,-2.441572723E0,-6.437662811E0,6.866970062E0
4.556863312E1,-2.446362762E0,-6.448590088E0,6.861581268E0
4.557870413E1,-2.438279572E0,-6.438560944E0,6.860234070E0
4.558874413E1,-2.440075836E0,-6.433920593E0,6.846313019E0
4.559878412E1,-2.440524902E0,-6.446045380E0,6.853198700E0
4.560882512E1,-2.442321167E0,-6.454577637E0,6.846462708E0
4.561886512E1,-2.445314941E0,-6.454577637E0,6.847211151E0
4.562890512E1,-2.437082062E0,-6.456074524E0,6.848708038E0
4.563894613E1,-2.439926147E0,-6.460415497E0,6.843169556E0
4.564901612E1,-2.427651672E0,-6.454727325E0,6.850055237E0
4.565905712E1,-2.434986420E0,-6.458170166E0,6.858138428E0
4.566909712E1,-2.434836731E0,-6.456074524E0,6.861281891E0
4.567913713E1,-2.436333618E0,-6.457421722E0,6.857389984E0
4.568917713E1,-2.439177704E0,-6.459816742E0,6.863527222E0
4.569921812E1,-2.444865875E0,-6.448889465E0,6.859485626E0
4.570928912E1,-2.440973969E0,-6.451434174E0,6.849157104E0
4.571932913E1,-2.435285797E0,-6.449488220E0,6.851103058E0
4.572936913E1,-2.450853424E0,-6.450386353E0,6.845115509E0
4.573940912E1,-2.452350311E0,-6.451883240E0,6.844965820E0
4.574945012E1,-2.444865875E0,-6.450536041E0,6.842121735E0
4.575949012E1,-2.456092529E0,-6.444398804E0,6.842570801E0
4.576953012E1,-2.452350311E0,-6.442452850E0,6.845714264E0
4.577960112E1,-2.458337860E0,-6.443051605E0,6.846612396E0
4.578964112E1,-2.451152802E0,-6.442452850E0,6.854246521E0
4.579968212E1,-2.454445953E0,-6.445596313E0,6.862030334E0
4.580972212E1,-2.460433502E0,-6.439159698E0,6.855743408E0
4.581976213E1,-2.464624786E0,-6.429579620E0,6.865772552E0
4.582980213E1,-2.471510468E0,-6.436914368E0,6.869664459E0
4.583987312E1,-2.468666382E0,-6.440357208E0,6.869664459E0
4.584991412E1,-2.468367004E0,-6.438560944E0,6.875951385E0
4.585995413E1,-2.466870117E0,-6.447093201E0,6.859186249E0
4.586999413E1,-2.466421051E0,-6.451583862E0,6.852899323E0
4.588003412E1,-2.465822296E0,-6.445446625E0,6.846762085E0
4.589007512E1,-2.465822296E0,-6.446494446E0,6.847809906E0
4.590011512E1,-2.460583191E0,-6.453978882E0,6.846911774E0
4.591018612E1,-2.452649689E0,-6.451284485E0,6.847061462E0
4.592022612E1,-2.454745331E0,-6.449937286E0,6.853947144E0
4.593026612E1,-2.456092529E0,-6.452332306E0,6.852150879E0
4.594030712E1,-2.457888794E0,-6.448889465E0,6.845414886E0
4.595034712E1,-2.454445953E0,-6.441704407E0,6.853198700E0
4.596037475E1,-2.450404358E0,-6.435567169E0,6.861281891E0
4.597044575E1,-2.464924164E0,-6.443051605E0,6.857240295E0
4.598048575E1,-2.461481323E0,-6.442303162E0,6.842870178E0
4.599052675E1,-2.459235992E0,-6.442003784E0,6.849306793E0
4.600056675E1,-2.462678833E0,-6.447392578E0,6.859335938E0
4.601060675E1,-2.458038483E0,-6.439159698E0,6.859036560E0
4.602064675E1,-2.458188171E0,-6.434519348E0,6.867718506E0
4.603071775E1,-2.449506226E0,-6.445746002E0,6.864125977E0
4.604075775E1,-2.445165253E0,-6.452631683E0,6.856940918E0
4.605079875E1,-2.442470856E0,-6.460864563E0,6.869814148E0
4.606083875E1,-2.447111206E0,-6.453529816E0,6.861730957E0
4.607087875E1,-2.455344086E0,-6.448590088E0,6.857689362E0
4.608091975E1,-2.464475098E0,-6.448290710E0,6.841972046E0
4.609095975E1,-2.461481323E0,-6.448290710E0,6.824757843E0
4.610103075E1,-2.456691284E0,-6.438261566E0,6.819967804E0
4.611107075E1,-2.462080078E0,-6.438411255E0,6.821764069E0
4.612111075E1,-2.474055176E0,-6.443350983E0,6.826703796E0
4.613115175E1,-2.472109222E0,-6.449787598E0,6.830146637E0
4.614119175E1,-2.465672607E0,-6.453080750E0,6.840325470E0
4.615123175E1,-2.467917938E0,-6.448739777E0,6.855893097E0
4.616130275E1,-2.460433502E0,-6.450236664E0,6.866371307E0
4.617134275E1,-2.460882568E0,-6.442901917E0,6.858437805E0
4.618138275E1,-2.469414825E0,-6.449488220E0,6.863377533E0
4.619142375E1,-2.466121674E0,-6.446793823E0,6.864874420E0
4.620146375E1,-2.467468872E0,-6.449039154E0,6.858437805E0
4.621150375E1,-2.474055176E0,-6.450536041E0,6.848708038E0
4.622154475E1,-2.479743347E0,-6.456822968E0,6.848857727E0
4.623161475E1,-2.476749573E0,-6.446195068E0,6.840924225E0
4.624165575E1,-2.466870117E0,-6.453679504E0,6.830296326E0
4.625169575E1,-2.465971985E0,-6.449937286E0,6.831194458E0
4.626173575E1,-2.471061401E0,-6.438111877E0,6.842271423E0
4.627177675E1,-2.466121674E0,-6.431974640E0,6.843468933E0
4.628181675E1,-2.473306732E0,-6.422244873E0,6.857389984E0
4.629188775E1,-2.478096771E0,-6.425987091E0,6.859934692E0
4.630192775E1,-2.476599884E0,-6.433471527E0,6.874304810E0
4.631196775E1,-2.487078094E0,-6.437363434E0,6.869664459E0
4.632200775E1,-2.494562531E0,-6.438111877E0,6.860383759E0
4.633204875E1,-2.500999146E0,-6.445895691E0,6.844816132E0
4.634208875E1,-2.496209106E0,-6.450236664E0,6.848857727E0
4.635212875E1,-2.482138367E0,-6.447392578E0,6.847959595E0
4.636219975E1,-2.485880585E0,-6.437213745E0,6.838229828E0
4.637223975E1,-2.475102997E0,-6.439159698E0,6.834637299E0
4.638228075E1,-2.471360779E0,-6.445746002E0,6.839577026E0
4.639232075E1,-2.465373230E0,-6.443500671E0,6.850204926E0
4.640236075E1,-2.470163269E0,-6.450536041E0,6.851701813E0
4.641240175E1,-2.474204865E0,-6.449488220E0,6.851701813E0
4.642247175E1,-2.470163269E0,-6.454278259E0,6.852001190E0
4.643251275E1,-2.470612335E0,-6.452182617E0,6.842570801E0
4.644255275E1,-2.470911713E0,-6.451883240E0,6.837032318E0
4.645259275E1,-2.468816071E0,-6.446344757E0,6.846313019E0
4.646263275E1,-2.467319183E0,-6.445147247E0,6.852599945E0
4.647267375E1,-2.457140350E0,-6.449338531E0,6.863377533E0
4.648271375E1,-2.461631012E0,-6.446344757E0,6.853947144E0
4.649278475E1,-2.471959534E0,-6.450086975E0,6.851252747E0
4.650282475E1,-2.470312958E0,-6.445895691E0,6.846462708E0
4.651286475E1,-2.472707977E0,-6.447242889E0,6.854246521E0
4.652290575E1,-2.474055176E0,-6.451284485E0,6.860533447E0
4.653294575E1,-2.470911713E0,-6.437962189E0,6.849755859E0
4.654298575E1,-2.484084320E0,-6.440357208E0,6.842870178E0
4.655305675E1,-2.484383698E0,-6.433172150E0,6.844217377E0
4.656309675E1,-2.488874359E0,-6.434968414E0,6.845564575E0
4.657313775E1,-2.489173737E0,-6.441704407E0,6.856342163E0
4.658317775E1,-2.495310974E0,-6.437213745E0,6.849456482E0
4.659321775E1,-2.486329651E0,-6.448590088E0,6.844965820E0
4.660325775E1,-2.483635254E0,-6.454877014E0,6.851552124E0
4.661332875E1,-2.482886810E0,-6.451434174E0,6.845414886E0
4.662336975E1,-2.484683075E0,-6.443949738E0,6.833439789E0
4.663340975E1,-2.482737122E0,-6.442752228E0,6.834637299E0
4.664344975E1,-2.481689301E0,-6.446793823E0,6.842570801E0
4.665348975E1,-2.476150818E0,-6.435417480E0,6.846762085E0
4.666353075E1,-2.478994904E0,-6.445596313E0,6.844965820E0
4.667357075E1,-2.478695526E0,-6.443500671E0,6.838678894E0
4.668364175E1,-2.482886810E0,-6.436016235E0,6.828200684E0
4.669368175E1,-2.482288055E0,-6.453080750E0,6.833888855E0
4.670372175E1,-2.484982452E0,-6.441704407E0,6.836732941E0
4.671376275E1,-2.477797394E0,-6.438111877E0,6.842271423E0
4.672380275E1,-2.492915955E0,-6.441854095E0,6.847211151E0
4.673384275E1,-2.484383698E0,-6.442752228E0,6.852001190E0
4.674391375E1,-2.485581207E0,-6.442901917E0,6.860084381E0
4.675395375E1,-2.479893036E0,-6.451733551E0,6.857539673E0
4.676399475E1,-2.482437744E0,-6.438860321E0,6.849157104E0
4.677403475E1,-2.476150818E0,-6.445147247E0,6.846013641E0
4.678407475E1,-2.477947083E0,-6.449188843E0,6.847510529E0
4.679411475E1,-2.484683075E0,-6.435866547E0,6.853797455E0
4.680415575E1,-2.478545837E0,-6.438860321E0,6.832691345E0
4.681422575E1,-2.481539612E0,-6.435716858E0,6.852150879E0
4.682426675E1,-2.485581207E0,-6.440207520E0,6.858138428E0
4.683430675E1,-2.483485565E0,-6.449188843E0,6.862928467E0
4.684434675E1,-2.481240234E0,-6.453380127E0,6.856192474E0
4.685438775E1,-2.486629028E0,-6.456373901E0,6.859485626E0
4.686442775E1,-2.497256927E0,-6.451134796E0,6.838080139E0
4.687449875E1,-2.511327667E0,-6.433321838E0,6.834038544E0
4.688453875E1,-2.502945099E0,-6.432872772E0,6.816824341E0
4.689457875E1,-2.498155060E0,-6.432723083E0,6.826554108E0
4.690461975E1,-2.494861908E0,-6.426585846E0,6.819369049E0
4.691465975E1,-2.505789185E0,-6.437513123E0,6.820117493E0
4.692469975E1,-2.506088562E0,-6.438111877E0,6.824159088E0
4.693473975E1,-2.497406616E0,-6.444997559E0,6.835535431E0
4.694481075E1,-2.496807861E0,-6.444698181E0,6.855743408E0
4.695485075E1,-2.491568756E0,-6.444548492E0,6.866520996E0
4.696487838E1,-2.498304749E0,-6.451134796E0,6.849306793E0
4.697491837E1,-2.501148834E0,-6.445296936E0,6.843768311E0
4.698495837E1,-2.497556305E0,-6.454577637E0,6.845265198E0
4.699499937E1,-2.489772491E0,-6.469097443E0,6.834038544E0
4.700506938E1,-2.484832764E0,-6.474336548E0,6.828949127E0
4.701511037E1,-2.480791168E0,-6.467899933E0,6.827601929E0
4.702515037E1,-2.476001129E0,-6.455026703E0,6.808142395E0
4.703519037E1,-2.475402374E0,-6.447392578E0,6.824159088E0
4.704523137E1,-2.480641479E0,-6.444249115E0,6.834188232E0
4.705527138E1,-2.476599884E0,-6.442303162E0,6.830895081E0
4.706531138E1,-2.483036499E0,-6.435118103E0,6.841223602E0
4.707538237E1,-2.473606110E0,-6.431675262E0,6.852749634E0
4.708542237E1,-2.479443970E0,-6.438560944E0,6.871311035E0
4.709546238E1,-2.465522919E0,-6.439758453E0,6.859934692E0
4.710550338E1,-2.456691284E0,-6.443949738E0,6.859036560E0
4.711554337E1,-2.453847198E0,-6.442303162E0,6.874903564E0
4.712558337E1,-2.450554047E0,-6.442153473E0,6.868616638E0
4.713565438E1,-2.453697510E0,-6.440506897E0,6.872358856E0
4.714569438E1,-2.453248444E0,-6.440207520E0,6.857389984E0
4.715573537E1,-2.455493774E0,-6.441105652E0,6.847809906E0
4.716577537E1,-2.455344086E0,-6.441854095E0,6.840774536E0
4.717581537E1,-2.460732880E0,-6.437662811E0,6.840026093E0
4.718585637E1,-2.455194397E0,-6.441405029E0,6.840475159E0
4.719592637E1,-2.467618561E0,-6.442752228E0,6.843319244E0
4.720596737E1,-2.475252686E0,-6.435267792E0,6.832391968E0
4.721600737E1,-2.474204865E0,-6.439309387E0,6.842570801E0
4.722604737E1,-2.476749573E0,-6.433770905E0,6.844965820E0
4.723608738E1,-2.484683075E0,-6.425388336E0,6.850953369E0
4.724612838E1,-2.490371246E0,-6.436614990E0,6.855893097E0
4.725616837E1,-2.491868134E0,-6.433621216E0,6.866071930E0
4.726623937E1,-2.495310974E0,-6.435417480E0,6.871909790E0
4.727627938E1,-2.502346344E0,-6.433621216E0,6.870113525E0
4.728631938E1,-2.501747589E0,-6.419101410E0,6.853049011E0
4.729636037E1,-2.503543854E0,-6.431974640E0,6.850953369E0
4.730640037E1,-2.506387939E0,-6.433770905E0,6.854994965E0
4.731644037E1,-2.499801636E0,-6.432723083E0,6.855893097E0
4.732651137E1,-2.507735138E0,-6.437513123E0,6.847510529E0
4.733655137E1,-2.515369263E0,-6.439908142E0,6.852001190E0
4.734659237E1,-2.513123932E0,-6.428531799E0,6.835535431E0
4.735663237E1,-2.517913971E0,-6.422993317E0,6.850953369E0
4.736667237E1,-2.514171753E0,-6.422544250E0,6.853198700E0
4.737671238E1,-2.504891052E0,-6.430926819E0,6.851402435E0
4.738675338E1,-2.507884827E0,-6.428082733E0,6.853498077E0
4.739682437E1,-2.500999146E0,-6.424340515E0,6.841373291E0
4.740686437E1,-2.503992920E0,-6.422843628E0,6.855593719E0
4.741690438E1,-2.495460663E0,-6.427483978E0,6.869065704E0
4.742694438E1,-2.485431519E0,-6.427034912E0,6.855593719E0
4.743698537E1,-2.486629028E0,-6.428681488E0,6.870712280E0
4.744702537E1,-2.475552063E0,-6.438261566E0,6.866071930E0
4.745709638E1,-2.467468872E0,-6.445296936E0,6.855294342E0
4.746713637E1,-2.470013580E0,-6.453380127E0,6.858288116E0
4.747717637E1,-2.456691284E0,-6.457122345E0,6.864125977E0
4.748721737E1,-2.449805603E0,-6.454128571E0,6.846911774E0
4.749725737E1,-2.458188171E0,-6.448290710E0,6.840325470E0
4.750729737E1,-2.455643463E0,-6.449188843E0,6.839127960E0
4.751733738E1,-2.459235992E0,-6.456224213E0,6.835984497E0
4.752740837E1,-2.459235992E0,-6.451434174E0,6.840325470E0
4.753744937E1,-2.452200623E0,-6.456074524E0,6.836134186E0
4.754748937E1,-2.458337860E0,-6.455475769E0,6.846013641E0
4.755752938E1,-2.454595642E0,-6.441704407E0,6.859934692E0
4.756756938E1,-2.449955292E0,-6.452481995E0,6.846612396E0
4.757761037E1,-2.453398132E0,-6.456373901E0,6.848708038E0
4.758768037E1,-2.466421051E0,-6.451434174E0,6.870562592E0
4.759772138E1,-2.461181946E0,-6.446045380E0,6.870263214E0
4.760776137E1,-2.465822296E0,-6.439459076E0,6.880142670E0
4.761780137E1,-2.474504242E0,-6.430777130E0,6.877597961E0
4.762784237E1,-2.480940857E0,-6.427783356E0,6.875951385E0
4.763788237E1,-2.484832764E0,-6.434219971E0,6.876999207E0
4.764795337E1,-2.484533386E0,-6.430627441E0,6.868916016E0
4.765799337E1,-2.482138367E0,-6.437812500E0,6.846911774E0
4.766803337E1,-2.492616577E0,-6.432124329E0,6.838978271E0
4.767807437E1,-2.487527161E0,-6.427034912E0,6.844367065E0
4.768811437E1,-2.490221558E0,-6.428681488E0,6.834936676E0
4.769815438E1,-2.484383698E0,-6.433172150E0,6.828200684E0
4.770819438E1,-2.477498016E0,-6.428531799E0,6.839427338E0
4.771826537E1,-2.486629028E0,-6.437962189E0,6.838678894E0
4.772830537E1,-2.481539612E0,-6.449039154E0,6.845863953E0
4.773834638E1,-2.470163269E0,-6.449787598E0,6.844965820E0
4.774838637E1,-2.464475098E0,-6.454427948E0,6.853348389E0
4.775842637E1,-2.461181946E0,-6.458619232E0,6.856791229E0
4.776846737E1,-2.467618561E0,-6.453978882E0,6.862479401E0
4.777853738E1,-2.464026031E0,-6.469097443E0,6.848857727E0
4.778857837E1,-2.464924164E0,-6.467301178E0,6.843618622E0
4.779861837E1,-2.465971985E0,-6.467151489E0,6.839726715E0
4.780865837E1,-2.461331635E0,-6.474635925E0,6.833739166E0
4.781869937E1,-2.459834747E0,-6.461762695E0,6.818770294E0
4.782873937E1,-2.455044708E0,-6.460265808E0,6.823410645E0
4.783877938E1,-2.448608093E0,-6.457421722E0,6.821315002E0
4.784885037E1,-2.438578949E0,-6.449637909E0,6.837780762E0
4.785889037E1,-2.447859650E0,-6.446793823E0,6.849157104E0
4.786893037E1,-2.443069611E0,-6.438111877E0,6.856791229E0
4.787897138E1,-2.443668365E0,-6.458170166E0,6.867718506E0
4.788901137E1,-2.446512451E0,-6.468498688E0,6.873107300E0
4.789905137E1,-2.456691284E0,-6.463558960E0,6.884783020E0
4.790912238E1,-2.457589417E0,-6.460265808E0,6.863976288E0
4.791916238E1,-2.474204865E0,-6.451434174E0,6.855294342E0
4.792920337E1,-2.473456421E0,-6.454278259E0,6.851402435E0
4.793924337E1,-2.465971985E0,-6.444249115E0,6.844217377E0
4.794928337E1,-2.476599884E0,-6.438111877E0,6.840325470E0
4.795932437E1,-2.468067627E0,-6.444398804E0,6.835535431E0
4.796937050E1,-2.464774475E0,-6.444548492E0,6.824757843E0
4.797944150E1,-2.457888794E0,-6.456373901E0,6.841522980E0
4.798948150E1,-2.461032257E0,-6.452182617E0,6.844367065E0
4.799952150E1,-2.465223541E0,-6.447542267E0,6.838379517E0
4.800956150E1,-2.461331635E0,-6.455026703E0,6.844516754E0
4.801960250E1,-2.467019806E0,-6.455924835E0,6.849007416E0
4.802964250E1,-2.473606110E0,-6.452781372E0,6.848708038E0
4.803971350E1,-2.476599884E0,-6.455775146E0,6.848109283E0
4.804975350E1,-2.475102997E0,-6.459966431E0,6.853947144E0
4.805979350E1,-2.473007355E0,-6.464606781E0,6.844516754E0
4.806983450E1,-2.473157043E0,-6.465804291E0,6.839577026E0
4.807987450E1,-2.461780701E0,-6.463109894E0,6.825356598E0
4.808991450E1,-2.467618561E0,-6.447691956E0,6.841073914E0
4.809998550E1,-2.466570740E0,-6.452631683E0,6.845714264E0
4.811002550E1,-2.460732880E0,-6.445596313E0,6.837780762E0
4.812006650E1,-2.449655914E0,-6.444548492E0,6.843618622E0
4.813010650E1,-2.448308716E0,-6.459367676E0,6.844816132E0
4.814014650E1,-2.459235992E0,-6.458319855E0,6.842570801E0
4.815018650E1,-2.465822296E0,-6.450685730E0,6.847360840E0
4.816022750E1,-2.467019806E0,-6.455026703E0,6.842271423E0
4.817029850E1,-2.468816071E0,-6.454877014E0,6.842271423E0
4.818033850E1,-2.470462646E0,-6.454278259E0,6.850055237E0
4.819037850E1,-2.466570740E0,-6.456523590E0,6.832242279E0
4.820041850E1,-2.466720428E0,-6.453679504E0,6.829248505E0
4.821045950E1,-2.464325409E0,-6.448290710E0,6.844217377E0
4.822049950E1,-2.459086304E0,-6.457272034E0,6.835984497E0
4.823057050E1,-2.454445953E0,-6.470744019E0,6.839726715E0
4.824061050E1,-2.442171478E0,-6.467450867E0,6.835385742E0
4.825065050E1,-2.452200623E0,-6.459966431E0,6.846313019E0
4.826069150E1,-2.465522919E0,-6.457421722E0,6.841522980E0
4.827073150E1,-2.476150818E0,-6.452781372E0,6.845115509E0
4.828077150E1,-2.474354553E0,-6.449188843E0,6.842271423E0
4.829081150E1,-2.461481323E0,-6.447242889E0,6.829996948E0
4.830088250E1,-2.454895020E0,-6.450985107E0,6.842121735E0
4.831092350E1,-2.452050934E0,-6.457122345E0,6.848258972E0
4.832096350E1,-2.441123657E0,-6.461762695E0,6.841672668E0
4.833100350E1,-2.451152802E0,-6.463558960E0,6.848109283E0
4.834104350E1,-2.454745331E0,-6.461463318E0,6.858437805E0
4.835108450E1,-2.457439728E0,-6.463109894E0,6.867269440E0
4.836115550E1,-2.463876343E0,-6.445296936E0,6.864724731E0
4.837119550E1,-2.470762024E0,-6.437363434E0,6.871909790E0
4.838123550E1,-2.481389923E0,-6.440207520E0,6.861431580E0
4.839127550E1,-2.482886810E0,-6.446793823E0,6.869514771E0
4.840131650E1,-2.490371246E0,-6.459068298E0,6.868466949E0
4.841135650E1,-2.493065643E0,-6.447093201E0,6.856491852E0
4.842139650E1,-2.488275604E0,-6.445296936E0,6.845265198E0
4.843146750E1,-2.483036499E0,-6.457721100E0,6.833589478E0
4.844150750E1,-2.479893036E0,-6.456523590E0,6.812483368E0
4.845154850E1,-2.468367004E0,-6.438710632E0,6.830595703E0
4.846158850E1,-2.455942841E0,-6.436914368E0,6.842271423E0
4.847162850E1,-2.450254669E0,-6.440207520E0,6.844367065E0
4.848166850E1,-2.447410583E0,-6.442003784E0,6.846313019E0
4.849173950E1,-2.441572723E0,-6.446195068E0,6.853049011E0
4.850178050E1,-2.439327393E0,-6.451883240E0,6.856342163E0
4.851182050E1,-2.440225525E0,-6.462062073E0,6.842570801E0
4.852186050E1,-2.441572723E0,-6.472091217E0,6.851701813E0
4.853190050E1,-2.452799377E0,-6.468498688E0,6.841972046E0
4.854194150E1,-2.445015564E0,-6.472839661E0,6.818620605E0
4.855201150E1,-2.461032257E0,-6.467750244E0,6.827302551E0
4.856205250E1,-2.457140350E0,-6.467001801E0,6.834936676E0
4.857209250E1,-2.450853424E0,-6.468498688E0,6.822961578E0
4.858213250E1,-2.458337860E0,-6.474935303E0,6.814579010E0
4.859217350E1,-2.450554047E0,-6.474785614E0,6.811285858E0
4.860221350E1,-2.435884552E0,-6.471043396E0,6.810088348E0
4.861225350E1,-2.429148560E0,-6.460265808E0,6.831344147E0
4.862232450E1,-2.421963501E0,-6.466852112E0,6.844965820E0
4.863236450E1,-2.420616302E0,-6.469396820E0,6.837182007E0
4.864240550E1,-2.418670349E0,-6.474486237E0,6.860383759E0
4.865244550E1,-2.417173462E0,-6.483617249E0,6.859785004E0
4.866248550E1,-2.420765991E0,-6.493796082E0,6.848708038E0
4.867252550E1,-2.418370972E0,-6.490951996E0,6.846163330E0
4.868259650E1,-2.426903229E0,-6.491401062E0,6.850504303E0
4.869263650E1,-2.418520660E0,-6.473139038E0,6.844666443E0
4.870267750E1,-2.423909454E0,-6.469845886E0,6.834487610E0
4.871271750E1,-2.428400116E0,-6.456972656E0,6.835385742E0
4.872275750E1,-2.429298248E0,-6.443051605E0,6.829098816E0
4.873279850E1,-2.440973969E0,-6.455475769E0,6.825655975E0
4.874283850E1,-2.441572723E0,-6.448739777E0,6.845414886E0
4.875290950E1,-2.447410583E0,-6.437213745E0,6.849157104E0
4.876294950E1,-2.454595642E0,-6.442153473E0,6.850953369E0
4.877298950E1,-2.453098755E0,-6.444249115E0,6.854994965E0
4.878303050E1,-2.470911713E0,-6.437363434E0,6.863826599E0
4.879307050E1,-2.479593658E0,-6.431525574E0,6.869814148E0
4.880311050E1,-2.477797394E0,-6.442003784E0,6.863826599E0
4.881318150E1,-2.486329651E0,-6.428831177E0,6.865024109E0
4.882322150E1,-2.489922180E0,-6.435866547E0,6.869664459E0
4.883326150E1,-2.487078094E0,-6.451883240E0,6.849306793E0
4.884330250E1,-2.489024048E0,-6.433621216E0,6.853498077E0
4.885334250E1,-2.486928406E0,-6.433172150E0,6.860084381E0
4.886338250E1,-2.497107239E0,-6.429130554E0,6.853498077E0
4.887342350E1,-2.491718445E0,-6.429280243E0,6.855743408E0
4.888349350E1,-2.488425293E0,-6.436465302E0,6.850204926E0
4.889353450E1,-2.492466888E0,-6.442452850E0,6.837032318E0
4.890357450E1,-2.488724670E0,-6.442901917E0,6.835984497E0
4.891361450E1,-2.495909729E0,-6.442752228E0,6.838828583E0
4.892365550E1,-2.508483582E0,-6.439459076E0,6.842121735E0
4.893369550E1,-2.506687317E0,-6.430178375E0,6.844965820E0
4.894376650E1,-2.508483582E0,-6.430926819E0,6.844067688E0
4.895380650E1,-2.505938873E0,-6.441854095E0,6.847360840E0
4.896383700E1,-2.502945099E0,-6.438111877E0,6.847809906E0
4.897387700E1,-2.488574982E0,-6.435118103E0,6.853498077E0
4.898391800E1,-2.483335876E0,-6.445296936E0,6.858587494E0
4.899395800E1,-2.475552063E0,-6.455775146E0,6.852001190E0
4.900402900E1,-2.471211090E0,-6.450086975E0,6.856791229E0
4.901406900E1,-2.470013580E0,-6.443051605E0,6.858288116E0
4.902410900E1,-2.465522919E0,-6.445446625E0,6.853947144E0
4.903415000E1,-2.471660156E0,-6.443949738E0,6.852150879E0
4.904419000E1,-2.465223541E0,-6.456523590E0,6.847510529E0
4.905423000E1,-2.449655914E0,-6.447991333E0,6.853348389E0
4.906427100E1,-2.446811829E0,-6.440357208E0,6.844965820E0
4.907434100E1,-2.446213074E0,-6.443500671E0,6.842121735E0
4.908438200E1,-2.459834747E0,-6.447392578E0,6.843169556E0
4.909442200E1,-2.463726654E0,-6.456224213E0,6.849157104E0
4.910446200E1,-2.456391907E0,-6.448440399E0,6.853049011E0
4.911450200E1,-2.449805603E0,-6.433172150E0,6.865922241E0
4.912454300E1,-2.466720428E0,-6.425088959E0,6.868017883E0
4.913461400E1,-2.472707977E0,-6.437962189E0,6.869514771E0
4.914465400E1,-2.467019806E0,-6.445296936E0,6.878645782E0
4.915469400E1,-2.464475098E0,-6.457870789E0,6.879693604E0
4.916473400E1,-2.463726654E0,-6.448440399E0,6.873107300E0
4.917477500E1,-2.459385681E0,-6.442303162E0,6.855444031E0
4.918481500E1,-2.458188171E0,-6.438860321E0,6.845414886E0
4.919485500E1,-2.449206848E0,-6.432124329E0,6.837182007E0
4.920492600E1,-2.450554047E0,-6.437662811E0,6.827901306E0
4.921496600E1,-2.448757782E0,-6.437962189E0,6.819369049E0
4.922500700E1,-2.443967743E0,-6.439159698E0,6.829398193E0
4.923504700E1,-2.452799377E0,-6.445147247E0,6.839127960E0
4.924508700E1,-2.448907471E0,-6.447841644E0,6.845564575E0
4.925512700E1,-2.431094513E0,-6.452032928E0,6.846462708E0
4.926519800E1,-2.429447937E0,-6.460415497E0,6.843768311E0
4.927523900E1,-2.424508209E0,-6.460864563E0,6.857839050E0
4.928527900E1,-2.428250427E0,-6.475234680E0,6.856791229E0
4.929531900E1,-2.437830505E0,-6.469247131E0,6.843768311E0
4.930535900E1,-2.437082062E0,-6.459816742E0,6.855743408E0
4.931540000E1,-2.439028015E0,-6.464457092E0,6.839427338E0
4.932547000E1,-2.440375214E0,-6.472839661E0,6.832541656E0
4.933551100E1,-2.443518677E0,-6.459667053E0,6.842271423E0
4.934555100E1,-2.440973969E0,-6.450835419E0,6.839127960E0
4.935559100E1,-2.442321167E0,-6.451883240E0,6.843917999E0
4.936563200E1,-2.449206848E0,-6.437962189E0,6.844367065E0
4.937567200E1,-2.457739105E0,-6.437064056E0,6.847360840E0
4.938571200E1,-2.450853424E0,-6.441255341E0,6.869215393E0
4.939578300E1,-2.456391907E0,-6.448440399E0,6.856641541E0
4.940582300E1,-2.453398132E0,-6.451434174E0,6.858138428E0
4.941586400E1,-2.452949066E0,-6.463259583E0,6.860832825E0
4.942590400E1,-2.449206848E0,-6.446644135E0,6.851552124E0
4.943594400E1,-2.455194397E0,-6.439758453E0,6.862030334E0
4.944598400E1,-2.459984436E0,-6.439908142E0,6.862180023E0
4.945605500E1,-2.449206848E0,-6.442003784E0,6.856342163E0
4.946609500E1,-2.446662140E0,-6.441854095E0,6.845265198E0
4.947613600E1,-2.445314941E0,-6.439309387E0,6.842121735E0
4.948617600E1,-2.458637238E0,-6.443650360E0,6.837182007E0
4.949621600E1,-2.456840973E0,-6.450835419E0,6.847959595E0
4.950625700E1,-2.456990662E0,-6.447392578E0,6.855294342E0
4.951629700E1,-2.449805603E0,-6.443201294E0,6.849306793E0
4.952636800E1,-2.452649689E0,-6.451284485E0,6.856192474E0
4.953640800E1,-2.451152802E0,-6.457571411E0,6.855444031E0
4.954644800E1,-2.457739105E0,-6.448290710E0,6.856940918E0
4.955648900E1,-2.467917938E0,-6.447691956E0,6.865622864E0
4.956652900E1,-2.473157043E0,-6.448290710E0,6.860234070E0
4.957656900E1,-2.469863892E0,-6.449488220E0,6.857240295E0
4.958664000E1,-2.462529144E0,-6.448590088E0,6.857539673E0
4.959668000E1,-2.462678833E0,-6.439758453E0,6.853348389E0
4.960672000E1,-2.453098755E0,-6.438860321E0,6.849306793E0
4.961676100E1,-2.456242218E0,-6.438560944E0,6.851402435E0
4.962680100E1,-2.450554047E0,-6.439159698E0,6.842720490E0
4.963684100E1,-2.449655914E0,-6.441854095E0,6.852001190E0
4.964688200E1,-2.437381439E0,-6.444997559E0,6.852001190E0
4.965695200E1,-2.443518677E0,-6.437213745E0,6.848408661E0
4.966699300E1,-2.454895020E0,-6.437812500E0,6.864575043E0
4.967703300E1,-2.443967743E0,-6.440806274E0,6.859934692E0
4.968707300E1,-2.449506226E0,-6.442003784E0,6.872957611E0
4.969711400E1,-2.464175720E0,-6.446045380E0,6.869814148E0
4.970715400E1,-2.461631012E0,-6.447093201E0,6.857988739E0
4.971722500E1,-2.462379456E0,-6.446644135E0,6.857090607E0
4.972726500E1,-2.465522919E0,-6.441554718E0,6.849755859E0
4.973730500E1,-2.470163269E0,-6.442752228E0,6.851402435E0
4.974734500E1,-2.465073853E0,-6.443650360E0,6.842271423E0
4.975738600E1,-2.468666382E0,-6.443500671E0,6.854695587E0
4.976742600E1,-2.472258911E0,-6.446195068E0,6.850055237E0
4.977749700E1,-2.478096771E0,-6.446943512E0,6.847660217E0
4.978753700E1,-2.481838989E0,-6.444997559E0,6.848857727E0
4.979757700E1,-2.487527161E0,-6.440357208E0,6.854545898E0
4.980761800E1,-2.488125916E0,-6.439309387E0,6.851402435E0
4.981765800E1,-2.483485565E0,-6.433471527E0,6.862329712E0
4.982769800E1,-2.484683075E0,-6.443051605E0,6.856491852E0
4.983773900E1,-2.476300507E0,-6.440357208E0,6.865173798E0
4.984780900E1,-2.474055176E0,-6.434818726E0,6.860084381E0
4.985785000E1,-2.472707977E0,-6.444249115E0,6.855743408E0
4.986789000E1,-2.466570740E0,-6.449937286E0,6.846762085E0
4.987793000E1,-2.474504242E0,-6.437812500E0,6.858437805E0
4.988797000E1,-2.469564514E0,-6.432274017E0,6.862629089E0
4.989801100E1,-2.460134125E0,-6.427783356E0,6.862329712E0
4.990808200E1,-2.458637238E0,-6.438411255E0,6.873107300E0
4.991812200E1,-2.454745331E0,-6.446644135E0,6.869065704E0
4.992816200E1,-2.452200623E0,-6.456373901E0,6.866071930E0
4.993820200E1,-2.449805603E0,-6.450685730E0,6.858886871E0
4.994824300E1,-2.450404358E0,-6.452631683E0,6.849456482E0
4.995828300E1,-2.452949066E0,-6.426136780E0,6.844367065E0
4.996831925E1,-2.457888794E0,-6.427483978E0,6.836732941E0
4.997839025E1,-2.460732880E0,-6.436016235E0,6.826404419E0
4.998843025E1,-2.455493774E0,-6.441704407E0,6.828949127E0
4.999847125E1,-2.453996887E0,-6.444997559E0,6.833290100E0
5.000851125E1,-2.468067627E0,-6.438560944E0,6.843618622E0
5.001855125E1,-2.462529144E0,-6.444698181E0,6.855144653E0
5.002859125E1,-2.454595642E0,-6.450236664E0,6.859335938E0
5.003866225E1,-2.448159027E0,-6.448739777E0,6.853198700E0
5.004870325E1,-2.444716187E0,-6.457721100E0,6.854396210E0
5.005874325E1,-2.448907471E0,-6.456224213E0,6.851851501E0
5.006878325E1,-2.448757782E0,-6.458918610E0,6.844367065E0
5.007882325E1,-2.446362762E0,-6.456972656E0,6.845564575E0
5.008886425E1,-2.443219299E0,-6.451883240E0,6.837930450E0
5.009893425E1,-2.451152802E0,-6.451434174E0,6.835086365E0
5.010897525E1,-2.448308716E0,-6.447542267E0,6.835236053E0
5.011901525E1,-2.440824280E0,-6.444698181E0,6.832841034E0
5.012905525E1,-2.435285797E0,-6.449488220E0,6.847211151E0
5.013909625E1,-2.439477081E0,-6.439459076E0,6.842720490E0
5.014913625E1,-2.446662140E0,-6.434669037E0,6.849905548E0
5.015917625E1,-2.448458405E0,-6.442452850E0,6.866820374E0
5.016924725E1,-2.461181946E0,-6.439758453E0,6.872358856E0
5.017928725E1,-2.459535370E0,-6.437662811E0,6.875053253E0
5.018932825E1,-2.461481323E0,-6.436315613E0,6.878645782E0
5.019936825E1,-2.471809845E0,-6.438111877E0,6.872508545E0
5.020940825E1,-2.477198639E0,-6.436764679E0,6.861281891E0
5.021944825E1,-2.473755798E0,-6.431824951E0,6.860832825E0
5.022951925E1,-2.486778717E0,-6.430477753E0,6.858288116E0
5.023955925E1,-2.478695526E0,-6.432274017E0,6.852450256E0
5.024960025E1,-2.471061401E0,-6.431525574E0,6.859785004E0
5.025964025E1,-2.475701752E0,-6.440207520E0,6.848109283E0
5.026968025E1,-2.489323425E0,-6.435866547E0,6.842720490E0
5.027972125E1,-2.486629028E0,-6.434369659E0,6.851552124E0
5.028976125E1,-2.489024048E0,-6.437363434E0,6.845414886E0
5.029983225E1,-2.477348328E0,-6.440357208E0,6.849606171E0
5.030987225E1,-2.471061401E0,-6.436315613E0,6.845414886E0
5.031991225E1,-2.473755798E0,-6.445895691E0,6.855893097E0
5.032995325E1,-2.472408600E0,-6.443949738E0,6.855294342E0
5.033999325E1,-2.465522919E0,-6.450386353E0,6.854545898E0
5.035003325E1,-2.477797394E0,-6.446644135E0,6.851103058E0
5.036010425E1,-2.479593658E0,-6.440057831E0,6.837331696E0
5.037014425E1,-2.475851440E0,-6.442452850E0,6.840924225E0
5.038018425E1,-2.474953308E0,-6.446644135E0,6.843019867E0
5.039022525E1,-2.467917938E0,-6.450536041E0,6.854695587E0
5.040026525E1,-2.448159027E0,-6.450835419E0,6.840325470E0
5.041030525E1,-2.454745331E0,-6.446943512E0,6.851701813E0
5.042037625E1,-2.449655914E0,-6.442901917E0,6.851103058E0
5.043041625E1,-2.459385681E0,-6.438411255E0,6.850803680E0
5.044045725E1,-2.476450195E0,-6.439908142E0,6.847211151E0
5.045049725E1,-2.473905487E0,-6.442003784E0,6.844067688E0
5.046053725E1,-2.478845215E0,-6.435866547E0,6.853647766E0
5.047057825E1,-2.482587433E0,-6.434070282E0,6.862030334E0
5.048061825E1,-2.477647705E0,-6.435417480E0,6.851701813E0
5.049068925E1,-2.478545837E0,-6.439010010E0,6.848109283E0
5.050072925E1,-2.474653931E0,-6.438261566E0,6.853647766E0
5.051076925E1,-2.474504242E0,-6.440357208E0,6.859485626E0
5.052080925E1,-2.484084320E0,-6.437064056E0,6.853797455E0
5.053085025E1,-2.483784943E0,-6.436465302E0,6.853049011E0
5.054089025E1,-2.487676849E0,-6.428980865E0,6.858437805E0
5.055096125E1,-2.491568756E0,-6.432723083E0,6.861281891E0
5.056100125E1,-2.502046967E0,-6.427483978E0,6.851851501E0
5.057104125E1,-2.495011597E0,-6.429878998E0,6.857988739E0
5.058108225E1,-2.503843231E0,-6.433471527E0,6.851552124E0
5.059112225E1,-2.496957550E0,-6.439309387E0,6.849007416E0
5.060116225E1,-2.496957550E0,-6.443650360E0,6.844516754E0
5.061120325E1,-2.490670624E0,-6.425538025E0,6.841522980E0
5.062127325E1,-2.496658173E0,-6.429579620E0,6.840475159E0
5.063131425E1,-2.492017822E0,-6.449937286E0,6.817572784E0
5.064135425E1,-2.488874359E0,-6.457571411E0,6.825805664E0
5.065139425E1,-2.488724670E0,-6.449787598E0,6.834936676E0
5.066143425E1,-2.483485565E0,-6.451733551E0,6.841522980E0
5.067147525E1,-2.478994904E0,-6.445446625E0,6.841822357E0
5.068154625E1,-2.478545837E0,-6.457870789E0,6.854246521E0
5.069158625E1,-2.481689301E0,-6.449039154E0,6.865473175E0
5.070162625E1,-2.477498016E0,-6.456074524E0,6.851851501E0
5.071166625E1,-2.480641479E0,-6.473438416E0,6.853498077E0
5.072170725E1,-2.485730896E0,-6.464008026E0,6.841373291E0
5.073174725E1,-2.484084320E0,-6.440357208E0,6.839127960E0
5.074178725E1,-2.476599884E0,-6.429130554E0,6.829098816E0
5.075185825E1,-2.468816071E0,-6.424041138E0,6.823111267E0
5.076189825E1,-2.473755798E0,-6.422095184E0,6.833888855E0
5.077193925E1,-2.471211090E0,-6.425238647E0,6.835984497E0
5.078197925E1,-2.479593658E0,-6.431076508E0,6.843618622E0
5.079201925E1,-2.489024048E0,-6.430627441E0,6.861581268E0
5.080205925E1,-2.486179962E0,-6.445446625E0,6.862629089E0
5.081213025E1,-2.487976227E0,-6.446793823E0,6.862479401E0
5.082217125E1,-2.486629028E0,-6.435118103E0,6.863377533E0
5.083221125E1,-2.485880585E0,-6.427184601E0,6.870113525E0
5.084225125E1,-2.498454437E0,-6.433022461E0,6.866820374E0
5.085229125E1,-2.499202881E0,-6.415808258E0,6.868017883E0
5.086233225E1,-2.506088562E0,-6.421346741E0,6.861581268E0
5.087240225E1,-2.512525177E0,-6.418802032E0,6.849007416E0
5.088244325E1,-2.518063660E0,-6.421346741E0,6.841672668E0
5.089248325E1,-2.515968018E0,-6.426585846E0,6.840026093E0
5.090252325E1,-2.513722687E0,-6.432423706E0,6.839577026E0
5.091256425E1,-2.514770508E0,-6.435267792E0,6.837481384E0
5.092260425E1,-2.522254944E0,-6.426885223E0,6.835535431E0
5.093264425E1,-2.536475372E0,-6.431375885E0,6.835086365E0
5.094271525E1,-2.534978485E0,-6.428831177E0,6.840624847E0
5.095275525E1,-2.535427551E0,-6.431375885E0,6.868167572E0
5.096279625E1,-2.539020081E0,-6.425687714E0,6.854845276E0
5.097281812E1,-2.536774750E0,-6.429280243E0,6.843319244E0
5.098285812E1,-2.527643738E0,-6.436165924E0,6.843768311E0
5.099289812E1,-2.519560547E0,-6.438261566E0,6.843618622E0
5.100296912E1,-2.520907745E0,-6.433022461E0,6.840325470E0
5.101300912E1,-2.506387939E0,-6.436764679E0,6.831643524E0
5.102305012E1,-2.509082336E0,-6.428082733E0,6.848109283E0
5.103309012E1,-2.509082336E0,-6.429280243E0,6.836283875E0
5.104313012E1,-2.513423309E0,-6.431525574E0,6.835535431E0
5.105317113E1,-2.503543854E0,-6.437962189E0,6.845115509E0
5.106321113E1,-2.496209106E0,-6.435716858E0,6.845115509E0
5.107328212E1,-2.494412842E0,-6.444099426E0,6.833739166E0
5.108332212E1,-2.495760040E0,-6.459068298E0,6.816824341E0
5.109336213E1,-2.494412842E0,-6.456822968E0,6.827302551E0
5.110340312E1,-2.491419067E0,-6.453380127E0,6.831942902E0
5.111344312E1,-2.482138367E0,-6.454877014E0,6.837331696E0
5.112348312E1,-2.480791168E0,-6.449338531E0,6.838828583E0
5.113355413E1,-2.485431519E0,-6.441554718E0,6.842570801E0
5.114359412E1,-2.480042725E0,-6.444398804E0,6.836433563E0
5.115363412E1,-2.483635254E0,-6.438560944E0,6.841972046E0
5.116367512E1,-2.488574982E0,-6.444997559E0,6.852001190E0
5.117371512E1,-2.484832764E0,-6.441854095E0,6.839726715E0
5.118375512E1,-2.478695526E0,-6.440207520E0,6.831942902E0
5.119382612E1,-2.485281830E0,-6.440357208E0,6.838529205E0
5.120386612E1,-2.479743347E0,-6.432274017E0,6.834337921E0
5.121390712E1,-2.489473114E0,-6.433321838E0,6.841972046E0
5.122394712E1,-2.485880585E0,-6.431824951E0,6.855893097E0
5.123398713E1,-2.495161285E0,-6.433770905E0,6.855593719E0
5.124402812E1,-2.501747589E0,-6.434070282E0,6.839876404E0
5.125406812E1,-2.498304749E0,-6.435118103E0,6.847959595E0
5.126413912E1,-2.501298523E0,-6.438560944E0,6.837481384E0
5.127417913E1,-2.502196655E0,-6.445746002E0,6.840175781E0
5.128421912E1,-2.502645721E0,-6.446644135E0,6.831643524E0
5.129425912E1,-2.515219574E0,-6.443201294E0,6.838080139E0
5.130430012E1,-2.510579224E0,-6.449637909E0,6.827302551E0
5.131434012E1,-2.515369263E0,-6.454877014E0,6.831194458E0
5.132441112E1,-2.516716461E0,-6.454877014E0,6.844217377E0
5.133445112E1,-2.505340118E0,-6.447542267E0,6.832391968E0
5.134449112E1,-2.488574982E0,-6.449787598E0,6.828500061E0
5.135453212E1,-2.481988678E0,-6.444099426E0,6.825655975E0
5.136457212E1,-2.480192413E0,-6.444099426E0,6.828050995E0
5.137461213E1,-2.462978210E0,-6.448141022E0,6.843169556E0
5.138465312E1,-2.452200623E0,-6.439010010E0,6.840026093E0
5.139472312E1,-2.451901245E0,-6.444698181E0,6.838978271E0
5.140476412E1,-2.444117432E0,-6.440357208E0,6.840924225E0
5.141480413E1,-2.452500000E0,-6.439908142E0,6.854845276E0
5.142484412E1,-2.453248444E0,-6.441405029E0,6.852300568E0
5.143488412E1,-2.467019806E0,-6.425088959E0,6.863976288E0
5.144492512E1,-2.476899261E0,-6.406826935E0,6.879992981E0
5.145499613E1,-2.479443970E0,-6.414161682E0,6.911277924E0
5.146503612E1,-2.490520935E0,-6.427184601E0,6.906038818E0
5.147507612E1,-2.507735138E0,-6.431974640E0,6.890321503E0
5.148511612E1,-2.514920197E0,-6.443051605E0,6.872358856E0
5.149515712E1,-2.526296539E0,-6.427334290E0,6.865173798E0
5.150519712E1,-2.536625061E0,-6.422544250E0,6.852599945E0
5.151526812E1,-2.542013855E0,-6.417454834E0,6.838828583E0
5.152530812E1,-2.544259186E0,-6.405330048E0,6.822063446E0
5.153534812E1,-2.546055450E0,-6.401138763E0,6.822512512E0
5.154538912E1,-2.546354828E0,-6.408024445E0,6.828350372E0
5.155542913E1,-2.539618835E0,-6.409221954E0,6.829847260E0
5.156546912E1,-2.536924438E0,-6.424639893E0,6.837481384E0
5.157550912E1,-2.525248718E0,-6.443051605E0,6.851103058E0
5.158558012E1,-2.499502258E0,-6.453529816E0,6.856042786E0
5.159562113E1,-2.489772491E0,-6.473438416E0,6.851701813E0
5.160566112E1,-2.477348328E0,-6.463708649E0,6.853198700E0
5.161570112E1,-2.468067627E0,-6.458319855E0,6.839577026E0
5.162574112E1,-2.467618561E0,-6.460415497E0,6.845863953E0
5.163578212E1,-2.453248444E0,-6.472689972E0,6.832092590E0
5.164585312E1,-2.438129883E0,-6.481072540E0,6.821165314E0
5.165589312E1,-2.440225525E0,-6.491999817E0,6.813531189E0
5.166593312E1,-2.448608093E0,-6.493945770E0,6.798262939E0
5.167597312E1,-2.459385681E0,-6.489155731E0,6.795718231E0
5.168601412E1,-2.466570740E0,-6.479276276E0,6.802154846E0
5.169605413E1,-2.471061401E0,-6.469097443E0,6.805447998E0
5.170609412E1,-2.464774475E0,-6.468648376E0,6.824009399E0
5.171616512E1,-2.472109222E0,-6.462960205E0,6.835086365E0
5.172620512E1,-2.483934631E0,-6.453829193E0,6.854096832E0
5.173624613E1,-2.483784943E0,-6.450236664E0,6.852150879E0
5.174628612E1,-2.481389923E0,-6.438860321E0,6.860084381E0
5.175632612E1,-2.489622803E0,-6.430627441E0,6.863826599E0
5.176636612E1,-2.483784943E0,-6.424939270E0,6.865473175E0
5.177643713E1,-2.470762024E0,-6.427483978E0,6.860683136E0
5.178647812E1,-2.458337860E0,-6.425388336E0,6.861431580E0
5.179651812E1,-2.448159027E0,-6.425687714E0,6.865622864E0
5.180655812E1,-2.436632996E0,-6.421646118E0,6.852749634E0
5.181659812E1,-2.436333618E0,-6.423143005E0,6.862030334E0
5.182663912E1,-2.424508209E0,-6.432124329E0,6.866371307E0
5.183670912E1,-2.427352295E0,-6.443051605E0,6.848408661E0
5.184675012E1,-2.436034241E0,-6.445596313E0,6.847360840E0
5.185679012E1,-2.441572723E0,-6.448290710E0,6.825805664E0
5.186683012E1,-2.458786926E0,-6.448889465E0,6.824458466E0
5.187687113E1,-2.459834747E0,-6.455326080E0,6.835535431E0
5.188691112E1,-2.470013580E0,-6.466403046E0,6.840325470E0
5.189695112E1,-2.472857666E0,-6.457721100E0,6.839277649E0
5.190702213E1,-2.477048950E0,-6.455775146E0,6.832092590E0
5.191706213E1,-2.479593658E0,-6.458918610E0,6.836882629E0
5.192710312E1,-2.487078094E0,-6.442901917E0,6.841822357E0
5.193714312E1,-2.485581207E0,-6.439908142E0,6.836134186E0
5.194718312E1,-2.484084320E0,-6.448290710E0,6.838379517E0
5.195722312E1,-2.482886810E0,-6.449039154E0,6.842570801E0
5.196730250E1,-2.489473114E0,-6.440057831E0,6.850953369E0
5.197734250E1,-2.480791168E0,-6.434219971E0,6.838828583E0
5.198738350E1,-2.479144592E0,-6.438111877E0,6.840624847E0
5.199742350E1,-2.476300507E0,-6.439459076E0,6.849755859E0
5.200746350E1,-2.476749573E0,-6.442901917E0,6.853947144E0
5.201750450E1,-2.481389923E0,-6.451733551E0,6.842570801E0
5.202757450E1,-2.486329651E0,-6.450386353E0,6.849606171E0
5.203761550E1,-2.486928406E0,-6.443800049E0,6.834786987E0
5.204765550E1,-2.485880585E0,-6.445746002E0,6.840624847E0
5.205769550E1,-2.491419067E0,-6.448739777E0,6.836732941E0
5.206773650E1,-2.492766266E0,-6.443650360E0,6.831493835E0
5.207777650E1,-2.481838989E0,-6.452332306E0,6.836134186E0
5.208781650E1,-2.480192413E0,-6.451284485E0,6.836283875E0
5.209788750E1,-2.480940857E0,-6.444847870E0,6.837930450E0
5.210792750E1,-2.485132141E0,-6.446045380E0,6.838978271E0
5.211796750E1,-2.487676849E0,-6.444548492E0,6.837032318E0
5.212800850E1,-2.492915955E0,-6.453679504E0,6.847061462E0
5.213804850E1,-2.491718445E0,-6.456373901E0,6.837481384E0
5.214808850E1,-2.488574982E0,-6.454877014E0,6.847510529E0
5.215815950E1,-2.480042725E0,-6.452931061E0,6.847360840E0
5.216819950E1,-2.476300507E0,-6.452182617E0,6.842271423E0
5.217824050E1,-2.474055176E0,-6.458918610E0,6.836583252E0
5.218828050E1,-2.479743347E0,-6.452032928E0,6.842720490E0
5.219832050E1,-2.484982452E0,-6.447991333E0,6.842870178E0
5.220836150E1,-2.487527161E0,-6.434818726E0,6.869065704E0
5.221840150E1,-2.483186188E0,-6.430777130E0,6.874155121E0
5.222847250E1,-2.483635254E0,-6.446045380E0,6.869365082E0
5.223851250E1,-2.483485565E0,-6.448290710E0,6.876999207E0
5.224855250E1,-2.481090546E0,-6.446344757E0,6.870861969E0
5.225859250E1,-2.484084320E0,-6.437064056E0,6.851701813E0
5.226863350E1,-2.490820312E0,-6.431824951E0,6.835535431E0
5.227867350E1,-2.471510468E0,-6.438560944E0,6.837481384E0
5.228874450E1,-2.467019806E0,-6.439309387E0,6.827452240E0
5.229878450E1,-2.454146576E0,-6.442452850E0,6.823410645E0
5.230882450E1,-2.460882568E0,-6.452931061E0,6.826853485E0
5.231886550E1,-2.446961517E0,-6.459966431E0,6.823111267E0
5.232890550E1,-2.438429260E0,-6.459068298E0,6.825805664E0
5.233894550E1,-2.432591400E0,-6.467899933E0,6.839577026E0
5.234901650E1,-2.438578949E0,-6.464906158E0,6.856342163E0
5.235905650E1,-2.433788910E0,-6.460565186E0,6.844816132E0
5.236909750E1,-2.435285797E0,-6.462361450E0,6.835385742E0
5.237913750E1,-2.442919922E0,-6.464008026E0,6.839876404E0
5.238917750E1,-2.457290039E0,-6.458020477E0,6.851851501E0
5.239921750E1,-2.462080078E0,-6.466253357E0,6.851252747E0
5.240925850E1,-2.453996887E0,-6.468348999E0,6.835984497E0
5.241932950E1,-2.449655914E0,-6.458319855E0,6.822063446E0
5.242936950E1,-2.446512451E0,-6.458020477E0,6.824009399E0
5.243940950E1,-2.446662140E0,-6.460265808E0,6.825356598E0
5.244944950E1,-2.436183929E0,-6.458319855E0,6.823710022E0
5.245949050E1,-2.439776459E0,-6.454727325E0,6.838828583E0
5.246953050E1,-2.441123657E0,-6.456673279E0,6.846013641E0
5.247960150E1,-2.448608093E0,-6.454577637E0,6.849606171E0
5.248964150E1,-2.457739105E0,-6.462810516E0,6.859036560E0
5.249968150E1,-2.461780701E0,-6.462361450E0,6.859335938E0
5.250972250E1,-2.468516693E0,-6.460714874E0,6.862329712E0
5.251976250E1,-2.470762024E0,-6.454427948E0,6.833439789E0
5.252980250E1,-2.477797394E0,-6.450835419E0,6.828649750E0
5.253984250E1,-2.485281830E0,-6.445147247E0,6.820865936E0
5.254991350E1,-2.478246460E0,-6.453380127E0,6.825805664E0
5.255995450E1,-2.463576965E0,-6.454577637E0,6.815626831E0
5.256999450E1,-2.472707977E0,-6.450685730E0,6.827601929E0
5.258003450E1,-2.474354553E0,-6.466552734E0,6.830146637E0
5.259007450E1,-2.467319183E0,-6.466552734E0,6.831942902E0
5.260011550E1,-2.467768250E0,-6.471791840E0,6.831793213E0
5.261018550E1,-2.468666382E0,-6.473139038E0,6.832391968E0
5.262022650E1,-2.460732880E0,-6.470893707E0,6.839726715E0
5.263026650E1,-2.456541595E0,-6.477480011E0,6.836433563E0
5.264030650E1,-2.458936615E0,-6.474486237E0,6.848558350E0
5.265034750E1,-2.470762024E0,-6.477030945E0,6.834936676E0
5.266038750E1,-2.465971985E0,-6.468049622E0,6.838379517E0
5.267045850E1,-2.457290039E0,-6.457421722E0,6.843917999E0
5.268049850E1,-2.455793152E0,-6.453529816E0,6.832242279E0
5.269053850E1,-2.455493774E0,-6.451284485E0,6.842271423E0
5.270057950E1,-2.446662140E0,-6.456972656E0,6.840175781E0
5.271061950E1,-2.447260895E0,-6.448290710E0,6.841672668E0
5.272065950E1,-2.452050934E0,-6.451733551E0,6.838529205E0
5.273069950E1,-2.449506226E0,-6.458170166E0,6.830296326E0
5.274077050E1,-2.445165253E0,-6.459816742E0,6.848558350E0
5.275081050E1,-2.445464630E0,-6.455775146E0,6.863826599E0
5.276085150E1,-2.449356537E0,-6.462211761E0,6.851103058E0
5.277089150E1,-2.449057159E0,-6.470744019E0,6.848708038E0
5.278093150E1,-2.449356537E0,-6.469995575E0,6.851252747E0
5.279097250E1,-2.454445953E0,-6.461912384E0,6.839277649E0
5.280104250E1,-2.457888794E0,-6.457421722E0,6.836134186E0
5.281108350E1,-2.462529144E0,-6.461014252E0,6.836583252E0
5.282112350E1,-2.462080078E0,-6.456673279E0,6.826703796E0
5.283116350E1,-2.468217316E0,-6.453978882E0,6.817273407E0
5.284120450E1,-2.464624786E0,-6.461313629E0,6.827152863E0
5.285124450E1,-2.459086304E0,-6.467151489E0,6.837331696E0
5.286128450E1,-2.454595642E0,-6.470294952E0,6.831493835E0
5.287135550E1,-2.448608093E0,-6.474336548E0,6.842271423E0
5.288139550E1,-2.448458405E0,-6.462960205E0,6.852300568E0
5.289143550E1,-2.459235992E0,-6.453679504E0,6.842870178E0
5.290147650E1,-2.451751556E0,-6.450236664E0,6.859635315E0
5.291151650E1,-2.467169495E0,-6.436914368E0,6.858886871E0
5.292155650E1,-2.474504242E0,-6.446644135E0,6.854396210E0
5.293162750E1,-2.479593658E0,-6.462211761E0,6.854096832E0
5.294166750E1,-2.481689301E0,-6.471941528E0,6.867269440E0
5.295170850E1,-2.478845215E0,-6.463409271E0,6.859635315E0
5.296174850E1,-2.474953308E0,-6.462511139E0,6.834337921E0
5.297176812E1,-2.466870117E0,-6.458319855E0,6.821614380E0
5.298180912E1,-2.452200623E0,-6.458619232E0,6.810986481E0
5.299187912E1,-2.447709961E0,-6.456972656E0,6.809339905E0
5.300192012E1,-2.441273346E0,-6.451434174E0,6.811285858E0
5.301196012E1,-2.441572723E0,-6.449937286E0,6.814129944E0
5.302200012E1,-2.439327393E0,-6.449488220E0,6.822362823E0
5.303204012E1,-2.447560272E0,-6.464157715E0,6.840175781E0
5.304208113E1,-2.440524902E0,-6.465953979E0,6.840924225E0
5.305212113E1,-2.432142334E0,-6.479276276E0,6.852001190E0
5.306219212E1,-2.440824280E0,-6.477629700E0,6.854246521E0
5.307223212E1,-2.446063385E0,-6.472091217E0,6.841373291E0
5.308227213E1,-2.443967743E0,-6.482569427E0,6.840624847E0
5.309231312E1,-2.445913696E0,-6.480623474E0,6.844067688E0
5.310235312E1,-2.449655914E0,-6.472839661E0,6.840175781E0
5.311239312E1,-2.447859650E0,-6.466403046E0,6.828050995E0
5.312246413E1,-2.451601868E0,-6.458469543E0,6.819668427E0
5.313250412E1,-2.452500000E0,-6.457721100E0,6.828799438E0
5.314254512E1,-2.446961517E0,-6.443051605E0,6.828949127E0
5.315258512E1,-2.459834747E0,-6.435118103E0,6.832990723E0
5.316262512E1,-2.465971985E0,-6.433022461E0,6.849606171E0
5.317266512E1,-2.476749573E0,-6.445296936E0,6.853947144E0
5.318273612E1,-2.474653931E0,-6.456972656E0,6.858587494E0
5.319277712E1,-2.468666382E0,-6.458768921E0,6.861132202E0
5.320281712E1,-2.471360779E0,-6.462211761E0,6.869963837E0
5.321285712E1,-2.471660156E0,-6.459068298E0,6.866371307E0
5.322289713E1,-2.467768250E0,-6.450835419E0,6.844217377E0
5.323293812E1,-2.464026031E0,-6.448290710E0,6.839277649E0
5.324297812E1,-2.463427277E0,-6.446943512E0,6.844666443E0
5.325304912E1,-2.452949066E0,-6.449188843E0,6.837481384E0
5.326308913E1,-2.457439728E0,-6.446793823E0,6.850204926E0
5.327312912E1,-2.463127899E0,-6.444099426E0,6.844516754E0
5.328317012E1,-2.473755798E0,-6.454427948E0,6.841373291E0
5.329321012E1,-2.457140350E0,-6.461463318E0,6.850953369E0
5.330325012E1,-2.457290039E0,-6.454577637E0,6.852450256E0
5.331332112E1,-2.466720428E0,-6.465205536E0,6.856641541E0
5.332336112E1,-2.468516693E0,-6.471193085E0,6.834487610E0
5.333340212E1,-2.466570740E0,-6.462511139E0,6.826703796E0
5.334344212E1,-2.458637238E0,-6.462810516E0,6.834337921E0
5.335348212E1,-2.462529144E0,-6.474037170E0,6.837032318E0
5.336352213E1,-2.451003113E0,-6.462211761E0,6.833888855E0
5.337356312E1,-2.446961517E0,-6.453978882E0,6.838978271E0
5.338363312E1,-2.446362762E0,-6.463109894E0,6.841822357E0
5.339367412E1,-2.438878326E0,-6.453978882E0,6.840325470E0
5.340371413E1,-2.438279572E0,-6.444548492E0,6.853498077E0
5.341375412E1,-2.452200623E0,-6.455775146E0,6.844816132E0
5.342379512E1,-2.441423035E0,-6.452781372E0,6.848258972E0
5.343383512E1,-2.452799377E0,-6.451434174E0,6.846911774E0
5.344390613E1,-2.451601868E0,-6.449488220E0,6.858437805E0
5.345394612E1,-2.449356537E0,-6.457122345E0,6.865323486E0
5.346398612E1,-2.451302490E0,-6.461762695E0,6.857389984E0
5.347402712E1,-2.446662140E0,-6.454278259E0,6.851701813E0
5.348406712E1,-2.457140350E0,-6.444698181E0,6.841972046E0
5.349410712E1,-2.453996887E0,-6.442303162E0,6.857689362E0
5.350417812E1,-2.454445953E0,-6.440207520E0,6.857689362E0
5.351421812E1,-2.465822296E0,-6.439309387E0,6.856342163E0
5.352425812E1,-2.470312958E0,-6.449937286E0,6.869365082E0
5.353429912E1,-2.468217316E0,-6.447093201E0,6.853348389E0
5.354433913E1,-2.471061401E0,-6.443949738E0,6.857988739E0
5.355437912E1,-2.466570740E0,-6.464756470E0,6.841073914E0
5.356442012E1,-2.464924164E0,-6.455176392E0,6.837182007E0
5.357449013E1,-2.461481323E0,-6.455625458E0,6.831643524E0
5.358453113E1,-2.459834747E0,-6.452332306E0,6.848857727E0
5.359457112E1,-2.457888794E0,-6.453529816E0,6.851402435E0
5.360461112E1,-2.464325409E0,-6.446793823E0,6.858288116E0
5.361465212E1,-2.469714203E0,-6.436016235E0,6.858886871E0
5.362469212E1,-2.467917938E0,-6.441405029E0,6.873556366E0
5.363476312E1,-2.473157043E0,-6.453529816E0,6.882088623E0
5.364480312E1,-2.470762024E0,-6.459217987E0,6.868466949E0
5.365484312E1,-2.468965759E0,-6.463109894E0,6.859036560E0
5.366488312E1,-2.468367004E0,-6.448590088E0,6.857240295E0
5.367492412E1,-2.465073853E0,-6.447392578E0,6.851552124E0
5.368496413E1,-2.461032257E0,-6.450835419E0,6.834487610E0
5.369500412E1,-2.454146576E0,-6.437213745E0,6.822362823E0
5.370507512E1,-2.451302490E0,-6.440207520E0,6.816375275E0
5.371511513E1,-2.443069611E0,-6.447242889E0,6.824009399E0
5.372515613E1,-2.448159027E0,-6.439908142E0,6.836583252E0
5.373519612E1,-2.449206848E0,-6.446344757E0,6.859934692E0
5.374523612E1,-2.437830505E0,-6.448440399E0,6.866970062E0
5.375527712E1,-2.435585175E0,-6.456224213E0,6.869514771E0
5.376534713E1,-2.432890778E0,-6.449488220E0,6.876849518E0
5.377538812E1,-2.444865875E0,-6.455475769E0,6.864125977E0
5.378542812E1,-2.438279572E0,-6.466552734E0,6.868167572E0
5.379546812E1,-2.444716187E0,-6.456373901E0,6.855893097E0
5.380550812E1,-2.453547821E0,-6.454877014E0,6.845564575E0
5.381554912E1,-2.453996887E0,-6.450236664E0,6.843917999E0
5.382562012E1,-2.457140350E0,-6.453380127E0,6.837631073E0
5.383566012E1,-2.452200623E0,-6.442901917E0,6.825955353E0
5.384570012E1,-2.467468872E0,-6.438261566E0,6.829547882E0
5.385574013E1,-2.469863892E0,-6.423592072E0,6.840924225E0
5.386578113E1,-2.471510468E0,-6.411766663E0,6.851252747E0
5.387582112E1,-2.477198639E0,-6.415359192E0,6.850953369E0
5.388586112E1,-2.481090546E0,-6.426585846E0,6.861132202E0
5.389593213E1,-2.475701752E0,-6.432723083E0,6.883136444E0
5.390597213E1,-2.472408600E0,-6.437363434E0,6.886279907E0
5.391601312E1,-2.471510468E0,-6.433621216E0,6.877897339E0
5.392605312E1,-2.468367004E0,-6.436315613E0,6.869514771E0
5.393609312E1,-2.465522919E0,-6.436315613E0,6.863676910E0
5.394613312E1,-2.461930389E0,-6.430926819E0,6.868916016E0
5.395620412E1,-2.462828522E0,-6.426286469E0,6.853647766E0
5.396623504E1,-2.459685059E0,-6.421496429E0,6.840624847E0
5.397627504E1,-2.459685059E0,-6.428082733E0,6.841972046E0
5.398631504E1,-2.469714203E0,-6.439758453E0,6.853797455E0
5.399635504E1,-2.468367004E0,-6.439758453E0,6.858886871E0
5.400639604E1,-2.456541595E0,-6.448440399E0,6.847510529E0
5.401646704E1,-2.462080078E0,-6.449039154E0,6.858886871E0
5.402650704E1,-2.475252686E0,-6.449937286E0,6.851252747E0
5.403654704E1,-2.479593658E0,-6.446943512E0,6.844965820E0
5.404658704E1,-2.477198639E0,-6.447841644E0,6.852001190E0
5.405662804E1,-2.481988678E0,-6.459517365E0,6.860234070E0
5.406666804E1,-2.478845215E0,-6.444847870E0,6.857988739E0
5.407670804E1,-2.485730896E0,-6.436165924E0,6.856791229E0
5.408677904E1,-2.482138367E0,-6.440955963E0,6.852599945E0
5.409681904E1,-2.474953308E0,-6.432872772E0,6.847061462E0
5.410686004E1,-2.472857666E0,-6.439159698E0,6.841373291E0
5.411690004E1,-2.466121674E0,-6.447542267E0,6.844217377E0
5.412694004E1,-2.451152802E0,-6.434519348E0,6.850953369E0
5.413698004E1,-2.459984436E0,-6.435417480E0,6.855144653E0
5.414705104E1,-2.458487549E0,-6.436165924E0,6.853797455E0
5.415709204E1,-2.449356537E0,-6.438860321E0,6.873855743E0
5.416713204E1,-2.454745331E0,-6.445147247E0,6.866071930E0
5.417717204E1,-2.461780701E0,-6.431824951E0,6.869365082E0
5.418721204E1,-2.459685059E0,-6.424340515E0,6.870861969E0
5.419725304E1,-2.458337860E0,-6.438710632E0,6.866221619E0
5.420729304E1,-2.470462646E0,-6.441854095E0,6.864275665E0
5.421736404E1,-2.480042725E0,-6.433172150E0,6.841672668E0
5.422740404E1,-2.483784943E0,-6.437213745E0,6.836732941E0
5.423744404E1,-2.467468872E0,-6.437213745E0,6.853198700E0
5.424748504E1,-2.467319183E0,-6.432274017E0,6.854096832E0
5.425752504E1,-2.458487549E0,-6.437962189E0,6.845564575E0
5.426756504E1,-2.464475098E0,-6.440357208E0,6.847211151E0
5.427763604E1,-2.469863892E0,-6.443800049E0,6.865173798E0
5.428767604E1,-2.478096771E0,-6.441854095E0,6.864425354E0
5.429771704E1,-2.481689301E0,-6.425837402E0,6.871011658E0
5.430775704E1,-2.477198639E0,-6.431076508E0,6.878496094E0
5.431779704E1,-2.475102997E0,-6.438411255E0,6.892117767E0
5.432783704E1,-2.477498016E0,-6.439010010E0,6.890620880E0
5.433790804E1,-2.470911713E0,-6.441105652E0,6.884633331E0
5.434794804E1,-2.460882568E0,-6.453829193E0,6.867269440E0
5.435798904E1,-2.461181946E0,-6.444698181E0,6.848558350E0
5.436802904E1,-2.462529144E0,-6.432274017E0,6.835834808E0
5.437806904E1,-2.461481323E0,-6.424490204E0,6.851552124E0
5.438811004E1,-2.456092529E0,-6.427483978E0,6.833140411E0
5.439815004E1,-2.467768250E0,-6.434070282E0,6.829697571E0
5.440822104E1,-2.471211090E0,-6.438710632E0,6.829398193E0
5.441826104E1,-2.472707977E0,-6.447392578E0,6.828799438E0
5.442830104E1,-2.471660156E0,-6.449338531E0,6.833589478E0
5.443834204E1,-2.473157043E0,-6.446045380E0,6.850803680E0
5.444838204E1,-2.477048950E0,-6.439908142E0,6.869814148E0
5.445842204E1,-2.477198639E0,-6.443949738E0,6.859785004E0
5.446849304E1,-2.476001129E0,-6.444847870E0,6.859934692E0
5.447853304E1,-2.477647705E0,-6.447093201E0,6.849157104E0
5.448857304E1,-2.477198639E0,-6.455625458E0,6.859785004E0
5.449861404E1,-2.476899261E0,-6.453829193E0,6.860533447E0
5.450865404E1,-2.477348328E0,-6.456673279E0,6.835685120E0
5.451869404E1,-2.482587433E0,-6.458170166E0,6.828949127E0
5.452876504E1,-2.481539612E0,-6.441405029E0,6.844067688E0
5.453880504E1,-2.482288055E0,-6.430178375E0,6.835984497E0
5.454884604E1,-2.481838989E0,-6.418951721E0,6.843917999E0
5.455888604E1,-2.473306732E0,-6.422693939E0,6.843618622E0
5.456892604E1,-2.483635254E0,-6.434219971E0,6.848708038E0
5.457896704E1,-2.484533386E0,-6.442153473E0,6.872807922E0
5.458900704E1,-2.487377472E0,-6.444698181E0,6.874753876E0
5.459907804E1,-2.492167511E0,-6.442602539E0,6.869664459E0
5.460911804E1,-2.484234009E0,-6.436465302E0,6.873556366E0
5.461915804E1,-2.489772491E0,-6.436914368E0,6.868616638E0
5.462919804E1,-2.493065643E0,-6.443800049E0,6.857839050E0
5.463923904E1,-2.488574982E0,-6.445147247E0,6.854396210E0
5.464927904E1,-2.484084320E0,-6.433920593E0,6.843618622E0
5.465935004E1,-2.503693542E0,-6.424789581E0,6.840325470E0
5.466939004E1,-2.495610352E0,-6.432124329E0,6.836732941E0
5.467943004E1,-2.493963776E0,-6.427334290E0,6.826703796E0
5.468947104E1,-2.497556305E0,-6.434519348E0,6.830146637E0
5.469951104E1,-2.484084320E0,-6.436764679E0,6.833140411E0
5.470955104E1,-2.483784943E0,-6.450386353E0,6.834337921E0
5.471962204E1,-2.476150818E0,-6.439758453E0,6.851402435E0
5.472966204E1,-2.468067627E0,-6.443650360E0,6.844965820E0
5.473970304E1,-2.479743347E0,-6.450086975E0,6.851851501E0
5.474974304E1,-2.485431519E0,-6.448889465E0,6.854545898E0
5.475978304E1,-2.479294281E0,-6.448440399E0,6.861132202E0
5.476982304E1,-2.478994904E0,-6.443350983E0,6.855743408E0
5.477986404E1,-2.487227783E0,-6.446045380E0,6.840774536E0
5.478993504E1,-2.490970001E0,-6.439758453E0,6.851103058E0
5.479997504E1,-2.482587433E0,-6.440357208E0,6.856641541E0
5.481001504E1,-2.483635254E0,-6.434519348E0,6.846462708E0
5.482005504E1,-2.484982452E0,-6.431226196E0,6.846762085E0
5.483009604E1,-2.483485565E0,-6.436016235E0,6.839127960E0
5.484013604E1,-2.479144592E0,-6.437064056E0,6.842121735E0
5.485020704E1,-2.499352570E0,-6.442602539E0,6.845115509E0
5.486024704E1,-2.497705994E0,-6.446195068E0,6.845564575E0
5.487028704E1,-2.499651947E0,-6.448739777E0,6.835385742E0
5.488032804E1,-2.499502258E0,-6.441704407E0,6.827751617E0
5.489036804E1,-2.494861908E0,-6.429429932E0,6.844965820E0
5.490040804E1,-2.504591675E0,-6.419700165E0,6.847510529E0
5.491044804E1,-2.507136383E0,-6.423143005E0,6.850055237E0
5.492051904E1,-2.499951324E0,-6.439459076E0,6.854096832E0
5.493056004E1,-2.499502258E0,-6.429579620E0,6.869065704E0
5.494060004E1,-2.504591675E0,-6.436914368E0,6.859036560E0
5.495064004E1,-2.500999146E0,-6.446045380E0,6.832990723E0
5.496068004E1,-2.501298523E0,-6.445596313E0,6.835385742E0
5.497073137E1,-2.512674866E0,-6.452332306E0,6.833140411E0
5.498080138E1,-2.515369263E0,-6.452481995E0,6.833888855E0
5.499084237E1,-2.512375488E0,-6.451583862E0,6.826853485E0
5.500088237E1,-2.498454437E0,-6.442003784E0,6.834786987E0
5.501092237E1,-2.492915955E0,-6.443350983E0,6.837032318E0
5.502096337E1,-2.484982452E0,-6.446344757E0,6.852450256E0
5.503100337E1,-2.494113464E0,-6.447691956E0,6.856491852E0
5.504107437E1,-2.498005371E0,-6.441554718E0,6.853498077E0
5.505111437E1,-2.493963776E0,-6.436614990E0,6.843618622E0
5.506115437E1,-2.493963776E0,-6.429729309E0,6.838978271E0
5.507119537E1,-2.507136383E0,-6.427034912E0,6.832691345E0
5.508123538E1,-2.507735138E0,-6.424789581E0,6.811585236E0
5.509127538E1,-2.507286072E0,-6.436614990E0,6.790479126E0
5.510131537E1,-2.510429535E0,-6.443201294E0,6.805148621E0
5.511138637E1,-2.508483582E0,-6.448141022E0,6.822213135E0
5.512142638E1,-2.507136383E0,-6.442752228E0,6.830895081E0
5.513146737E1,-2.496358795E0,-6.453978882E0,6.833439789E0
5.514150737E1,-2.484982452E0,-6.446644135E0,6.839577026E0
5.515154737E1,-2.488425293E0,-6.446793823E0,6.830146637E0
5.516158837E1,-2.487377472E0,-6.440955963E0,6.834936676E0
5.517165837E1,-2.495011597E0,-6.437363434E0,6.852001190E0
5.518169937E1,-2.508333893E0,-6.439459076E0,6.851103058E0
5.519173937E1,-2.514022064E0,-6.442003784E0,6.836134186E0
5.520177937E1,-2.512824554E0,-6.452481995E0,6.837331696E0
5.521182037E1,-2.517614594E0,-6.459517365E0,6.822512512E0
5.522186038E1,-2.527494049E0,-6.455176392E0,6.827901306E0
5.523193137E1,-2.526146851E0,-6.437513123E0,6.826254730E0
5.524197137E1,-2.525099030E0,-6.424190826E0,6.826853485E0
5.525201137E1,-2.521356812E0,-6.431824951E0,6.837930450E0
5.526205138E1,-2.518363037E0,-6.427483978E0,6.850803680E0
5.527209237E1,-2.533182220E0,-6.427034912E0,6.850354614E0
5.528213237E1,-2.530038757E0,-6.435118103E0,6.854096832E0
5.529217237E1,-2.535128174E0,-6.439908142E0,6.856491852E0
5.530224338E1,-2.537074127E0,-6.436465302E0,6.845564575E0
5.531228337E1,-2.539319458E0,-6.439908142E0,6.843468933E0
5.532232437E1,-2.535277863E0,-6.433172150E0,6.831194458E0
5.533236437E1,-2.529290314E0,-6.436465302E0,6.827452240E0
5.534240437E1,-2.527344360E0,-6.435716858E0,6.838229828E0
5.535244537E1,-2.524949341E0,-6.424190826E0,6.833140411E0
5.536251537E1,-2.520458679E0,-6.424190826E0,6.834936676E0
5.537255637E1,-2.521057434E0,-6.421496429E0,6.836433563E0
5.538259637E1,-2.524949341E0,-6.430627441E0,6.827452240E0
5.539263637E1,-2.524200897E0,-6.434968414E0,6.832242279E0
5.540267638E1,-2.517015839E0,-6.432872772E0,6.838080139E0
5.541271737E1,-2.508782959E0,-6.428681488E0,6.850953369E0
5.542278837E1,-2.518812103E0,-6.432274017E0,6.840475159E0
5.543282838E1,-2.521057434E0,-6.444698181E0,6.843169556E0
5.544286838E1,-2.514620819E0,-6.444847870E0,6.846013641E0
5.545290837E1,-2.509082336E0,-6.444099426E0,6.849755859E0
5.546294937E1,-2.511627045E0,-6.438860321E0,6.840924225E0
5.547298937E1,-2.508782959E0,-6.439010010E0,6.824009399E0
5.548302937E1,-2.498753815E0,-6.440057831E0,6.831493835E0
5.549310037E1,-2.499202881E0,-6.429280243E0,6.833739166E0
5.550314037E1,-2.496059418E0,-6.436016235E0,6.846163330E0
5.551318137E1,-2.485880585E0,-6.433022461E0,6.841822357E0
5.552322137E1,-2.499651947E0,-6.417005768E0,6.849606171E0
5.553326137E1,-2.507884827E0,-6.417155457E0,6.844816132E0
5.554330138E1,-2.509232025E0,-6.419251099E0,6.870562592E0
5.555337237E1,-2.507735138E0,-6.412515106E0,6.861132202E0
5.556341337E1,-2.513722687E0,-6.422993317E0,6.857988739E0
5.557345338E1,-2.519560547E0,-6.420149231E0,6.862629089E0
5.558349338E1,-2.521057434E0,-6.418802032E0,6.862479401E0
5.559353337E1,-2.513423309E0,-6.422394562E0,6.850504303E0
5.560357437E1,-2.505489807E0,-6.428831177E0,6.860533447E0
5.561361437E1,-2.505639496E0,-6.417155457E0,6.859785004E0
5.562368538E1,-2.513572998E0,-6.419849854E0,6.857389984E0
5.563372537E1,-2.515968018E0,-6.428681488E0,6.860832825E0
5.564376537E1,-2.501897278E0,-6.426735535E0,6.861880646E0
5.565380637E1,-2.501897278E0,-6.418203278E0,6.853498077E0
5.566384637E1,-2.497705994E0,-6.417604523E0,6.859485626E0
5.567388637E1,-2.498304749E0,-6.419700165E0,6.863078156E0
5.568395737E1,-2.494861908E0,-6.429130554E0,6.863377533E0
5.569399737E1,-2.506837006E0,-6.432124329E0,6.846612396E0
5.570403837E1,-2.515369263E0,-6.431675262E0,6.855144653E0
5.571407838E1,-2.509381714E0,-6.429729309E0,6.878496094E0
5.572411838E1,-2.504891052E0,-6.435267792E0,6.870263214E0
5.573415837E1,-2.503244476E0,-6.444847870E0,6.867119751E0
5.574422937E1,-2.501897278E0,-6.448440399E0,6.872807922E0
5.575426938E1,-2.500101013E0,-6.447691956E0,6.866970062E0
5.576431038E1,-2.501448212E0,-6.428831177E0,6.849306793E0
5.577435037E1,-2.500999146E0,-6.420897675E0,6.841822357E0
5.578439037E1,-2.490221558E0,-6.421496429E0,6.844516754E0
5.579443137E1,-2.474803619E0,-6.418652344E0,6.833140411E0
5.580447137E1,-2.472258911E0,-6.420897675E0,6.831643524E0
5.581454237E1,-2.464475098E0,-6.427783356E0,6.813980255E0
5.582458237E1,-2.470762024E0,-6.431375885E0,6.830595703E0
5.583462237E1,-2.463427277E0,-6.448440399E0,6.841373291E0
5.584466337E1,-2.458487549E0,-6.452182617E0,6.847061462E0
5.585470338E1,-2.463277588E0,-6.458768921E0,6.860084381E0
5.586474338E1,-2.462379456E0,-6.444249115E0,6.863676910E0
5.587481437E1,-2.452949066E0,-6.444698181E0,6.869514771E0
5.588485437E1,-2.462379456E0,-6.431974640E0,6.866520996E0
5.589489438E1,-2.475851440E0,-6.447542267E0,6.865473175E0
5.590493538E1,-2.483186188E0,-6.443800049E0,6.859186249E0
5.591497537E1,-2.476300507E0,-6.443350983E0,6.846612396E0
5.592501537E1,-2.479743347E0,-6.447542267E0,6.846013641E0
5.593508638E1,-2.466720428E0,-6.437962189E0,6.835236053E0
5.594512638E1,-2.467768250E0,-6.430777130E0,6.835535431E0
5.595516737E1,-2.455344086E0,-6.429429932E0,6.849007416E0
5.596520737E1,-2.454296265E0,-6.424041138E0,6.858587494E0
5.597522500E1,-2.462379456E0,-6.429579620E0,6.871460724E0
5.598526600E1,-2.462229767E0,-6.431076508E0,6.876849518E0
5.599530600E1,-2.481689301E0,-6.440357208E0,6.869514771E0
5.600537700E1,-2.489323425E0,-6.446644135E0,6.875652008E0
5.601541700E1,-2.495011597E0,-6.433920593E0,6.861431580E0
5.602545700E1,-2.498903503E0,-6.426436157E0,6.859186249E0
5.603549700E1,-2.489622803E0,-6.430328064E0,6.847809906E0
5.604553800E1,-2.486778717E0,-6.428681488E0,6.848109283E0
5.605557800E1,-2.487976227E0,-6.431525574E0,6.833589478E0
5.606564900E1,-2.479893036E0,-6.430627441E0,6.841373291E0
5.607568900E1,-2.476300507E0,-6.445446625E0,6.846313019E0
5.608572900E1,-2.475552063E0,-6.451284485E0,6.857539673E0
5.609577000E1,-2.470462646E0,-6.451883240E0,6.850653992E0
5.610581000E1,-2.475402374E0,-6.454278259E0,6.846911774E0
5.611585000E1,-2.466870117E0,-6.453230438E0,6.849007416E0
5.612592100E1,-2.465522919E0,-6.444847870E0,6.844816132E0
5.613596100E1,-2.463427277E0,-6.456972656E0,6.847809906E0
5.614600200E1,-2.466870117E0,-6.458319855E0,6.851252747E0
5.615604200E1,-2.467618561E0,-6.463858337E0,6.840026093E0
5.616608200E1,-2.465971985E0,-6.460565186E0,6.848258972E0
5.617612200E1,-2.472258911E0,-6.449488220E0,6.843468933E0
5.618616300E1,-2.477348328E0,-6.444847870E0,6.841223602E0
5.619623400E1,-2.471959534E0,-6.450086975E0,6.851701813E0
5.620627400E1,-2.466570740E0,-6.437213745E0,6.849905548E0
5.621631400E1,-2.465522919E0,-6.438560944E0,6.853348389E0
5.622635400E1,-2.463726654E0,-6.445446625E0,6.846462708E0
5.623639500E1,-2.454445953E0,-6.446943512E0,6.847959595E0
5.624643500E1,-2.449655914E0,-6.447242889E0,6.851252747E0
5.625650600E1,-2.448159027E0,-6.447691956E0,6.844217377E0
5.626654600E1,-2.449506226E0,-6.448739777E0,6.853947144E0
5.627658600E1,-2.451901245E0,-6.447093201E0,6.854695587E0
5.628662700E1,-2.459685059E0,-6.436315613E0,6.852749634E0
5.629666700E1,-2.470462646E0,-6.443051605E0,6.853198700E0
5.630670700E1,-2.474204865E0,-6.440357208E0,6.852599945E0
5.631677800E1,-2.486479340E0,-6.441704407E0,6.851252747E0
5.632681800E1,-2.485431519E0,-6.445596313E0,6.845265198E0
5.633685900E1,-2.471360779E0,-6.447841644E0,6.827452240E0
5.634689900E1,-2.458188171E0,-6.456224213E0,6.839577026E0
5.635693900E1,-2.467169495E0,-6.460415497E0,6.844217377E0
5.636697900E1,-2.451302490E0,-6.453080750E0,6.835535431E0
5.637702000E1,-2.453697510E0,-6.454128571E0,6.843618622E0
5.638709000E1,-2.460882568E0,-6.456822968E0,6.843169556E0
5.639713100E1,-2.446362762E0,-6.451284485E0,6.856192474E0
5.640717100E1,-2.457290039E0,-6.446644135E0,6.862030334E0
5.641721100E1,-2.470762024E0,-6.442602539E0,6.860383759E0
5.642725200E1,-2.478545837E0,-6.452631683E0,6.863676910E0
5.643729200E1,-2.483186188E0,-6.464307404E0,6.861132202E0
5.644736300E1,-2.484683075E0,-6.452032928E0,6.847809906E0
5.645740300E1,-2.478695526E0,-6.454727325E0,6.842720490E0
5.646744300E1,-2.472408600E0,-6.459217987E0,6.828649750E0
5.647748400E1,-2.467319183E0,-6.451733551E0,6.819967804E0
5.648752400E1,-2.463576965E0,-6.446644135E0,6.825356598E0
5.649756400E1,-2.457739105E0,-6.446494446E0,6.811734924E0
5.650760400E1,-2.452200623E0,-6.452931061E0,6.806046753E0
5.651767500E1,-2.443518677E0,-6.452332306E0,6.824009399E0
5.652771500E1,-2.446662140E0,-6.457870789E0,6.832092590E0
5.653775600E1,-2.439926147E0,-6.457421722E0,6.850055237E0
5.654779600E1,-2.437830505E0,-6.461463318E0,6.867718506E0
5.655783600E1,-2.432292023E0,-6.461912384E0,6.857839050E0
5.656787700E1,-2.445015564E0,-6.456822968E0,6.851701813E0
5.657794700E1,-2.453248444E0,-6.461762695E0,6.854545898E0
5.658798800E1,-2.456391907E0,-6.466552734E0,6.847061462E0
5.659802800E1,-2.465223541E0,-6.478078766E0,6.842271423E0
5.660806800E1,-2.468965759E0,-6.464157715E0,6.828799438E0
5.661810900E1,-2.456840973E0,-6.452631683E0,6.816974030E0
5.662814900E1,-2.449057159E0,-6.452032928E0,6.823710022E0
5.663822000E1,-2.448009338E0,-6.445895691E0,6.827601929E0
5.664826000E1,-2.446213074E0,-6.439608765E0,6.839577026E0
5.665830000E1,-2.457739105E0,-6.430028687E0,6.849157104E0
5.666834000E1,-2.477498016E0,-6.430777130E0,6.852300568E0
5.667838100E1,-2.477348328E0,-6.446644135E0,6.868616638E0
5.668842100E1,-2.481838989E0,-6.452781372E0,6.873107300E0
5.669846100E1,-2.490071869E0,-6.449188843E0,6.873107300E0
5.670853200E1,-2.488425293E0,-6.450536041E0,6.866970062E0
5.671857200E1,-2.480342102E0,-6.436914368E0,6.858138428E0
5.672861300E1,-2.478096771E0,-6.438411255E0,6.863976288E0
5.673865300E1,-2.470911713E0,-6.442752228E0,6.853498077E0
5.674869300E1,-2.464026031E0,-6.427483978E0,6.837331696E0
5.675873400E1,-2.461631012E0,-6.436764679E0,6.843319244E0
5.676880400E1,-2.461631012E0,-6.429729309E0,6.838379517E0
5.677884500E1,-2.462678833E0,-6.441255341E0,6.840026093E0
5.678888500E1,-2.462529144E0,-6.446494446E0,6.846911774E0
5.679892500E1,-2.457589417E0,-6.453230438E0,6.847809906E0
5.680896500E1,-2.466870117E0,-6.451434174E0,6.860234070E0
5.681900600E1,-2.464175720E0,-6.453230438E0,6.854994965E0
5.682907700E1,-2.465822296E0,-6.453080750E0,6.852450256E0
5.683911700E1,-2.456990662E0,-6.450086975E0,6.859934692E0
5.684915700E1,-2.467768250E0,-6.451733551E0,6.850504303E0
5.685919700E1,-2.459984436E0,-6.458020477E0,6.846762085E0
5.686923800E1,-2.447859650E0,-6.443350983E0,6.828649750E0
5.687927800E1,-2.445764008E0,-6.438111877E0,6.846013641E0
5.688931800E1,-2.441722412E0,-6.433172150E0,6.864575043E0
5.689938900E1,-2.445764008E0,-6.434070282E0,6.865473175E0
5.690942900E1,-2.455942841E0,-6.437363434E0,6.869814148E0
5.691947000E1,-2.445464630E0,-6.433770905E0,6.867868195E0
5.692951000E1,-2.459685059E0,-6.433022461E0,6.869814148E0
5.693955000E1,-2.461631012E0,-6.443201294E0,6.865922241E0
5.694959000E1,-2.459685059E0,-6.433471527E0,6.876849518E0
5.695966100E1,-2.455493774E0,-6.431675262E0,6.867718506E0
5.696971375E1,-2.455793152E0,-6.441704407E0,6.849755859E0
5.697975375E1,-2.462678833E0,-6.444698181E0,6.847660217E0
5.698979375E1,-2.455044708E0,-6.436465302E0,6.852450256E0
5.699983375E1,-2.446512451E0,-6.436764679E0,6.855444031E0
5.700987475E1,-2.460882568E0,-6.424639893E0,6.865772552E0
5.701994575E1,-2.461631012E0,-6.427334290E0,6.865323486E0
5.702998575E1,-2.462379456E0,-6.431525574E0,6.864874420E0
5.704002575E1,-2.456541595E0,-6.440357208E0,6.874304810E0
5.705006575E1,-2.458786926E0,-6.438261566E0,6.866371307E0
5.706010675E1,-2.467319183E0,-6.433621216E0,6.859186249E0
5.707014675E1,-2.476899261E0,-6.434519348E0,6.865173798E0
5.708018675E1,-2.471510468E0,-6.436914368E0,6.863377533E0
5.709025775E1,-2.463726654E0,-6.438560944E0,6.861880646E0
5.710029775E1,-2.461032257E0,-6.422394562E0,6.866670685E0
5.711033875E1,-2.469115448E0,-6.424190826E0,6.878346405E0
5.712037875E1,-2.466271362E0,-6.428831177E0,6.888974304E0
5.713041875E1,-2.468816071E0,-6.433920593E0,6.889872437E0
5.714045875E1,-2.468217316E0,-6.441854095E0,6.875652008E0
5.715052975E1,-2.468067627E0,-6.440207520E0,6.877747650E0
5.716057075E1,-2.471959534E0,-6.428681488E0,6.870263214E0
5.717061075E1,-2.479443970E0,-6.413712616E0,6.855743408E0
5.718065075E1,-2.472707977E0,-6.421047363E0,6.845714264E0
5.719069075E1,-2.461780701E0,-6.421795807E0,6.846013641E0
5.720073175E1,-2.466570740E0,-6.425238647E0,6.837481384E0
5.721080175E1,-2.463876343E0,-6.436614990E0,6.826105042E0
5.722084275E1,-2.453248444E0,-6.441105652E0,6.854545898E0
5.723088275E1,-2.464325409E0,-6.439608765E0,6.865473175E0
5.724092275E1,-2.454296265E0,-6.439159698E0,6.872807922E0
5.725096375E1,-2.447260895E0,-6.438710632E0,6.869814148E0
5.726100375E1,-2.446512451E0,-6.437962189E0,6.872658234E0
5.727104375E1,-2.450404358E0,-6.434968414E0,6.873107300E0
5.728111475E1,-2.462828522E0,-6.439159698E0,6.866071930E0
5.729115475E1,-2.458936615E0,-6.446793823E0,6.871311035E0
5.730119575E1,-2.472109222E0,-6.435417480E0,6.866071930E0
5.731123575E1,-2.475552063E0,-6.437213745E0,6.861581268E0
5.732127575E1,-2.473456421E0,-6.430926819E0,6.857389984E0
5.733131575E1,-2.471360779E0,-6.426286469E0,6.852749634E0
5.734138675E1,-2.470762024E0,-6.405030670E0,6.856491852E0
5.735142675E1,-2.475252686E0,-6.406677246E0,6.876400452E0
5.736146775E1,-2.468816071E0,-6.415209503E0,6.877747650E0
5.737150775E1,-2.473755798E0,-6.413113861E0,6.890620880E0
5.738154775E1,-2.476899261E0,-6.420747986E0,6.896009674E0
5.739158875E1,-2.481838989E0,-6.425088959E0,6.891818390E0
5.740165875E1,-2.483784943E0,-6.429280243E0,6.881489868E0
5.741169975E1,-2.496209106E0,-6.423741760E0,6.873406677E0
5.742173975E1,-2.504741364E0,-6.417754211E0,6.868616638E0
5.743177975E1,-2.499502258E0,-6.413562927E0,6.869514771E0
5.744182075E1,-2.493664398E0,-6.417604523E0,6.849007416E0
5.745186075E1,-2.483186188E0,-6.408772888E0,6.853947144E0
5.746190075E1,-2.478845215E0,-6.418053589E0,6.851552124E0
5.747197175E1,-2.479893036E0,-6.427633667E0,6.855444031E0
5.748201175E1,-2.478096771E0,-6.425837402E0,6.859036560E0
5.749205175E1,-2.469714203E0,-6.432124329E0,6.869065704E0
5.750209275E1,-2.470612335E0,-6.432274017E0,6.862180023E0
5.751213275E1,-2.470612335E0,-6.435417480E0,6.869963837E0
5.752217275E1,-2.477947083E0,-6.443650360E0,6.875352631E0
5.753224375E1,-2.473157043E0,-6.433321838E0,6.859036560E0
5.754228375E1,-2.473606110E0,-6.425837402E0,6.866071930E0
5.755232475E1,-2.479144592E0,-6.427184601E0,6.860982513E0
5.756236475E1,-2.474653931E0,-6.418802032E0,6.856342163E0
5.757240475E1,-2.470462646E0,-6.420149231E0,6.848258972E0
5.758244575E1,-2.461331635E0,-6.417454834E0,6.846313019E0
5.759251575E1,-2.466570740E0,-6.418652344E0,6.869514771E0
5.760255675E1,-2.451601868E0,-6.424041138E0,6.871161346E0
5.761259675E1,-2.448458405E0,-6.426585846E0,6.870263214E0
5.762263675E1,-2.460732880E0,-6.420598297E0,6.861880646E0
5.763267675E1,-2.465522919E0,-6.414161682E0,6.862479401E0
5.764271775E1,-2.470462646E0,-6.411167908E0,6.891519012E0
5.765275775E1,-2.470163269E0,-6.419849854E0,6.885232086E0
5.766282875E1,-2.469564514E0,-6.422095184E0,6.886878662E0
5.767286875E1,-2.468816071E0,-6.426885223E0,6.875502319E0
5.768290875E1,-2.481838989E0,-6.428831177E0,6.854845276E0
5.769294975E1,-2.477048950E0,-6.418053589E0,6.865173798E0
5.770298975E1,-2.474204865E0,-6.423143005E0,6.863527222E0
5.771302975E1,-2.478246460E0,-6.422843628E0,6.869365082E0
5.772310075E1,-2.481240234E0,-6.412664795E0,6.870263214E0
5.773314075E1,-2.476450195E0,-6.416856079E0,6.865622864E0
5.774318175E1,-2.474055176E0,-6.415059814E0,6.859934692E0
5.775322175E1,-2.476150818E0,-6.421346741E0,6.862180023E0
5.776326175E1,-2.480940857E0,-6.425987091E0,6.872807922E0
5.777330175E1,-2.490820312E0,-6.430627441E0,6.853198700E0
5.778337275E1,-2.486629028E0,-6.426735535E0,6.856491852E0
5.779341375E1,-2.498903503E0,-6.423442383E0,6.857389984E0
5.780345375E1,-2.502046967E0,-6.416107635E0,6.865323486E0
5.781349375E1,-2.493814087E0,-6.425538025E0,6.876699829E0
5.782353375E1,-2.484234009E0,-6.427483978E0,6.880142670E0
5.783357475E1,-2.480192413E0,-6.431226196E0,6.885681152E0
5.784361475E1,-2.474055176E0,-6.432723083E0,6.890171814E0
5.785368575E1,-2.474803619E0,-6.419251099E0,6.874604187E0
5.786372575E1,-2.475402374E0,-6.420298920E0,6.869514771E0
5.787376575E1,-2.480940857E0,-6.408024445E0,6.858886871E0
5.788380675E1,-2.491868134E0,-6.410569153E0,6.847061462E0
5.789384675E1,-2.497556305E0,-6.411916351E0,6.845265198E0
5.790388675E1,-2.489622803E0,-6.409072266E0,6.849606171E0
5.791395775E1,-2.496508484E0,-6.418951721E0,6.850504303E0
5.792399775E1,-2.486479340E0,-6.429280243E0,6.851103058E0
5.793403875E1,-2.485880585E0,-6.434369659E0,6.858587494E0
5.794407875E1,-2.486479340E0,-6.442153473E0,6.853049011E0
5.795411875E1,-2.482437744E0,-6.439608765E0,6.868916016E0
5.796415875E1,-2.482437744E0,-6.436165924E0,6.885681152E0
5.797421142E1,-2.478545837E0,-6.433172150E0,6.880741425E0
5.798425142E1,-2.478396149E0,-6.429878998E0,6.864724731E0
5.799429242E1,-2.484683075E0,-6.431375885E0,6.843917999E0
5.800433242E1,-2.483036499E0,-6.427933044E0,6.833140411E0
5.801437242E1,-2.488125916E0,-6.424639893E0,6.835685120E0
5.802441342E1,-2.486479340E0,-6.422843628E0,6.841672668E0
5.803445342E1,-2.489922180E0,-6.425687714E0,6.845714264E0
5.804452442E1,-2.495460663E0,-6.423592072E0,6.852749634E0
5.805456442E1,-2.494113464E0,-6.408024445E0,6.854396210E0
5.806460442E1,-2.487826538E0,-6.413712616E0,6.859785004E0
5.807464542E1,-2.494712219E0,-6.417305145E0,6.884184265E0
5.808468542E1,-2.504741364E0,-6.424939270E0,6.884034576E0
5.809472542E1,-2.500999146E0,-6.420149231E0,6.883585510E0
5.810479642E1,-2.505639496E0,-6.405479736E0,6.881639557E0
5.811483642E1,-2.510579224E0,-6.407126312E0,6.871610413E0
5.812487642E1,-2.515369263E0,-6.418652344E0,6.860832825E0
5.813491742E1,-2.520907745E0,-6.417604523E0,6.850803680E0
5.814495742E1,-2.516267395E0,-6.411916351E0,6.855144653E0
5.815499742E1,-2.509681091E0,-6.418802032E0,6.840774536E0
5.816506842E1,-2.512824554E0,-6.421346741E0,6.847809906E0
5.817510842E1,-2.509830780E0,-6.427184601E0,6.850953369E0
5.818514942E1,-2.502496033E0,-6.426585846E0,6.853647766E0
5.819518942E1,-2.501148834E0,-6.426585846E0,6.859335938E0
5.820522942E1,-2.505040741E0,-6.432723083E0,6.862329712E0
5.821527042E1,-2.507136383E0,-6.425388336E0,6.855444031E0
5.822531042E1,-2.508782959E0,-6.427933044E0,6.863527222E0
5.823538142E1,-2.512974243E0,-6.441105652E0,6.849007416E0
5.824542142E1,-2.508932648E0,-6.436165924E0,6.850204926E0
5.825546142E1,-2.511627045E0,-6.432124329E0,6.849306793E0
5.826550142E1,-2.505639496E0,-6.421795807E0,6.846762085E0
5.827554242E1,-2.504292297E0,-6.418352966E0,6.838379517E0
5.828558242E1,-2.493365021E0,-6.417754211E0,6.842271423E0
5.829565342E1,-2.492317200E0,-6.418802032E0,6.839127960E0
5.830569342E1,-2.493963776E0,-6.421496429E0,6.843618622E0
5.831573342E1,-2.487527161E0,-6.417005768E0,6.854396210E0
5.832577442E1,-2.497705994E0,-6.419999542E0,6.862030334E0
5.833581442E1,-2.504441986E0,-6.421047363E0,6.875652008E0
5.834585442E1,-2.499202881E0,-6.422693939E0,6.872508545E0
5.835592542E1,-2.492766266E0,-6.410868530E0,6.866670685E0
5.836596542E1,-2.492466888E0,-6.409221954E0,6.870712280E0
5.837600642E1,-2.493963776E0,-6.423292694E0,6.862180023E0
5.838604642E1,-2.499352570E0,-6.421197052E0,6.856940918E0
5.839608642E1,-2.496658173E0,-6.419550476E0,6.852599945E0
5.840612642E1,-2.507884827E0,-6.420897675E0,6.856940918E0
5.841616742E1,-2.502945099E0,-6.422544250E0,6.841972046E0
5.842623842E1,-2.500999146E0,-6.425388336E0,6.849755859E0
5.843627842E1,-2.502945099E0,-6.420747986E0,6.852899323E0
5.844631842E1,-2.504441986E0,-6.423592072E0,6.858138428E0
5.845635842E1,-2.506537628E0,-6.415059814E0,6.855893097E0
5.846639942E1,-2.508333893E0,-6.427783356E0,6.847660217E0
5.847643942E1,-2.512974243E0,-6.430178375E0,6.846612396E0
5.848651042E1,-2.509681091E0,-6.434968414E0,6.862778778E0
5.849655042E1,-2.514620819E0,-6.425687714E0,6.860383759E0
5.850659042E1,-2.510579224E0,-6.407276001E0,6.866221619E0
5.851663142E1,-2.498604126E0,-6.405779114E0,6.868017883E0
5.852667142E1,-2.498005371E0,-6.420897675E0,6.871011658E0
5.853671142E1,-2.492616577E0,-6.420897675E0,6.872807922E0
5.854678242E1,-2.492616577E0,-6.433770905E0,6.875801697E0
5.855682242E1,-2.490820312E0,-6.430028687E0,6.877597961E0
5.856686342E1,-2.494562531E0,-6.424789581E0,6.858288116E0
5.857690342E1,-2.495310974E0,-6.420897675E0,6.842121735E0
5.858694342E1,-2.499202881E0,-6.414610748E0,6.820117493E0
5.859698342E1,-2.504441986E0,-6.422693939E0,6.813082123E0
5.860702442E1,-2.504741364E0,-6.430477753E0,6.819818115E0
5.861709442E1,-2.512824554E0,-6.441554718E0,6.815327454E0
5.862713542E1,-2.517015839E0,-6.449637909E0,6.823710022E0
5.863717542E1,-2.512674866E0,-6.439908142E0,6.836433563E0
5.864721542E1,-2.508782959E0,-6.436465302E0,6.840026093E0
5.865725642E1,-2.504142609E0,-6.437812500E0,6.840624847E0
5.866729642E1,-2.502496033E0,-6.424340515E0,6.840624847E0
5.867736742E1,-2.491868134E0,-6.437662811E0,6.860383759E0
5.868740742E1,-2.493065643E0,-6.433471527E0,6.847809906E0
5.869744742E1,-2.499801636E0,-6.429729309E0,6.851552124E0
5.870748842E1,-2.502046967E0,-6.433022461E0,6.843169556E0
5.871752842E1,-2.502945099E0,-6.434219971E0,6.828500061E0
5.872756842E1,-2.502945099E0,-6.417754211E0,6.842271423E0
5.873763942E1,-2.502945099E0,-6.411766663E0,6.849456482E0
5.874767942E1,-2.502046967E0,-6.410569153E0,6.847061462E0
5.875771942E1,-2.509980469E0,-6.405330048E0,6.858587494E0
5.876776042E1,-2.508333893E0,-6.405779114E0,6.871011658E0
5.877780042E1,-2.510878601E0,-6.402935028E0,6.860533447E0
5.878784042E1,-2.512674866E0,-6.408323822E0,6.870712280E0
5.879788142E1,-2.524949341E0,-6.413862305E0,6.870412903E0
5.880795142E1,-2.524649963E0,-6.417305145E0,6.869814148E0
5.881799242E1,-2.524051208E0,-6.417604523E0,6.875053253E0
5.882803242E1,-2.520159302E0,-6.410868530E0,6.872658234E0
5.883807242E1,-2.516267395E0,-6.413263550E0,6.860533447E0
5.884811342E1,-2.510878601E0,-6.415808258E0,6.842421112E0
5.885815342E1,-2.510878601E0,-6.423891449E0,6.842121735E0
5.886822442E1,-2.509381714E0,-6.411317596E0,6.839127960E0
5.887826442E1,-2.506537628E0,-6.421496429E0,6.838080139E0
5.888830442E1,-2.511327667E0,-6.433321838E0,6.850653992E0
5.889834442E1,-2.515518951E0,-6.425238647E0,6.850204926E0
5.890838542E1,-2.514321442E0,-6.426286469E0,6.847061462E0
5.891842542E1,-2.506986694E0,-6.433471527E0,6.842121735E0
5.892849642E1,-2.508633270E0,-6.427034912E0,6.864275665E0
5.893853642E1,-2.498454437E0,-6.430926819E0,6.851103058E0
5.894857642E1,-2.506238251E0,-6.433920593E0,6.848408661E0
5.895861742E1,-2.509082336E0,-6.428831177E0,6.850803680E0
5.896865742E1,-2.494861908E0,-6.427034912E0,6.857090607E0
5.897870992E1,-2.495610352E0,-6.421945496E0,6.855893097E0
5.898875092E1,-2.485132141E0,-6.420747986E0,6.854695587E0
5.899882092E1,-2.482437744E0,-6.415658569E0,6.854994965E0
5.900886192E1,-2.484084320E0,-6.408473511E0,6.847211151E0
5.901890192E1,-2.492466888E0,-6.414910126E0,6.852899323E0
5.902894192E1,-2.486030273E0,-6.410419464E0,6.862180023E0
5.903898192E1,-2.488275604E0,-6.407725067E0,6.861730957E0
5.904902292E1,-2.496957550E0,-6.415059814E0,6.863976288E0
5.905909392E1,-2.507136383E0,-6.415808258E0,6.871011658E0
5.906913392E1,-2.500400391E0,-6.418502655E0,6.871011658E0
5.907917392E1,-2.502645721E0,-6.411317596E0,6.860084381E0
5.908921392E1,-2.505340118E0,-6.408323822E0,6.874604187E0
5.909925492E1,-2.499801636E0,-6.412964172E0,6.871760101E0
5.910929492E1,-2.492616577E0,-6.422993317E0,6.854096832E0
5.911936592E1,-2.494113464E0,-6.421197052E0,6.863676910E0
5.912940592E1,-2.494412842E0,-6.413862305E0,6.865024109E0
5.913944592E1,-2.488574982E0,-6.413562927E0,6.871760101E0
5.914948692E1,-2.492616577E0,-6.420298920E0,6.874005432E0
5.915952692E1,-2.501897278E0,-6.432124329E0,6.874454498E0
5.916956692E1,-2.498155060E0,-6.436465302E0,6.862329712E0
5.917960692E1,-2.502496033E0,-6.432274017E0,6.871460724E0
5.918967792E1,-2.508333893E0,-6.421945496E0,6.862778778E0
5.919971892E1,-2.507735138E0,-6.427933044E0,6.853647766E0
5.920975892E1,-2.502496033E0,-6.430627441E0,6.850204926E0
5.921979892E1,-2.505938873E0,-6.433172150E0,6.844067688E0
5.922983892E1,-2.498005371E0,-6.415508881E0,6.853198700E0
5.923987992E1,-2.500999146E0,-6.409521332E0,6.862329712E0
5.924994992E1,-2.503543854E0,-6.412066040E0,6.860383759E0
5.925999092E1,-2.501448212E0,-6.423143005E0,6.888375549E0
5.927003092E1,-2.488874359E0,-6.426885223E0,6.887178040E0
5.928007092E1,-2.494263153E0,-6.424639893E0,6.871011658E0
5.929011192E1,-2.483036499E0,-6.432573395E0,6.860084381E0
5.930015192E1,-2.486778717E0,-6.429579620E0,6.866071930E0
5.931022292E1,-2.492766266E0,-6.418951721E0,6.852599945E0
5.932026292E1,-2.485281830E0,-6.409970398E0,6.831793213E0
5.933030292E1,-2.481240234E0,-6.419251099E0,6.834487610E0
5.934034392E1,-2.479893036E0,-6.422244873E0,6.833739166E0
5.935038392E1,-2.479743347E0,-6.422693939E0,6.821464691E0
5.936042392E1,-2.468666382E0,-6.439758453E0,6.837331696E0
5.937046392E1,-2.464774475E0,-6.431974640E0,6.856641541E0
5.938053492E1,-2.468067627E0,-6.437064056E0,6.855444031E0
5.939057492E1,-2.471211090E0,-6.435417480E0,6.860533447E0
5.940061592E1,-2.476300507E0,-6.432423706E0,6.866970062E0
5.941065592E1,-2.475701752E0,-6.436165924E0,6.876400452E0
5.942069592E1,-2.460433502E0,-6.431974640E0,6.881190491E0
5.943073692E1,-2.478246460E0,-6.438111877E0,6.864275665E0
5.944080692E1,-2.491868134E0,-6.442153473E0,6.857240295E0
5.945084792E1,-2.480192413E0,-6.449039154E0,6.843169556E0
5.946088792E1,-2.477947083E0,-6.443051605E0,6.829996948E0
5.947092792E1,-2.486030273E0,-6.439459076E0,6.838529205E0
5.948096892E1,-2.471809845E0,-6.430178375E0,6.833140411E0
5.949100892E1,-2.476599884E0,-6.428382111E0,6.847211151E0
5.950107992E1,-2.482437744E0,-6.439608765E0,6.854246521E0
5.951111992E1,-2.486030273E0,-6.438411255E0,6.862479401E0
5.952115992E1,-2.501747589E0,-6.442752228E0,6.871460724E0
5.953119992E1,-2.508782959E0,-6.434818726E0,6.868916016E0
5.954124092E1,-2.502496033E0,-6.439159698E0,6.855144653E0
5.955128092E1,-2.511327667E0,-6.436016235E0,6.851552124E0
5.956132092E1,-2.503992920E0,-6.429280243E0,6.849905548E0
5.957139192E1,-2.502645721E0,-6.430627441E0,6.845265198E0
5.958143192E1,-2.498155060E0,-6.442153473E0,6.830595703E0
5.959147292E1,-2.493514709E0,-6.436614990E0,6.835535431E0
5.960151292E1,-2.496658173E0,-6.431974640E0,6.838529205E0
5.961155292E1,-2.488125916E0,-6.442153473E0,6.845115509E0
5.962159392E1,-2.493365021E0,-6.444698181E0,6.842870178E0
5.963166392E1,-2.486928406E0,-6.446195068E0,6.842570801E0
5.964170492E1,-2.481090546E0,-6.444398804E0,6.858138428E0
5.965174492E1,-2.477947083E0,-6.445895691E0,6.841373291E0
5.966178492E1,-2.492915955E0,-6.453829193E0,6.829547882E0
5.967182492E1,-2.479144592E0,-6.458469543E0,6.841972046E0
5.968186592E1,-2.475402374E0,-6.458619232E0,6.841522980E0
5.969193692E1,-2.482737122E0,-6.459667053E0,6.835984497E0
5.970197692E1,-2.470911713E0,-6.444099426E0,6.834337921E0
5.971201692E1,-2.463576965E0,-6.449188843E0,6.840325470E0
5.972205692E1,-2.461631012E0,-6.446494446E0,6.840774536E0
5.973209792E1,-2.449356537E0,-6.446045380E0,6.836732941E0
5.974213792E1,-2.458936615E0,-6.446045380E0,6.838379517E0
5.975217792E1,-2.467468872E0,-6.442303162E0,6.850953369E0
5.976224892E1,-2.446063385E0,-6.445895691E0,6.851851501E0
5.977228892E1,-2.461331635E0,-6.441105652E0,6.838080139E0
5.978232992E1,-2.468516693E0,-6.444249115E0,6.849007416E0
5.979236992E1,-2.463726654E0,-6.454427948E0,6.850204926E0
5.980240992E1,-2.465522919E0,-6.454427948E0,6.854994965E0
5.981244992E1,-2.466271362E0,-6.461014252E0,6.853647766E0
5.982252092E1,-2.464924164E0,-6.456373901E0,6.842421112E0
5.983256192E1,-2.473456421E0,-6.455026703E0,6.847061462E0
5.984260192E1,-2.483335876E0,-6.447542267E0,6.835685120E0
5.985264192E1,-2.487976227E0,-6.445746002E0,6.829847260E0
5.986268192E1,-2.479144592E0,-6.452481995E0,6.836732941E0
5.987272292E1,-2.468367004E0,-6.462062073E0,6.837331696E0
5.988279392E1,-2.465971985E0,-6.461463318E0,6.830146637E0
5.989283392E1,-2.468666382E0,-6.464157715E0,6.831344147E0
5.990287392E1,-2.463876343E0,-6.464756470E0,6.821464691E0
5.991291392E1,-2.469265137E0,-6.463558960E0,6.822063446E0
5.992295492E1,-2.473456421E0,-6.462062073E0,6.828050995E0
5.993299492E1,-2.474653931E0,-6.460415497E0,6.831942902E0
5.994303492E1,-2.484383698E0,-6.465055847E0,6.834188232E0
5.995310592E1,-2.485880585E0,-6.450236664E0,6.856641541E0
5.996314592E1,-2.490970001E0,-6.454727325E0,6.861281891E0
5.997318037E1,-2.491568756E0,-6.463708649E0,6.860084381E0
5.998322037E1,-2.495310974E0,-6.455026703E0,6.844516754E0
5.999326037E1,-2.489024048E0,-6.458768921E0,6.837481384E0
6.000330037E1,-2.488574982E0,-6.456822968E0,6.827452240E0
6.001337137E1,-2.480641479E0,-6.454877014E0,6.820716248E0
6.002341237E1,-2.480042725E0,-6.442901917E0,6.823260956E0
6.003345237E1,-2.467319183E0,-6.443350983E0,6.816524963E0
6.004349237E1,-2.460882568E0,-6.444398804E0,6.815028076E0
6.005353238E1,-2.467169495E0,-6.445147247E0,6.831793213E0
6.006357337E1,-2.451751556E0,-6.452182617E0,6.834337921E0
6.007364337E1,-2.449955292E0,-6.456673279E0,6.843019867E0
6.008368438E1,-2.448608093E0,-6.456972656E0,6.853348389E0
6.009372438E1,-2.448159027E0,-6.457870789E0,6.853348389E0
6.010376437E1,-2.447709961E0,-6.462211761E0,6.854994965E0
6.011380537E1,-2.451452179E0,-6.462511139E0,6.858288116E0
6.012384537E1,-2.460283813E0,-6.470444641E0,6.855893097E0
6.013388537E1,-2.475252686E0,-6.461163940E0,6.847510529E0
6.014395637E1,-2.475701752E0,-6.459816742E0,6.837780762E0
6.015399637E1,-2.478695526E0,-6.455625458E0,6.822662201E0
6.016403737E1,-2.473007355E0,-6.452332306E0,6.817273407E0
6.017407737E1,-2.474055176E0,-6.437962189E0,6.824308777E0
6.018411737E1,-2.471211090E0,-6.431525574E0,6.831493835E0
6.019415738E1,-2.474354553E0,-6.423143005E0,6.834188232E0
6.020422837E1,-2.477947083E0,-6.440506897E0,6.847809906E0
6.021426837E1,-2.472109222E0,-6.440207520E0,6.869065704E0
6.022430938E1,-2.476300507E0,-6.447991333E0,6.867718506E0
6.023434938E1,-2.475252686E0,-6.453529816E0,6.872807922E0
6.024438937E1,-2.485730896E0,-6.449488220E0,6.853947144E0
6.025443037E1,-2.490371246E0,-6.448889465E0,6.853647766E0
6.026450038E1,-2.487826538E0,-6.448440399E0,6.853797455E0
6.027454138E1,-2.487826538E0,-6.443201294E0,6.845564575E0
6.028458137E1,-2.492167511E0,-6.434968414E0,6.840624847E0
6.029462137E1,-2.494861908E0,-6.433471527E0,6.832990723E0
6.030466237E1,-2.489772491E0,-6.438560944E0,6.831044769E0
6.031470237E1,-2.478096771E0,-6.437213745E0,6.828050995E0
6.032474237E1,-2.474953308E0,-6.448739777E0,6.838828583E0
6.033481337E1,-2.472408600E0,-6.452931061E0,6.839427338E0
6.034485337E1,-2.474504242E0,-6.454278259E0,6.840624847E0
6.035489337E1,-2.467618561E0,-6.460265808E0,6.839577026E0
6.036493438E1,-2.475102997E0,-6.456224213E0,6.840924225E0
6.037497438E1,-2.478695526E0,-6.454128571E0,6.842720490E0
6.038501437E1,-2.477498016E0,-6.450685730E0,6.858737183E0
6.039508537E1,-2.479443970E0,-6.449787598E0,6.847061462E0
6.040512538E1,-2.476300507E0,-6.447841644E0,6.844965820E0
6.041516638E1,-2.462529144E0,-6.439459076E0,6.853498077E0
6.042520637E1,-2.455493774E0,-6.437662811E0,6.849905548E0
6.043524637E1,-2.457739105E0,-6.431824951E0,6.846612396E0
6.044528737E1,-2.457290039E0,-6.438111877E0,6.850204926E0
6.045535738E1,-2.449955292E0,-6.446793823E0,6.847061462E0
6.046539837E1,-2.455942841E0,-6.427483978E0,6.850504303E0
6.047543837E1,-2.460134125E0,-6.439159698E0,6.857689362E0
6.048547837E1,-2.461930389E0,-6.436016235E0,6.854994965E0
6.049551837E1,-2.458637238E0,-6.436165924E0,6.869664459E0
6.050555938E1,-2.463427277E0,-6.439758453E0,6.867419128E0
6.051559938E1,-2.469863892E0,-6.434968414E0,6.870562592E0
6.052567037E1,-2.462379456E0,-6.431675262E0,6.863826599E0
6.053571037E1,-2.469863892E0,-6.428382111E0,6.857539673E0
6.054575038E1,-2.481090546E0,-6.428531799E0,6.867868195E0
6.055579138E1,-2.480641479E0,-6.431076508E0,6.851701813E0
6.056583137E1,-2.477498016E0,-6.434070282E0,6.859485626E0
6.057587137E1,-2.480641479E0,-6.438111877E0,6.855294342E0
6.058594238E1,-2.475851440E0,-6.443201294E0,6.847510529E0
6.059598238E1,-2.466870117E0,-6.440656586E0,6.830296326E0
6.060602337E1,-2.474055176E0,-6.443949738E0,6.839427338E0
6.061606337E1,-2.477797394E0,-6.446644135E0,6.846313019E0
6.062610337E1,-2.471809845E0,-6.433471527E0,6.849755859E0
6.063614337E1,-2.470762024E0,-6.425088959E0,6.857539673E0
6.064621437E1,-2.473306732E0,-6.421945496E0,6.867868195E0
6.065625537E1,-2.472109222E0,-6.431675262E0,6.870712280E0
6.066629537E1,-2.484383698E0,-6.445895691E0,6.872059479E0
6.067633537E1,-2.496209106E0,-6.441854095E0,6.863527222E0
6.068637538E1,-2.494412842E0,-6.446344757E0,6.862479401E0
6.069641638E1,-2.487078094E0,-6.437064056E0,6.847211151E0
6.070645637E1,-2.482437744E0,-6.437213745E0,6.826554108E0
6.071652737E1,-2.483485565E0,-6.433321838E0,6.818770294E0
6.072656738E1,-2.478845215E0,-6.423891449E0,6.827601929E0
6.073660738E1,-2.468965759E0,-6.427334290E0,6.827452240E0
6.074664837E1,-2.461181946E0,-6.425538025E0,6.829398193E0
6.075668837E1,-2.460732880E0,-6.436465302E0,6.840624847E0
6.076672837E1,-2.460732880E0,-6.434369659E0,6.856192474E0
6.077679937E1,-2.446063385E0,-6.436914368E0,6.871011658E0
6.078683937E1,-2.442171478E0,-6.434070282E0,6.872358856E0
6.079688037E1,-2.452799377E0,-6.434070282E0,6.876250763E0
6.080692037E1,-2.452949066E0,-6.445596313E0,6.879394226E0
6.081696037E1,-2.476749573E0,-6.449787598E0,6.874005432E0
6.082700038E1,-2.478695526E0,-6.446195068E0,6.862629089E0
6.083704138E1,-2.479593658E0,-6.452332306E0,6.853049011E0
6.084711137E1,-2.480791168E0,-6.454877014E0,6.850204926E0
6.085715237E1,-2.476749573E0,-6.439459076E0,6.841522980E0
6.086719238E1,-2.469115448E0,-6.425238647E0,6.833888855E0
6.087723238E1,-2.469863892E0,-6.412365417E0,6.848408661E0
6.088727337E1,-2.470312958E0,-6.417005768E0,6.860832825E0
6.089731337E1,-2.470312958E0,-6.406976624E0,6.864724731E0
6.090738438E1,-2.469414825E0,-6.412664795E0,6.872957611E0
6.091742437E1,-2.480192413E0,-6.427034912E0,6.880891113E0
6.092746437E1,-2.484234009E0,-6.425987091E0,6.892716522E0
6.093750537E1,-2.487078094E0,-6.438710632E0,6.895410919E0
6.094754537E1,-2.492766266E0,-6.434219971E0,6.882537689E0
6.095758537E1,-2.501897278E0,-6.422244873E0,6.871760101E0
6.096765637E1,-2.500101013E0,-6.422693939E0,6.865772552E0
6.097769725E1,-2.485730896E0,-6.414610748E0,6.859485626E0
6.098773725E1,-2.478994904E0,-6.410419464E0,6.855294342E0
6.099777825E1,-2.476599884E0,-6.417155457E0,6.842271423E0
6.100781825E1,-2.476899261E0,-6.409820709E0,6.851851501E0
6.101785825E1,-2.479144592E0,-6.416556702E0,6.858288116E0
6.102789925E1,-2.475552063E0,-6.425088959E0,6.868766327E0
6.103796925E1,-2.475252686E0,-6.426585846E0,6.871011658E0
6.104801025E1,-2.476450195E0,-6.426136780E0,6.866970062E0
6.105805025E1,-2.474504242E0,-6.438261566E0,6.877897339E0
6.106809025E1,-2.470762024E0,-6.437962189E0,6.883136444E0
6.107813125E1,-2.476899261E0,-6.432274017E0,6.867568817E0
6.108817125E1,-2.474055176E0,-6.428382111E0,6.861880646E0
6.109824225E1,-2.479893036E0,-6.430477753E0,6.859186249E0
6.110828225E1,-2.478396149E0,-6.422244873E0,6.862629089E0
6.111832225E1,-2.478246460E0,-6.417155457E0,6.859635315E0
6.112836225E1,-2.470762024E0,-6.427633667E0,6.858737183E0
6.113840325E1,-2.463576965E0,-6.417903900E0,6.866670685E0
6.114844325E1,-2.465373230E0,-6.422693939E0,6.862629089E0
6.115851425E1,-2.471510468E0,-6.426885223E0,6.871610413E0
6.116855425E1,-2.462229767E0,-6.428681488E0,6.869365082E0
6.117859425E1,-2.465971985E0,-6.428082733E0,6.884184265E0
6.118863525E1,-2.459086304E0,-6.415508881E0,6.877148895E0
6.119867525E1,-2.468666382E0,-6.410269775E0,6.874903564E0
6.120871525E1,-2.468965759E0,-6.414011993E0,6.866820374E0
6.121875625E1,-2.472408600E0,-6.421945496E0,6.873855743E0
6.122882625E1,-2.472258911E0,-6.415957947E0,6.878346405E0
6.123886725E1,-2.474354553E0,-6.417454834E0,6.879693604E0
6.124890725E1,-2.473755798E0,-6.417155457E0,6.865473175E0
6.125894725E1,-2.471510468E0,-6.415808258E0,6.871011658E0
6.126898725E1,-2.479893036E0,-6.415209503E0,6.866071930E0
6.127902825E1,-2.482288055E0,-6.424041138E0,6.868916016E0
6.128909925E1,-2.475252686E0,-6.425987091E0,6.865622864E0
6.129913925E1,-2.485132141E0,-6.423741760E0,6.859635315E0
6.130917925E1,-2.478545837E0,-6.424789581E0,6.862180023E0
6.131921925E1,-2.482288055E0,-6.429280243E0,6.852749634E0
6.132926025E1,-2.481539612E0,-6.423891449E0,6.854845276E0
6.133930025E1,-2.479294281E0,-6.411317596E0,6.871760101E0
6.134937125E1,-2.488874359E0,-6.411616974E0,6.868616638E0
6.135941125E1,-2.483934631E0,-6.409671021E0,6.880142670E0
6.136945125E1,-2.477198639E0,-6.422394562E0,6.888225861E0
6.137949225E1,-2.484982452E0,-6.438560944E0,6.882537689E0
6.138953225E1,-2.493065643E0,-6.430777130E0,6.891818390E0
6.139957225E1,-2.487676849E0,-6.428382111E0,6.871760101E0
6.140961225E1,-2.482138367E0,-6.417305145E0,6.861730957E0
6.141968325E1,-2.492017822E0,-6.415059814E0,6.857240295E0
6.142972425E1,-2.481689301E0,-6.408772888E0,6.840175781E0
6.143976425E1,-2.478994904E0,-6.399641876E0,6.848558350E0
6.144980425E1,-2.478695526E0,-6.414610748E0,6.840475159E0
6.145984425E1,-2.475402374E0,-6.410120087E0,6.846462708E0
6.146988525E1,-2.487527161E0,-6.411018219E0,6.844816132E0
6.147995525E1,-2.477198639E0,-6.422993317E0,6.861730957E0
6.148999625E1,-2.469265137E0,-6.416107635E0,6.878196716E0
6.150003625E1,-2.463277588E0,-6.425837402E0,6.876849518E0
6.151007625E1,-2.476001129E0,-6.422244873E0,6.881938934E0
6.152011725E1,-2.478396149E0,-6.418802032E0,6.881938934E0
6.153015725E1,-2.478845215E0,-6.426286469E0,6.871460724E0
6.154022825E1,-2.477348328E0,-6.432274017E0,6.865922241E0
6.155026825E1,-2.474803619E0,-6.425687714E0,6.861431580E0
6.156030825E1,-2.485132141E0,-6.417155457E0,6.852899323E0
6.157034925E1,-2.480342102E0,-6.419101410E0,6.851252747E0
6.158038925E1,-2.480042725E0,-6.416257324E0,6.856641541E0
6.159042925E1,-2.481539612E0,-6.406826935E0,6.858587494E0
6.160046925E1,-2.496358795E0,-6.401438141E0,6.857090607E0
6.161054025E1,-2.480791168E0,-6.411916351E0,6.861132202E0
6.162058025E1,-2.484234009E0,-6.423891449E0,6.882537689E0
6.163062125E1,-2.487377472E0,-6.415808258E0,6.889123993E0
6.164066125E1,-2.491419067E0,-6.419999542E0,6.884783020E0
6.165070125E1,-2.498753815E0,-6.418951721E0,6.877148895E0
6.166074225E1,-2.497406616E0,-6.421346741E0,6.871909790E0
6.167081225E1,-2.503244476E0,-6.417903900E0,6.873556366E0
6.168085325E1,-2.500250702E0,-6.419999542E0,6.863227844E0
6.169089325E1,-2.490520935E0,-6.408772888E0,6.862778778E0
6.170093325E1,-2.491419067E0,-6.405779114E0,6.864724731E0
6.171097425E1,-2.494113464E0,-6.416556702E0,6.856342163E0
6.172101425E1,-2.496957550E0,-6.419849854E0,6.862928467E0
6.173108525E1,-2.492466888E0,-6.417305145E0,6.861132202E0
6.174112525E1,-2.495909729E0,-6.423292694E0,6.854396210E0
6.175116525E1,-2.490520935E0,-6.420149231E0,6.859485626E0
6.176120525E1,-2.489922180E0,-6.424490204E0,6.859485626E0
6.177124625E1,-2.484383698E0,-6.420448608E0,6.862928467E0
6.178128625E1,-2.487976227E0,-6.412515106E0,6.866221619E0
6.179132625E1,-2.495310974E0,-6.426885223E0,6.867718506E0
6.180139725E1,-2.492317200E0,-6.422095184E0,6.873706055E0
6.181143725E1,-2.492616577E0,-6.423741760E0,6.863527222E0
6.182147825E1,-2.485431519E0,-6.419550476E0,6.861281891E0
6.183151825E1,-2.484982452E0,-6.414910126E0,6.858886871E0
6.184155825E1,-2.479743347E0,-6.424041138E0,6.853947144E0
6.185159925E1,-2.473456421E0,-6.423442383E0,6.856342163E0
6.186166925E1,-2.481240234E0,-6.418053589E0,6.871311035E0
6.187171025E1,-2.474803619E0,-6.421945496E0,6.863527222E0
6.188175025E1,-2.482886810E0,-6.416856079E0,6.865323486E0
6.189179025E1,-2.477498016E0,-6.415508881E0,6.868466949E0
6.190183025E1,-2.493365021E0,-6.411766663E0,6.875202942E0
6.191187125E1,-2.494113464E0,-6.410718842E0,6.869814148E0
6.192194225E1,-2.496209106E0,-6.412365417E0,6.872358856E0
6.193198225E1,-2.497107239E0,-6.411766663E0,6.878795471E0
6.194202225E1,-2.496658173E0,-6.412964172E0,6.858886871E0
6.195206225E1,-2.492616577E0,-6.417005768E0,6.860383759E0
6.196210325E1,-2.496807861E0,-6.422544250E0,6.858288116E0
6.197214325E1,-2.496059418E0,-6.422394562E0,6.859485626E0
6.198215913E1,-2.492616577E0,-6.411616974E0,6.865772552E0
6.199223012E1,-2.498304749E0,-6.411018219E0,6.862329712E0
6.200227012E1,-2.500101013E0,-6.418652344E0,6.860084381E0
6.201231112E1,-2.484683075E0,-6.418502655E0,6.860533447E0
6.202235113E1,-2.500400391E0,-6.416107635E0,6.863676910E0
6.203239113E1,-2.499951324E0,-6.423891449E0,6.862329712E0
6.204243112E1,-2.500101013E0,-6.425687714E0,6.847211151E0
6.205250212E1,-2.503394165E0,-6.422693939E0,6.853498077E0
6.206254313E1,-2.512674866E0,-6.422394562E0,6.861880646E0
6.207258312E1,-2.515369263E0,-6.415658569E0,6.865323486E0
6.208262312E1,-2.511776733E0,-6.410120087E0,6.875502319E0
6.209266312E1,-2.495760040E0,-6.423592072E0,6.874005432E0
6.210270412E1,-2.489772491E0,-6.422244873E0,6.882537689E0
6.211277412E1,-2.491718445E0,-6.424789581E0,6.867269440E0
6.212281512E1,-2.489922180E0,-6.432573395E0,6.858288116E0
6.213285512E1,-2.498155060E0,-6.428531799E0,6.862629089E0
6.214289512E1,-2.499202881E0,-6.421346741E0,6.850354614E0
6.215293612E1,-2.501897278E0,-6.416107635E0,6.854695587E0
6.216297613E1,-2.492616577E0,-6.409671021E0,6.855593719E0
6.217301613E1,-2.491868134E0,-6.407725067E0,6.835685120E0
6.218308712E1,-2.503543854E0,-6.407725067E0,6.818770294E0
6.219312712E1,-2.505190430E0,-6.415808258E0,6.845714264E0
6.220316813E1,-2.504741364E0,-6.419700165E0,6.860234070E0
6.221320812E1,-2.492915955E0,-6.417604523E0,6.858886871E0
6.222324812E1,-2.481988678E0,-6.418652344E0,6.880591736E0
6.223328812E1,-2.485132141E0,-6.416706390E0,6.872807922E0
6.224335913E1,-2.478545837E0,-6.420448608E0,6.868916016E0
6.225339912E1,-2.489922180E0,-6.418802032E0,6.886130219E0
6.226344012E1,-2.492466888E0,-6.422843628E0,6.877298584E0
6.227348012E1,-2.488724670E0,-6.426136780E0,6.867419128E0
6.228352012E1,-2.491269379E0,-6.421047363E0,6.850354614E0
6.229356112E1,-2.489473114E0,-6.412814484E0,6.852300568E0
6.230363112E1,-2.498005371E0,-6.412964172E0,6.852899323E0
6.231367212E1,-2.506986694E0,-6.406976624E0,6.858138428E0
6.232371212E1,-2.511028290E0,-6.403533783E0,6.860234070E0
6.233375212E1,-2.505639496E0,-6.403234406E0,6.883884888E0
6.234379313E1,-2.514171753E0,-6.401438141E0,6.885681152E0
6.235383312E1,-2.510728912E0,-6.408772888E0,6.869814148E0
6.236387312E1,-2.515069885E0,-6.409072266E0,6.868466949E0
6.237394412E1,-2.510429535E0,-6.411467285E0,6.878196716E0
6.238398413E1,-2.514920197E0,-6.406377869E0,6.887327728E0
6.239402412E1,-2.523452454E0,-6.407725067E0,6.891219635E0
6.240406512E1,-2.514471130E0,-6.408623199E0,6.872209167E0
6.241410512E1,-2.509381714E0,-6.410868530E0,6.866970062E0
6.242414512E1,-2.509381714E0,-6.407575378E0,6.864425354E0
6.243421612E1,-2.506088562E0,-6.414610748E0,6.854845276E0
6.244425612E1,-2.505340118E0,-6.415658569E0,6.863227844E0
6.245429712E1,-2.501897278E0,-6.406228180E0,6.860234070E0
6.246433712E1,-2.500400391E0,-6.412964172E0,6.862329712E0
6.247437712E1,-2.495909729E0,-6.414461060E0,6.861132202E0
6.248441813E1,-2.496658173E0,-6.407725067E0,6.864874420E0
6.249448812E1,-2.499951324E0,-6.418802032E0,6.864724731E0
6.250452912E1,-2.501597900E0,-6.430477753E0,6.872508545E0
6.251456912E1,-2.498604126E0,-6.416556702E0,6.879094849E0
6.252460913E1,-2.499352570E0,-6.413113861E0,6.873706055E0
6.253464912E1,-2.489173737E0,-6.426735535E0,6.871460724E0
6.254469012E1,-2.484084320E0,-6.425388336E0,6.864874420E0
6.255473012E1,-2.487227783E0,-6.418951721E0,6.863826599E0
6.256480113E1,-2.484982452E0,-6.420448608E0,6.863976288E0
6.257484112E1,-2.480491791E0,-6.421795807E0,6.857240295E0
6.258488112E1,-2.486329651E0,-6.414161682E0,6.856042786E0
6.259492212E1,-2.490221558E0,-6.407276001E0,6.861880646E0
6.260496212E1,-2.493215332E0,-6.405330048E0,6.863976288E0
6.261500212E1,-2.494263153E0,-6.412814484E0,6.877747650E0
6.262507312E1,-2.492167511E0,-6.412664795E0,6.880891113E0
6.263511312E1,-2.491718445E0,-6.412515106E0,6.867718506E0
6.264515412E1,-2.486778717E0,-6.412066040E0,6.873107300E0
6.265519412E1,-2.494562531E0,-6.413113861E0,6.868466949E0
6.266523413E1,-2.494562531E0,-6.414161682E0,6.875502319E0
6.267527412E1,-2.489473114E0,-6.417604523E0,6.870712280E0
6.268534512E1,-2.490670624E0,-6.421945496E0,6.865772552E0
6.269538613E1,-2.488275604E0,-6.420598297E0,6.871909790E0
6.270542613E1,-2.489622803E0,-6.415059814E0,6.872658234E0
6.271546612E1,-2.496209106E0,-6.418652344E0,6.853049011E0
6.272550612E1,-2.501897278E0,-6.419999542E0,6.860533447E0
6.273554712E1,-2.503094788E0,-6.420298920E0,6.863676910E0
6.274558712E1,-2.502645721E0,-6.428831177E0,6.857839050E0
6.275565812E1,-2.497107239E0,-6.423891449E0,6.847959595E0
6.276569812E1,-2.498304749E0,-6.426885223E0,6.850055237E0
6.277573812E1,-2.493065643E0,-6.421646118E0,6.861581268E0
6.278577912E1,-2.482737122E0,-6.421346741E0,6.857389984E0
6.279581912E1,-2.482138367E0,-6.423592072E0,6.859335938E0
6.280585913E1,-2.487826538E0,-6.422993317E0,6.854845276E0
6.281593012E1,-2.489622803E0,-6.422693939E0,6.871161346E0
6.282597012E1,-2.494412842E0,-6.426136780E0,6.877747650E0
6.283601113E1,-2.491718445E0,-6.422693939E0,6.879244537E0
6.284605113E1,-2.494113464E0,-6.433172150E0,6.868466949E0
6.285609112E1,-2.515668640E0,-6.447841644E0,6.871760101E0
6.286613112E1,-2.511926422E0,-6.441854095E0,6.878196716E0
6.287620213E1,-2.508034515E0,-6.428082733E0,6.847959595E0
6.288624313E1,-2.491119690E0,-6.422993317E0,6.845564575E0
6.289628312E1,-2.486030273E0,-6.410868530E0,6.852599945E0
6.290632312E1,-2.480940857E0,-6.414311371E0,6.837182007E0
6.291636312E1,-2.468067627E0,-6.410569153E0,6.834487610E0
6.292640412E1,-2.473456421E0,-6.417903900E0,6.839577026E0
6.293644412E1,-2.471061401E0,-6.424939270E0,6.843169556E0
6.294651512E1,-2.465522919E0,-6.424190826E0,6.861281891E0
6.295655512E1,-2.464624786E0,-6.436465302E0,6.870562592E0
6.296659512E1,-2.466271362E0,-6.449937286E0,6.864275665E0
6.297664250E1,-2.456691284E0,-6.445296936E0,6.863527222E0
6.298668250E1,-2.471809845E0,-6.449039154E0,6.868616638E0
6.299672250E1,-2.481389923E0,-6.453829193E0,6.865473175E0
6.300679350E1,-2.480042725E0,-6.452032928E0,6.857539673E0
6.301683350E1,-2.486030273E0,-6.446045380E0,6.856192474E0
6.302687450E1,-2.481389923E0,-6.447542267E0,6.834936676E0
6.303691450E1,-2.473905487E0,-6.441704407E0,6.817123718E0
6.304695450E1,-2.470612335E0,-6.430028687E0,6.818470917E0
6.305699450E1,-2.466271362E0,-6.422544250E0,6.821315002E0
6.306706550E1,-2.466720428E0,-6.420598297E0,6.833589478E0
6.307710550E1,-2.467019806E0,-6.420897675E0,6.843319244E0
6.308714650E1,-2.462529144E0,-6.436764679E0,6.863527222E0
6.309718650E1,-2.476749573E0,-6.453230438E0,6.868317261E0
6.310722650E1,-2.493963776E0,-6.455326080E0,6.869814148E0
6.311726750E1,-2.491568756E0,-6.447542267E0,6.868167572E0
6.312733750E1,-2.496658173E0,-6.441105652E0,6.856641541E0
6.313737850E1,-2.510728912E0,-6.441105652E0,6.850504303E0
6.314741850E1,-2.499352570E0,-6.436614990E0,6.843618622E0
6.315745850E1,-2.493514709E0,-6.434968414E0,6.847510529E0
6.316749950E1,-2.487227783E0,-6.428831177E0,6.847061462E0
6.317753950E1,-2.483335876E0,-6.425987091E0,6.829248505E0
6.318757950E1,-2.479144592E0,-6.429729309E0,6.844965820E0
6.319765050E1,-2.477797394E0,-6.437812500E0,6.839577026E0
6.320769050E1,-2.476749573E0,-6.437962189E0,6.837930450E0
6.321773050E1,-2.469414825E0,-6.452332306E0,6.862329712E0
6.322777150E1,-2.481389923E0,-6.458020477E0,6.859635315E0
6.323781150E1,-2.481988678E0,-6.457421722E0,6.850803680E0
6.324785150E1,-2.482138367E0,-6.456673279E0,6.850354614E0
6.325792250E1,-2.481539612E0,-6.451434174E0,6.845564575E0
6.326796250E1,-2.476450195E0,-6.450685730E0,6.842121735E0
6.327800350E1,-2.475552063E0,-6.457571411E0,6.854845276E0
6.328804350E1,-2.473755798E0,-6.452032928E0,6.850204926E0
6.329808350E1,-2.468067627E0,-6.446195068E0,6.845265198E0
6.330812450E1,-2.465522919E0,-6.435866547E0,6.850653992E0
6.331819450E1,-2.467618561E0,-6.440506897E0,6.847809906E0
6.332823550E1,-2.465822296E0,-6.441405029E0,6.850653992E0
6.333827550E1,-2.462080078E0,-6.443800049E0,6.857389984E0
6.334831550E1,-2.465672607E0,-6.439459076E0,6.858288116E0
6.335835550E1,-2.464924164E0,-6.439758453E0,6.863976288E0
6.336839650E1,-2.460732880E0,-6.446045380E0,6.865622864E0
6.337843650E1,-2.467768250E0,-6.438560944E0,6.848558350E0
6.338850750E1,-2.472707977E0,-6.446494446E0,6.838978271E0
6.339854750E1,-2.471660156E0,-6.437962189E0,6.855144653E0
6.340858750E1,-2.466570740E0,-6.440955963E0,6.866371307E0
6.341862850E1,-2.468067627E0,-6.440656586E0,6.865772552E0
6.342866850E1,-2.477647705E0,-6.431375885E0,6.851552124E0
6.343870850E1,-2.484383698E0,-6.440506897E0,6.853647766E0
6.344877950E1,-2.481838989E0,-6.437962189E0,6.855444031E0
6.345881950E1,-2.468666382E0,-6.440955963E0,6.850055237E0
6.346886050E1,-2.461331635E0,-6.446793823E0,6.860683136E0
6.347890050E1,-2.463726654E0,-6.435267792E0,6.850803680E0
6.348894050E1,-2.468816071E0,-6.435118103E0,6.840924225E0
6.349898050E1,-2.466271362E0,-6.436016235E0,6.851103058E0
6.350905150E1,-2.469115448E0,-6.432573395E0,6.846911774E0
6.351909250E1,-2.470312958E0,-6.424939270E0,6.870861969E0
6.352913250E1,-2.489024048E0,-6.418951721E0,6.872807922E0
6.353917250E1,-2.485581207E0,-6.418802032E0,6.872209167E0
6.354921250E1,-2.481838989E0,-6.444847870E0,6.875652008E0
6.355925350E1,-2.496508484E0,-6.447841644E0,6.892716522E0
6.356929350E1,-2.495760040E0,-6.446344757E0,6.873256989E0
6.357936450E1,-2.493963776E0,-6.443650360E0,6.856042786E0
6.358940450E1,-2.496209106E0,-6.443350983E0,6.843169556E0
6.359944450E1,-2.490670624E0,-6.433172150E0,6.831643524E0
6.360948550E1,-2.483036499E0,-6.430328064E0,6.829398193E0
6.361952550E1,-2.469564514E0,-6.424041138E0,6.822213135E0
6.362956550E1,-2.453398132E0,-6.426436157E0,6.833140411E0
6.363963650E1,-2.446213074E0,-6.423891449E0,6.838978271E0
6.364967650E1,-2.442470856E0,-6.425538025E0,6.846163330E0
6.365971750E1,-2.435734863E0,-6.437962189E0,6.855593719E0
6.366975750E1,-2.447560272E0,-6.437213745E0,6.862778778E0
6.367979750E1,-2.456092529E0,-6.438560944E0,6.875502319E0
6.368983750E1,-2.464325409E0,-6.450685730E0,6.878645782E0
6.369990850E1,-2.472258911E0,-6.455625458E0,6.864575043E0
6.370994850E1,-2.470462646E0,-6.454427948E0,6.860832825E0
6.371998950E1,-2.476899261E0,-6.453230438E0,6.851701813E0
6.373002950E1,-2.478396149E0,-6.453679504E0,6.835385742E0
6.374006950E1,-2.477797394E0,-6.447093201E0,6.836882629E0
6.375011050E1,-2.472109222E0,-6.429429932E0,6.831044769E0
6.376015050E1,-2.467768250E0,-6.415508881E0,6.839726715E0
6.377022150E1,-2.476450195E0,-6.407874756E0,6.842570801E0
6.378026150E1,-2.487676849E0,-6.405030670E0,6.855743408E0
6.379030150E1,-2.473755798E0,-6.411467285E0,6.878196716E0
6.380034250E1,-2.485431519E0,-6.435567169E0,6.884333954E0
6.381038250E1,-2.489323425E0,-6.446045380E0,6.883286133E0
6.382042250E1,-2.491419067E0,-6.440057831E0,6.887327728E0
6.383049350E1,-2.497705994E0,-6.431226196E0,6.880891113E0
6.384053350E1,-2.495909729E0,-6.427783356E0,6.862479401E0
6.385057350E1,-2.495161285E0,-6.422993317E0,6.865173798E0
6.386061450E1,-2.481689301E0,-6.414461060E0,6.845863953E0
6.387065450E1,-2.476450195E0,-6.418053589E0,6.841522980E0
6.388069450E1,-2.480192413E0,-6.425388336E0,6.856641541E0
6.389076550E1,-2.487826538E0,-6.426286469E0,6.851252747E0
6.390080550E1,-2.481240234E0,-6.429579620E0,6.866670685E0
6.391084650E1,-2.480342102E0,-6.428382111E0,6.864874420E0
6.392088650E1,-2.483186188E0,-6.429579620E0,6.868466949E0
6.393092650E1,-2.474953308E0,-6.439010010E0,6.860234070E0
6.394096750E1,-2.470163269E0,-6.441105652E0,6.867568817E0
6.395103750E1,-2.474653931E0,-6.445296936E0,6.858587494E0
6.396107850E1,-2.486179962E0,-6.441405029E0,6.860084381E0
6.397111850E1,-2.482886810E0,-6.436614990E0,6.854396210E0
6.398116112E1,-2.477947083E0,-6.431226196E0,6.853498077E0
6.399120112E1,-2.477348328E0,-6.443350983E0,6.863676910E0
6.400124212E1,-2.468067627E0,-6.439309387E0,6.866221619E0
6.401128213E1,-2.463427277E0,-6.431974640E0,6.852300568E0
6.402135312E1,-2.459834747E0,-6.423292694E0,6.848857727E0
6.403139312E1,-2.457140350E0,-6.429280243E0,6.859785004E0
6.404143312E1,-2.460732880E0,-6.431226196E0,6.860832825E0
6.405147413E1,-2.457589417E0,-6.418053589E0,6.867419128E0
6.406151412E1,-2.461181946E0,-6.417754211E0,6.868916016E0
6.407155412E1,-2.463277588E0,-6.421646118E0,6.864724731E0
6.408162512E1,-2.462828522E0,-6.419999542E0,6.881040802E0
6.409166513E1,-2.465223541E0,-6.421646118E0,6.875502319E0
6.410170612E1,-2.470612335E0,-6.410868530E0,6.871909790E0
6.411174612E1,-2.475252686E0,-6.419550476E0,6.862928467E0
6.412178612E1,-2.472558289E0,-6.416856079E0,6.855893097E0
6.413182612E1,-2.482587433E0,-6.421795807E0,6.860683136E0
6.414189712E1,-2.481539612E0,-6.419999542E0,6.864575043E0
6.415193812E1,-2.479144592E0,-6.425687714E0,6.863826599E0
6.416197812E1,-2.476450195E0,-6.422095184E0,6.866221619E0
6.417201812E1,-2.487826538E0,-6.408473511E0,6.874304810E0
6.418205812E1,-2.489173737E0,-6.424490204E0,6.857389984E0
6.419209913E1,-2.498005371E0,-6.427184601E0,6.858288116E0
6.420213912E1,-2.487826538E0,-6.421945496E0,6.870113525E0
6.421221012E1,-2.487527161E0,-6.430028687E0,6.861581268E0
6.422225012E1,-2.486928406E0,-6.424639893E0,6.856791229E0
6.423229013E1,-2.484832764E0,-6.422244873E0,6.851252747E0
6.424233112E1,-2.472109222E0,-6.431675262E0,6.872658234E0
6.425237112E1,-2.475402374E0,-6.431824951E0,6.869814148E0
6.426241112E1,-2.477498016E0,-6.411467285E0,6.868616638E0
6.427248213E1,-2.478545837E0,-6.407276001E0,6.882837067E0
6.428252212E1,-2.479443970E0,-6.414311371E0,6.892417145E0
6.429256312E1,-2.485581207E0,-6.434519348E0,6.879693604E0
6.430260312E1,-2.480940857E0,-6.437962189E0,6.876250763E0
6.431264312E1,-2.479443970E0,-6.434818726E0,6.864125977E0
6.432268312E1,-2.489173737E0,-6.422693939E0,6.859485626E0
6.433275412E1,-2.484234009E0,-6.416257324E0,6.844965820E0
6.434279412E1,-2.473755798E0,-6.415508881E0,6.830446014E0
6.435283512E1,-2.477048950E0,-6.409521332E0,6.834786987E0
6.436287512E1,-2.472857666E0,-6.425388336E0,6.844217377E0
6.437291513E1,-2.464774475E0,-6.421795807E0,6.848558350E0
6.438295612E1,-2.470911713E0,-6.422544250E0,6.861281891E0
6.439299612E1,-2.466720428E0,-6.422544250E0,6.870861969E0
6.440306713E1,-2.467319183E0,-6.417604523E0,6.875652008E0
6.441310713E1,-2.466870117E0,-6.421346741E0,6.887028351E0
6.442314712E1,-2.464175720E0,-6.429280243E0,6.886728973E0
6.443318812E1,-2.465522919E0,-6.431076508E0,6.881789246E0
6.444322812E1,-2.469714203E0,-6.432723083E0,6.874604187E0
6.445326812E1,-2.479743347E0,-6.428831177E0,6.872807922E0
6.446333912E1,-2.473456421E0,-6.425088959E0,6.853049011E0
6.447337912E1,-2.482138367E0,-6.430028687E0,6.849905548E0
6.448341912E1,-2.489922180E0,-6.426286469E0,6.842121735E0
6.449346012E1,-2.480491791E0,-6.409970398E0,6.863826599E0
6.450350012E1,-2.477198639E0,-6.397695923E0,6.872658234E0
6.451354013E1,-2.491269379E0,-6.396797791E0,6.867718506E0
6.452361112E1,-2.498903503E0,-6.396049347E0,6.874753876E0
6.453365112E1,-2.492317200E0,-6.412066040E0,6.878945160E0
6.454369213E1,-2.499053192E0,-6.423891449E0,6.878047028E0
6.455373213E1,-2.495760040E0,-6.433022461E0,6.885232086E0
6.456377212E1,-2.499951324E0,-6.425088959E0,6.879543915E0
6.457381312E1,-2.496508484E0,-6.423891449E0,6.881190491E0
6.458388313E1,-2.485281830E0,-6.414161682E0,6.876550140E0
6.459392413E1,-2.484982452E0,-6.418053589E0,6.858587494E0
6.460396412E1,-2.491568756E0,-6.415508881E0,6.869365082E0
6.461400412E1,-2.489173737E0,-6.410269775E0,6.866071930E0
6.462404412E1,-2.483036499E0,-6.406228180E0,6.856042786E0
6.463408512E1,-2.491419067E0,-6.409671021E0,6.867568817E0
6.464412512E1,-2.484084320E0,-6.409371643E0,6.865024109E0
6.465419612E1,-2.485431519E0,-6.420149231E0,6.865922241E0
6.466423612E1,-2.474055176E0,-6.419700165E0,6.858886871E0
6.467427612E1,-2.478096771E0,-6.420298920E0,6.878645782E0
6.468431713E1,-2.489922180E0,-6.428980865E0,6.865772552E0
6.469435713E1,-2.486629028E0,-6.422394562E0,6.881340179E0
6.470439712E1,-2.486778717E0,-6.423143005E0,6.881938934E0
6.471446812E1,-2.490970001E0,-6.425837402E0,6.861581268E0
6.472450813E1,-2.492766266E0,-6.419700165E0,6.860234070E0
6.473454913E1,-2.480791168E0,-6.419999542E0,6.869514771E0
6.474458912E1,-2.476749573E0,-6.423292694E0,6.855593719E0
6.475462912E1,-2.476300507E0,-6.418502655E0,6.855144653E0
6.476466912E1,-2.476599884E0,-6.417305145E0,6.863227844E0
6.477474013E1,-2.475851440E0,-6.417005768E0,6.853647766E0
6.478478112E1,-2.475252686E0,-6.410419464E0,6.863377533E0
6.479482112E1,-2.478845215E0,-6.407276001E0,6.874454498E0
6.480486112E1,-2.462978210E0,-6.407425690E0,6.878496094E0
6.481490112E1,-2.476150818E0,-6.404731293E0,6.882238312E0
6.482494213E1,-2.485431519E0,-6.409221954E0,6.887028351E0
6.483498213E1,-2.483934631E0,-6.411317596E0,6.882837067E0
6.484505312E1,-2.482138367E0,-6.407425690E0,6.874753876E0
6.485509312E1,-2.484982452E0,-6.411167908E0,6.875352631E0
6.486513313E1,-2.492466888E0,-6.417604523E0,6.875502319E0
6.487517413E1,-2.491419067E0,-6.409970398E0,6.887776794E0
6.488521412E1,-2.489024048E0,-6.411018219E0,6.871161346E0
6.489525412E1,-2.484533386E0,-6.416257324E0,6.869514771E0
6.490532513E1,-2.490071869E0,-6.418802032E0,6.862629089E0
6.491536513E1,-2.513572998E0,-6.416257324E0,6.868616638E0
6.492540612E1,-2.506537628E0,-6.412964172E0,6.862479401E0
6.493544612E1,-2.501148834E0,-6.423292694E0,6.863676910E0
6.494548612E1,-2.495610352E0,-6.417454834E0,6.859934692E0
6.495552612E1,-2.494113464E0,-6.412066040E0,6.848258972E0
6.496559712E1,-2.503394165E0,-6.419849854E0,6.854246521E0
6.497561587E1,-2.509082336E0,-6.426585846E0,6.855743408E0
6.498565687E1,-2.501298523E0,-6.422693939E0,6.859785004E0
6.499569687E1,-2.492317200E0,-6.418352966E0,6.864275665E0
6.500573687E1,-2.494562531E0,-6.412515106E0,6.876699829E0
6.501577787E1,-2.489922180E0,-6.416407013E0,6.874903564E0
6.502584787E1,-2.497705994E0,-6.426436157E0,6.875202942E0
6.503588887E1,-2.491119690E0,-6.428382111E0,6.885381775E0
6.504592887E1,-2.491718445E0,-6.434369659E0,6.890770569E0
6.505596887E1,-2.491568756E0,-6.425837402E0,6.872059479E0
6.506600988E1,-2.492317200E0,-6.413562927E0,6.864575043E0
6.507604987E1,-2.481838989E0,-6.407425690E0,6.847660217E0
6.508608987E1,-2.485281830E0,-6.399192810E0,6.840475159E0
6.509616088E1,-2.484234009E0,-6.399043121E0,6.842720490E0
6.510620088E1,-2.488125916E0,-6.392157440E0,6.839427338E0
6.511624087E1,-2.481539612E0,-6.408174133E0,6.844965820E0
6.512628187E1,-2.491419067E0,-6.421646118E0,6.851552124E0
6.513632187E1,-2.489173737E0,-6.409221954E0,6.866371307E0
6.514636187E1,-2.484683075E0,-6.418053589E0,6.874005432E0
6.515643287E1,-2.481090546E0,-6.422843628E0,6.876849518E0
6.516647287E1,-2.475701752E0,-6.422244873E0,6.883585510E0
6.517651387E1,-2.481389923E0,-6.427334290E0,6.889722748E0
6.518655387E1,-2.481240234E0,-6.427783356E0,6.872358856E0
6.519659387E1,-2.481988678E0,-6.425687714E0,6.860084381E0
6.520663488E1,-2.485132141E0,-6.425987091E0,6.849157104E0
6.521670487E1,-2.486479340E0,-6.423143005E0,6.851701813E0
6.522674587E1,-2.493365021E0,-6.414311371E0,6.837481384E0
6.523678588E1,-2.491269379E0,-6.417754211E0,6.847959595E0
6.524682588E1,-2.497256927E0,-6.413113861E0,6.864724731E0
6.525686587E1,-2.508932648E0,-6.409072266E0,6.861431580E0
6.526690687E1,-2.501448212E0,-6.408024445E0,6.876250763E0
6.527694687E1,-2.508034515E0,-6.409371643E0,6.875951385E0
6.528701788E1,-2.511177979E0,-6.411167908E0,6.883435822E0
6.529705787E1,-2.510429535E0,-6.413862305E0,6.879394226E0
6.530709787E1,-2.522404633E0,-6.416856079E0,6.861581268E0
6.531713887E1,-2.522254944E0,-6.416556702E0,6.864125977E0
6.532717887E1,-2.508633270E0,-6.414461060E0,6.870412903E0
6.533721887E1,-2.515518951E0,-6.411467285E0,6.863078156E0
6.534728987E1,-2.509381714E0,-6.406228180E0,6.858587494E0
6.535732987E1,-2.512076111E0,-6.412515106E0,6.859335938E0
6.536737087E1,-2.518063660E0,-6.406976624E0,6.847959595E0
6.537741088E1,-2.513273621E0,-6.409671021E0,6.852899323E0
6.538745088E1,-2.513123932E0,-6.412814484E0,6.845863953E0
6.539749087E1,-2.514770508E0,-6.421346741E0,6.833439789E0
6.540756187E1,-2.508034515E0,-6.423592072E0,6.851103058E0
6.541760288E1,-2.500250702E0,-6.421496429E0,6.846163330E0
6.542764288E1,-2.501298523E0,-6.425088959E0,6.852150879E0
6.543768287E1,-2.510279846E0,-6.418802032E0,6.872807922E0
6.544772287E1,-2.509082336E0,-6.417305145E0,6.867568817E0
6.545776387E1,-2.498604126E0,-6.417454834E0,6.868466949E0
6.546780387E1,-2.504142609E0,-6.424340515E0,6.868916016E0
6.547787487E1,-2.495161285E0,-6.421346741E0,6.853348389E0
6.548791487E1,-2.499502258E0,-6.415957947E0,6.860234070E0
6.549795487E1,-2.500400391E0,-6.408024445E0,6.861581268E0
6.550799587E1,-2.495909729E0,-6.413562927E0,6.851701813E0
6.551803588E1,-2.492017822E0,-6.411317596E0,6.853947144E0
6.552807588E1,-2.495909729E0,-6.415359192E0,6.855743408E0
6.553814687E1,-2.511477356E0,-6.413113861E0,6.871460724E0
6.554818687E1,-2.509082336E0,-6.410868530E0,6.870412903E0
6.555822788E1,-2.506088562E0,-6.409221954E0,6.877148895E0
6.556826788E1,-2.504591675E0,-6.403982849E0,6.869365082E0
6.557830787E1,-2.494861908E0,-6.400689697E0,6.863826599E0
6.558834787E1,-2.500849457E0,-6.404431915E0,6.874753876E0
6.559841888E1,-2.502496033E0,-6.402635651E0,6.870113525E0
6.560845987E1,-2.499053192E0,-6.409221954E0,6.858587494E0
6.561849987E1,-2.502046967E0,-6.415359192E0,6.877298584E0
6.562853987E1,-2.503543854E0,-6.414610748E0,6.867269440E0
6.563857987E1,-2.503543854E0,-6.418951721E0,6.866221619E0
6.564862087E1,-2.498903503E0,-6.421496429E0,6.866221619E0
6.565869087E1,-2.499352570E0,-6.417903900E0,6.865473175E0
6.566873187E1,-2.502046967E0,-6.415957947E0,6.862928467E0
6.567877187E1,-2.506537628E0,-6.417604523E0,6.861431580E0
6.568881187E1,-2.510579224E0,-6.417604523E0,6.868167572E0
6.569885288E1,-2.502046967E0,-6.423143005E0,6.865173798E0
6.570889288E1,-2.503843231E0,-6.413413239E0,6.865622864E0
6.571893287E1,-2.500550079E0,-6.419700165E0,6.864874420E0
6.572900387E1,-2.498753815E0,-6.411766663E0,6.855444031E0
6.573904388E1,-2.499502258E0,-6.418352966E0,6.865024109E0
6.574908487E1,-2.505489807E0,-6.404731293E0,6.875202942E0
6.575912487E1,-2.505938873E0,-6.389612732E0,6.870113525E0
6.576916487E1,-2.505340118E0,-6.397097168E0,6.883435822E0
6.577920487E1,-2.501597900E0,-6.403982849E0,6.887028351E0
6.578927587E1,-2.502496033E0,-6.415957947E0,6.889573059E0
6.579931587E1,-2.500550079E0,-6.420298920E0,6.887926483E0
6.580935687E1,-2.505938873E0,-6.419251099E0,6.881938934E0
6.581939687E1,-2.516117706E0,-6.417454834E0,6.872059479E0
6.582943687E1,-2.509381714E0,-6.403833160E0,6.853198700E0
6.583947788E1,-2.509531403E0,-6.404282227E0,6.848558350E0
6.584954787E1,-2.510728912E0,-6.392007751E0,6.842720490E0
6.585958887E1,-2.498005371E0,-6.393055573E0,6.845714264E0
6.586962887E1,-2.499502258E0,-6.408473511E0,6.849007416E0
6.587966888E1,-2.494113464E0,-6.411167908E0,6.856641541E0
6.588970987E1,-2.488574982E0,-6.421346741E0,6.858138428E0
6.589974987E1,-2.487078094E0,-6.419251099E0,6.875801697E0
6.590982088E1,-2.479294281E0,-6.419101410E0,6.876699829E0
6.591986088E1,-2.474803619E0,-6.417005768E0,6.875053253E0
6.592990087E1,-2.478096771E0,-6.422544250E0,6.878196716E0
6.593994087E1,-2.482886810E0,-6.429130554E0,6.874604187E0
6.594998187E1,-2.487676849E0,-6.425088959E0,6.862778778E0
6.596002187E1,-2.489622803E0,-6.426136780E0,6.863227844E0
6.597006187E1,-2.501298523E0,-6.416706390E0,6.845863953E0
6.598013338E1,-2.508483582E0,-6.408323822E0,6.837331696E0
6.599017338E1,-2.504292297E0,-6.410419464E0,6.839577026E0
6.600021437E1,-2.506238251E0,-6.401587830E0,6.857839050E0
6.601025437E1,-2.495760040E0,-6.386618958E0,6.850953369E0
6.602029437E1,-2.501747589E0,-6.394253082E0,6.871161346E0
6.603033537E1,-2.502795410E0,-6.407874756E0,6.883136444E0
6.604040537E1,-2.503244476E0,-6.411616974E0,6.875352631E0
6.605044637E1,-2.505489807E0,-6.408323822E0,6.896758118E0
6.606048637E1,-2.514171753E0,-6.412215729E0,6.886279907E0
6.607052637E1,-2.502795410E0,-6.415808258E0,6.878795471E0
6.608056637E1,-2.511327667E0,-6.424639893E0,6.871311035E0
6.609060738E1,-2.515369263E0,-6.420149231E0,6.868167572E0
6.610067837E1,-2.517315216E0,-6.424041138E0,6.864724731E0
6.611071837E1,-2.515069885E0,-6.415209503E0,6.857090607E0
6.612075838E1,-2.505040741E0,-6.420298920E0,6.855593719E0
6.613079838E1,-2.499352570E0,-6.419400787E0,6.840026093E0
6.614083937E1,-2.500699768E0,-6.421197052E0,6.862928467E0
6.615087937E1,-2.499053192E0,-6.428382111E0,6.864575043E0
6.616091937E1,-2.497406616E0,-6.432274017E0,6.857389984E0
6.617099038E1,-2.491718445E0,-6.429429932E0,6.848109283E0
6.618103037E1,-2.495161285E0,-6.423891449E0,6.845564575E0
6.619107137E1,-2.493664398E0,-6.435716858E0,6.860982513E0
6.620111137E1,-2.494562531E0,-6.432872772E0,6.862329712E0
6.621115137E1,-2.497406616E0,-6.431974640E0,6.864575043E0
6.622119137E1,-2.491718445E0,-6.430028687E0,6.863826599E0
6.623126237E1,-2.496957550E0,-6.430627441E0,6.857988739E0
6.624130337E1,-2.491568756E0,-6.426436157E0,6.863078156E0
6.625134337E1,-2.479443970E0,-6.419251099E0,6.859785004E0
6.626138338E1,-2.475402374E0,-6.419849854E0,6.853797455E0
6.627142338E1,-2.483036499E0,-6.412215729E0,6.856641541E0
6.628146437E1,-2.481389923E0,-6.419849854E0,6.855893097E0
6.629153437E1,-2.479294281E0,-6.426436157E0,6.853348389E0
6.630157538E1,-2.471211090E0,-6.425388336E0,6.857689362E0
6.631161538E1,-2.473007355E0,-6.432124329E0,6.861281891E0
6.632165537E1,-2.472109222E0,-6.419251099E0,6.866221619E0
6.633169637E1,-2.478246460E0,-6.423143005E0,6.861730957E0
6.634173637E1,-2.483036499E0,-6.429729309E0,6.853348389E0
6.635180737E1,-2.479294281E0,-6.432124329E0,6.855144653E0
6.636184737E1,-2.478096771E0,-6.423891449E0,6.860683136E0
6.637188737E1,-2.483335876E0,-6.428382111E0,6.874155121E0
6.638192837E1,-2.477647705E0,-6.422095184E0,6.852899323E0
6.639196837E1,-2.482587433E0,-6.428681488E0,6.860832825E0
6.640200838E1,-2.485281830E0,-6.435716858E0,6.849157104E0
6.641204838E1,-2.484982452E0,-6.434968414E0,6.851252747E0
6.642211937E1,-2.481389923E0,-6.432872772E0,6.851103058E0
6.643215937E1,-2.499053192E0,-6.441554718E0,6.855893097E0
6.644220038E1,-2.506387939E0,-6.434070282E0,6.843917999E0
6.645224038E1,-2.492616577E0,-6.453978882E0,6.849755859E0
6.646228037E1,-2.487676849E0,-6.441554718E0,6.856641541E0
6.647232137E1,-2.492466888E0,-6.435118103E0,6.844217377E0
6.648239138E1,-2.478246460E0,-6.432124329E0,6.847660217E0
6.649243237E1,-2.474504242E0,-6.445596313E0,6.841972046E0
6.650247237E1,-2.479443970E0,-6.443051605E0,6.843468933E0
6.651251237E1,-2.483485565E0,-6.437213745E0,6.852450256E0
6.652255337E1,-2.495460663E0,-6.427933044E0,6.855593719E0
6.653259337E1,-2.494412842E0,-6.434968414E0,6.863227844E0
6.654266437E1,-2.495460663E0,-6.437064056E0,6.861132202E0
6.655270437E1,-2.504441986E0,-6.446644135E0,6.872658234E0
6.656274437E1,-2.499651947E0,-6.452781372E0,6.853947144E0
6.657278437E1,-2.485132141E0,-6.450086975E0,6.844816132E0
6.658282538E1,-2.485581207E0,-6.445746002E0,6.849456482E0
6.659286538E1,-2.483036499E0,-6.441704407E0,6.837182007E0
6.660290537E1,-2.479893036E0,-6.435118103E0,6.825356598E0
6.661297637E1,-2.468965759E0,-6.433920593E0,6.839427338E0
6.662301638E1,-2.466421051E0,-6.430328064E0,6.825655975E0
6.663305737E1,-2.465971985E0,-6.433621216E0,6.830446014E0
6.664309737E1,-2.467618561E0,-6.441854095E0,6.849456482E0
6.665313737E1,-2.457140350E0,-6.441554718E0,6.852599945E0
6.666317837E1,-2.459685059E0,-6.452032928E0,6.851252747E0
6.667324837E1,-2.455344086E0,-6.457272034E0,6.843618622E0
6.668328937E1,-2.458188171E0,-6.457272034E0,6.856791229E0
6.669332937E1,-2.466720428E0,-6.460864563E0,6.856940918E0
6.670336937E1,-2.467768250E0,-6.462960205E0,6.857539673E0
6.671340937E1,-2.481689301E0,-6.458469543E0,6.845863953E0
6.672345038E1,-2.491718445E0,-6.456224213E0,6.850953369E0
6.673352137E1,-2.479144592E0,-6.444099426E0,6.830296326E0
6.674356137E1,-2.483635254E0,-6.434070282E0,6.836882629E0
6.675360137E1,-2.482288055E0,-6.422095184E0,6.836882629E0
6.676364138E1,-2.483186188E0,-6.416257324E0,6.838379517E0
6.677368237E1,-2.485581207E0,-6.407575378E0,6.850504303E0
6.678372237E1,-2.480042725E0,-6.417604523E0,6.870562592E0
6.679379337E1,-2.485281830E0,-6.437213745E0,6.870712280E0
6.680383338E1,-2.489622803E0,-6.444548492E0,6.874753876E0
6.681387337E1,-2.496508484E0,-6.438411255E0,6.868766327E0
6.682391437E1,-2.494562531E0,-6.439758453E0,6.868616638E0
6.683395437E1,-2.491568756E0,-6.435417480E0,6.860383759E0
6.684399437E1,-2.496209106E0,-6.424041138E0,6.853198700E0
6.685403437E1,-2.496807861E0,-6.420897675E0,6.861132202E0
6.686410537E1,-2.500101013E0,-6.415209503E0,6.840624847E0
6.687414637E1,-2.483485565E0,-6.428980865E0,6.841672668E0
6.688418637E1,-2.488425293E0,-6.429429932E0,6.853198700E0
6.689422637E1,-2.491568756E0,-6.427783356E0,6.844666443E0
6.690426638E1,-2.487676849E0,-6.436614990E0,6.857090607E0
6.691430737E1,-2.485132141E0,-6.437513123E0,6.848258972E0
6.692437737E1,-2.488425293E0,-6.438860321E0,6.849456482E0
6.693441837E1,-2.490970001E0,-6.442303162E0,6.856791229E0
6.694445838E1,-2.489922180E0,-6.445446625E0,6.843019867E0
6.695449837E1,-2.480491791E0,-6.438710632E0,6.839277649E0
6.696453937E1,-2.487976227E0,-6.437363434E0,6.834487610E0
6.697457162E1,-2.484533386E0,-6.442153473E0,6.851252747E0
6.698464263E1,-2.476001129E0,-6.438261566E0,6.855743408E0
6.699468263E1,-2.477947083E0,-6.428082733E0,6.861581268E0
6.700472262E1,-2.473306732E0,-6.436165924E0,6.853947144E0
6.701476362E1,-2.466121674E0,-6.433920593E0,6.843917999E0
6.702480362E1,-2.464475098E0,-6.431375885E0,6.839427338E0
6.703484362E1,-2.470013580E0,-6.427783356E0,6.853198700E0
6.704491462E1,-2.465672607E0,-6.430627441E0,6.857240295E0
6.705495462E1,-2.473606110E0,-6.433321838E0,6.866071930E0
6.706499462E1,-2.464175720E0,-6.421047363E0,6.867568817E0
6.707503562E1,-2.472558289E0,-6.418802032E0,6.865772552E0
6.708507563E1,-2.476899261E0,-6.422394562E0,6.874304810E0
6.709511563E1,-2.477498016E0,-6.425388336E0,6.862030334E0
6.710515662E1,-2.480641479E0,-6.426585846E0,6.860383759E0
6.711522662E1,-2.477797394E0,-6.424789581E0,6.859934692E0
6.712526763E1,-2.481090546E0,-6.431076508E0,6.857539673E0
6.713530763E1,-2.481389923E0,-6.424041138E0,6.853797455E0
6.714534762E1,-2.492017822E0,-6.424490204E0,6.850204926E0
6.715538862E1,-2.500101013E0,-6.421945496E0,6.848708038E0
6.716542862E1,-2.494562531E0,-6.435567169E0,6.850803680E0
6.717549962E1,-2.486778717E0,-6.440057831E0,6.860383759E0
6.718553962E1,-2.479144592E0,-6.435716858E0,6.851851501E0
6.719557962E1,-2.479743347E0,-6.425238647E0,6.855144653E0
6.720561962E1,-2.475402374E0,-6.427783356E0,6.845863953E0
6.721566062E1,-2.480342102E0,-6.431675262E0,6.841522980E0
6.722570063E1,-2.479443970E0,-6.428232422E0,6.841522980E0
6.723577162E1,-2.481090546E0,-6.422544250E0,6.858737183E0
6.724581162E1,-2.485730896E0,-6.423442383E0,6.860383759E0
6.725585162E1,-2.485880585E0,-6.420747986E0,6.881639557E0
6.726589263E1,-2.487676849E0,-6.431525574E0,6.873706055E0
6.727593263E1,-2.492017822E0,-6.451883240E0,6.874005432E0
6.728597262E1,-2.481689301E0,-6.451733551E0,6.878795471E0
6.729601362E1,-2.487676849E0,-6.441554718E0,6.869814148E0
6.730608363E1,-2.479743347E0,-6.426286469E0,6.854096832E0
6.731612462E1,-2.480342102E0,-6.424490204E0,6.840325470E0
6.732616462E1,-2.469414825E0,-6.428980865E0,6.823560333E0
6.733620462E1,-2.469564514E0,-6.422993317E0,6.832541656E0
6.734624462E1,-2.465522919E0,-6.421346741E0,6.837032318E0
6.735628562E1,-2.457888794E0,-6.427783356E0,6.835535431E0
6.736635662E1,-2.472707977E0,-6.426585846E0,6.856491852E0
6.737639662E1,-2.466421051E0,-6.426735535E0,6.859485626E0
6.738643662E1,-2.469863892E0,-6.425837402E0,6.879394226E0
6.739647662E1,-2.468217316E0,-6.431675262E0,6.872807922E0
6.740651763E1,-2.469714203E0,-6.440057831E0,6.878346405E0
6.741655763E1,-2.477797394E0,-6.439608765E0,6.873855743E0
6.742662862E1,-2.487826538E0,-6.440357208E0,6.869365082E0
6.743666862E1,-2.490970001E0,-6.440357208E0,6.861132202E0
6.744670863E1,-2.493365021E0,-6.434070282E0,6.846462708E0
6.745674962E1,-2.497855682E0,-6.423143005E0,6.842121735E0
6.746678962E1,-2.491419067E0,-6.419400787E0,6.842421112E0
6.747682962E1,-2.482138367E0,-6.406677246E0,6.842121735E0
6.748690063E1,-2.493065643E0,-6.393205261E0,6.858138428E0
6.749694062E1,-2.491868134E0,-6.401438141E0,6.853947144E0
6.750698162E1,-2.492766266E0,-6.402336273E0,6.873556366E0
6.751702162E1,-2.489173737E0,-6.413712616E0,6.875951385E0
6.752706162E1,-2.487227783E0,-6.425987091E0,6.891219635E0
6.753710162E1,-2.503394165E0,-6.417454834E0,6.888525238E0
6.754714263E1,-2.503843231E0,-6.416706390E0,6.869215393E0
6.755721362E1,-2.500250702E0,-6.425687714E0,6.861431580E0
6.756725362E1,-2.498005371E0,-6.412814484E0,6.855593719E0
6.757729362E1,-2.493664398E0,-6.417604523E0,6.853498077E0
6.758733363E1,-2.494412842E0,-6.410269775E0,6.854545898E0
6.759737462E1,-2.488425293E0,-6.413263550E0,6.854545898E0
6.760741462E1,-2.493365021E0,-6.415059814E0,6.854246521E0
6.761748562E1,-2.496358795E0,-6.420448608E0,6.859635315E0
6.762752563E1,-2.489473114E0,-6.427783356E0,6.856940918E0
6.763756562E1,-2.473755798E0,-6.430178375E0,6.868017883E0
6.764760662E1,-2.487527161E0,-6.430178375E0,6.851552124E0
6.765764662E1,-2.481838989E0,-6.427184601E0,6.852300568E0
6.766768662E1,-2.502196655E0,-6.429878998E0,6.858437805E0
6.767775762E1,-2.489173737E0,-6.437513123E0,6.862329712E0
6.768779762E1,-2.477048950E0,-6.427334290E0,6.856342163E0
6.769783862E1,-2.485431519E0,-6.425088959E0,6.862329712E0
6.770787862E1,-2.476599884E0,-6.426136780E0,6.865473175E0
6.771791862E1,-2.474055176E0,-6.418053589E0,6.854246521E0
6.772795863E1,-2.476001129E0,-6.414760437E0,6.861730957E0
6.773802962E1,-2.475851440E0,-6.421795807E0,6.871311035E0
6.774806962E1,-2.472408600E0,-6.419251099E0,6.862030334E0
6.775811062E1,-2.480342102E0,-6.421795807E0,6.871610413E0
6.776815063E1,-2.480342102E0,-6.422394562E0,6.861730957E0
6.777819062E1,-2.474055176E0,-6.416107635E0,6.857689362E0
6.778823162E1,-2.472109222E0,-6.416856079E0,6.868616638E0
6.779827162E1,-2.477947083E0,-6.415508881E0,6.862030334E0
6.780834263E1,-2.483186188E0,-6.408772888E0,6.867419128E0
6.781838262E1,-2.489173737E0,-6.417155457E0,6.875202942E0
6.782842262E1,-2.483335876E0,-6.422394562E0,6.882687378E0
6.783846362E1,-2.490520935E0,-6.417903900E0,6.866970062E0
6.784850362E1,-2.495460663E0,-6.415957947E0,6.867568817E0
6.785854362E1,-2.493664398E0,-6.424190826E0,6.874903564E0
6.786861462E1,-2.489473114E0,-6.427483978E0,6.856641541E0
6.787865462E1,-2.492317200E0,-6.434369659E0,6.863078156E0
6.788869462E1,-2.491568756E0,-6.425088959E0,6.856042786E0
6.789873562E1,-2.488874359E0,-6.418053589E0,6.856641541E0
6.790877563E1,-2.487527161E0,-6.418951721E0,6.862629089E0
6.791881562E1,-2.488425293E0,-6.423442383E0,6.862030334E0
6.792888662E1,-2.498005371E0,-6.423143005E0,6.852001190E0
6.793892663E1,-2.490520935E0,-6.427034912E0,6.855144653E0
6.794896763E1,-2.478396149E0,-6.420897675E0,6.860383759E0
6.795900762E1,-2.479593658E0,-6.421795807E0,6.853198700E0
6.796904762E1,-2.480940857E0,-6.421646118E0,6.863377533E0
6.797910962E1,-2.485281830E0,-6.425388336E0,6.862629089E0
6.798917963E1,-2.482737122E0,-6.427933044E0,6.874604187E0
6.799922062E1,-2.488125916E0,-6.413712616E0,6.884932709E0
6.800926062E1,-2.490970001E0,-6.407126312E0,6.884932709E0
6.801930062E1,-2.489622803E0,-6.413862305E0,6.899003448E0
6.802934062E1,-2.480641479E0,-6.422993317E0,6.891968079E0
6.803938162E1,-2.486629028E0,-6.424789581E0,6.887627106E0
6.804942163E1,-2.488125916E0,-6.427034912E0,6.874753876E0
6.805949262E1,-2.487676849E0,-6.419849854E0,6.854845276E0
6.806953262E1,-2.488425293E0,-6.414311371E0,6.849755859E0
6.807957262E1,-2.485880585E0,-6.407425690E0,6.849606171E0
6.808961363E1,-2.487826538E0,-6.407276001E0,6.846612396E0
6.809965362E1,-2.486329651E0,-6.413862305E0,6.839726715E0
6.810969362E1,-2.490071869E0,-6.396498413E0,6.844965820E0
6.811976463E1,-2.491119690E0,-6.412066040E0,6.852749634E0
6.812980463E1,-2.473755798E0,-6.422993317E0,6.864425354E0
6.813984562E1,-2.469863892E0,-6.417155457E0,6.878645782E0
6.814988562E1,-2.468965759E0,-6.415508881E0,6.883286133E0
6.815992562E1,-2.471660156E0,-6.416407013E0,6.879843292E0
6.816996562E1,-2.480791168E0,-6.415808258E0,6.879543915E0
6.818003662E1,-2.471959534E0,-6.421047363E0,6.881340179E0
6.819007762E1,-2.491718445E0,-6.424490204E0,6.881938934E0
6.820011762E1,-2.493365021E0,-6.422993317E0,6.871311035E0
6.821015762E1,-2.498454437E0,-6.421197052E0,6.861581268E0
6.822019762E1,-2.497705994E0,-6.417155457E0,6.849007416E0
6.823023863E1,-2.491718445E0,-6.414461060E0,6.843319244E0
6.824030862E1,-2.486629028E0,-6.405779114E0,6.853797455E0
6.825034962E1,-2.484982452E0,-6.401887207E0,6.848258972E0
6.826038963E1,-2.494412842E0,-6.398893433E0,6.868466949E0
6.827042963E1,-2.501448212E0,-6.399192810E0,6.868466949E0
6.828047062E1,-2.511177979E0,-6.414910126E0,6.875053253E0
6.829051062E1,-2.505190430E0,-6.415957947E0,6.884932709E0
6.830055062E1,-2.503394165E0,-6.416856079E0,6.882537689E0
6.831062163E1,-2.512525177E0,-6.419400787E0,6.878795471E0
6.832066162E1,-2.505340118E0,-6.409371643E0,6.873556366E0
6.833070262E1,-2.495760040E0,-6.408772888E0,6.875502319E0
6.834074262E1,-2.496209106E0,-6.403084717E0,6.870263214E0
6.835078262E1,-2.501747589E0,-6.403982849E0,6.871311035E0
6.836082262E1,-2.498304749E0,-6.408323822E0,6.856940918E0
6.837089362E1,-2.500250702E0,-6.412814484E0,6.856491852E0
6.838093362E1,-2.499651947E0,-6.406377869E0,6.849157104E0
6.839097462E1,-2.490820312E0,-6.411317596E0,6.854096832E0
6.840101463E1,-2.494412842E0,-6.410419464E0,6.852599945E0
6.841105463E1,-2.494861908E0,-6.407126312E0,6.862928467E0
6.842109562E1,-2.500101013E0,-6.412365417E0,6.865772552E0
6.843116562E1,-2.503693542E0,-6.411616974E0,6.875352631E0
6.844120663E1,-2.501448212E0,-6.407126312E0,6.881639557E0
6.845124663E1,-2.492017822E0,-6.407874756E0,6.888076172E0
6.846128662E1,-2.486179962E0,-6.407575378E0,6.888674927E0
6.847132762E1,-2.491718445E0,-6.401737518E0,6.878945160E0
6.848136762E1,-2.486329651E0,-6.405030670E0,6.882388000E0
6.849140762E1,-2.481838989E0,-6.422095184E0,6.870712280E0
6.850147862E1,-2.470013580E0,-6.435866547E0,6.870412903E0
6.851151862E1,-2.452949066E0,-6.443201294E0,6.865173798E0
6.852155862E1,-2.452050934E0,-6.458918610E0,6.842870178E0
6.853159962E1,-2.456691284E0,-6.454727325E0,6.820716248E0
6.854163963E1,-2.451601868E0,-6.445446625E0,6.829847260E0
6.855167963E1,-2.467917938E0,-6.429280243E0,6.839726715E0
6.856175062E1,-2.490371246E0,-6.411467285E0,6.843768311E0
6.857179062E1,-2.511627045E0,-6.396947479E0,6.846762085E0
6.858183163E1,-2.507735138E0,-6.395450592E0,6.856342163E0
6.859187163E1,-2.499053192E0,-6.395151215E0,6.870263214E0
6.860191162E1,-2.495011597E0,-6.397845612E0,6.893614655E0
6.861195262E1,-2.472408600E0,-6.402635651E0,6.897656250E0
6.862202263E1,-2.458337860E0,-6.403084717E0,6.904841309E0
6.863206362E1,-2.443368988E0,-6.408024445E0,6.903494110E0
6.864210362E1,-2.440075836E0,-6.399641876E0,6.909930725E0
6.865214362E1,-2.436333618E0,-6.393654327E0,6.916666718E0
6.866218362E1,-2.440824280E0,-6.380631409E0,6.901248779E0
6.867222462E1,-2.446512451E0,-6.378086700E0,6.899452515E0
6.868229562E1,-2.474504242E0,-6.377338257E0,6.879543915E0
6.869233562E1,-2.510429535E0,-6.386918335E0,6.872658234E0
6.870237562E1,-2.527494049E0,-6.410269775E0,6.858437805E0
6.871241562E1,-2.540966034E0,-6.427334290E0,6.858737183E0
6.872245663E1,-2.552941132E0,-6.438111877E0,6.854695587E0
6.873249663E1,-2.543211365E0,-6.439908142E0,6.856940918E0
6.874253662E1,-2.542313232E0,-6.432573395E0,6.837182007E0
6.875260762E1,-2.540666656E0,-6.437064056E0,6.838678894E0
6.876264763E1,-2.540666656E0,-6.438710632E0,6.840774536E0
6.877268862E1,-2.538720703E0,-6.433321838E0,6.845714264E0
6.878272862E1,-2.531385956E0,-6.411467285E0,6.857090607E0
6.879276862E1,-2.537523193E0,-6.411467285E0,6.871760101E0
6.880280862E1,-2.528990936E0,-6.430328064E0,6.887028351E0
6.881287962E1,-2.524799652E0,-6.433621216E0,6.888824615E0
6.882292062E1,-2.528990936E0,-6.443350983E0,6.875652008E0
6.883296062E1,-2.524649963E0,-6.436614990E0,6.862180023E0
6.884300062E1,-2.521656189E0,-6.426735535E0,6.860982513E0
6.885304062E1,-2.513423309E0,-6.412365417E0,6.864575043E0
6.886308163E1,-2.515369263E0,-6.403683472E0,6.855294342E0
6.887315162E1,-2.511177979E0,-6.397845612E0,6.849755859E0
6.888319262E1,-2.500400391E0,-6.403982849E0,6.842870178E0
6.889323262E1,-2.497705994E0,-6.415359192E0,6.832541656E0
6.890327263E1,-2.491568756E0,-6.424190826E0,6.832092590E0
6.891331362E1,-2.494263153E0,-6.440656586E0,6.840325470E0
6.892335362E1,-2.488425293E0,-6.431675262E0,6.835535431E0
6.893342463E1,-2.479294281E0,-6.432723083E0,6.854994965E0
6.894346463E1,-2.480641479E0,-6.431076508E0,6.855144653E0
6.895350462E1,-2.474504242E0,-6.419999542E0,6.873556366E0
6.896354562E1,-2.480342102E0,-6.428531799E0,6.873556366E0
6.897358562E1,-2.483485565E0,-6.431675262E0,6.865772552E0
6.898361287E1,-2.481689301E0,-6.424490204E0,6.867119751E0
6.899365287E1,-2.482288055E0,-6.416257324E0,6.866221619E0
6.900372388E1,-2.481090546E0,-6.402336273E0,6.865473175E0
6.901376387E1,-2.481389923E0,-6.407575378E0,6.867868195E0
6.902380487E1,-2.486629028E0,-6.403982849E0,6.864724731E0
6.903384487E1,-2.490970001E0,-6.393953705E0,6.867568817E0
6.904388487E1,-2.501897278E0,-6.397396545E0,6.855144653E0
6.905392587E1,-2.508483582E0,-6.406677246E0,6.843618622E0
6.906399587E1,-2.520758057E0,-6.410419464E0,6.859186249E0
6.907403687E1,-2.530787201E0,-6.427633667E0,6.844965820E0
6.908407687E1,-2.540217590E0,-6.426436157E0,6.847360840E0
6.909411687E1,-2.549198914E0,-6.424190826E0,6.851552124E0
6.910415788E1,-2.550695801E0,-6.426286469E0,6.853947144E0
6.911419787E1,-2.540966034E0,-6.429729309E0,6.840774536E0
6.912426887E1,-2.537373505E0,-6.428382111E0,6.834188232E0
6.913430887E1,-2.537822571E0,-6.421496429E0,6.841373291E0
6.914434888E1,-2.540217590E0,-6.428681488E0,6.833888855E0
6.915438887E1,-2.540067902E0,-6.413562927E0,6.849007416E0
6.916442987E1,-2.532284088E0,-6.413562927E0,6.847660217E0
6.917446987E1,-2.532583466E0,-6.414161682E0,6.850354614E0
6.918454088E1,-2.534379730E0,-6.419700165E0,6.855444031E0
6.919458087E1,-2.529440002E0,-6.417454834E0,6.860533447E0
6.920462087E1,-2.534379730E0,-6.413862305E0,6.868317261E0
6.921466187E1,-2.530188446E0,-6.413712616E0,6.863377533E0
6.922470187E1,-2.521506500E0,-6.419700165E0,6.859934692E0
6.923474187E1,-2.521656189E0,-6.416856079E0,6.850803680E0
6.924478288E1,-2.527194672E0,-6.415359192E0,6.868916016E0
6.925485287E1,-2.517464905E0,-6.409072266E0,6.859335938E0
6.926489387E1,-2.514022064E0,-6.413862305E0,6.860533447E0
6.927493387E1,-2.515518951E0,-6.422244873E0,6.860383759E0
6.928497388E1,-2.508932648E0,-6.418352966E0,6.853348389E0
6.929501387E1,-2.512974243E0,-6.418802032E0,6.847360840E0
6.930505487E1,-2.502645721E0,-6.421346741E0,6.840924225E0
6.931512588E1,-2.498454437E0,-6.425687714E0,6.849905548E0
6.932516588E1,-2.499502258E0,-6.413113861E0,6.853797455E0
6.933520587E1,-2.500400391E0,-6.411766663E0,6.853198700E0
6.934524587E1,-2.503543854E0,-6.408473511E0,6.859934692E0
6.935528687E1,-2.505489807E0,-6.404731293E0,6.868017883E0
6.936532687E1,-2.507585449E0,-6.403683472E0,6.865922241E0
6.937539787E1,-2.501897278E0,-6.410120087E0,6.869664459E0
6.938543787E1,-2.500400391E0,-6.403384094E0,6.858437805E0
6.939547787E1,-2.511627045E0,-6.404880981E0,6.869215393E0
6.940551887E1,-2.513423309E0,-6.396797791E0,6.880891113E0
6.941555887E1,-2.511477356E0,-6.393953705E0,6.871460724E0
6.942559888E1,-2.514171753E0,-6.396498413E0,6.876550140E0
6.943566987E1,-2.510579224E0,-6.400989075E0,6.862479401E0
6.944570987E1,-2.507585449E0,-6.402785339E0,6.871909790E0
6.945575088E1,-2.497256927E0,-6.402036896E0,6.864125977E0
6.946579088E1,-2.508633270E0,-6.395300903E0,6.869065704E0
6.947583087E1,-2.504292297E0,-6.392905884E0,6.870562592E0
6.948587087E1,-2.508932648E0,-6.405030670E0,6.868466949E0
6.949591187E1,-2.508633270E0,-6.409671021E0,6.868766327E0
6.950598188E1,-2.514022064E0,-6.405779114E0,6.867419128E0
6.951602287E1,-2.513872375E0,-6.421047363E0,6.860234070E0
6.952606287E1,-2.511776733E0,-6.424639893E0,6.866520996E0
6.953610287E1,-2.511627045E0,-6.409072266E0,6.865922241E0
6.954614387E1,-2.520608368E0,-6.419101410E0,6.865173798E0
6.955618387E1,-2.513273621E0,-6.417903900E0,6.866970062E0
6.956625487E1,-2.514620819E0,-6.408024445E0,6.870412903E0
6.957629487E1,-2.507735138E0,-6.415957947E0,6.887776794E0
6.958633487E1,-2.503693542E0,-6.413413239E0,6.888375549E0
6.959637588E1,-2.499352570E0,-6.409371643E0,6.885681152E0
6.960641588E1,-2.494562531E0,-6.402336273E0,6.896458740E0
6.961645587E1,-2.496358795E0,-6.389612732E0,6.885232086E0
6.962652687E1,-2.497556305E0,-6.387666779E0,6.871460724E0
6.963656688E1,-2.504891052E0,-6.383176117E0,6.872059479E0
6.964660688E1,-2.504441986E0,-6.394702148E0,6.870263214E0
6.965664787E1,-2.502795410E0,-6.400689697E0,6.856192474E0
6.966668787E1,-2.498005371E0,-6.400689697E0,6.852599945E0
6.967672787E1,-2.494861908E0,-6.405330048E0,6.859635315E0
6.968679887E1,-2.493963776E0,-6.408323822E0,6.854994965E0
6.969683887E1,-2.486329651E0,-6.408772888E0,6.865922241E0
6.970687987E1,-2.478246460E0,-6.417604523E0,6.882986755E0
6.971691987E1,-2.475552063E0,-6.417454834E0,6.885082397E0
6.972695987E1,-2.472408600E0,-6.419101410E0,6.892716522E0
6.973700088E1,-2.477647705E0,-6.424639893E0,6.887477417E0
6.974704088E1,-2.473606110E0,-6.426286469E0,6.874155121E0
6.975711187E1,-2.479593658E0,-6.431824951E0,6.874155121E0
6.976715187E1,-2.479144592E0,-6.427783356E0,6.857240295E0
6.977719188E1,-2.472857666E0,-6.421346741E0,6.848857727E0
6.978723188E1,-2.479593658E0,-6.411467285E0,6.857988739E0
6.979727287E1,-2.479743347E0,-6.398743744E0,6.860234070E0
6.980731287E1,-2.481090546E0,-6.395450592E0,6.865473175E0
6.981738388E1,-2.480491791E0,-6.395300903E0,6.890321503E0
6.982742387E1,-2.492466888E0,-6.403833160E0,6.905589752E0
6.983746387E1,-2.502945099E0,-6.412365417E0,6.891968079E0
6.984750487E1,-2.509830780E0,-6.409671021E0,6.888824615E0
6.985754487E1,-2.515668640E0,-6.408623199E0,6.881639557E0
6.986758487E1,-2.518363037E0,-6.401587830E0,6.864425354E0
6.987765587E1,-2.534230042E0,-6.394402771E0,6.860982513E0
6.988769587E1,-2.531685333E0,-6.401288452E0,6.859335938E0
6.989773687E1,-2.519560547E0,-6.399941254E0,6.866371307E0
6.990777687E1,-2.507585449E0,-6.397246857E0,6.863676910E0
6.991781688E1,-2.496059418E0,-6.409521332E0,6.872209167E0
6.992785688E1,-2.491718445E0,-6.422244873E0,6.870113525E0
6.993792787E1,-2.487527161E0,-6.418951721E0,6.863976288E0
6.994796887E1,-2.483934631E0,-6.420598297E0,6.858437805E0
6.995800888E1,-2.484982452E0,-6.428831177E0,6.864275665E0
6.996804887E1,-2.490221558E0,-6.428232422E0,6.869215393E0
6.997806400E1,-2.495460663E0,-6.428232422E0,6.856791229E0
6.998810500E1,-2.506238251E0,-6.428531799E0,6.858437805E0
6.999814500E1,-2.503843231E0,-6.430926819E0,6.860383759E0
7.000821600E1,-2.500699768E0,-6.415808258E0,6.859635315E0
7.001825600E1,-2.495011597E0,-6.409521332E0,6.854845276E0
7.002829600E1,-2.493814087E0,-6.415059814E0,6.857240295E0
7.003833700E1,-2.493215332E0,-6.418652344E0,6.873107300E0
7.004837700E1,-2.482437744E0,-6.412664795E0,6.870113525E0
7.005841700E1,-2.476300507E0,-6.404282227E0,6.875951385E0
7.006848800E1,-2.467468872E0,-6.406677246E0,6.874304810E0
7.007852800E1,-2.469414825E0,-6.410868530E0,6.867419128E0
7.008856900E1,-2.470312958E0,-6.403533783E0,6.878496094E0
7.009860900E1,-2.469115448E0,-6.412664795E0,6.885830841E0
7.010864900E1,-2.487826538E0,-6.415957947E0,6.891668701E0
7.011868900E1,-2.492766266E0,-6.415658569E0,6.877897339E0
7.012876000E1,-2.489922180E0,-6.417754211E0,6.871011658E0
7.013880100E1,-2.491868134E0,-6.427783356E0,6.868916016E0
7.014884100E1,-2.493215332E0,-6.429878998E0,6.863377533E0
7.015888100E1,-2.498155060E0,-6.429729309E0,6.869215393E0
7.016892100E1,-2.498155060E0,-6.436315613E0,6.862778778E0
7.017896200E1,-2.498155060E0,-6.429579620E0,6.854396210E0
7.018903200E1,-2.493963776E0,-6.426436157E0,6.853498077E0
7.019907300E1,-2.486778717E0,-6.411167908E0,6.857389984E0
7.020911300E1,-2.479443970E0,-6.411766663E0,6.857689362E0
7.021915300E1,-2.471660156E0,-6.417305145E0,6.875202942E0
7.022919400E1,-2.464325409E0,-6.422095184E0,6.860832825E0
7.023923400E1,-2.450853424E0,-6.426136780E0,6.862778778E0
7.024927400E1,-2.452350311E0,-6.428980865E0,6.869664459E0
7.025934500E1,-2.455793152E0,-6.442452850E0,6.862629089E0
7.026938500E1,-2.455493774E0,-6.421496429E0,6.873406677E0
7.027942600E1,-2.464325409E0,-6.420149231E0,6.891069946E0
7.028946600E1,-2.469265137E0,-6.408772888E0,6.893464966E0
7.029950600E1,-2.463277588E0,-6.416856079E0,6.896608429E0
7.030954600E1,-2.468217316E0,-6.424490204E0,6.902446289E0
7.031961700E1,-2.481090546E0,-6.437064056E0,6.885381775E0
7.032965700E1,-2.483186188E0,-6.449188843E0,6.875352631E0
7.033969800E1,-2.484383698E0,-6.442003784E0,6.857240295E0
7.034973800E1,-2.483934631E0,-6.429878998E0,6.840175781E0
7.035977800E1,-2.483635254E0,-6.419849854E0,6.832841034E0
7.036981900E1,-2.479593658E0,-6.422095184E0,6.825206909E0
7.037988900E1,-2.473157043E0,-6.430477753E0,6.824907532E0
7.038993000E1,-2.453996887E0,-6.425837402E0,6.835685120E0
7.039997000E1,-2.452649689E0,-6.422394562E0,6.851851501E0
7.041001000E1,-2.454895020E0,-6.436465302E0,6.868466949E0
7.042005100E1,-2.454296265E0,-6.443201294E0,6.871460724E0
7.043009100E1,-2.448308716E0,-6.440357208E0,6.870562592E0
7.044016200E1,-2.450853424E0,-6.433471527E0,6.878196716E0
7.045020200E1,-2.459984436E0,-6.429729309E0,6.870412903E0
7.046024200E1,-2.466870117E0,-6.434669037E0,6.877298584E0
7.047028200E1,-2.465672607E0,-6.426136780E0,6.866670685E0
7.048032300E1,-2.471959534E0,-6.433022461E0,6.854396210E0
7.049036300E1,-2.477048950E0,-6.428382111E0,6.845414886E0
7.050040300E1,-2.472707977E0,-6.426436157E0,6.838229828E0
7.051047400E1,-2.472408600E0,-6.418053589E0,6.838379517E0
7.052051400E1,-2.474803619E0,-6.412215729E0,6.843169556E0
7.053055500E1,-2.479893036E0,-6.402036896E0,6.857839050E0
7.054059500E1,-2.476899261E0,-6.402186584E0,6.868766327E0
7.055063500E1,-2.477947083E0,-6.404731293E0,6.870263214E0
7.056067600E1,-2.473606110E0,-6.422095184E0,6.895261230E0
7.057074600E1,-2.475402374E0,-6.415658569E0,6.910080414E0
7.058078700E1,-2.484234009E0,-6.411467285E0,6.889722748E0
7.059082700E1,-2.486479340E0,-6.415808258E0,6.890321503E0
7.060086700E1,-2.485431519E0,-6.406826935E0,6.885980530E0
7.061090700E1,-2.478545837E0,-6.402036896E0,6.882238312E0
7.062094800E1,-2.484383698E0,-6.401288452E0,6.874753876E0
7.063101900E1,-2.482437744E0,-6.407725067E0,6.879543915E0
7.064105900E1,-2.479893036E0,-6.408323822E0,6.869514771E0
7.065109900E1,-2.479593658E0,-6.410569153E0,6.857240295E0
7.066113900E1,-2.477198639E0,-6.424041138E0,6.864275665E0
7.067118000E1,-2.482737122E0,-6.417604523E0,6.872508545E0
7.068122000E1,-2.484533386E0,-6.416856079E0,6.875202942E0
7.069129100E1,-2.487826538E0,-6.418802032E0,6.873706055E0
7.070133100E1,-2.490670624E0,-6.412066040E0,6.869514771E0
7.071137100E1,-2.499801636E0,-6.416107635E0,6.863377533E0
7.072141200E1,-2.498005371E0,-6.419251099E0,6.863527222E0
7.073145200E1,-2.496209106E0,-6.416257324E0,6.870712280E0
7.074149200E1,-2.492915955E0,-6.421197052E0,6.864425354E0
7.075153200E1,-2.485132141E0,-6.421795807E0,6.863527222E0
7.076160300E1,-2.480641479E0,-6.419101410E0,6.872358856E0
7.077164400E1,-2.475102997E0,-6.419400787E0,6.873706055E0
7.078168400E1,-2.477198639E0,-6.414760437E0,6.881340179E0
7.079172400E1,-2.473755798E0,-6.408922577E0,6.890321503E0
7.080176400E1,-2.470762024E0,-6.406078491E0,6.883884888E0
7.081180500E1,-2.469863892E0,-6.408623199E0,6.889722748E0
7.082187500E1,-2.472258911E0,-6.416706390E0,6.882986755E0
7.083191600E1,-2.468367004E0,-6.409671021E0,6.884483643E0
7.084195600E1,-2.466421051E0,-6.409820709E0,6.871161346E0
7.085199600E1,-2.471061401E0,-6.419101410E0,6.865024109E0
7.086203700E1,-2.473306732E0,-6.412964172E0,6.874304810E0
7.087207700E1,-2.463277588E0,-6.415359192E0,6.886878662E0
7.088214800E1,-2.476001129E0,-6.412664795E0,6.882388000E0
7.089218800E1,-2.480940857E0,-6.406377869E0,6.884783020E0
7.090222800E1,-2.484683075E0,-6.398444366E0,6.892866211E0
7.091226900E1,-2.481090546E0,-6.400689697E0,6.884633331E0
7.092230900E1,-2.482886810E0,-6.407575378E0,6.879992981E0
7.093234900E1,-2.483485565E0,-6.406826935E0,6.885531464E0
7.094242000E1,-2.469414825E0,-6.419999542E0,6.871460724E0
7.095246000E1,-2.477048950E0,-6.416107635E0,6.867868195E0
7.096250000E1,-2.482288055E0,-6.412814484E0,6.874304810E0
7.097254100E1,-2.485132141E0,-6.414161682E0,6.877747650E0
7.098258738E1,-2.478994904E0,-6.399192810E0,6.887028351E0
7.099262737E1,-2.483036499E0,-6.398893433E0,6.888525238E0
7.100269837E1,-2.486778717E0,-6.401887207E0,6.890471191E0
7.101273838E1,-2.489173737E0,-6.413562927E0,6.900799713E0
7.102277937E1,-2.498604126E0,-6.422244873E0,6.902895355E0
7.103281937E1,-2.494861908E0,-6.415957947E0,6.883884888E0
7.104285937E1,-2.493664398E0,-6.413113861E0,6.893464966E0
7.105290037E1,-2.490970001E0,-6.402485962E0,6.880741425E0
7.106294037E1,-2.481988678E0,-6.392756195E0,6.866071930E0
7.107301137E1,-2.483335876E0,-6.389762421E0,6.862629089E0
7.108305137E1,-2.481539612E0,-6.398294678E0,6.858587494E0
7.109309137E1,-2.472558289E0,-6.403982849E0,6.851402435E0
7.110313137E1,-2.475701752E0,-6.405928802E0,6.849755859E0
7.111317238E1,-2.474204865E0,-6.405779114E0,6.873107300E0
7.112321238E1,-2.471360779E0,-6.402336273E0,6.876400452E0
7.113328337E1,-2.476599884E0,-6.405180359E0,6.884184265E0
7.114332337E1,-2.480491791E0,-6.408772888E0,6.893315277E0
7.115336338E1,-2.477647705E0,-6.406527557E0,6.892417145E0
7.116340437E1,-2.474204865E0,-6.406078491E0,6.895859985E0
7.117344437E1,-2.483934631E0,-6.409820709E0,6.897057495E0
7.118348437E1,-2.486030273E0,-6.414910126E0,6.886429596E0
7.119355538E1,-2.483784943E0,-6.420298920E0,6.878047028E0
7.120359537E1,-2.481988678E0,-6.410569153E0,6.875951385E0
7.121363637E1,-2.484383698E0,-6.403084717E0,6.879394226E0
7.122367637E1,-2.484832764E0,-6.392007751E0,6.868916016E0
7.123371637E1,-2.490221558E0,-6.383625183E0,6.875352631E0
7.124375637E1,-2.490071869E0,-6.373745728E0,6.888375549E0
7.125382737E1,-2.494712219E0,-6.382277985E0,6.880891113E0
7.126386837E1,-2.502795410E0,-6.390061798E0,6.899153137E0
7.127390837E1,-2.509232025E0,-6.396498413E0,6.905889130E0
7.128394837E1,-2.506088562E0,-6.405330048E0,6.898704071E0
7.129398838E1,-2.503394165E0,-6.401737518E0,6.898853760E0
7.130402937E1,-2.505789185E0,-6.394552460E0,6.891219635E0
7.131406937E1,-2.507286072E0,-6.394402771E0,6.885381775E0
7.132414037E1,-2.507884827E0,-6.392307129E0,6.886130219E0
7.133418038E1,-2.507136383E0,-6.398594055E0,6.877448273E0
7.134422037E1,-2.494412842E0,-6.385122070E0,6.867868195E0
7.135426137E1,-2.493065643E0,-6.386169891E0,6.869963837E0
7.136430137E1,-2.491568756E0,-6.392307129E0,6.887327728E0
7.137434137E1,-2.494263153E0,-6.402485962E0,6.884633331E0
7.138441237E1,-2.490520935E0,-6.414461060E0,6.886130219E0
7.139445237E1,-2.484683075E0,-6.410718842E0,6.884783020E0
7.140449337E1,-2.498753815E0,-6.412964172E0,6.890321503E0
7.141453337E1,-2.494263153E0,-6.416257324E0,6.882088623E0
7.142457337E1,-2.501897278E0,-6.410419464E0,6.871760101E0
7.143461338E1,-2.504292297E0,-6.407874756E0,6.876550140E0
7.144468437E1,-2.497406616E0,-6.409221954E0,6.867568817E0
7.145472437E1,-2.498005371E0,-6.410569153E0,6.871011658E0
7.146476537E1,-2.496358795E0,-6.406677246E0,6.868017883E0
7.147480538E1,-2.495011597E0,-6.399641876E0,6.867568817E0
7.148484537E1,-2.490970001E0,-6.400090942E0,6.878795471E0
7.149488637E1,-2.488724670E0,-6.401138763E0,6.876550140E0
7.150495637E1,-2.493664398E0,-6.402785339E0,6.876699829E0
7.151499738E1,-2.496059418E0,-6.402635651E0,6.875202942E0
7.152503737E1,-2.490371246E0,-6.395300903E0,6.875202942E0
7.153507737E1,-2.486030273E0,-6.399492188E0,6.869215393E0
7.154511837E1,-2.486179962E0,-6.392756195E0,6.886279907E0
7.155515837E1,-2.489922180E0,-6.393354950E0,6.895859985E0
7.156519837E1,-2.488125916E0,-6.392756195E0,6.890321503E0
7.157526937E1,-2.495610352E0,-6.390660553E0,6.888824615E0
7.158530937E1,-2.495011597E0,-6.392905884E0,6.875502319E0
7.159534937E1,-2.497256927E0,-6.398743744E0,6.872957611E0
7.160539037E1,-2.506687317E0,-6.399342499E0,6.881489868E0
7.161543038E1,-2.509232025E0,-6.399342499E0,6.877747650E0
7.162547037E1,-2.512525177E0,-6.401438141E0,6.876849518E0
7.163554137E1,-2.517614594E0,-6.399492188E0,6.870412903E0
7.164558137E1,-2.518213348E0,-6.397695923E0,6.878496094E0
7.165562238E1,-2.514022064E0,-6.407126312E0,6.867568817E0
7.166566237E1,-2.506387939E0,-6.414610748E0,6.865024109E0
7.167570237E1,-2.511477356E0,-6.414311371E0,6.866371307E0
7.168574337E1,-2.506837006E0,-6.403533783E0,6.860533447E0
7.169581338E1,-2.510878601E0,-6.404731293E0,6.874604187E0
7.170585437E1,-2.510279846E0,-6.402485962E0,6.872508545E0
7.171589437E1,-2.510429535E0,-6.397845612E0,6.864275665E0
7.172593437E1,-2.516117706E0,-6.396049347E0,6.877597961E0
7.173597437E1,-2.513872375E0,-6.398444366E0,6.897356873E0
7.174601537E1,-2.504741364E0,-6.405779114E0,6.899153137E0
7.175608637E1,-2.502645721E0,-6.415808258E0,6.895410919E0
7.176612637E1,-2.511477356E0,-6.421047363E0,6.881340179E0
7.177616637E1,-2.507735138E0,-6.395600281E0,6.874005432E0
7.178620637E1,-2.505789185E0,-6.389612732E0,6.877747650E0
7.179624738E1,-2.518363037E0,-6.385571136E0,6.869963837E0
7.180628737E1,-2.515968018E0,-6.387517090E0,6.851851501E0
7.181632737E1,-2.509531403E0,-6.385122070E0,6.843468933E0
7.182639838E1,-2.512674866E0,-6.398144989E0,6.845265198E0
7.183643838E1,-2.512225800E0,-6.394103394E0,6.857090607E0
7.184647937E1,-2.511926422E0,-6.395600281E0,6.859934692E0
7.185651937E1,-2.509082336E0,-6.406377869E0,6.875951385E0
7.186655937E1,-2.512824554E0,-6.412365417E0,6.871011658E0
7.187659937E1,-2.509980469E0,-6.409970398E0,6.878047028E0
7.188667037E1,-2.514022064E0,-6.408473511E0,6.890022125E0
7.189671137E1,-2.506387939E0,-6.414161682E0,6.884034576E0
7.190675137E1,-2.510130157E0,-6.404581604E0,6.876999207E0
7.191679137E1,-2.517913971E0,-6.409521332E0,6.874753876E0
7.192683137E1,-2.512525177E0,-6.403384094E0,6.875951385E0
7.193687238E1,-2.515219574E0,-6.400090942E0,6.862329712E0
7.194694237E1,-2.511477356E0,-6.396199036E0,6.852001190E0
7.195698337E1,-2.508782959E0,-6.396049347E0,6.861431580E0
7.196702338E1,-2.508034515E0,-6.381379852E0,6.866520996E0
7.197707025E1,-2.518512726E0,-6.383924561E0,6.868766327E0
7.198711125E1,-2.522704010E0,-6.386618958E0,6.880891113E0
7.199715125E1,-2.518662415E0,-6.410269775E0,6.885082397E0
7.200722225E1,-2.521207123E0,-6.405629425E0,6.890022125E0
7.201726225E1,-2.523751831E0,-6.397695923E0,6.888225861E0
7.202730225E1,-2.520458679E0,-6.395001526E0,6.890920258E0
7.203734325E1,-2.517464905E0,-6.398893433E0,6.877298584E0
7.204738325E1,-2.519111481E0,-6.403683472E0,6.876101074E0
7.205742325E1,-2.515668640E0,-6.394702148E0,6.878795471E0
7.206749425E1,-2.518363037E0,-6.395600281E0,6.865024109E0
7.207753425E1,-2.522254944E0,-6.394851837E0,6.866371307E0
7.208757425E1,-2.522853699E0,-6.397546234E0,6.859485626E0
7.209761525E1,-2.521207123E0,-6.399492188E0,6.860383759E0
7.210765525E1,-2.522853699E0,-6.400989075E0,6.858587494E0
7.211769525E1,-2.524200897E0,-6.403533783E0,6.862180023E0
7.212773625E1,-2.522105255E0,-6.405180359E0,6.860683136E0
7.213780625E1,-2.527344360E0,-6.416556702E0,6.860533447E0
7.214784725E1,-2.518812103E0,-6.411467285E0,6.869664459E0
7.215788725E1,-2.506687317E0,-6.407725067E0,6.868167572E0
7.216792725E1,-2.515069885E0,-6.399043121E0,6.870263214E0
7.217796825E1,-2.511477356E0,-6.401737518E0,6.865622864E0
7.218800825E1,-2.504741364E0,-6.404581604E0,6.870712280E0
7.219807925E1,-2.512674866E0,-6.400090942E0,6.871760101E0
7.220811925E1,-2.510728912E0,-6.403084717E0,6.867269440E0
7.221815925E1,-2.507735138E0,-6.401737518E0,6.859934692E0
7.222819925E1,-2.511926422E0,-6.407425690E0,6.865622864E0
7.223824025E1,-2.505789185E0,-6.402635651E0,6.853647766E0
7.224828025E1,-2.510878601E0,-6.398444366E0,6.863826599E0
7.225835125E1,-2.501897278E0,-6.394702148E0,6.871161346E0
7.226839125E1,-2.505040741E0,-6.395300903E0,6.869065704E0
7.227843125E1,-2.511926422E0,-6.395151215E0,6.877747650E0
7.228847225E1,-2.514171753E0,-6.404731293E0,6.881938934E0
7.229851225E1,-2.517464905E0,-6.397845612E0,6.882837067E0
7.230855225E1,-2.518961792E0,-6.389163666E0,6.874454498E0
7.231862325E1,-2.522554321E0,-6.387966156E0,6.878496094E0
7.232866325E1,-2.516267395E0,-6.387816467E0,6.875202942E0
7.233870425E1,-2.509830780E0,-6.394851837E0,6.878945160E0
7.234874425E1,-2.511926422E0,-6.397695923E0,6.889423370E0
7.235878425E1,-2.508483582E0,-6.391109619E0,6.878795471E0
7.236882425E1,-2.521207123E0,-6.391408997E0,6.871311035E0
7.237886525E1,-2.524051208E0,-6.400240631E0,6.856342163E0
7.238893625E1,-2.526446228E0,-6.404132538E0,6.863976288E0
7.239897625E1,-2.528242493E0,-6.405779114E0,6.859485626E0
7.240901625E1,-2.526745605E0,-6.409072266E0,6.864125977E0
7.241905625E1,-2.524500275E0,-6.396199036E0,6.863527222E0
7.242909725E1,-2.520159302E0,-6.403683472E0,6.857839050E0
7.243913725E1,-2.518662415E0,-6.409371643E0,6.865323486E0
7.244920825E1,-2.534529419E0,-6.412365417E0,6.867868195E0
7.245924825E1,-2.528541870E0,-6.399791565E0,6.873256989E0
7.246928825E1,-2.527943115E0,-6.392007751E0,6.869065704E0
7.247932925E1,-2.530637512E0,-6.405180359E0,6.882238312E0
7.248936925E1,-2.514920197E0,-6.419700165E0,6.872059479E0
7.249940925E1,-2.521356812E0,-6.424490204E0,6.880442047E0
7.250948025E1,-2.527494049E0,-6.406228180E0,6.886279907E0
7.251952025E1,-2.524799652E0,-6.404132538E0,6.878496094E0
7.252956125E1,-2.519560547E0,-6.401138763E0,6.868766327E0
7.253960125E1,-2.521805878E0,-6.386319580E0,6.858437805E0
7.254964125E1,-2.523901520E0,-6.382876740E0,6.844666443E0
7.255968125E1,-2.515369263E0,-6.379284210E0,6.846313019E0
7.256975225E1,-2.519560547E0,-6.387068024E0,6.850953369E0
7.257979325E1,-2.523302765E0,-6.387666779E0,6.866820374E0
7.258983325E1,-2.520907745E0,-6.395300903E0,6.873855743E0
7.259987325E1,-2.521207123E0,-6.400090942E0,6.887477417E0
7.260991325E1,-2.510878601E0,-6.399192810E0,6.885082397E0
7.261995425E1,-2.507136383E0,-6.396498413E0,6.885980530E0
7.263002425E1,-2.509830780E0,-6.401887207E0,6.880891113E0
7.264006525E1,-2.510579224E0,-6.400989075E0,6.888225861E0
7.265010525E1,-2.508932648E0,-6.406677246E0,6.879992981E0
7.266014525E1,-2.511926422E0,-6.408922577E0,6.868466949E0
7.267018625E1,-2.511627045E0,-6.401737518E0,6.868317261E0
7.268022625E1,-2.513872375E0,-6.402186584E0,6.858587494E0
7.269026625E1,-2.509531403E0,-6.401138763E0,6.852599945E0
7.270033725E1,-2.516417084E0,-6.396648102E0,6.858437805E0
7.271037725E1,-2.518063660E0,-6.382577362E0,6.853348389E0
7.272041825E1,-2.522404633E0,-6.375541992E0,6.867868195E0
7.273045825E1,-2.521955566E0,-6.374943237E0,6.881489868E0
7.274049825E1,-2.526146851E0,-6.393654327E0,6.890770569E0
7.275053825E1,-2.534529419E0,-6.393055573E0,6.890022125E0
7.276060925E1,-2.537972260E0,-6.390061798E0,6.896009674E0
7.277064925E1,-2.534529419E0,-6.389013977E0,6.883435822E0
7.278069025E1,-2.519710236E0,-6.390810242E0,6.889273682E0
7.279073025E1,-2.516716461E0,-6.387367401E0,6.892417145E0
7.280077025E1,-2.518812103E0,-6.390211487E0,6.884633331E0
7.281081125E1,-2.519111481E0,-6.387217712E0,6.867568817E0
7.282088125E1,-2.518512726E0,-6.385870514E0,6.875502319E0
7.283092225E1,-2.513572998E0,-6.376440125E0,6.872358856E0
7.284096225E1,-2.527494049E0,-6.388115845E0,6.872807922E0
7.285100225E1,-2.520758057E0,-6.386918335E0,6.867718506E0
7.286104325E1,-2.529440002E0,-6.392157440E0,6.884034576E0
7.287108325E1,-2.519111481E0,-6.392606506E0,6.888225861E0
7.288115425E1,-2.517015839E0,-6.395749969E0,6.878196716E0
7.289119425E1,-2.532134399E0,-6.402935028E0,6.887627106E0
7.290123425E1,-2.523302765E0,-6.402785339E0,6.875951385E0
7.291127425E1,-2.529290314E0,-6.409221954E0,6.876400452E0
7.292131525E1,-2.526895294E0,-6.407126312E0,6.871760101E0
7.293135525E1,-2.520009613E0,-6.403384094E0,6.877897339E0
7.294139525E1,-2.517464905E0,-6.394851837E0,6.878496094E0
7.295146625E1,-2.515668640E0,-6.400540009E0,6.871311035E0
7.296150625E1,-2.507435760E0,-6.397396545E0,6.877148895E0
7.297154725E1,-2.506537628E0,-6.392456818E0,6.861581268E0
7.298156825E1,-2.500849457E0,-6.403234406E0,6.872957611E0
7.299160825E1,-2.499502258E0,-6.406078491E0,6.877597961E0
7.300164925E1,-2.483934631E0,-6.402935028E0,6.879394226E0
7.301171925E1,-2.476599884E0,-6.399791565E0,6.890471191E0
7.302176025E1,-2.479743347E0,-6.400989075E0,6.907386017E0
7.303180025E1,-2.489922180E0,-6.394702148E0,6.896309052E0
7.304184025E1,-2.491269379E0,-6.384673004E0,6.893315277E0
7.305188025E1,-2.490520935E0,-6.395749969E0,6.879992981E0
7.306192125E1,-2.488874359E0,-6.391408997E0,6.886130219E0
7.307199225E1,-2.497556305E0,-6.391558685E0,6.878346405E0
7.308203225E1,-2.496957550E0,-6.396498413E0,6.880891113E0
7.309207225E1,-2.483784943E0,-6.403683472E0,6.877298584E0
7.310211225E1,-2.478845215E0,-6.407425690E0,6.874304810E0
7.311215325E1,-2.483485565E0,-6.415059814E0,6.881789246E0
7.312219325E1,-2.480342102E0,-6.411317596E0,6.875951385E0
7.313226425E1,-2.486030273E0,-6.406677246E0,6.864874420E0
7.314230425E1,-2.500101013E0,-6.414161682E0,6.871610413E0
7.315234425E1,-2.505340118E0,-6.418652344E0,6.871460724E0
7.316238525E1,-2.507884827E0,-6.406976624E0,6.869215393E0
7.317242525E1,-2.502346344E0,-6.413263550E0,6.872807922E0
7.318246525E1,-2.505489807E0,-6.402935028E0,6.864874420E0
7.319253625E1,-2.496358795E0,-6.408473511E0,6.879094849E0
7.320257625E1,-2.491119690E0,-6.403982849E0,6.869514771E0
7.321261725E1,-2.495161285E0,-6.399342499E0,6.881190491E0
7.322265725E1,-2.490221558E0,-6.397995300E0,6.883585510E0
7.323269725E1,-2.491119690E0,-6.397546234E0,6.888525238E0
7.324273725E1,-2.491868134E0,-6.397396545E0,6.907386017E0
7.325277825E1,-2.499951324E0,-6.410569153E0,6.900500336E0
7.326284825E1,-2.511028290E0,-6.417754211E0,6.893464966E0
7.327288925E1,-2.504441986E0,-6.420897675E0,6.880442047E0
7.328292925E1,-2.500999146E0,-6.413862305E0,6.867868195E0
7.329296925E1,-2.499801636E0,-6.410419464E0,6.854695587E0
7.330301025E1,-2.496508484E0,-6.407874756E0,6.848408661E0
7.331305025E1,-2.487078094E0,-6.400240631E0,6.841522980E0
7.332312125E1,-2.479144592E0,-6.405928802E0,6.844067688E0
7.333316125E1,-2.467618561E0,-6.414461060E0,6.847061462E0
7.334320125E1,-2.467468872E0,-6.422993317E0,6.865024109E0
7.335324225E1,-2.462828522E0,-6.423143005E0,6.865323486E0
7.336328225E1,-2.460433502E0,-6.421047363E0,6.879992981E0
7.337332225E1,-2.465522919E0,-6.438560944E0,6.878346405E0
7.338339325E1,-2.460732880E0,-6.446494446E0,6.870712280E0
7.339343325E1,-2.470911713E0,-6.446195068E0,6.875352631E0
7.340347325E1,-2.488874359E0,-6.441554718E0,6.871760101E0
7.341351425E1,-2.488275604E0,-6.440656586E0,6.860084381E0
7.342355425E1,-2.486928406E0,-6.438261566E0,6.859934692E0
7.343359425E1,-2.490221558E0,-6.424789581E0,6.846612396E0
7.344366525E1,-2.481389923E0,-6.422843628E0,6.840924225E0
7.345370525E1,-2.471959534E0,-6.421945496E0,6.849007416E0
7.346374625E1,-2.467768250E0,-6.415508881E0,6.853198700E0
7.347378625E1,-2.468816071E0,-6.409820709E0,6.877448273E0
7.348382625E1,-2.468217316E0,-6.417604523E0,6.876849518E0
7.349386725E1,-2.476599884E0,-6.429130554E0,6.889722748E0
7.350390725E1,-2.481240234E0,-6.425987091E0,6.896458740E0
7.351397825E1,-2.484683075E0,-6.431824951E0,6.886429596E0
7.352401825E1,-2.491419067E0,-6.428980865E0,6.872358856E0
7.353405825E1,-2.495161285E0,-6.425837402E0,6.864125977E0
7.354409825E1,-2.488874359E0,-6.423741760E0,6.862329712E0
7.355413925E1,-2.489922180E0,-6.414760437E0,6.853049011E0
7.356417925E1,-2.492616577E0,-6.409221954E0,6.854845276E0
7.357425025E1,-2.494412842E0,-6.415957947E0,6.851103058E0
7.358429025E1,-2.493065643E0,-6.416856079E0,6.856940918E0
7.359433025E1,-2.493365021E0,-6.428232422E0,6.862030334E0
7.360437125E1,-2.479593658E0,-6.429130554E0,6.855294342E0
7.361441125E1,-2.481389923E0,-6.436465302E0,6.857539673E0
7.362445125E1,-2.480641479E0,-6.439758453E0,6.858437805E0
7.363452225E1,-2.477797394E0,-6.437513123E0,6.859485626E0
7.364456225E1,-2.477348328E0,-6.443350983E0,6.857090607E0
7.365460325E1,-2.479743347E0,-6.446793823E0,6.854695587E0
7.366464325E1,-2.475402374E0,-6.441255341E0,6.848708038E0
7.367468325E1,-2.472558289E0,-6.442303162E0,6.851552124E0
7.368472325E1,-2.476001129E0,-6.440806274E0,6.855144653E0
7.369479425E1,-2.471809845E0,-6.440057831E0,6.855294342E0
7.370483525E1,-2.462379456E0,-6.440806274E0,6.858437805E0
7.371487525E1,-2.466121674E0,-6.430627441E0,6.847959595E0
7.372491525E1,-2.461930389E0,-6.423891449E0,6.854695587E0
7.373495525E1,-2.465672607E0,-6.433471527E0,6.850055237E0
7.374499625E1,-2.470762024E0,-6.433471527E0,6.857090607E0
7.375506625E1,-2.462529144E0,-6.430777130E0,6.861132202E0
7.376510725E1,-2.457290039E0,-6.441255341E0,6.861730957E0
7.377514725E1,-2.463876343E0,-6.433770905E0,6.853797455E0
7.378518725E1,-2.457739105E0,-6.433172150E0,6.872957611E0
7.379522825E1,-2.463876343E0,-6.432423706E0,6.859785004E0
7.380526825E1,-2.475402374E0,-6.430028687E0,6.866221619E0
7.381530825E1,-2.467019806E0,-6.423592072E0,6.866670685E0
7.382537925E1,-2.464026031E0,-6.428681488E0,6.866970062E0
7.383541925E1,-2.461331635E0,-6.435716858E0,6.878945160E0
7.384546025E1,-2.454895020E0,-6.433621216E0,6.858437805E0
7.385550025E1,-2.465522919E0,-6.441405029E0,6.857839050E0
7.386554025E1,-2.461481323E0,-6.449637909E0,6.856192474E0
7.387558025E1,-2.458786926E0,-6.450236664E0,6.854994965E0
7.388565125E1,-2.459535370E0,-6.448440399E0,6.846612396E0
7.389569125E1,-2.462229767E0,-6.447093201E0,6.843319244E0
7.390573225E1,-2.463427277E0,-6.433920593E0,6.857839050E0
7.391577225E1,-2.465073853E0,-6.422843628E0,6.868616638E0
7.392581225E1,-2.473606110E0,-6.413113861E0,6.883136444E0
7.393585325E1,-2.481389923E0,-6.424789581E0,6.884034576E0
7.394592325E1,-2.475252686E0,-6.423741760E0,6.887776794E0
7.395596425E1,-2.482138367E0,-6.426286469E0,6.872957611E0
7.396600425E1,-2.482138367E0,-6.426286469E0,6.872957611E0
7.397604425E1,-2.473306732E0,-6.430477753E0,6.861730957E0
7.398609487E1,-2.471660156E0,-6.423891449E0,6.840774536E0
7.399613488E1,-2.467169495E0,-6.426585846E0,6.839726715E0
7.400620587E1,-2.449506226E0,-6.425088959E0,6.828050995E0
7.401624587E1,-2.437980194E0,-6.437213745E0,6.840175781E0
7.402628587E1,-2.429447937E0,-6.442003784E0,6.839577026E0
7.403632588E1,-2.429447937E0,-6.452182617E0,6.861281891E0
7.404636688E1,-2.437531128E0,-6.446195068E0,6.864724731E0
7.405640687E1,-2.444117432E0,-6.441554718E0,6.870712280E0
7.406647787E1,-2.434687042E0,-6.443949738E0,6.874753876E0
7.407651788E1,-2.433639221E0,-6.451733551E0,6.878496094E0
7.408655788E1,-2.454445953E0,-6.443350983E0,6.872209167E0
7.409659887E1,-2.455344086E0,-6.453529816E0,6.861880646E0
7.410663887E1,-2.459235992E0,-6.454427948E0,6.852300568E0
7.411667887E1,-2.459235992E0,-6.448440399E0,6.847660217E0
7.412671987E1,-2.452649689E0,-6.447991333E0,6.837481384E0
7.413678987E1,-2.452200623E0,-6.444099426E0,6.849007416E0
7.414683087E1,-2.448907471E0,-6.437962189E0,6.842421112E0
7.415687087E1,-2.440973969E0,-6.422544250E0,6.841073914E0
7.416691087E1,-2.446662140E0,-6.405180359E0,6.865323486E0
7.417695088E1,-2.448009338E0,-6.421197052E0,6.878645782E0
7.418699188E1,-2.426753540E0,-6.429729309E0,6.884333954E0
7.419706287E1,-2.425705719E0,-6.429280243E0,6.885681152E0
7.420710287E1,-2.430795135E0,-6.433321838E0,6.885681152E0
7.421714288E1,-2.426304474E0,-6.430028687E0,6.896758118E0
7.422718288E1,-2.429597626E0,-6.429429932E0,6.893315277E0
7.423722387E1,-2.431094513E0,-6.428681488E0,6.898105316E0
7.424726387E1,-2.437680817E0,-6.425687714E0,6.893914032E0
7.425733488E1,-2.434986420E0,-6.423891449E0,6.866970062E0
7.426737487E1,-2.451901245E0,-6.428831177E0,6.863976288E0
7.427741487E1,-2.454595642E0,-6.434070282E0,6.857240295E0
7.428745587E1,-2.455643463E0,-6.430777130E0,6.846163330E0
7.429749587E1,-2.447709961E0,-6.435267792E0,6.854695587E0
7.430753587E1,-2.444117432E0,-6.438860321E0,6.845564575E0
7.431760687E1,-2.454146576E0,-6.446644135E0,6.843917999E0
7.432764687E1,-2.455044708E0,-6.445147247E0,6.857389984E0
7.433768787E1,-2.447859650E0,-6.450086975E0,6.856940918E0
7.434772787E1,-2.467319183E0,-6.450985107E0,6.840624847E0
7.435776788E1,-2.465073853E0,-6.456972656E0,6.859036560E0
7.436780788E1,-2.447410583E0,-6.451434174E0,6.850504303E0
7.437784887E1,-2.440973969E0,-6.453978882E0,6.849456482E0
7.438791887E1,-2.432441711E0,-6.449488220E0,6.862479401E0
7.439795988E1,-2.421813812E0,-6.464008026E0,6.858138428E0
7.440799987E1,-2.408491516E0,-6.457721100E0,6.853049011E0
7.441803987E1,-2.408192139E0,-6.444847870E0,6.866970062E0
7.442808087E1,-2.418820038E0,-6.437213745E0,6.876250763E0
7.443812087E1,-2.414928131E0,-6.437213745E0,6.854695587E0
7.444819187E1,-2.431543579E0,-6.436465302E0,6.863976288E0
7.445823187E1,-2.437531128E0,-6.442452850E0,6.866670685E0
7.446827187E1,-2.448757782E0,-6.450985107E0,6.870562592E0
7.447831287E1,-2.461032257E0,-6.448290710E0,6.875352631E0
7.448835287E1,-2.470911713E0,-6.439159698E0,6.862030334E0
7.449839288E1,-2.471061401E0,-6.441554718E0,6.859635315E0
7.450846387E1,-2.477348328E0,-6.433920593E0,6.855294342E0
7.451850387E1,-2.483784943E0,-6.423143005E0,6.844367065E0
7.452854387E1,-2.471360779E0,-6.425388336E0,6.851701813E0
7.453858488E1,-2.452350311E0,-6.443800049E0,6.847809906E0
7.454862487E1,-2.450404358E0,-6.451284485E0,6.846612396E0
7.455866487E1,-2.445464630E0,-6.452332306E0,6.850504303E0
7.456873588E1,-2.439776459E0,-6.449188843E0,6.864275665E0
7.457877588E1,-2.436034241E0,-6.446793823E0,6.865922241E0
7.458881687E1,-2.455942841E0,-6.442752228E0,6.880142670E0
7.459885687E1,-2.465073853E0,-6.435716858E0,6.874454498E0
7.460889687E1,-2.490520935E0,-6.434968414E0,6.878496094E0
7.461893787E1,-2.498604126E0,-6.447392578E0,6.863976288E0
7.462900787E1,-2.499951324E0,-6.456972656E0,6.843618622E0
7.463904887E1,-2.510130157E0,-6.471791840E0,6.821464691E0
7.464908887E1,-2.499502258E0,-6.471642151E0,6.802753601E0
7.465912887E1,-2.476300507E0,-6.473887482E0,6.809938660E0
7.466916887E1,-2.467169495E0,-6.472989349E0,6.805747375E0
7.467920988E1,-2.445764008E0,-6.471193085E0,6.803052979E0
7.468924987E1,-2.452949066E0,-6.464307404E0,6.815327454E0
7.469932087E1,-2.443368988E0,-6.462511139E0,6.819369049E0
7.470936088E1,-2.442470856E0,-6.463708649E0,6.815477142E0
7.471940088E1,-2.454895020E0,-6.478677521E0,6.816375275E0
7.472944187E1,-2.451601868E0,-6.478228455E0,6.818620605E0
7.473948187E1,-2.456541595E0,-6.494394836E0,6.809040527E0
7.474952187E1,-2.464175720E0,-6.501130829E0,6.805597687E0
7.475959288E1,-2.456092529E0,-6.497987366E0,6.810387726E0
7.476963287E1,-2.464175720E0,-6.502328339E0,6.811585236E0
7.477967387E1,-2.464774475E0,-6.502328339E0,6.801556091E0
7.478971387E1,-2.467768250E0,-6.491999817E0,6.813381500E0
7.479975387E1,-2.474653931E0,-6.491101685E0,6.813381500E0
7.480979387E1,-2.472857666E0,-6.493945770E0,6.807843018E0
7.481986487E1,-2.460882568E0,-6.489455109E0,6.788233795E0
7.482990587E1,-2.463726654E0,-6.477030945E0,6.788233795E0
7.483994587E1,-2.470762024E0,-6.466103668E0,6.805747375E0
7.484998588E1,-2.453697510E0,-6.484665070E0,6.793023834E0
7.486002588E1,-2.458637238E0,-6.488856354E0,6.794371033E0
7.487006687E1,-2.462678833E0,-6.505022736E0,6.812183990E0
7.488013787E1,-2.461631012E0,-6.505322113E0,6.813830566E0
7.489017788E1,-2.464924164E0,-6.513105927E0,6.816225586E0
7.490021788E1,-2.476899261E0,-6.507118378E0,6.827152863E0
7.491025787E1,-2.470013580E0,-6.491850128E0,6.815177765E0
7.492029887E1,-2.470762024E0,-6.487359467E0,6.806645508E0
7.493033887E1,-2.469714203E0,-6.494843903E0,6.816674652E0
7.494037887E1,-2.460583191E0,-6.491101685E0,6.800358582E0
7.495044987E1,-2.470013580E0,-6.503376160E0,6.804250488E0
7.496048987E1,-2.464325409E0,-6.508615265E0,6.792874146E0
7.497053087E1,-2.465073853E0,-6.515950012E0,6.790179749E0
7.498056054E1,-2.485581207E0,-6.507866821E0,6.790179749E0
7.499060054E1,-2.480791168E0,-6.506669312E0,6.789880371E0
7.500064054E1,-2.472707977E0,-6.518045654E0,6.781198425E0
7.501071154E1,-2.459685059E0,-6.526428223E0,6.771618347E0
7.502075254E1,-2.472558289E0,-6.523434448E0,6.772666168E0
7.503079254E1,-2.468666382E0,-6.507567444E0,6.770570526E0
7.504083254E1,-2.454595642E0,-6.514153748E0,6.777007141E0
7.505087254E1,-2.442770233E0,-6.514303436E0,6.769373016E0
7.506091354E1,-2.431244202E0,-6.522236938E0,6.775659943E0
7.507098354E1,-2.431244202E0,-6.521338806E0,6.783443756E0
7.508102454E1,-2.427352295E0,-6.509812775E0,6.800059204E0
7.509106454E1,-2.421065369E0,-6.512357483E0,6.805597687E0
7.510110454E1,-2.425106964E0,-6.521488495E0,6.795269165E0
7.511114554E1,-2.437531128E0,-6.522686005E0,6.785389709E0
7.512118554E1,-2.436782684E0,-6.522536316E0,6.781797180E0
7.513125654E1,-2.433190155E0,-6.529272308E0,6.772366791E0
7.514129654E1,-2.431992645E0,-6.537505188E0,6.788682861E0
7.515133654E1,-2.438129883E0,-6.535110168E0,6.782395935E0
7.516137754E1,-2.438279572E0,-6.533762970E0,6.771618347E0
7.517141754E1,-2.438728638E0,-6.529871063E0,6.775061188E0
7.518145754E1,-2.436483307E0,-6.536008301E0,6.771618347E0
7.519152854E1,-2.437381439E0,-6.537954254E0,6.759044495E0
7.520156854E1,-2.431693268E0,-6.548432465E0,6.750362549E0
7.521160854E1,-2.405198364E0,-6.550977173E0,6.748566284E0
7.522164954E1,-2.398462372E0,-6.561156006E0,6.756499786E0
7.523168954E1,-2.417472839E0,-6.546935577E0,6.753056946E0
7.524172954E1,-2.418820038E0,-6.559060364E0,6.763235779E0
7.525177054E1,-2.424508209E0,-6.557862854E0,6.767576752E0
7.526184054E1,-2.442171478E0,-6.544241180E0,6.774312744E0
7.527188154E1,-2.464475098E0,-6.534960480E0,6.810088348E0
7.528192154E1,-2.470013580E0,-6.535708923E0,6.813830566E0
7.529196154E1,-2.495161285E0,-6.539750519E0,6.797963562E0
7.530200254E1,-2.505489807E0,-6.538253632E0,6.787635040E0
7.531204254E1,-2.504292297E0,-6.538702698E0,6.748715973E0
7.532211354E1,-2.511776733E0,-6.545887756E0,6.756649475E0
7.533215354E1,-2.496059418E0,-6.552923126E0,6.744674377E0
7.534219354E1,-2.483635254E0,-6.544241180E0,6.742279358E0
7.535223354E1,-2.455344086E0,-6.545139313E0,6.726861420E0
7.536227454E1,-2.448159027E0,-6.544690247E0,6.726861420E0
7.537231454E1,-2.439177704E0,-6.546037445E0,6.721472626E0
7.538238554E1,-2.425256653E0,-6.553222504E0,6.715634766E0
7.539242554E1,-2.412383423E0,-6.569688263E0,6.731352081E0
7.540246554E1,-2.396815796E0,-6.579418030E0,6.726711731E0
7.541250654E1,-2.376009064E0,-6.592291260E0,6.732848969E0
7.542254654E1,-2.356549530E0,-6.591842194E0,6.742578735E0
7.543258654E1,-2.356549530E0,-6.592291260E0,6.738237762E0
7.544265754E1,-2.359094238E0,-6.588698730E0,6.736591187E0
7.545269754E1,-2.358345795E0,-6.590944061E0,6.743027802E0
7.546273854E1,-2.384840698E0,-6.584208069E0,6.733747101E0
7.547277854E1,-2.394121399E0,-6.576124878E0,6.730154572E0
7.548281854E1,-2.407743073E0,-6.572083282E0,6.723717957E0
7.549285854E1,-2.409838715E0,-6.561305695E0,6.732848969E0
7.550292954E1,-2.440824280E0,-6.550528107E0,6.751709747E0
7.551297054E1,-2.456541595E0,-6.546935577E0,6.770121460E0
7.552301054E1,-2.472857666E0,-6.554869080E0,6.768175507E0
7.553305054E1,-2.494113464E0,-6.555318146E0,6.757846985E0
7.554309054E1,-2.501747589E0,-6.548432465E0,6.757846985E0
7.555313154E1,-2.490221558E0,-6.539301453E0,6.773115234E0
7.556317154E1,-2.478096771E0,-6.529421997E0,6.785240021E0
7.557324254E1,-2.469414825E0,-6.519392853E0,6.802154846E0
7.558328254E1,-2.453398132E0,-6.502777405E0,6.815177765E0
7.559332254E1,-2.448458405E0,-6.486311646E0,6.811136169E0
7.560336354E1,-2.436932373E0,-6.474935303E0,6.821315002E0
7.561340354E1,-2.430645447E0,-6.472989349E0,6.824308777E0
7.562344354E1,-2.413431244E0,-6.474635925E0,6.825655975E0
7.563351454E1,-2.397115173E0,-6.468947754E0,6.830895081E0
7.564355454E1,-2.391127625E0,-6.479575653E0,6.828949127E0
7.565359554E1,-2.395169220E0,-6.488706665E0,6.834637299E0
7.566363554E1,-2.397863617E0,-6.482120361E0,6.846462708E0
7.567367554E1,-2.409689026E0,-6.473737793E0,6.851103058E0
7.568371554E1,-2.423310699E0,-6.457721100E0,6.866970062E0
7.569378654E1,-2.447410583E0,-6.445296936E0,6.877897339E0
7.570382654E1,-2.463277588E0,-6.451583862E0,6.861880646E0
7.571386754E1,-2.470762024E0,-6.457122345E0,6.845414886E0
7.572390754E1,-2.465822296E0,-6.459517365E0,6.828649750E0
7.573394754E1,-2.470911713E0,-6.474486237E0,6.822362823E0
7.574398854E1,-2.462828522E0,-6.482719116E0,6.816674652E0
7.575405854E1,-2.454745331E0,-6.484216003E0,6.809489594E0
7.576409954E1,-2.451751556E0,-6.481222229E0,6.809040527E0
7.577413954E1,-2.446063385E0,-6.482569427E0,6.811734924E0
7.578417954E1,-2.446512451E0,-6.484964447E0,6.815626831E0
7.579422054E1,-2.450254669E0,-6.487060089E0,6.826254730E0
7.580426054E1,-2.442770233E0,-6.486910400E0,6.827302551E0
7.581433154E1,-2.435734863E0,-6.487509155E0,6.837930450E0
7.582437154E1,-2.440824280E0,-6.486311646E0,6.812483368E0
7.583441154E1,-2.427951050E0,-6.491401062E0,6.807992706E0
7.584445154E1,-2.414479065E0,-6.489006042E0,6.809339905E0
7.585449254E1,-2.409539337E0,-6.493796082E0,6.806046753E0
7.586453254E1,-2.399510193E0,-6.490502930E0,6.809489594E0
7.587457254E1,-2.401605835E0,-6.508465576E0,6.810986481E0
7.588464354E1,-2.399360504E0,-6.514153748E0,6.818021851E0
7.589468354E1,-2.391277313E0,-6.499484253E0,6.822662201E0
7.590472454E1,-2.380649414E0,-6.490053864E0,6.832391968E0
7.591476454E1,-2.389930115E0,-6.486611023E0,6.819219360E0
7.592480454E1,-2.396067352E0,-6.488407288E0,6.835535431E0
7.593484554E1,-2.408042450E0,-6.478378143E0,6.848408661E0
7.594491554E1,-2.414329376E0,-6.458918610E0,6.857839050E0
7.595495654E1,-2.416425018E0,-6.455924835E0,6.872807922E0
7.596499654E1,-2.445165253E0,-6.461912384E0,6.876699829E0
7.597503654E1,-2.452500000E0,-6.459367676E0,6.878346405E0
7.598506637E1,-2.449057159E0,-6.466103668E0,6.869514771E0
7.599510737E1,-2.459235992E0,-6.470893707E0,6.856791229E0
7.600517837E1,-2.449506226E0,-6.465504913E0,6.841522980E0
7.601521837E1,-2.446961517E0,-6.455625458E0,6.845414886E0
7.602525837E1,-2.434387665E0,-6.451883240E0,6.826703796E0
7.603529837E1,-2.433339844E0,-6.453978882E0,6.830146637E0
7.604533937E1,-2.430196381E0,-6.455026703E0,6.829996948E0
7.605537938E1,-2.423310699E0,-6.458768921E0,6.824458466E0
7.606545037E1,-2.429298248E0,-6.461014252E0,6.841972046E0
7.607549037E1,-2.428849182E0,-6.463558960E0,6.860383759E0
7.608553037E1,-2.429897003E0,-6.458020477E0,6.861431580E0
7.609557138E1,-2.436483307E0,-6.448290710E0,6.868616638E0
7.610561137E1,-2.438728638E0,-6.433770905E0,6.870263214E0
7.611565137E1,-2.451751556E0,-6.426885223E0,6.879543915E0
7.612572237E1,-2.451302490E0,-6.426585846E0,6.869215393E0
7.613576238E1,-2.456541595E0,-6.420598297E0,6.874753876E0
7.614580337E1,-2.467618561E0,-6.424789581E0,6.871011658E0
7.615584337E1,-2.470013580E0,-6.425238647E0,6.858886871E0
7.616588337E1,-2.470312958E0,-6.444698181E0,6.843468933E0
7.617592337E1,-2.464774475E0,-6.443800049E0,6.847061462E0
7.618596437E1,-2.467917938E0,-6.428681488E0,6.854246521E0
7.619603437E1,-2.470312958E0,-6.422843628E0,6.865323486E0
7.620607537E1,-2.468217316E0,-6.422843628E0,6.869215393E0
7.621611537E1,-2.469564514E0,-6.423741760E0,6.877897339E0
7.622615537E1,-2.461631012E0,-6.430028687E0,6.880891113E0
7.623619638E1,-2.463876343E0,-6.434968414E0,6.895410919E0
7.624623637E1,-2.465373230E0,-6.439010010E0,6.873855743E0
7.625630737E1,-2.465522919E0,-6.436465302E0,6.884633331E0
7.626634737E1,-2.472408600E0,-6.436165924E0,6.879394226E0
7.627638738E1,-2.472109222E0,-6.433172150E0,6.867419128E0
7.628642837E1,-2.476450195E0,-6.431375885E0,6.861132202E0
7.629646837E1,-2.478695526E0,-6.425238647E0,6.849905548E0
7.630650837E1,-2.474504242E0,-6.426136780E0,6.848109283E0
7.631657938E1,-2.464475098E0,-6.433770905E0,6.843019867E0
7.632661937E1,-2.457589417E0,-6.440806274E0,6.853947144E0
7.633665937E1,-2.457290039E0,-6.433621216E0,6.857839050E0
7.634670037E1,-2.456391907E0,-6.431675262E0,6.871610413E0
7.635674037E1,-2.450104980E0,-6.424939270E0,6.873556366E0
7.636678037E1,-2.456242218E0,-6.430477753E0,6.869664459E0
7.637685137E1,-2.465373230E0,-6.432573395E0,6.874454498E0
7.638689137E1,-2.467768250E0,-6.423143005E0,6.871610413E0
7.639693237E1,-2.467169495E0,-6.416107635E0,6.863976288E0
7.640697237E1,-2.464175720E0,-6.418802032E0,6.860982513E0
7.641701238E1,-2.469863892E0,-6.422843628E0,6.869664459E0
7.642705337E1,-2.462379456E0,-6.419101410E0,6.884483643E0
7.643712337E1,-2.467618561E0,-6.413113861E0,6.874753876E0
7.644716438E1,-2.467019806E0,-6.409970398E0,6.866071930E0
7.645720438E1,-2.461780701E0,-6.405629425E0,6.877897339E0
7.646724437E1,-2.456990662E0,-6.404731293E0,6.881639557E0
7.647728437E1,-2.443518677E0,-6.405928802E0,6.880142670E0
7.648732537E1,-2.438578949E0,-6.405180359E0,6.885232086E0
7.649736537E1,-2.436932373E0,-6.414610748E0,6.881489868E0
7.650743637E1,-2.433339844E0,-6.401438141E0,6.888974304E0
7.651747637E1,-2.434986420E0,-6.412964172E0,6.896458740E0
7.652751637E1,-2.448907471E0,-6.413712616E0,6.890022125E0
7.653755737E1,-2.454146576E0,-6.404282227E0,6.889722748E0
7.654759737E1,-2.452949066E0,-6.408473511E0,6.893914032E0
7.655763738E1,-2.460583191E0,-6.411916351E0,6.887776794E0
7.656770837E1,-2.464325409E0,-6.413413239E0,6.893914032E0
7.657774837E1,-2.472109222E0,-6.408024445E0,6.882986755E0
7.658778938E1,-2.466720428E0,-6.409671021E0,6.872957611E0
7.659782938E1,-2.466421051E0,-6.410120087E0,6.879244537E0
7.660786937E1,-2.464325409E0,-6.408473511E0,6.882837067E0
7.661790937E1,-2.468367004E0,-6.406826935E0,6.876101074E0
7.662798038E1,-2.462379456E0,-6.406976624E0,6.871760101E0
7.663802138E1,-2.447859650E0,-6.418203278E0,6.872957611E0
7.664806137E1,-2.450853424E0,-6.414910126E0,6.893464966E0
7.665810137E1,-2.455942841E0,-6.408024445E0,6.895410919E0
7.666814137E1,-2.455942841E0,-6.411616974E0,6.901398468E0
7.667818237E1,-2.461930389E0,-6.407575378E0,6.895710297E0
7.668825337E1,-2.472109222E0,-6.416556702E0,6.903194733E0
7.669829337E1,-2.476450195E0,-6.411467285E0,6.896159363E0
7.670833337E1,-2.477498016E0,-6.413712616E0,6.889872437E0
7.671837337E1,-2.462229767E0,-6.406078491E0,6.883136444E0
7.672841438E1,-2.462379456E0,-6.403234406E0,6.886130219E0
7.673845438E1,-2.466570740E0,-6.404581604E0,6.893165588E0
7.674852537E1,-2.473755798E0,-6.406677246E0,6.889573059E0
7.675856537E1,-2.473905487E0,-6.412515106E0,6.885381775E0
7.676860538E1,-2.473157043E0,-6.409671021E0,6.905290375E0
7.677864638E1,-2.462678833E0,-6.415059814E0,6.906787262E0
7.678868637E1,-2.474055176E0,-6.411616974E0,6.907535706E0
7.679872637E1,-2.474055176E0,-6.412066040E0,6.902595978E0
7.680876637E1,-2.472707977E0,-6.399192810E0,6.892716522E0
7.681883738E1,-2.478396149E0,-6.388265533E0,6.882388000E0
7.682887837E1,-2.481090546E0,-6.390959930E0,6.882687378E0
7.683891837E1,-2.483784943E0,-6.392456818E0,6.888525238E0
7.684895837E1,-2.484533386E0,-6.389013977E0,6.873556366E0
7.685899837E1,-2.475851440E0,-6.393354950E0,6.885830841E0
7.686903938E1,-2.467618561E0,-6.396947479E0,6.881190491E0
7.687910937E1,-2.465522919E0,-6.390211487E0,6.878945160E0
7.688915037E1,-2.459685059E0,-6.395450592E0,6.893614655E0
7.689919037E1,-2.456840973E0,-6.402635651E0,6.901697845E0
7.690923038E1,-2.457140350E0,-6.398144989E0,6.908284149E0
7.691927138E1,-2.471211090E0,-6.403384094E0,6.905290375E0
7.692931137E1,-2.475252686E0,-6.409970398E0,6.900799713E0
7.693938237E1,-2.472558289E0,-6.422244873E0,6.901099091E0
7.694942238E1,-2.474055176E0,-6.416407013E0,6.906787262E0
7.695946238E1,-2.470762024E0,-6.393354950E0,6.888824615E0
7.696950337E1,-2.471959534E0,-6.387217712E0,6.884333954E0
7.697954337E1,-2.467468872E0,-6.388564911E0,6.884633331E0
7.698958400E1,-2.452200623E0,-6.383325806E0,6.887627106E0
7.699965500E1,-2.468965759E0,-6.380481720E0,6.889423370E0
7.700969500E1,-2.471211090E0,-6.371650085E0,6.894961853E0
7.701973500E1,-2.478396149E0,-6.382577362E0,6.896608429E0
7.702977600E1,-2.492017822E0,-6.395899658E0,6.916816406E0
7.703981600E1,-2.489922180E0,-6.391109619E0,6.924001465E0
7.704985600E1,-2.493365021E0,-6.398743744E0,6.921307068E0
7.705992700E1,-2.491718445E0,-6.391259308E0,6.906487885E0
7.706996700E1,-2.495161285E0,-6.387666779E0,6.895710297E0
7.708000800E1,-2.496658173E0,-6.375691681E0,6.892866211E0
7.709004800E1,-2.493664398E0,-6.376739502E0,6.896758118E0
7.710008800E1,-2.499951324E0,-6.380332031E0,6.905739441E0
7.711012900E1,-2.491419067E0,-6.379284210E0,6.895859985E0
7.712016900E1,-2.484982452E0,-6.380930786E0,6.887926483E0
7.713024000E1,-2.489173737E0,-6.377338257E0,6.891369324E0
7.714028000E1,-2.484234009E0,-6.379733276E0,6.884633331E0
7.715032000E1,-2.484982452E0,-6.387666779E0,6.896159363E0
7.716036000E1,-2.486329651E0,-6.392756195E0,6.897656250E0
7.717040100E1,-2.484982452E0,-6.398144989E0,6.891069946E0
7.718044100E1,-2.480940857E0,-6.401737518E0,6.889273682E0
7.719051200E1,-2.475701752E0,-6.397546234E0,6.878945160E0
7.720055200E1,-2.473007355E0,-6.408174133E0,6.873256989E0
7.721059200E1,-2.470312958E0,-6.408174133E0,6.889872437E0
7.722063300E1,-2.470762024E0,-6.410419464E0,6.879543915E0
7.723067300E1,-2.462229767E0,-6.411916351E0,6.894363098E0
7.724071300E1,-2.450104980E0,-6.411916351E0,6.893015900E0
7.725078400E1,-2.454745331E0,-6.405030670E0,6.881340179E0
7.726082400E1,-2.455643463E0,-6.399192810E0,6.885980530E0
7.727086500E1,-2.457140350E0,-6.397546234E0,6.884034576E0
7.728090500E1,-2.464325409E0,-6.389912109E0,6.880442047E0
7.729094500E1,-2.466570740E0,-6.396498413E0,6.895261230E0
7.730098500E1,-2.465223541E0,-6.393504639E0,6.899452515E0
7.731105600E1,-2.459385681E0,-6.378386078E0,6.903344421E0
7.732109700E1,-2.459984436E0,-6.376440125E0,6.898404694E0
7.733113700E1,-2.463876343E0,-6.380332031E0,6.908583527E0
7.734117700E1,-2.463876343E0,-6.375691681E0,6.901997223E0
7.735121700E1,-2.464624786E0,-6.380930786E0,6.909032593E0
7.736125800E1,-2.457140350E0,-6.373596039E0,6.910529480E0
7.737132800E1,-2.458936615E0,-6.379733276E0,6.911726990E0
7.738136900E1,-2.465373230E0,-6.382427673E0,6.925797729E0
7.739140900E1,-2.464325409E0,-6.380930786E0,6.912625122E0
7.740144900E1,-2.473157043E0,-6.379733276E0,6.915169830E0
7.741149000E1,-2.474354553E0,-6.385271759E0,6.900350647E0
7.742153000E1,-2.476001129E0,-6.387517090E0,6.895261230E0
7.743157000E1,-2.479294281E0,-6.381230164E0,6.899302826E0
7.744164100E1,-2.478246460E0,-6.384373627E0,6.893914032E0
7.745168100E1,-2.485431519E0,-6.383924561E0,6.896758118E0
7.746172200E1,-2.489622803E0,-6.383625183E0,6.897506561E0
7.747176200E1,-2.498005371E0,-6.390510864E0,6.887327728E0
7.748180200E1,-2.480641479E0,-6.378835144E0,6.894662476E0
7.749184200E1,-2.469265137E0,-6.379134521E0,6.899153137E0
7.750191300E1,-2.479294281E0,-6.382128296E0,6.899751892E0
7.751195300E1,-2.486778717E0,-6.388265533E0,6.901997223E0
7.752199400E1,-2.488425293E0,-6.400989075E0,6.898255005E0
7.753203400E1,-2.493963776E0,-6.394552460E0,6.902296600E0
7.754207400E1,-2.489024048E0,-6.391858063E0,6.912924500E0
7.755211500E1,-2.485581207E0,-6.394702148E0,6.911577301E0
7.756218500E1,-2.473306732E0,-6.391708374E0,6.922953644E0
7.757222600E1,-2.462080078E0,-6.400989075E0,6.913672943E0
7.758226600E1,-2.467618561E0,-6.396797791E0,6.897057495E0
7.759230600E1,-2.469564514E0,-6.388265533E0,6.901548157E0
7.760234700E1,-2.474653931E0,-6.374943237E0,6.891968079E0
7.761238700E1,-2.495760040E0,-6.363566895E0,6.886728973E0
7.762245800E1,-2.490221558E0,-6.367758179E0,6.889423370E0
7.763249800E1,-2.477198639E0,-6.375092926E0,6.871161346E0
7.764253800E1,-2.483036499E0,-6.376440125E0,6.869664459E0
7.765257800E1,-2.484084320E0,-6.389163666E0,6.888974304E0
7.766261900E1,-2.471061401E0,-6.394402771E0,6.904242554E0
7.767265900E1,-2.462828522E0,-6.404132538E0,6.912774811E0
7.768273000E1,-2.456541595E0,-6.398144989E0,6.907236328E0
7.769277000E1,-2.460433502E0,-6.389762421E0,6.920109558E0
7.770281000E1,-2.458188171E0,-6.382727051E0,6.915618896E0
7.771285100E1,-2.459086304E0,-6.390361176E0,6.928941193E0
7.772289100E1,-2.469714203E0,-6.396348724E0,6.910828857E0
7.773293100E1,-2.473905487E0,-6.385571136E0,6.905140686E0
7.774300200E1,-2.472707977E0,-6.382277985E0,6.908134460E0
7.775304200E1,-2.478695526E0,-6.379284210E0,6.903045044E0
7.776308300E1,-2.475402374E0,-6.383625183E0,6.882088623E0
7.777312300E1,-2.470312958E0,-6.391858063E0,6.892117767E0
7.778316300E1,-2.473905487E0,-6.384673004E0,6.908882904E0
7.779320300E1,-2.472408600E0,-6.377937012E0,6.913672943E0
7.780324400E1,-2.478845215E0,-6.366111603E0,6.906936951E0
7.781331500E1,-2.485281830E0,-6.378236389E0,6.924300842E0
7.782335500E1,-2.482138367E0,-6.379134521E0,6.923851776E0
7.783339500E1,-2.484533386E0,-6.384074249E0,6.919061737E0
7.784343500E1,-2.494263153E0,-6.385122070E0,6.919959869E0
7.785347600E1,-2.493664398E0,-6.377188568E0,6.919959869E0
7.786351600E1,-2.490071869E0,-6.378984833E0,6.907386017E0
7.787358700E1,-2.490520935E0,-6.382727051E0,6.906188507E0
7.788362700E1,-2.489024048E0,-6.380032654E0,6.899302826E0
7.789366700E1,-2.479294281E0,-6.376140747E0,6.908733215E0
7.790370800E1,-2.469265137E0,-6.380781097E0,6.894063721E0
7.791374800E1,-2.468067627E0,-6.378236389E0,6.894662476E0
7.792378800E1,-2.477198639E0,-6.386618958E0,6.890171814E0
7.793385900E1,-2.481240234E0,-6.382876740E0,6.898255005E0
7.794389900E1,-2.485880585E0,-6.383924561E0,6.898853760E0
7.795394000E1,-2.486030273E0,-6.388564911E0,6.897805939E0
7.796398000E1,-2.468816071E0,-6.380781097E0,6.898404694E0
7.797402000E1,-2.466271362E0,-6.391558685E0,6.909481659E0
7.798406750E1,-2.476899261E0,-6.384373627E0,6.909930725E0
7.799413850E1,-2.475402374E0,-6.386169891E0,6.899901581E0
7.800417850E1,-2.470312958E0,-6.392007751E0,6.909182281E0
7.801421950E1,-2.480192413E0,-6.382277985E0,6.912026367E0
7.802425950E1,-2.478246460E0,-6.380781097E0,6.907386017E0
7.803429950E1,-2.470163269E0,-6.378685455E0,6.893914032E0
7.804434050E1,-2.469414825E0,-6.382727051E0,6.886279907E0
7.805441050E1,-2.468816071E0,-6.378835144E0,6.896309052E0
7.806445150E1,-2.463576965E0,-6.373745728E0,6.899302826E0
7.807449150E1,-2.464624786E0,-6.371350708E0,6.901248779E0
7.808453150E1,-2.472707977E0,-6.366710358E0,6.913972321E0
7.809457250E1,-2.475252686E0,-6.366261292E0,6.920408936E0
7.810461250E1,-2.463127899E0,-6.365662537E0,6.920408936E0
7.811465250E1,-2.466720428E0,-6.376290436E0,6.914870453E0
7.812472350E1,-2.480192413E0,-6.375092926E0,6.915020142E0
7.813476350E1,-2.478994904E0,-6.372248840E0,6.913523254E0
7.814480350E1,-2.476599884E0,-6.361171875E0,6.903793488E0
7.815484450E1,-2.472258911E0,-6.372997284E0,6.905589752E0
7.816488450E1,-2.480192413E0,-6.367159424E0,6.913223877E0
7.817492450E1,-2.479743347E0,-6.372847595E0,6.906487885E0
7.818499550E1,-2.474803619E0,-6.375991058E0,6.903344421E0
7.819503550E1,-2.474504242E0,-6.376290436E0,6.912924500E0
7.820507650E1,-2.471660156E0,-6.377787323E0,6.904242554E0
7.821511650E1,-2.483186188E0,-6.376440125E0,6.907984772E0
7.822515650E1,-2.474055176E0,-6.380930786E0,6.907386017E0
7.823519750E1,-2.472408600E0,-6.380781097E0,6.901697845E0
7.824526750E1,-2.468516693E0,-6.380631409E0,6.901847534E0
7.825530850E1,-2.470312958E0,-6.388864288E0,6.893764343E0
7.826534850E1,-2.465223541E0,-6.388864288E0,6.908882904E0
7.827538850E1,-2.477498016E0,-6.375392303E0,6.909781036E0
7.828542850E1,-2.491119690E0,-6.374045105E0,6.904392242E0
7.829546950E1,-2.487826538E0,-6.380182343E0,6.898404694E0
7.830554050E1,-2.474803619E0,-6.382727051E0,6.903793488E0
7.831558050E1,-2.471660156E0,-6.380032654E0,6.908882904E0
7.832562050E1,-2.466121674E0,-6.379733276E0,6.910828857E0
7.833566050E1,-2.475701752E0,-6.377487946E0,6.912924500E0
7.834570150E1,-2.477947083E0,-6.374494171E0,6.912625122E0
7.835574150E1,-2.486179962E0,-6.378984833E0,6.916367340E0
7.836581250E1,-2.490670624E0,-6.378984833E0,6.906338196E0
7.837585250E1,-2.488874359E0,-6.366410980E0,6.919660492E0
7.838589250E1,-2.480940857E0,-6.368207245E0,6.929240570E0
7.839593350E1,-2.475252686E0,-6.379134521E0,6.936275940E0
7.840597350E1,-2.481539612E0,-6.388714600E0,6.938221893E0
7.841601350E1,-2.474504242E0,-6.387966156E0,6.928492126E0
7.842608450E1,-2.474953308E0,-6.382577362E0,6.917564850E0
7.843612450E1,-2.484683075E0,-6.362219696E0,6.901248779E0
7.844616550E1,-2.485132141E0,-6.359076233E0,6.884633331E0
7.845620550E1,-2.491269379E0,-6.367608490E0,6.879693604E0
7.846624550E1,-2.488275604E0,-6.363716583E0,6.890171814E0
7.847628550E1,-2.479893036E0,-6.365961914E0,6.878346405E0
7.848632650E1,-2.482587433E0,-6.372847595E0,6.892866211E0
7.849639650E1,-2.474803619E0,-6.390061798E0,6.895261230E0
7.850643750E1,-2.462678833E0,-6.385870514E0,6.906188507E0
7.851647750E1,-2.451302490E0,-6.390660553E0,6.920858002E0
7.852651750E1,-2.454296265E0,-6.390660553E0,6.929689636E0
7.853655850E1,-2.455793152E0,-6.392905884E0,6.917564850E0
7.854659850E1,-2.462379456E0,-6.383325806E0,6.913822632E0
7.855666950E1,-2.472408600E0,-6.385571136E0,6.915618896E0
7.856670950E1,-2.472258911E0,-6.385271759E0,6.900799713E0
7.857674950E1,-2.470013580E0,-6.376889191E0,6.897805939E0
7.858679050E1,-2.478246460E0,-6.376290436E0,6.894812164E0
7.859683050E1,-2.480491791E0,-6.375092926E0,6.900051270E0
7.860687050E1,-2.482737122E0,-6.362070007E0,6.904541931E0
7.861694150E1,-2.481090546E0,-6.365812225E0,6.910679169E0
7.862698150E1,-2.480342102E0,-6.372398529E0,6.921157379E0
7.863702150E1,-2.476001129E0,-6.358776855E0,6.924600220E0
7.864706250E1,-2.481090546E0,-6.363716583E0,6.929839325E0
7.865710250E1,-2.490221558E0,-6.364764404E0,6.928641815E0
7.866714250E1,-2.480342102E0,-6.368955688E0,6.923552399E0
7.867721350E1,-2.483485565E0,-6.368207245E0,6.921606445E0
7.868725350E1,-2.478396149E0,-6.369853821E0,6.919061737E0
7.869729450E1,-2.481389923E0,-6.364764404E0,6.915020142E0
7.870733450E1,-2.480940857E0,-6.362070007E0,6.923552399E0
7.871737450E1,-2.485281830E0,-6.362219696E0,6.928941193E0
7.872741550E1,-2.489772491E0,-6.362219696E0,6.918313293E0
7.873748550E1,-2.476001129E0,-6.359974365E0,6.910529480E0
7.874752650E1,-2.484683075E0,-6.361770630E0,6.905440063E0
7.875756650E1,-2.491568756E0,-6.364165649E0,6.915618896E0
7.876760650E1,-2.488125916E0,-6.370602264E0,6.906637573E0
7.877764650E1,-2.485730896E0,-6.369554443E0,6.913972321E0
7.878768750E1,-2.491119690E0,-6.374494171E0,6.910529480E0
7.879772750E1,-2.476450195E0,-6.380032654E0,6.919211426E0
7.880779850E1,-2.470312958E0,-6.375991058E0,6.901398468E0
7.881783850E1,-2.481090546E0,-6.383774872E0,6.895859985E0
7.882787850E1,-2.471959534E0,-6.382128296E0,6.907236328E0
7.883791950E1,-2.469414825E0,-6.371799774E0,6.913523254E0
7.884795950E1,-2.475851440E0,-6.375092926E0,6.909631348E0
7.885799950E1,-2.473157043E0,-6.375092926E0,6.910379791E0
7.886807050E1,-2.473456421E0,-6.374344482E0,6.908733215E0
7.887811050E1,-2.477797394E0,-6.366261292E0,6.897506561E0
7.888815150E1,-2.476599884E0,-6.365961914E0,6.899751892E0
7.889819150E1,-2.476749573E0,-6.372248840E0,6.909331970E0
7.890823150E1,-2.468367004E0,-6.369105377E0,6.918313293E0
7.891827150E1,-2.475102997E0,-6.365063782E0,6.921456757E0
7.892834250E1,-2.474803619E0,-6.366710358E0,6.924001465E0
7.893838350E1,-2.468965759E0,-6.360273743E0,6.929839325E0
7.894842350E1,-2.469714203E0,-6.361321564E0,6.936275940E0
7.895846350E1,-2.466421051E0,-6.367159424E0,6.918612671E0
7.896850350E1,-2.476450195E0,-6.362668762E0,6.936874695E0
7.897854450E1,-2.478545837E0,-6.364015961E0,6.929989014E0
7.898860192E1,-2.485281830E0,-6.364614716E0,6.920708313E0
7.899864192E1,-2.489173737E0,-6.363866272E0,6.926246796E0
7.900868192E1,-2.486030273E0,-6.360872498E0,6.920858002E0
7.901872192E1,-2.494861908E0,-6.359974365E0,6.911577301E0
7.902876292E1,-2.487676849E0,-6.368057556E0,6.917265472E0
7.903880292E1,-2.474653931E0,-6.370003510E0,6.911427612E0
7.904887392E1,-2.483784943E0,-6.375392303E0,6.903494110E0
7.905891392E1,-2.483186188E0,-6.368806000E0,6.900350647E0
7.906895392E1,-2.482437744E0,-6.359974365E0,6.910978546E0
7.907899492E1,-2.474055176E0,-6.369853821E0,6.911277924E0
7.908903492E1,-2.478545837E0,-6.357279968E0,6.922354889E0
7.909907492E1,-2.473755798E0,-6.360423431E0,6.924450531E0
7.910914592E1,-2.477947083E0,-6.368057556E0,6.911427612E0
7.911918592E1,-2.476450195E0,-6.366410980E0,6.923402710E0
7.912922692E1,-2.476899261E0,-6.356980591E0,6.926695862E0
7.913926692E1,-2.473306732E0,-6.359225922E0,6.929989014E0
7.914930692E1,-2.475102997E0,-6.362070007E0,6.935527496E0
7.915934692E1,-2.474354553E0,-6.358776855E0,6.921456757E0
7.916938792E1,-2.476749573E0,-6.369404755E0,6.908284149E0
7.917945792E1,-2.466570740E0,-6.370751953E0,6.922055511E0
7.918949892E1,-2.471660156E0,-6.363267517E0,6.921905823E0
7.919953892E1,-2.473606110E0,-6.363267517E0,6.920708313E0
7.920957892E1,-2.464026031E0,-6.364315338E0,6.922055511E0
7.921961992E1,-2.471211090E0,-6.371949463E0,6.921905823E0
7.922965992E1,-2.481090546E0,-6.374494171E0,6.923103333E0
7.923973092E1,-2.493664398E0,-6.373446350E0,6.921456757E0
7.924977092E1,-2.492167511E0,-6.364165649E0,6.929539948E0
7.925981092E1,-2.492466888E0,-6.365213470E0,6.938970337E0
7.926985192E1,-2.488724670E0,-6.372847595E0,6.933282166E0
7.927989192E1,-2.478845215E0,-6.382128296E0,6.931336212E0
7.928993192E1,-2.473306732E0,-6.376889191E0,6.931485901E0
7.930000292E1,-2.478096771E0,-6.371051331E0,6.923552399E0
7.931004292E1,-2.479893036E0,-6.352190552E0,6.916666718E0
7.932008292E1,-2.484832764E0,-6.346352692E0,6.904990997E0
7.933012392E1,-2.485431519E0,-6.342909851E0,6.895410919E0
7.934016392E1,-2.488874359E0,-6.345005493E0,6.891818390E0
7.935020392E1,-2.496508484E0,-6.351142731E0,6.898404694E0
7.936027492E1,-2.491419067E0,-6.364614716E0,6.897656250E0
7.937031492E1,-2.477797394E0,-6.372398529E0,6.905140686E0
7.938035592E1,-2.477348328E0,-6.373146973E0,6.910978546E0
7.939039592E1,-2.468516693E0,-6.377338257E0,6.920259247E0
7.940043592E1,-2.462379456E0,-6.371949463E0,6.930288391E0
7.941047692E1,-2.472408600E0,-6.368356934E0,6.931036835E0
7.942054692E1,-2.475102997E0,-6.371500397E0,6.938670959E0
7.943058792E1,-2.476001129E0,-6.381529541E0,6.921456757E0
7.944062792E1,-2.486030273E0,-6.378984833E0,6.913373566E0
7.945066792E1,-2.479144592E0,-6.376589813E0,6.913373566E0
7.946070792E1,-2.481539612E0,-6.368057556E0,6.916966095E0
7.947074892E1,-2.473456421E0,-6.360124054E0,6.908882904E0
7.948078892E1,-2.470312958E0,-6.357429657E0,6.919361115E0
7.949085992E1,-2.478994904E0,-6.362219696E0,6.918612671E0
7.950089992E1,-2.478994904E0,-6.352340240E0,6.919959869E0
7.951093992E1,-2.487078094E0,-6.344855804E0,6.928941193E0
7.952098092E1,-2.490371246E0,-6.351292419E0,6.921157379E0
7.953102092E1,-2.486928406E0,-6.356531525E0,6.939269714E0
7.954106092E1,-2.485581207E0,-6.349196777E0,6.944808197E0
7.955113192E1,-2.491568756E0,-6.350993042E0,6.941215668E0
7.956117192E1,-2.492017822E0,-6.346502380E0,6.935078430E0
7.957121292E1,-2.488425293E0,-6.339916077E0,6.931036835E0
7.958125292E1,-2.485132141E0,-6.354884949E0,6.934479675E0
7.959129292E1,-2.491568756E0,-6.364015961E0,6.934329987E0
7.960133292E1,-2.485581207E0,-6.361171875E0,6.929390259E0
7.961140392E1,-2.478246460E0,-6.365812225E0,6.921307068E0
7.962144492E1,-2.484533386E0,-6.368806000E0,6.920708313E0
7.963148492E1,-2.480641479E0,-6.362070007E0,6.919510803E0
7.964152492E1,-2.490520935E0,-6.353088684E0,6.927593994E0
7.965156492E1,-2.487377472E0,-6.364315338E0,6.920858002E0
7.966160592E1,-2.484982452E0,-6.372847595E0,6.910080414E0
7.967167592E1,-2.485281830E0,-6.370602264E0,6.929839325E0
7.968171692E1,-2.474354553E0,-6.370302887E0,6.923851776E0
7.969175692E1,-2.481090546E0,-6.382727051E0,6.913223877E0
7.970179692E1,-2.480940857E0,-6.379733276E0,6.911277924E0
7.971183792E1,-2.480192413E0,-6.368955688E0,6.916966095E0
7.972187792E1,-2.485581207E0,-6.367758179E0,6.930587769E0
7.973194892E1,-2.478096771E0,-6.365363159E0,6.920259247E0
7.974198892E1,-2.475701752E0,-6.367608490E0,6.916067963E0
7.975202892E1,-2.477498016E0,-6.361471252E0,6.931336212E0
7.976206992E1,-2.481389923E0,-6.361920319E0,6.919510803E0
7.977210992E1,-2.476450195E0,-6.363566895E0,6.909331970E0
7.978214992E1,-2.467019806E0,-6.365812225E0,6.918163605E0
7.979222092E1,-2.471809845E0,-6.365213470E0,6.924300842E0
7.980226092E1,-2.480791168E0,-6.354735260E0,6.928641815E0
7.981230092E1,-2.479144592E0,-6.355932770E0,6.935228119E0
7.982234192E1,-2.476899261E0,-6.353238373E0,6.929539948E0
7.983238192E1,-2.480042725E0,-6.346652069E0,6.932384033E0
7.984242192E1,-2.481090546E0,-6.353837128E0,6.922504578E0
7.985246292E1,-2.480491791E0,-6.354435883E0,6.924300842E0
7.986253292E1,-2.480491791E0,-6.368057556E0,6.921157379E0
7.987257392E1,-2.475851440E0,-6.367309113E0,6.917714539E0
7.988261392E1,-2.479743347E0,-6.360273743E0,6.932683411E0
7.989265392E1,-2.482737122E0,-6.358178101E0,6.937323761E0
7.990269492E1,-2.475402374E0,-6.367309113E0,6.922803955E0
7.991273492E1,-2.468367004E0,-6.361770630E0,6.923103333E0
7.992280592E1,-2.476450195E0,-6.356830902E0,6.905440063E0
7.993284592E1,-2.472408600E0,-6.359974365E0,6.915020142E0
7.994288592E1,-2.466570740E0,-6.359525299E0,6.908583527E0
7.995292592E1,-2.473306732E0,-6.358926544E0,6.920558624E0
7.996296692E1,-2.483485565E0,-6.362070007E0,6.919061737E0
7.997300692E1,-2.488125916E0,-6.368806000E0,6.930288391E0
7.998307792E1,-2.491718445E0,-6.364914093E0,6.931785278E0
7.999312812E1,-2.471211090E0,-6.359824677E0,6.925648041E0
8.000316812E1,-2.480940857E0,-6.362668762E0,6.917265472E0
8.001320912E1,-2.476450195E0,-6.364165649E0,6.918612671E0
8.002324912E1,-2.480491791E0,-6.371350708E0,6.928043060E0
8.003328913E1,-2.478994904E0,-6.366710358E0,6.926396484E0
8.004336012E1,-2.487227783E0,-6.368207245E0,6.913373566E0
8.005340012E1,-2.483335876E0,-6.359375610E0,6.913523254E0
8.006344112E1,-2.490221558E0,-6.366111603E0,6.929539948E0
8.007348113E1,-2.483335876E0,-6.359525299E0,6.945406952E0
8.008352113E1,-2.477198639E0,-6.364914093E0,6.941215668E0
8.009356112E1,-2.474653931E0,-6.369255066E0,6.944359131E0
8.010363212E1,-2.489922180E0,-6.368806000E0,6.944359131E0
8.011367313E1,-2.497256927E0,-6.369554443E0,6.930438080E0
8.012371313E1,-2.497556305E0,-6.360573120E0,6.916367340E0
8.013375312E1,-2.499651947E0,-6.353088684E0,6.910679169E0
8.014379312E1,-2.505639496E0,-6.350843353E0,6.896907806E0
8.015383412E1,-2.505040741E0,-6.352639618E0,6.880891113E0
8.016390412E1,-2.505639496E0,-6.358327789E0,6.894213409E0
8.017394512E1,-2.493215332E0,-6.357130280E0,6.903643799E0
8.018398512E1,-2.481090546E0,-6.359375610E0,6.903643799E0
8.019402512E1,-2.472558289E0,-6.366111603E0,6.920558624E0
8.020406612E1,-2.458936615E0,-6.369404755E0,6.920558624E0
8.021410613E1,-2.455942841E0,-6.368207245E0,6.927444305E0
8.022414613E1,-2.458337860E0,-6.374793549E0,6.936275940E0
8.023421712E1,-2.458786926E0,-6.375242615E0,6.933431854E0
8.024425712E1,-2.463127899E0,-6.372398529E0,6.920109558E0
8.025429813E1,-2.471211090E0,-6.373745728E0,6.925348663E0
8.026433813E1,-2.477198639E0,-6.365363159E0,6.918163605E0
8.027437812E1,-2.488724670E0,-6.367159424E0,6.897955627E0
8.028441812E1,-2.472109222E0,-6.350394287E0,6.896009674E0
8.029448913E1,-2.468367004E0,-6.356681213E0,6.903045044E0
8.030452912E1,-2.483485565E0,-6.357579346E0,6.918013916E0
8.031457012E1,-2.483186188E0,-6.353088684E0,6.913223877E0
8.032461012E1,-2.480491791E0,-6.359525299E0,6.917265472E0
8.033465012E1,-2.489922180E0,-6.359076233E0,6.928342438E0
8.034469112E1,-2.483036499E0,-6.366111603E0,6.947502594E0
8.035476112E1,-2.485880585E0,-6.366560669E0,6.944059753E0
8.036480212E1,-2.486329651E0,-6.353088684E0,6.935377808E0
8.037484212E1,-2.483036499E0,-6.347849579E0,6.935078430E0
8.038488212E1,-2.487078094E0,-6.347550201E0,6.935078430E0
8.039492313E1,-2.483784943E0,-6.348298645E0,6.925198975E0
8.040496313E1,-2.497256927E0,-6.347101135E0,6.919959869E0
8.041503412E1,-2.495161285E0,-6.350543976E0,6.913523254E0
8.042507412E1,-2.492167511E0,-6.357130280E0,6.917265472E0
8.043511413E1,-2.492466888E0,-6.361770630E0,6.922654266E0
8.044515412E1,-2.488724670E0,-6.362968140E0,6.926695862E0
8.045519512E1,-2.487527161E0,-6.367458801E0,6.920708313E0
8.046523512E1,-2.492915955E0,-6.369704132E0,6.917864227E0
8.047530613E1,-2.481389923E0,-6.373146973E0,6.922354889E0
8.048534612E1,-2.484982452E0,-6.378236389E0,6.918612671E0
8.049538612E1,-2.484683075E0,-6.372099152E0,6.908134460E0
8.050542712E1,-2.487527161E0,-6.369404755E0,6.926695862E0
8.051546712E1,-2.484832764E0,-6.371799774E0,6.916966095E0
8.052550712E1,-2.488874359E0,-6.364315338E0,6.910828857E0
8.053554813E1,-2.481689301E0,-6.358178101E0,6.920408936E0
8.054561812E1,-2.479443970E0,-6.367309113E0,6.922055511E0
8.055565912E1,-2.471211090E0,-6.368806000E0,6.916217651E0
8.056569912E1,-2.476300507E0,-6.369853821E0,6.914870453E0
8.057573913E1,-2.477198639E0,-6.367009735E0,6.919660492E0
8.058577912E1,-2.463427277E0,-6.365961914E0,6.928192749E0
8.059582012E1,-2.479593658E0,-6.371500397E0,6.931485901E0
8.060589113E1,-2.469115448E0,-6.368506622E0,6.931336212E0
8.061593113E1,-2.473606110E0,-6.358926544E0,6.936575317E0
8.062597112E1,-2.478845215E0,-6.370003510E0,6.929240570E0
8.063601112E1,-2.477198639E0,-6.359525299E0,6.928791504E0
8.064605212E1,-2.474803619E0,-6.355034637E0,6.922654266E0
8.065609212E1,-2.476450195E0,-6.354435883E0,6.927444305E0
8.066616312E1,-2.480940857E0,-6.355184326E0,6.928791504E0
8.067620312E1,-2.481539612E0,-6.359375610E0,6.926396484E0
8.068624312E1,-2.481090546E0,-6.351741486E0,6.924450531E0
8.069628412E1,-2.488425293E0,-6.363716583E0,6.912176056E0
8.070632412E1,-2.488724670E0,-6.355483704E0,6.918612671E0
8.071636413E1,-2.483635254E0,-6.356681213E0,6.911577301E0
8.072643512E1,-2.481689301E0,-6.366410980E0,6.912325745E0
8.073647512E1,-2.487227783E0,-6.368506622E0,6.916666718E0
8.074651613E1,-2.475552063E0,-6.368207245E0,6.912475433E0
8.075655613E1,-2.472857666E0,-6.362818451E0,6.922654266E0
8.076659612E1,-2.479144592E0,-6.358178101E0,6.920408936E0
8.077663612E1,-2.487377472E0,-6.350543976E0,6.937772827E0
8.078670713E1,-2.496658173E0,-6.357130280E0,6.935976563E0
8.079674713E1,-2.489772491E0,-6.359225922E0,6.926097107E0
8.080678812E1,-2.485730896E0,-6.360872498E0,6.926546173E0
8.081682812E1,-2.478246460E0,-6.351292419E0,6.928492126E0
8.082686812E1,-2.473456421E0,-6.360573120E0,6.927743683E0
8.083690912E1,-2.477647705E0,-6.362818451E0,6.916816406E0
8.084697912E1,-2.472707977E0,-6.366710358E0,6.922504578E0
8.085702012E1,-2.481539612E0,-6.367159424E0,6.927294617E0
8.086706012E1,-2.483784943E0,-6.356830902E0,6.928192749E0
8.087710012E1,-2.483934631E0,-6.353238373E0,6.931785278E0
8.088714113E1,-2.480042725E0,-6.361171875E0,6.945107574E0
8.089718113E1,-2.484982452E0,-6.369554443E0,6.938371582E0
8.090722112E1,-2.492616577E0,-6.382128296E0,6.932533722E0
8.091729212E1,-2.492017822E0,-6.382577362E0,6.924749908E0
8.092733213E1,-2.484533386E0,-6.370751953E0,6.923253021E0
8.093737213E1,-2.493963776E0,-6.356681213E0,6.909631348E0
8.094741312E1,-2.494712219E0,-6.350543976E0,6.904392242E0
8.095745312E1,-2.492167511E0,-6.343059540E0,6.884034576E0
8.096749312E1,-2.495310974E0,-6.349496155E0,6.879992981E0
8.097756413E1,-2.488125916E0,-6.352040863E0,6.904392242E0
8.098758162E1,-2.484832764E0,-6.355034637E0,6.919810181E0
8.099762263E1,-2.475102997E0,-6.360273743E0,6.937922516E0
8.100766263E1,-2.476001129E0,-6.365363159E0,6.940766602E0
8.101770262E1,-2.477647705E0,-6.362818451E0,6.944359131E0
8.102774362E1,-2.469265137E0,-6.361770630E0,6.935677185E0
8.103781363E1,-2.471211090E0,-6.361471252E0,6.922354889E0
8.104785463E1,-2.465223541E0,-6.365363159E0,6.931336212E0
8.105789462E1,-2.469265137E0,-6.362668762E0,6.932533722E0
8.106793462E1,-2.485431519E0,-6.367009735E0,6.923702087E0
8.107797462E1,-2.486179962E0,-6.367758179E0,6.914122009E0
8.108801562E1,-2.476150818E0,-6.362070007E0,6.890022125E0
8.109808662E1,-2.478545837E0,-6.362369385E0,6.904242554E0
8.110812662E1,-2.480791168E0,-6.359225922E0,6.913523254E0
8.111816662E1,-2.477947083E0,-6.357729034E0,6.903494110E0
8.112820662E1,-2.484383698E0,-6.352789307E0,6.922354889E0
8.113824763E1,-2.487377472E0,-6.360423431E0,6.928641815E0
8.114828763E1,-2.484084320E0,-6.359824677E0,6.931934967E0
8.115835862E1,-2.481988678E0,-6.366111603E0,6.942413177E0
8.116839862E1,-2.485880585E0,-6.355184326E0,6.935677185E0
8.117843863E1,-2.494562531E0,-6.350244598E0,6.937174072E0
8.118847963E1,-2.483934631E0,-6.368356934E0,6.934479675E0
8.119851962E1,-2.481539612E0,-6.368955688E0,6.937473450E0
8.120855962E1,-2.480491791E0,-6.371500397E0,6.926995239E0
8.121863063E1,-2.483186188E0,-6.355633392E0,6.914421387E0
8.122867063E1,-2.484084320E0,-6.353687439E0,6.910379791E0
8.123871162E1,-2.490970001E0,-6.358776855E0,6.900200958E0
8.124875162E1,-2.494263153E0,-6.361022186E0,6.915020142E0
8.125879162E1,-2.496957550E0,-6.359225922E0,6.915768585E0
8.126883162E1,-2.488425293E0,-6.364764404E0,6.914122009E0
8.127890262E1,-2.488724670E0,-6.371650085E0,6.908583527E0
8.128894362E1,-2.480641479E0,-6.369853821E0,6.913373566E0
8.129898362E1,-2.484533386E0,-6.377487946E0,6.919211426E0
8.130902362E1,-2.496508484E0,-6.372697906E0,6.923702087E0
8.131906363E1,-2.487676849E0,-6.360273743E0,6.918013916E0
8.132910463E1,-2.487527161E0,-6.354585571E0,6.923253021E0
8.133914462E1,-2.483485565E0,-6.356681213E0,6.921307068E0
8.134921562E1,-2.483335876E0,-6.355184326E0,6.925198975E0
8.135925563E1,-2.487826538E0,-6.353986816E0,6.926396484E0
8.136929563E1,-2.481988678E0,-6.355633392E0,6.924749908E0
8.137933662E1,-2.481988678E0,-6.352789307E0,6.927593994E0
8.138937662E1,-2.472109222E0,-6.351442108E0,6.916517029E0
8.139941662E1,-2.464026031E0,-6.355034637E0,6.924151154E0
8.140948762E1,-2.468965759E0,-6.356980591E0,6.937772827E0
8.141952762E1,-2.463427277E0,-6.352938995E0,6.932533722E0
8.142956862E1,-2.460583191E0,-6.342011719E0,6.936425629E0
8.143960862E1,-2.481240234E0,-6.346652069E0,6.942562866E0
8.144964862E1,-2.480042725E0,-6.346801758E0,6.930737457E0
8.145968863E1,-2.488275604E0,-6.353986816E0,6.935677185E0
8.146975962E1,-2.484982452E0,-6.347250824E0,6.942263489E0
8.147979962E1,-2.495460663E0,-6.356531525E0,6.925049286E0
8.148984062E1,-2.497556305E0,-6.362818451E0,6.920259247E0
8.149988063E1,-2.487078094E0,-6.356232147E0,6.927893372E0
8.150992063E1,-2.498604126E0,-6.361620941E0,6.921756134E0
8.151996162E1,-2.486030273E0,-6.363866272E0,6.911876678E0
8.153003162E1,-2.484084320E0,-6.368656311E0,6.911726990E0
8.154007263E1,-2.491868134E0,-6.365512848E0,6.920858002E0
8.155011262E1,-2.498753815E0,-6.364315338E0,6.928791504E0
8.156015262E1,-2.496807861E0,-6.349645844E0,6.922055511E0
8.157019362E1,-2.503094788E0,-6.353837128E0,6.919061737E0
8.158023362E1,-2.497406616E0,-6.362219696E0,6.931934967E0
8.159030462E1,-2.491119690E0,-6.355184326E0,6.920558624E0
8.160034462E1,-2.493215332E0,-6.354735260E0,6.929090881E0
8.161038462E1,-2.489772491E0,-6.348598022E0,6.926097107E0
8.162042462E1,-2.489922180E0,-6.355483704E0,6.920408936E0
8.163046562E1,-2.499202881E0,-6.364914093E0,6.919361115E0
8.164050563E1,-2.503543854E0,-6.363566895E0,6.917564850E0
8.165057662E1,-2.494113464E0,-6.356830902E0,6.922953644E0
8.166061662E1,-2.482886810E0,-6.370003510E0,6.937922516E0
8.167065662E1,-2.484982452E0,-6.371500397E0,6.934629364E0
8.168069763E1,-2.481988678E0,-6.372548218E0,6.934329987E0
8.169073762E1,-2.472109222E0,-6.377188568E0,6.933880920E0
8.170077762E1,-2.478096771E0,-6.373446350E0,6.928941193E0
8.171081862E1,-2.481389923E0,-6.368506622E0,6.919660492E0
8.172088863E1,-2.484982452E0,-6.363417206E0,6.908583527E0
8.173092962E1,-2.480791168E0,-6.342610474E0,6.901398468E0
8.174096962E1,-2.493514709E0,-6.334826660E0,6.887776794E0
8.175100962E1,-2.486030273E0,-6.353537750E0,6.896309052E0
8.176104962E1,-2.482737122E0,-6.354735260E0,6.902296600E0
8.177109062E1,-2.485730896E0,-6.352489929E0,6.906338196E0
8.178116162E1,-2.470312958E0,-6.363566895E0,6.915319519E0
8.179120162E1,-2.462080078E0,-6.363267517E0,6.929689636E0
8.180124162E1,-2.452949066E0,-6.377338257E0,6.945406952E0
8.181128162E1,-2.458936615E0,-6.370751953E0,6.942862244E0
8.182132263E1,-2.458487549E0,-6.362219696E0,6.936575317E0
8.183136262E1,-2.453697510E0,-6.367758179E0,6.940018158E0
8.184143362E1,-2.467768250E0,-6.372847595E0,6.922953644E0
8.185147362E1,-2.478096771E0,-6.367758179E0,6.924151154E0
8.186151363E1,-2.487078094E0,-6.360872498E0,6.918313293E0
8.187155462E1,-2.481240234E0,-6.347400513E0,6.900200958E0
8.188159462E1,-2.481090546E0,-6.348897400E0,6.895111542E0
8.189163462E1,-2.480791168E0,-6.347550201E0,6.912475433E0
8.190170563E1,-2.484832764E0,-6.347550201E0,6.921307068E0
8.191174562E1,-2.497256927E0,-6.353088684E0,6.927593994E0
8.192178662E1,-2.500250702E0,-6.360872498E0,6.939718781E0
8.193182662E1,-2.494412842E0,-6.362668762E0,6.943161621E0
8.194186662E1,-2.493664398E0,-6.371201019E0,6.932683411E0
8.195190662E1,-2.494412842E0,-6.360124054E0,6.922504578E0
8.196197762E1,-2.505190430E0,-6.355483704E0,6.934779053E0
8.197201762E1,-2.501448212E0,-6.358327789E0,6.924450531E0
8.198205862E1,-2.504441986E0,-6.350993042E0,6.917415161E0
8.199211475E1,-2.503394165E0,-6.349196777E0,6.921157379E0
8.200215475E1,-2.495610352E0,-6.350993042E0,6.920259247E0
8.201219575E1,-2.489922180E0,-6.352040863E0,6.914271698E0
8.202226575E1,-2.495310974E0,-6.357729034E0,6.903344421E0
8.203230675E1,-2.500101013E0,-6.365363159E0,6.904990997E0
8.204234675E1,-2.491119690E0,-6.361022186E0,6.921756134E0
8.205238675E1,-2.486329651E0,-6.359974365E0,6.923103333E0
8.206242775E1,-2.486629028E0,-6.364015961E0,6.930138702E0
8.207246775E1,-2.484832764E0,-6.369853821E0,6.935826874E0
8.208250775E1,-2.477797394E0,-6.365812225E0,6.922803955E0
8.209257875E1,-2.486179962E0,-6.366710358E0,6.911876678E0
8.210261875E1,-2.484533386E0,-6.371201019E0,6.927294617E0
8.211265875E1,-2.481090546E0,-6.368506622E0,6.926845551E0
8.212269975E1,-2.483635254E0,-6.360573120E0,6.920109558E0
8.213273975E1,-2.481689301E0,-6.359824677E0,6.919361115E0
8.214277975E1,-2.481689301E0,-6.354136505E0,6.919660492E0
8.215285075E1,-2.478994904E0,-6.359225922E0,6.905440063E0
8.216289075E1,-2.479443970E0,-6.363566895E0,6.916966095E0
8.217293175E1,-2.478994904E0,-6.354884949E0,6.918912048E0
8.218297175E1,-2.473456421E0,-6.358627167E0,6.923402710E0
8.219301175E1,-2.481838989E0,-6.362968140E0,6.936725006E0
8.220305275E1,-2.477048950E0,-6.355932770E0,6.931485901E0
8.221312275E1,-2.477348328E0,-6.344556427E0,6.928941193E0
8.222316375E1,-2.480791168E0,-6.345604248E0,6.925947418E0
8.223320375E1,-2.483335876E0,-6.362818451E0,6.926695862E0
8.224324375E1,-2.478545837E0,-6.355334015E0,6.911128235E0
8.225328375E1,-2.474504242E0,-6.360124054E0,6.923851776E0
8.226332475E1,-2.474953308E0,-6.364614716E0,6.917265472E0
8.227339575E1,-2.483485565E0,-6.373146973E0,6.936725006E0
8.228343575E1,-2.485880585E0,-6.376440125E0,6.923851776E0
8.229347575E1,-2.485281830E0,-6.371201019E0,6.913074188E0
8.230351575E1,-2.486479340E0,-6.371799774E0,6.920109558E0
8.231355675E1,-2.482737122E0,-6.367758179E0,6.912026367E0
8.232359675E1,-2.486629028E0,-6.369404755E0,6.897506561E0
8.233366775E1,-2.489173737E0,-6.371051331E0,6.898853760E0
8.234370775E1,-2.485431519E0,-6.371051331E0,6.909631348E0
8.235374775E1,-2.485880585E0,-6.355334015E0,6.909631348E0
8.236378875E1,-2.487976227E0,-6.351292419E0,6.922354889E0
8.237382875E1,-2.483485565E0,-6.356980591E0,6.935677185E0
8.238386875E1,-2.482587433E0,-6.363566895E0,6.942113800E0
8.239393975E1,-2.484683075E0,-6.365363159E0,6.962022400E0
8.240397975E1,-2.484234009E0,-6.370602264E0,6.953490143E0
8.241402075E1,-2.474055176E0,-6.363267517E0,6.953340454E0
8.242406075E1,-2.483036499E0,-6.358627167E0,6.945107574E0
8.243410075E1,-2.490670624E0,-6.354585571E0,6.931934967E0
8.244414075E1,-2.488724670E0,-6.352190552E0,6.919510803E0
8.245421175E1,-2.487676849E0,-6.350993042E0,6.906936951E0
8.246425175E1,-2.490371246E0,-6.351591797E0,6.891519012E0
8.247429275E1,-2.492167511E0,-6.340215454E0,6.897955627E0
8.248433275E1,-2.485730896E0,-6.354435883E0,6.905140686E0
8.249437275E1,-2.485132141E0,-6.367009735E0,6.907236328E0
8.250441375E1,-2.486629028E0,-6.356531525E0,6.922504578E0
8.251445375E1,-2.479743347E0,-6.368356934E0,6.931036835E0
8.252452475E1,-2.470163269E0,-6.375242615E0,6.940167847E0
8.253456475E1,-2.468666382E0,-6.370153198E0,6.936126251E0
8.254460475E1,-2.478545837E0,-6.365363159E0,6.944808197E0
8.255464575E1,-2.477198639E0,-6.377637634E0,6.929539948E0
8.256468575E1,-2.489772491E0,-6.367758179E0,6.928941193E0
8.257472575E1,-2.488275604E0,-6.364165649E0,6.914870453E0
8.258479675E1,-2.487377472E0,-6.369404755E0,6.904841309E0
8.259483675E1,-2.483934631E0,-6.354136505E0,6.898105316E0
8.260487675E1,-2.481389923E0,-6.351741486E0,6.905140686E0
8.261491775E1,-2.493514709E0,-6.339616699E0,6.914870453E0
8.262495775E1,-2.500849457E0,-6.339616699E0,6.926845551E0
8.263499775E1,-2.499352570E0,-6.352040863E0,6.932833099E0
8.264506875E1,-2.492017822E0,-6.360573120E0,6.937623138E0
8.265510875E1,-2.494412842E0,-6.358627167E0,6.942862244E0
8.266514975E1,-2.499502258E0,-6.364764404E0,6.941515045E0
8.267518975E1,-2.505190430E0,-6.383625183E0,6.932084656E0
8.268522975E1,-2.516117706E0,-6.396348724E0,6.930737457E0
8.269527075E1,-2.505040741E0,-6.372248840E0,6.924899597E0
8.270534075E1,-2.487377472E0,-6.321654053E0,6.916067963E0
8.271538175E1,-2.485730896E0,-6.301745453E0,6.911277924E0
8.272542175E1,-2.500849457E0,-6.315367126E0,6.907535706E0
8.273546175E1,-2.496807861E0,-6.338119812E0,6.910230103E0
8.274550175E1,-2.481389923E0,-6.344706116E0,6.896159363E0
8.275554275E1,-2.475402374E0,-6.361920319E0,6.916217651E0
8.276561375E1,-2.482138367E0,-6.377188568E0,6.916367340E0
8.277565375E1,-2.489024048E0,-6.392905884E0,6.910978546E0
8.278569375E1,-2.503843231E0,-6.391858063E0,6.918912048E0
8.279573375E1,-2.509681091E0,-6.394402771E0,6.920109558E0
8.280577475E1,-2.498903503E0,-6.385271759E0,6.917115784E0
8.281581475E1,-2.497107239E0,-6.367159424E0,6.925947418E0
8.282588575E1,-2.491568756E0,-6.355633392E0,6.921456757E0
8.283592575E1,-2.484383698E0,-6.348747711E0,6.930438080E0
8.284596575E1,-2.468217316E0,-6.345454559E0,6.927593994E0
8.285600675E1,-2.467468872E0,-6.348448334E0,6.923402710E0
8.286604675E1,-2.468965759E0,-6.350244598E0,6.928941193E0
8.287608675E1,-2.467768250E0,-6.360722809E0,6.923253021E0
8.288612675E1,-2.479144592E0,-6.356830902E0,6.921007690E0
8.289619775E1,-2.483036499E0,-6.362519073E0,6.916067963E0
8.290623875E1,-2.480791168E0,-6.366860046E0,6.935826874E0
8.291627875E1,-2.480791168E0,-6.364764404E0,6.933731232E0
8.292631875E1,-2.480491791E0,-6.364614716E0,6.928192749E0
8.293635875E1,-2.482138367E0,-6.357279968E0,6.930288391E0
8.294639975E1,-2.480042725E0,-6.353687439E0,6.929689636E0
8.295646975E1,-2.474653931E0,-6.356681213E0,6.926546173E0
8.296651075E1,-2.477797394E0,-6.351442108E0,6.921756134E0
8.297655075E1,-2.474803619E0,-6.345005493E0,6.914870453E0
8.298659075E1,-2.484683075E0,-6.350543976E0,6.928641815E0
8.299661754E1,-2.494712219E0,-6.364315338E0,6.923552399E0
8.300665754E1,-2.499801636E0,-6.372997284E0,6.923103333E0
8.301672854E1,-2.492616577E0,-6.370153198E0,6.924151154E0
8.302676854E1,-2.497556305E0,-6.378535767E0,6.922205200E0
8.303680854E1,-2.495310974E0,-6.371051331E0,6.912176056E0
8.304684954E1,-2.492317200E0,-6.366860046E0,6.911277924E0
8.305688954E1,-2.491269379E0,-6.362968140E0,6.913074188E0
8.306692954E1,-2.493065643E0,-6.361920319E0,6.921606445E0
8.307700054E1,-2.490371246E0,-6.344107361E0,6.926845551E0
8.308704054E1,-2.492466888E0,-6.341562653E0,6.928043060E0
8.309708054E1,-2.485581207E0,-6.356830902E0,6.934629364E0
8.310712154E1,-2.489772491E0,-6.362668762E0,6.942413177E0
8.311716154E1,-2.496358795E0,-6.374643860E0,6.942862244E0
8.312720154E1,-2.495909729E0,-6.374045105E0,6.929539948E0
8.313727254E1,-2.487527161E0,-6.361022186E0,6.928342438E0
8.314731254E1,-2.477348328E0,-6.359375610E0,6.919510803E0
8.315735354E1,-2.489772491E0,-6.349945221E0,6.891519012E0
8.316739354E1,-2.487676849E0,-6.347550201E0,6.893614655E0
8.317743354E1,-2.484832764E0,-6.347250824E0,6.897955627E0
8.318747454E1,-2.482437744E0,-6.355932770E0,6.896907806E0
8.319754454E1,-2.489473114E0,-6.356681213E0,6.901697845E0
8.320758554E1,-2.484234009E0,-6.359525299E0,6.912924500E0
8.321762554E1,-2.467319183E0,-6.372248840E0,6.940167847E0
8.322766554E1,-2.472707977E0,-6.374045105E0,6.933731232E0
8.323770554E1,-2.475552063E0,-6.361620941E0,6.931186523E0
8.324774654E1,-2.470163269E0,-6.364614716E0,6.943760376E0
8.325778654E1,-2.477498016E0,-6.365213470E0,6.945556641E0
8.326785754E1,-2.482886810E0,-6.366560669E0,6.935826874E0
8.327789754E1,-2.495909729E0,-6.364614716E0,6.923253021E0
8.328793754E1,-2.498753815E0,-6.362968140E0,6.899153137E0
8.329797854E1,-2.491568756E0,-6.363417206E0,6.905589752E0
8.330801854E1,-2.491269379E0,-6.355483704E0,6.903643799E0
8.331805854E1,-2.494113464E0,-6.340065765E0,6.911577301E0
8.332812954E1,-2.495011597E0,-6.335275726E0,6.930288391E0
8.333816954E1,-2.492167511E0,-6.352789307E0,6.942413177E0
8.334821054E1,-2.488724670E0,-6.361620941E0,6.935078430E0
8.335825054E1,-2.495760040E0,-6.361321564E0,6.938521271E0
8.336829054E1,-2.499951324E0,-6.361321564E0,6.943910065E0
8.337833054E1,-2.505789185E0,-6.355483704E0,6.930138702E0
8.338840154E1,-2.501448212E0,-6.356082458E0,6.921007690E0
8.339844254E1,-2.498903503E0,-6.359375610E0,6.926995239E0
8.340848254E1,-2.506687317E0,-6.353388062E0,6.925947418E0
8.341852254E1,-2.507585449E0,-6.345604248E0,6.913373566E0
8.342856254E1,-2.500849457E0,-6.350543976E0,6.908882904E0
8.343860354E1,-2.495310974E0,-6.352789307E0,6.919361115E0
8.344867454E1,-2.495610352E0,-6.365961914E0,6.919361115E0
8.345871454E1,-2.499053192E0,-6.370602264E0,6.916966095E0
8.346875454E1,-2.493065643E0,-6.366111603E0,6.912026367E0
8.347879454E1,-2.487377472E0,-6.368506622E0,6.918762360E0
8.348883554E1,-2.487676849E0,-6.369105377E0,6.917115784E0
8.349887554E1,-2.489323425E0,-6.366111603E0,6.915469208E0
8.350894654E1,-2.495011597E0,-6.364015961E0,6.925498352E0
8.351898654E1,-2.488275604E0,-6.362668762E0,6.919061737E0
8.352902654E1,-2.482886810E0,-6.363267517E0,6.912774811E0
8.353906754E1,-2.481090546E0,-6.361920319E0,6.922654266E0
8.354910754E1,-2.482737122E0,-6.364914093E0,6.919061737E0
8.355914754E1,-2.476599884E0,-6.358028412E0,6.919959869E0
8.356921854E1,-2.481090546E0,-6.356681213E0,6.922205200E0
8.357925854E1,-2.473755798E0,-6.355932770E0,6.912924500E0
8.358929954E1,-2.479593658E0,-6.356381836E0,6.924600220E0
8.359933954E1,-2.469863892E0,-6.359824677E0,6.915918274E0
8.360937954E1,-2.474803619E0,-6.358477478E0,6.926845551E0
8.361941954E1,-2.480192413E0,-6.355184326E0,6.929839325E0
8.362949054E1,-2.479294281E0,-6.356232147E0,6.929240570E0
8.363953054E1,-2.482737122E0,-6.356830902E0,6.930438080E0
8.364957154E1,-2.482288055E0,-6.351741486E0,6.921157379E0
8.365961154E1,-2.487227783E0,-6.356980591E0,6.930288391E0
8.366965154E1,-2.483635254E0,-6.353687439E0,6.933880920E0
8.367969254E1,-2.491419067E0,-6.358776855E0,6.922953644E0
8.368973254E1,-2.487377472E0,-6.367159424E0,6.929090881E0
8.369980354E1,-2.492317200E0,-6.363866272E0,6.916217651E0
8.370984354E1,-2.495310974E0,-6.368806000E0,6.907386017E0
8.371988354E1,-2.499951324E0,-6.369554443E0,6.914720764E0
8.372992454E1,-2.495310974E0,-6.365961914E0,6.927593994E0
8.373996454E1,-2.497556305E0,-6.354136505E0,6.912924500E0
8.375000454E1,-2.503394165E0,-6.358327789E0,6.910828857E0
8.376007554E1,-2.494562531E0,-6.366111603E0,6.927144928E0
8.377011554E1,-2.491269379E0,-6.368207245E0,6.913523254E0
8.378015554E1,-2.476749573E0,-6.367758179E0,6.908433838E0
8.379019654E1,-2.475851440E0,-6.368656311E0,6.907236328E0
8.380023654E1,-2.476150818E0,-6.372398529E0,6.910080414E0
8.381027654E1,-2.485132141E0,-6.362968140E0,6.917864227E0
8.382034754E1,-2.491269379E0,-6.361171875E0,6.930288391E0
8.383038754E1,-2.491568756E0,-6.359375610E0,6.942113800E0
8.384042854E1,-2.488125916E0,-6.358028412E0,6.951693878E0
8.385046854E1,-2.483485565E0,-6.369255066E0,6.942712555E0
8.386050854E1,-2.484234009E0,-6.379433899E0,6.935527496E0
8.387054954E1,-2.487078094E0,-6.368806000E0,6.927144928E0
8.388061954E1,-2.485132141E0,-6.366710358E0,6.914720764E0
8.389066054E1,-2.482437744E0,-6.353088684E0,6.904841309E0
8.390070054E1,-2.486778717E0,-6.349346466E0,6.908134460E0
8.391074054E1,-2.493215332E0,-6.343508606E0,6.896608429E0
8.392078054E1,-2.489323425E0,-6.341562653E0,6.890022125E0
8.393082154E1,-2.493215332E0,-6.350543976E0,6.901398468E0
8.394089254E1,-2.490820312E0,-6.360573120E0,6.917864227E0
8.395093254E1,-2.487976227E0,-6.368207245E0,6.932833099E0
8.396097254E1,-2.476150818E0,-6.368806000E0,6.941065979E0
8.397101254E1,-2.476749573E0,-6.365512848E0,6.935527496E0
8.398105354E1,-2.474055176E0,-6.361171875E0,6.947203217E0
8.399108550E1,-2.476300507E0,-6.364914093E0,6.929689636E0
8.400115650E1,-2.475851440E0,-6.371350708E0,6.928641815E0
8.401119650E1,-2.483934631E0,-6.367758179E0,6.931485901E0
8.402123650E1,-2.507136383E0,-6.365662537E0,6.917115784E0
8.403127750E1,-2.501597900E0,-6.365063782E0,6.895111542E0
8.404131750E1,-2.501897278E0,-6.361770630E0,6.895560608E0
8.405135750E1,-2.492167511E0,-6.359375610E0,6.905889130E0
8.406139750E1,-2.488724670E0,-6.350244598E0,6.908134460E0
8.407146850E1,-2.493065643E0,-6.340814209E0,6.921905823E0
8.408150950E1,-2.497256927E0,-6.353238373E0,6.934180298E0
8.409154950E1,-2.502196655E0,-6.356681213E0,6.934479675E0
8.410158950E1,-2.502196655E0,-6.362519073E0,6.940766602E0
8.411162950E1,-2.496209106E0,-6.367458801E0,6.947652283E0
8.412167050E1,-2.499202881E0,-6.362519073E0,6.945406952E0
8.413174050E1,-2.499801636E0,-6.358627167E0,6.935826874E0
8.414178150E1,-2.497256927E0,-6.355483704E0,6.921456757E0
8.415182150E1,-2.497256927E0,-6.355184326E0,6.913223877E0
8.416186150E1,-2.496508484E0,-6.354435883E0,6.924749908E0
8.417190250E1,-2.491419067E0,-6.346352692E0,6.912625122E0
8.418194250E1,-2.490071869E0,-6.353388062E0,6.919211426E0
8.419201350E1,-2.491718445E0,-6.351741486E0,6.924300842E0
8.420205350E1,-2.484383698E0,-6.359974365E0,6.913223877E0
8.421209350E1,-2.481988678E0,-6.359225922E0,6.923552399E0
8.422213450E1,-2.481689301E0,-6.363716583E0,6.918462982E0
8.423217450E1,-2.482288055E0,-6.364614716E0,6.917415161E0
8.424221450E1,-2.485730896E0,-6.369255066E0,6.913223877E0
8.425228550E1,-2.490820312E0,-6.361022186E0,6.933282166E0
8.426232550E1,-2.483934631E0,-6.355034637E0,6.927893372E0
8.427236550E1,-2.493215332E0,-6.361920319E0,6.921157379E0
8.428240650E1,-2.499801636E0,-6.359375610E0,6.910828857E0
8.429244650E1,-2.477647705E0,-6.356980591E0,6.918462982E0
8.430248650E1,-2.477947083E0,-6.359375610E0,6.921157379E0
8.431255750E1,-2.488275604E0,-6.369554443E0,6.922504578E0
8.432259750E1,-2.484683075E0,-6.359525299E0,6.911427612E0
8.433263850E1,-2.479144592E0,-6.358776855E0,6.914720764E0
8.434267850E1,-2.478695526E0,-6.365063782E0,6.918462982E0
8.435271850E1,-2.482886810E0,-6.358028412E0,6.926396484E0
8.436275950E1,-2.485132141E0,-6.356531525E0,6.931186523E0
8.437282950E1,-2.490071869E0,-6.351591797E0,6.927294617E0
8.438287050E1,-2.488125916E0,-6.347849579E0,6.936275940E0
8.439291050E1,-2.497556305E0,-6.352639618E0,6.929240570E0
8.440295050E1,-2.499202881E0,-6.356980591E0,6.926995239E0
8.441299050E1,-2.493814087E0,-6.351741486E0,6.918313293E0
8.442303150E1,-2.489323425E0,-6.352190552E0,6.927294617E0
8.443307150E1,-2.490820312E0,-6.357279968E0,6.925049286E0
8.444314250E1,-2.491119690E0,-6.370302887E0,6.924450531E0
8.445318250E1,-2.502945099E0,-6.371350708E0,6.917714539E0
8.446322250E1,-2.503843231E0,-6.369554443E0,6.913523254E0
8.447326350E1,-2.493065643E0,-6.367608490E0,6.923253021E0
8.448330350E1,-2.499951324E0,-6.355034637E0,6.916666718E0
8.449334350E1,-2.498903503E0,-6.354884949E0,6.916966095E0
8.450341450E1,-2.496658173E0,-6.350394287E0,6.920109558E0
8.451345450E1,-2.494861908E0,-6.356980591E0,6.926546173E0
8.452349550E1,-2.494263153E0,-6.357878723E0,6.919510803E0
8.453353550E1,-2.479144592E0,-6.363866272E0,6.918762360E0
8.454357550E1,-2.484084320E0,-6.367608490E0,6.921756134E0
8.455361550E1,-2.494113464E0,-6.363566895E0,6.928641815E0
8.456368650E1,-2.495161285E0,-6.354735260E0,6.923552399E0
8.457372750E1,-2.500101013E0,-6.350993042E0,6.932084656E0
8.458376750E1,-2.491119690E0,-6.347400513E0,6.941964111E0
8.459380750E1,-2.488574982E0,-6.351292419E0,6.953639832E0
8.460384750E1,-2.484084320E0,-6.364165649E0,6.935826874E0
8.461388850E1,-2.487676849E0,-6.363866272E0,6.928192749E0
8.462395850E1,-2.486928406E0,-6.362369385E0,6.930438080E0
8.463399950E1,-2.477947083E0,-6.359076233E0,6.917864227E0
8.464403950E1,-2.484084320E0,-6.349645844E0,6.909182281E0
8.465407950E1,-2.492915955E0,-6.339317322E0,6.914421387E0
8.466412050E1,-2.496059418E0,-6.338119812E0,6.904841309E0
8.467416050E1,-2.496807861E0,-6.353986816E0,6.896009674E0
8.468423150E1,-2.493215332E0,-6.355184326E0,6.897955627E0
8.469427150E1,-2.496957550E0,-6.363716583E0,6.912026367E0
8.470431150E1,-2.488125916E0,-6.365512848E0,6.927893372E0
8.471435250E1,-2.477348328E0,-6.367608490E0,6.931186523E0
8.472439250E1,-2.474953308E0,-6.374943237E0,6.931036835E0
8.473443250E1,-2.471660156E0,-6.362369385E0,6.948999481E0
8.474450350E1,-2.473606110E0,-6.365961914E0,6.945706329E0
8.475454350E1,-2.475402374E0,-6.373895416E0,6.921456757E0
8.476458350E1,-2.484832764E0,-6.369554443E0,6.916966095E0
8.477462450E1,-2.498304749E0,-6.364315338E0,6.901847534E0
8.478466450E1,-2.491119690E0,-6.366560669E0,6.892117767E0
8.479470450E1,-2.492167511E0,-6.368806000E0,6.901099091E0
8.480477550E1,-2.492167511E0,-6.357130280E0,6.908583527E0
8.481481550E1,-2.492317200E0,-6.349196777E0,6.910080414E0
8.482485650E1,-2.491868134E0,-6.343508606E0,6.910679169E0
8.483489650E1,-2.500250702E0,-6.347849579E0,6.926546173E0
8.484493650E1,-2.487377472E0,-6.360573120E0,6.928941193E0
8.485497750E1,-2.487976227E0,-6.362668762E0,6.932234344E0
8.486501750E1,-2.496957550E0,-6.363866272E0,6.947352905E0
8.487508850E1,-2.496807861E0,-6.365812225E0,6.937323761E0
8.488512850E1,-2.498005371E0,-6.360573120E0,6.930288391E0
8.489516850E1,-2.501148834E0,-6.358926544E0,6.921905823E0
8.490520850E1,-2.504591675E0,-6.347101135E0,6.923851776E0
8.491524950E1,-2.492466888E0,-6.353687439E0,6.914571075E0
8.492528950E1,-2.497256927E0,-6.348747711E0,6.910978546E0
8.493536050E1,-2.491868134E0,-6.356232147E0,6.909631348E0
8.494540050E1,-2.497855682E0,-6.362070007E0,6.909631348E0
8.495544050E1,-2.492915955E0,-6.363716583E0,6.913074188E0
8.496548150E1,-2.493215332E0,-6.364764404E0,6.916816406E0
8.497552150E1,-2.491568756E0,-6.365812225E0,6.908733215E0
8.498556150E1,-2.490520935E0,-6.361321564E0,6.918163605E0
8.499564062E1,-2.483335876E0,-6.368356934E0,6.926246796E0
8.500568062E1,-2.487377472E0,-6.365512848E0,6.919810181E0
8.501572163E1,-2.487976227E0,-6.369255066E0,6.919361115E0
8.502576162E1,-2.492915955E0,-6.364914093E0,6.910230103E0
8.503580162E1,-2.490371246E0,-6.362519073E0,6.904092865E0
8.504584162E1,-2.492766266E0,-6.363417206E0,6.913223877E0
8.505591263E1,-2.493514709E0,-6.358627167E0,6.918462982E0
8.506595362E1,-2.497556305E0,-6.357429657E0,6.917864227E0
8.507599362E1,-2.485880585E0,-6.362519073E0,6.933431854E0
8.508603362E1,-2.482587433E0,-6.358327789E0,6.909930725E0
8.509607362E1,-2.483485565E0,-6.355783081E0,6.924151154E0
8.510611462E1,-2.495460663E0,-6.355184326E0,6.928342438E0
8.511618462E1,-2.493514709E0,-6.357579346E0,6.928342438E0
8.512622562E1,-2.487227783E0,-6.363716583E0,6.926246796E0
8.513626562E1,-2.483335876E0,-6.364165649E0,6.932234344E0
8.514630562E1,-2.495011597E0,-6.349945221E0,6.924749908E0
8.515634663E1,-2.490520935E0,-6.355334015E0,6.922055511E0
8.516638662E1,-2.489622803E0,-6.355633392E0,6.914870453E0
8.517645762E1,-2.489024048E0,-6.351292419E0,6.910230103E0
8.518649762E1,-2.485730896E0,-6.353837128E0,6.929240570E0
8.519653763E1,-2.487377472E0,-6.357279968E0,6.924600220E0
8.520657862E1,-2.492616577E0,-6.368506622E0,6.916367340E0
8.521661862E1,-2.485880585E0,-6.364914093E0,6.908583527E0
8.522665862E1,-2.496209106E0,-6.365812225E0,6.907685394E0
8.523672963E1,-2.494412842E0,-6.364465027E0,6.908733215E0
8.524676962E1,-2.490371246E0,-6.360722809E0,6.923253021E0
8.525680962E1,-2.490221558E0,-6.350693665E0,6.919810181E0
8.526685062E1,-2.490071869E0,-6.350394287E0,6.918313293E0
8.527689062E1,-2.499202881E0,-6.357579346E0,6.917864227E0
8.528693062E1,-2.497406616E0,-6.354884949E0,6.915020142E0
8.529700162E1,-2.488125916E0,-6.350094910E0,6.918912048E0
8.530704162E1,-2.485132141E0,-6.349346466E0,6.915469208E0
8.531708262E1,-2.486479340E0,-6.354435883E0,6.912625122E0
8.532712262E1,-2.487976227E0,-6.366261292E0,6.924001465E0
8.533716263E1,-2.493514709E0,-6.359225922E0,6.922205200E0
8.534720362E1,-2.496059418E0,-6.358926544E0,6.919810181E0
8.535724362E1,-2.498753815E0,-6.351142731E0,6.932533722E0
8.536731463E1,-2.492317200E0,-6.355184326E0,6.936874695E0
8.537735463E1,-2.484982452E0,-6.368506622E0,6.937922516E0
8.538739462E1,-2.484683075E0,-6.370452576E0,6.931485901E0
8.539743462E1,-2.479294281E0,-6.361321564E0,6.931485901E0
8.540747562E1,-2.484832764E0,-6.351292419E0,6.929390259E0
8.541751562E1,-2.496358795E0,-6.355932770E0,6.902296600E0
8.542758662E1,-2.505489807E0,-6.342610474E0,6.899751892E0
8.543762662E1,-2.502346344E0,-6.336922302E0,6.893315277E0
8.544766662E1,-2.507136383E0,-6.333928528E0,6.898255005E0
8.545770762E1,-2.498604126E0,-6.343209229E0,6.904841309E0
8.546774762E1,-2.492616577E0,-6.354435883E0,6.920708313E0
8.547778763E1,-2.495310974E0,-6.366710358E0,6.910080414E0
8.548785862E1,-2.496209106E0,-6.367009735E0,6.922504578E0
8.549789862E1,-2.483036499E0,-6.367009735E0,6.932234344E0
8.550793963E1,-2.476150818E0,-6.371201019E0,6.933431854E0
8.551797963E1,-2.480192413E0,-6.372997284E0,6.932084656E0
8.552801962E1,-2.487826538E0,-6.367458801E0,6.922055511E0
8.553805962E1,-2.488125916E0,-6.362369385E0,6.920558624E0
8.554813063E1,-2.495161285E0,-6.359375610E0,6.903793488E0
8.555817163E1,-2.498903503E0,-6.371949463E0,6.892417145E0
8.556821162E1,-2.500999146E0,-6.365063782E0,6.904841309E0
8.557825162E1,-2.498604126E0,-6.352040863E0,6.898704071E0
8.558829162E1,-2.498753815E0,-6.351442108E0,6.896009674E0
8.559833262E1,-2.499352570E0,-6.342460785E0,6.905889130E0
8.560840362E1,-2.498903503E0,-6.346352692E0,6.925947418E0
8.561844362E1,-2.493365021E0,-6.351292419E0,6.927593994E0
8.562848362E1,-2.495161285E0,-6.355633392E0,6.935078430E0
8.563852362E1,-2.489772491E0,-6.351891174E0,6.947801971E0
8.564856463E1,-2.489323425E0,-6.343059540E0,6.944059753E0
8.565860463E1,-2.496358795E0,-6.343508606E0,6.946305084E0
8.566867562E1,-2.492616577E0,-6.350843353E0,6.940616913E0
8.567871562E1,-2.493664398E0,-6.350993042E0,6.929689636E0
8.568875563E1,-2.492017822E0,-6.347250824E0,6.922205200E0
8.569879663E1,-2.497556305E0,-6.342311096E0,6.905140686E0
8.570883662E1,-2.494113464E0,-6.345155182E0,6.909331970E0
8.571887662E1,-2.485730896E0,-6.354136505E0,6.913972321E0
8.572894763E1,-2.484533386E0,-6.368806000E0,6.917564850E0
8.573898763E1,-2.493963776E0,-6.354735260E0,6.916666718E0
8.574902862E1,-2.490071869E0,-6.359525299E0,6.915768585E0
8.575906862E1,-2.486778717E0,-6.362818451E0,6.921157379E0
8.576910862E1,-2.499502258E0,-6.365961914E0,6.906487885E0
8.577914862E1,-2.491419067E0,-6.363716583E0,6.919211426E0
8.578918963E1,-2.492017822E0,-6.373745728E0,6.927144928E0
8.579925962E1,-2.492466888E0,-6.372997284E0,6.922654266E0
8.580930062E1,-2.490371246E0,-6.370003510E0,6.922654266E0
8.581934062E1,-2.491119690E0,-6.360124054E0,6.911726990E0
8.582938063E1,-2.488275604E0,-6.359824677E0,6.902745667E0
8.583942163E1,-2.486629028E0,-6.349496155E0,6.915768585E0
8.584946162E1,-2.479294281E0,-6.350244598E0,6.913074188E0
8.585953262E1,-2.479294281E0,-6.355334015E0,6.915169830E0
8.586957263E1,-2.480042725E0,-6.357878723E0,6.922205200E0
8.587961263E1,-2.481090546E0,-6.360573120E0,6.928641815E0
8.588965362E1,-2.496957550E0,-6.361620941E0,6.919361115E0
8.589969362E1,-2.489323425E0,-6.352489929E0,6.918163605E0
8.590973362E1,-2.488574982E0,-6.348897400E0,6.922654266E0
8.591980462E1,-2.488425293E0,-6.353687439E0,6.929240570E0
8.592984462E1,-2.485880585E0,-6.353088684E0,6.910230103E0
8.593988462E1,-2.488724670E0,-6.357279968E0,6.918912048E0
8.594992562E1,-2.488125916E0,-6.356531525E0,6.930587769E0
8.595996562E1,-2.486479340E0,-6.346053314E0,6.924600220E0
8.597000563E1,-2.491119690E0,-6.354286194E0,6.922803955E0
8.598007662E1,-2.497556305E0,-6.364015961E0,6.913074188E0
8.599009475E1,-2.499801636E0,-6.364165649E0,6.923851776E0
8.600013575E1,-2.487527161E0,-6.359076233E0,6.935826874E0
8.601017575E1,-2.488275604E0,-6.362369385E0,6.917415161E0
8.602021575E1,-2.487976227E0,-6.358028412E0,6.922354889E0
8.603025675E1,-2.489024048E0,-6.355932770E0,6.930138702E0
8.604032675E1,-2.492317200E0,-6.356381836E0,6.923851776E0
8.605036775E1,-2.496508484E0,-6.351591797E0,6.916966095E0
8.606040775E1,-2.493365021E0,-6.345903625E0,6.923253021E0
8.607044775E1,-2.491568756E0,-6.351142731E0,6.930587769E0
8.608048775E1,-2.502196655E0,-6.351591797E0,6.913822632E0
8.609052875E1,-2.487826538E0,-6.351292419E0,6.912625122E0
8.610059975E1,-2.491269379E0,-6.364914093E0,6.933880920E0
8.611063975E1,-2.496209106E0,-6.359076233E0,6.935527496E0
8.612067975E1,-2.494712219E0,-6.356980591E0,6.920858002E0
8.613071975E1,-2.505489807E0,-6.350843353E0,6.931635590E0
8.614076075E1,-2.498753815E0,-6.356980591E0,6.934329987E0
8.615080075E1,-2.496209106E0,-6.362219696E0,6.938371582E0
8.616084075E1,-2.493065643E0,-6.369554443E0,6.943161621E0
8.617091175E1,-2.484533386E0,-6.375392303E0,6.931186523E0
8.618095175E1,-2.484683075E0,-6.366111603E0,6.926097107E0
8.619099275E1,-2.484982452E0,-6.362968140E0,6.918462982E0
8.620103275E1,-2.490970001E0,-6.351741486E0,6.901099091E0
8.621107275E1,-2.493814087E0,-6.342610474E0,6.892716522E0
8.622111275E1,-2.501298523E0,-6.338868256E0,6.894812164E0
8.623118375E1,-2.503094788E0,-6.342011719E0,6.888375549E0
8.624122475E1,-2.504891052E0,-6.339616699E0,6.880591736E0
8.625126475E1,-2.504891052E0,-6.356082458E0,6.901398468E0
8.626130475E1,-2.498155060E0,-6.366860046E0,6.916517029E0
8.627134475E1,-2.508483582E0,-6.368207245E0,6.926546173E0
8.628138575E1,-2.495460663E0,-6.369704132E0,6.923851776E0
8.629145575E1,-2.486928406E0,-6.361471252E0,6.922205200E0
8.630149675E1,-2.493814087E0,-6.363267517E0,6.916367340E0
8.631153675E1,-2.496508484E0,-6.359225922E0,6.913373566E0
8.632157675E1,-2.501448212E0,-6.366410980E0,6.909182281E0
8.633161775E1,-2.501597900E0,-6.363417206E0,6.910080414E0
8.634165775E1,-2.502496033E0,-6.367159424E0,6.896009674E0
8.635172875E1,-2.504741364E0,-6.357729034E0,6.901697845E0
8.636176875E1,-2.506986694E0,-6.350094910E0,6.908284149E0
8.637180875E1,-2.507585449E0,-6.338269501E0,6.908134460E0
8.638184975E1,-2.511028290E0,-6.337371368E0,6.917265472E0
8.639188975E1,-2.519859924E0,-6.348148956E0,6.929689636E0
8.640192975E1,-2.514171753E0,-6.358178101E0,6.934629364E0
8.641200075E1,-2.504741364E0,-6.375242615E0,6.937024384E0
8.642204075E1,-2.508633270E0,-6.364315338E0,6.928492126E0
8.643208075E1,-2.510728912E0,-6.349047089E0,6.931186523E0
8.644212175E1,-2.503094788E0,-6.358477478E0,6.933132477E0
8.645216175E1,-2.502945099E0,-6.350543976E0,6.924151154E0
8.646220175E1,-2.499502258E0,-6.346502380E0,6.920259247E0
8.647224275E1,-2.499053192E0,-6.343807983E0,6.913972321E0
8.648231275E1,-2.496658173E0,-6.351142731E0,6.910679169E0
8.649235375E1,-2.492915955E0,-6.350543976E0,6.922205200E0
8.650239375E1,-2.490071869E0,-6.351891174E0,6.915169830E0
8.651243375E1,-2.502795410E0,-6.368506622E0,6.915918274E0
8.652247475E1,-2.498304749E0,-6.371650085E0,6.909930725E0
8.653251475E1,-2.500400391E0,-6.375841370E0,6.908733215E0
8.654258575E1,-2.503543854E0,-6.372548218E0,6.908583527E0
8.655262575E1,-2.510279846E0,-6.365812225E0,6.908583527E0
8.656266575E1,-2.525697784E0,-6.372248840E0,6.898853760E0
8.657270575E1,-2.521805878E0,-6.378086700E0,6.898105316E0
8.658274675E1,-2.517764282E0,-6.379134521E0,6.912176056E0
8.659278675E1,-2.516117706E0,-6.364315338E0,6.900350647E0
8.660285775E1,-2.508483582E0,-6.356830902E0,6.900949402E0
8.661289775E1,-2.516117706E0,-6.358627167E0,6.894662476E0
8.662293775E1,-2.504292297E0,-6.360423431E0,6.896458740E0
8.663297875E1,-2.511177979E0,-6.359076233E0,6.902895355E0
8.664301875E1,-2.506387939E0,-6.353388062E0,6.907086639E0
8.665305875E1,-2.510429535E0,-6.358627167E0,6.906487885E0
8.666312975E1,-2.515518951E0,-6.357878723E0,6.902595978E0
8.667316975E1,-2.515968018E0,-6.364914093E0,6.904541931E0
8.668321075E1,-2.521207123E0,-6.360872498E0,6.907386017E0
8.669325075E1,-2.514171753E0,-6.356681213E0,6.919959869E0
8.670329075E1,-2.511926422E0,-6.353687439E0,6.912924500E0
8.671333075E1,-2.506687317E0,-6.355483704E0,6.921157379E0
8.672340175E1,-2.503394165E0,-6.358926544E0,6.919361115E0
8.673344275E1,-2.516117706E0,-6.349795532E0,6.921606445E0
8.674348275E1,-2.502645721E0,-6.354286194E0,6.916067963E0
8.675352275E1,-2.507735138E0,-6.360273743E0,6.918163605E0
8.676356275E1,-2.513572998E0,-6.355633392E0,6.901248779E0
8.677360375E1,-2.505789185E0,-6.370452576E0,6.903344421E0
8.678364375E1,-2.505639496E0,-6.375092926E0,6.906038818E0
8.679371475E1,-2.509381714E0,-6.367907867E0,6.907236328E0
8.680375475E1,-2.525847473E0,-6.369404755E0,6.906487885E0
8.681379475E1,-2.523901520E0,-6.366560669E0,6.892866211E0
8.682383575E1,-2.523751831E0,-6.377787323E0,6.897656250E0
8.683387575E1,-2.514471130E0,-6.370751953E0,6.904242554E0
8.684391575E1,-2.510279846E0,-6.364614716E0,6.900200958E0
8.685398675E1,-2.513123932E0,-6.364465027E0,6.896458740E0
8.686402675E1,-2.514920197E0,-6.371051331E0,6.890171814E0
8.687406775E1,-2.522105255E0,-6.375092926E0,6.892566833E0
8.688410775E1,-2.523302765E0,-6.360573120E0,6.898404694E0
8.689414775E1,-2.522704010E0,-6.360872498E0,6.905589752E0
8.690418775E1,-2.526446228E0,-6.359974365E0,6.912026367E0
8.691425875E1,-2.523602142E0,-6.363566895E0,6.926845551E0
8.692429875E1,-2.533481598E0,-6.385122070E0,6.928641815E0
8.693433975E1,-2.527494049E0,-6.382277985E0,6.923552399E0
8.694437975E1,-2.523302765E0,-6.376290436E0,6.900949402E0
8.695441975E1,-2.535277863E0,-6.369105377E0,6.889722748E0
8.696446075E1,-2.541115723E0,-6.358327789E0,6.892267456E0
8.697453075E1,-2.540217590E0,-6.357729034E0,6.876400452E0
8.698457175E1,-2.544408875E0,-6.353388062E0,6.879094849E0
8.699461979E1,-2.548899536E0,-6.357878723E0,6.874604187E0
8.700465979E1,-2.542762299E0,-6.359525299E0,6.867718506E0
8.701470079E1,-2.542462921E0,-6.361770630E0,6.883735199E0
8.702474079E1,-2.543061676E0,-6.364315338E0,6.878645782E0
8.703481179E1,-2.538720703E0,-6.367458801E0,6.889872437E0
8.704485179E1,-2.534080353E0,-6.373146973E0,6.910529480E0
8.705489179E1,-2.523602142E0,-6.367907867E0,6.896309052E0
8.706493179E1,-2.529290314E0,-6.364315338E0,6.903494110E0
8.707497279E1,-2.524051208E0,-6.367159424E0,6.920109558E0
8.708501279E1,-2.532733154E0,-6.367458801E0,6.903344421E0
8.709508379E1,-2.524350586E0,-6.362070007E0,6.882986755E0
8.710512379E1,-2.530936890E0,-6.363267517E0,6.888974304E0
8.711516379E1,-2.529739380E0,-6.361620941E0,6.881938934E0
8.712520479E1,-2.541115723E0,-6.361920319E0,6.874604187E0
8.713524479E1,-2.552641754E0,-6.354286194E0,6.891519012E0
8.714528479E1,-2.549947357E0,-6.355184326E0,6.891069946E0
8.715532579E1,-2.549498291E0,-6.356082458E0,6.885082397E0
8.716539579E1,-2.548001404E0,-6.364465027E0,6.892117767E0
8.717543679E1,-2.555785217E0,-6.379284210E0,6.909481659E0
8.718547679E1,-2.558329926E0,-6.370153198E0,6.901099091E0
8.719551679E1,-2.564616852E0,-6.367458801E0,6.906038818E0
8.720555679E1,-2.563119965E0,-6.363716583E0,6.901248779E0
8.721559779E1,-2.554438019E0,-6.358627167E0,6.903943176E0
8.722566879E1,-2.556084595E0,-6.361171875E0,6.891668701E0
8.723570879E1,-2.553240509E0,-6.358178101E0,6.882388000E0
8.724574879E1,-2.565365295E0,-6.357878723E0,6.874005432E0
8.725578879E1,-2.559078369E0,-6.358776855E0,6.869664459E0
8.726582979E1,-2.559976501E0,-6.373296661E0,6.872358856E0
8.727586979E1,-2.564916229E0,-6.373296661E0,6.874454498E0
8.728594079E1,-2.563868408E0,-6.371799774E0,6.889273682E0
8.729598079E1,-2.562820587E0,-6.372697906E0,6.899901581E0
8.730602079E1,-2.558329926E0,-6.375541992E0,6.894662476E0
8.731606179E1,-2.564916229E0,-6.366261292E0,6.895410919E0
8.732610179E1,-2.568658447E0,-6.373745728E0,6.890920258E0
8.733614179E1,-2.572101288E0,-6.367907867E0,6.873556366E0
8.734621279E1,-2.561024323E0,-6.371201019E0,6.878496094E0
8.735625279E1,-2.563718719E0,-6.364165649E0,6.873256989E0
8.736629379E1,-2.566413116E0,-6.364015961E0,6.875502319E0
8.737633379E1,-2.558778992E0,-6.364465027E0,6.884633331E0
8.738637379E1,-2.557731171E0,-6.368955688E0,6.882837067E0
8.739641379E1,-2.575993195E0,-6.365512848E0,6.877448273E0
8.740648479E1,-2.570305023E0,-6.365213470E0,6.876101074E0
8.741652579E1,-2.559976501E0,-6.367907867E0,6.885531464E0
8.742656579E1,-2.555036774E0,-6.364614716E0,6.889273682E0
8.743660579E1,-2.570305023E0,-6.374194794E0,6.871760101E0
8.744664579E1,-2.570604401E0,-6.370302887E0,6.885531464E0
8.745668679E1,-2.563868408E0,-6.365063782E0,6.888674927E0
8.746672679E1,-2.570454712E0,-6.365961914E0,6.899901581E0
8.747679779E1,-2.571203156E0,-6.363267517E0,6.883585510E0
8.748683779E1,-2.567760315E0,-6.361171875E0,6.879244537E0
8.749687779E1,-2.577939148E0,-6.365363159E0,6.890920258E0
8.750691879E1,-2.575244751E0,-6.361171875E0,6.886878662E0
8.751695879E1,-2.570604401E0,-6.356980591E0,6.882986755E0
8.752699879E1,-2.583178253E0,-6.356830902E0,6.896159363E0
8.753706979E1,-2.584675140E0,-6.365213470E0,6.879094849E0
8.754710979E1,-2.581381989E0,-6.370302887E0,6.878196716E0
8.755715079E1,-2.584824829E0,-6.367758179E0,6.878496094E0
8.756719079E1,-2.583627319E0,-6.365063782E0,6.875801697E0
8.757723079E1,-2.580783234E0,-6.375242615E0,6.879693604E0
8.758727079E1,-2.582878876E0,-6.371650085E0,6.872508545E0
8.759734179E1,-2.582130432E0,-6.365662537E0,6.885980530E0
8.760738179E1,-2.578537903E0,-6.371949463E0,6.885830841E0
8.761742279E1,-2.590662689E0,-6.372398529E0,6.880292358E0
8.762746279E1,-2.589315491E0,-6.367159424E0,6.878047028E0
8.763750279E1,-2.593357086E0,-6.358028412E0,6.881340179E0
8.764754379E1,-2.588866425E0,-6.355483704E0,6.888974304E0
8.765761379E1,-2.584675140E0,-6.356681213E0,6.892417145E0
8.766765479E1,-2.584375763E0,-6.364165649E0,6.893315277E0
8.767769479E1,-2.586022339E0,-6.372548218E0,6.892267456E0
8.768773479E1,-2.583028564E0,-6.364465027E0,6.889872437E0
8.769777579E1,-2.585573273E0,-6.356681213E0,6.875502319E0
8.770781579E1,-2.587968292E0,-6.347999268E0,6.880891113E0
8.771788679E1,-2.604883118E0,-6.347250824E0,6.860982513E0
8.772792679E1,-2.602188721E0,-6.357579346E0,6.838229828E0
8.773796679E1,-2.585722961E0,-6.348298645E0,6.849606171E0
8.774800679E1,-2.586172028E0,-6.352938995E0,6.850953369E0
8.775804779E1,-2.584974518E0,-6.363267517E0,6.872358856E0
8.776808779E1,-2.582130432E0,-6.364764404E0,6.882837067E0
8.777815879E1,-2.583926697E0,-6.370452576E0,6.892417145E0
8.778819879E1,-2.570155334E0,-6.373296661E0,6.902146912E0
8.779823879E1,-2.579885101E0,-6.370003510E0,6.892866211E0
8.780827979E1,-2.575095062E0,-6.362668762E0,6.897656250E0
8.781831979E1,-2.582579498E0,-6.370003510E0,6.883735199E0
8.782835979E1,-2.591111755E0,-6.369853821E0,6.892417145E0
8.783840079E1,-2.583327942E0,-6.365213470E0,6.870412903E0
8.784847079E1,-2.586321716E0,-6.363716583E0,6.855893097E0
8.785851179E1,-2.589614868E0,-6.360573120E0,6.863826599E0
8.786855179E1,-2.596500549E0,-6.359674988E0,6.867269440E0
8.787859179E1,-2.594255219E0,-6.350843353E0,6.864275665E0
8.788863179E1,-2.590812378E0,-6.346951447E0,6.885980530E0
8.789867279E1,-2.606230316E0,-6.362070007E0,6.880292358E0
8.790874379E1,-2.608924713E0,-6.365213470E0,6.897506561E0
8.791878379E1,-2.596201172E0,-6.363267517E0,6.894662476E0
8.792882379E1,-2.605182495E0,-6.367608490E0,6.898704071E0
8.793886379E1,-2.596949615E0,-6.367907867E0,6.888375549E0
8.794890479E1,-2.595452728E0,-6.361171875E0,6.887926483E0
8.795894479E1,-2.598296814E0,-6.346352692E0,6.890770569E0
8.796901579E1,-2.603535919E0,-6.354735260E0,6.875202942E0
8.797905579E1,-2.608325958E0,-6.345454559E0,6.870412903E0
8.798909579E1,-2.605631561E0,-6.352040863E0,6.869664459E0
8.799915892E1,-2.596201172E0,-6.364614716E0,6.865024109E0
8.800919892E1,-2.598296814E0,-6.363866272E0,6.868916016E0
8.801923892E1,-2.595303040E0,-6.351591797E0,6.870263214E0
8.802930992E1,-2.590812378E0,-6.357579346E0,6.879394226E0
8.803934992E1,-2.594554596E0,-6.359674988E0,6.884783020E0
8.804939092E1,-2.591860199E0,-6.361022186E0,6.877597961E0
8.805943092E1,-2.591710510E0,-6.358627167E0,6.881489868E0
8.806947092E1,-2.594105530E0,-6.369554443E0,6.882986755E0
8.807951092E1,-2.596949615E0,-6.364914093E0,6.878795471E0
8.808955192E1,-2.602787476E0,-6.358477478E0,6.878047028E0
8.809962192E1,-2.591710510E0,-6.360124054E0,6.865024109E0
8.810966292E1,-2.588417358E0,-6.354884949E0,6.879543915E0
8.811970292E1,-2.596350861E0,-6.357429657E0,6.873855743E0
8.812974292E1,-2.582878876E0,-6.364165649E0,6.874304810E0
8.813978392E1,-2.581831055E0,-6.361022186E0,6.871161346E0
8.814982392E1,-2.581980743E0,-6.345903625E0,6.880891113E0
8.815989492E1,-2.580184479E0,-6.356082458E0,6.889722748E0
8.816993492E1,-2.577190704E0,-6.353088684E0,6.887028351E0
8.817997492E1,-2.582729187E0,-6.351741486E0,6.886579285E0
8.819001592E1,-2.587519226E0,-6.344406738E0,6.894662476E0
8.820005592E1,-2.590513000E0,-6.340963898E0,6.894512787E0
8.821009592E1,-2.593057709E0,-6.344257050E0,6.880891113E0
8.822016692E1,-2.581831055E0,-6.352340240E0,6.888974304E0
8.823020692E1,-2.584675140E0,-6.346203003E0,6.901248779E0
8.824024692E1,-2.580034790E0,-6.343209229E0,6.901548157E0
8.825028792E1,-2.580932922E0,-6.349196777E0,6.896309052E0
8.826032792E1,-2.570454712E0,-6.352938995E0,6.904990997E0
8.827036792E1,-2.568658447E0,-6.346951447E0,6.899901581E0
8.828043892E1,-2.585573273E0,-6.356980591E0,6.894363098E0
8.829047892E1,-2.593057709E0,-6.358178101E0,6.890022125E0
8.830051992E1,-2.585273895E0,-6.355034637E0,6.885830841E0
8.831055992E1,-2.579436035E0,-6.359225922E0,6.894961853E0
8.832059992E1,-2.575244751E0,-6.354884949E0,6.894961853E0
8.833064092E1,-2.566263428E0,-6.351591797E0,6.881340179E0
8.834071092E1,-2.567311249E0,-6.358627167E0,6.879094849E0
8.835075192E1,-2.581381989E0,-6.361920319E0,6.898853760E0
8.836079192E1,-2.576741638E0,-6.345454559E0,6.890471191E0
8.837083192E1,-2.590363312E0,-6.344107361E0,6.906038818E0
8.838087192E1,-2.594704285E0,-6.346502380E0,6.898704071E0
8.839091292E1,-2.592758331E0,-6.353537750E0,6.896758118E0
8.840095292E1,-2.590513000E0,-6.364614716E0,6.902595978E0
8.841102392E1,-2.583477631E0,-6.367159424E0,6.899003448E0
8.842106392E1,-2.583627319E0,-6.355483704E0,6.888076172E0
8.843110392E1,-2.572700043E0,-6.352489929E0,6.891968079E0
8.844114492E1,-2.567011871E0,-6.343658295E0,6.884483643E0
8.845118492E1,-2.561623077E0,-6.330186310E0,6.887477417E0
8.846122492E1,-2.562820587E0,-6.329587555E0,6.885381775E0
8.847129592E1,-2.556683350E0,-6.338419189E0,6.878346405E0
8.848133592E1,-2.564766541E0,-6.345454559E0,6.885232086E0
8.849137692E1,-2.548151093E0,-6.358627167E0,6.895261230E0
8.850141692E1,-2.555485840E0,-6.367159424E0,6.901398468E0
8.851145692E1,-2.556383972E0,-6.366410980E0,6.903045044E0
8.852149692E1,-2.547252960E0,-6.377637634E0,6.907835083E0
8.853156792E1,-2.561623077E0,-6.366860046E0,6.900200958E0
8.854160892E1,-2.554887085E0,-6.367309113E0,6.904242554E0
8.855164892E1,-2.561323700E0,-6.372248840E0,6.891818390E0
8.856168892E1,-2.568209381E0,-6.361620941E0,6.890620880E0
8.857172892E1,-2.564616852E0,-6.364165649E0,6.886728973E0
8.858176992E1,-2.557581482E0,-6.364914093E0,6.888375549E0
8.859183992E1,-2.551294556E0,-6.363566895E0,6.879543915E0
8.860188092E1,-2.555186462E0,-6.356082458E0,6.884633331E0
8.861192092E1,-2.545905762E0,-6.344706116E0,6.891219635E0
8.862196092E1,-2.545756073E0,-6.361770630E0,6.886878662E0
8.863200192E1,-2.556982727E0,-6.372099152E0,6.895859985E0
8.864204192E1,-2.559826813E0,-6.377038879E0,6.908433838E0
8.865211292E1,-2.564467163E0,-6.371201019E0,6.900350647E0
8.866215292E1,-2.567910004E0,-6.366261292E0,6.900650024E0
8.867219292E1,-2.578238525E0,-6.372847595E0,6.901697845E0
8.868223392E1,-2.578837280E0,-6.365662537E0,6.890171814E0
8.869227392E1,-2.585722961E0,-6.357878723E0,6.881340179E0
8.870231392E1,-2.577190704E0,-6.354286194E0,6.879992981E0
8.871235392E1,-2.559527435E0,-6.353537750E0,6.877597961E0
8.872242492E1,-2.549198914E0,-6.360872498E0,6.870861969E0
8.873246492E1,-2.552941132E0,-6.365213470E0,6.878945160E0
8.874250592E1,-2.550396423E0,-6.365812225E0,6.891219635E0
8.875254592E1,-2.540067902E0,-6.368506622E0,6.892866211E0
8.876258592E1,-2.525548096E0,-6.384972382E0,6.894961853E0
8.877262692E1,-2.536924438E0,-6.382876740E0,6.888674927E0
8.878269692E1,-2.549797668E0,-6.377637634E0,6.902146912E0
8.879273792E1,-2.551444244E0,-6.373596039E0,6.899153137E0
8.880277792E1,-2.548300781E0,-6.382427673E0,6.892267456E0
8.881281792E1,-2.542462921E0,-6.366860046E0,6.896907806E0
8.882285892E1,-2.553689575E0,-6.374045105E0,6.892417145E0
8.883289892E1,-2.547702026E0,-6.372398529E0,6.878047028E0
8.884296992E1,-2.536924438E0,-6.367309113E0,6.884783020E0
8.885300992E1,-2.520608368E0,-6.366860046E0,6.887627106E0
8.886304992E1,-2.525997162E0,-6.362070007E0,6.884483643E0
8.887308992E1,-2.528092804E0,-6.370452576E0,6.894961853E0
8.888313092E1,-2.526895294E0,-6.373895416E0,6.888375549E0
8.889317092E1,-2.526446228E0,-6.378984833E0,6.881938934E0
8.890324192E1,-2.525099030E0,-6.367009735E0,6.892267456E0
8.891328192E1,-2.536924438E0,-6.379583588E0,6.894063721E0
8.892332192E1,-2.540367279E0,-6.377787323E0,6.883286133E0
8.893336292E1,-2.539768524E0,-6.372248840E0,6.880591736E0
8.894340292E1,-2.536475372E0,-6.376889191E0,6.884633331E0
8.895344292E1,-2.542911987E0,-6.364315338E0,6.888525238E0
8.896348392E1,-2.539918213E0,-6.364465027E0,6.893464966E0
8.897355392E1,-2.545606384E0,-6.365213470E0,6.887178040E0
8.898359492E1,-2.544259186E0,-6.363267517E0,6.878196716E0
8.899364188E1,-2.544408875E0,-6.367458801E0,6.886728973E0
8.900368188E1,-2.547552338E0,-6.376290436E0,6.883735199E0
8.901372187E1,-2.543211365E0,-6.378086700E0,6.894213409E0
8.902376287E1,-2.532882843E0,-6.385271759E0,6.877897339E0
8.903383388E1,-2.536625061E0,-6.393654327E0,6.872957611E0
8.904387388E1,-2.537523193E0,-6.388864288E0,6.881639557E0
8.905391387E1,-2.540666656E0,-6.379284210E0,6.883435822E0
8.906395387E1,-2.540067902E0,-6.378086700E0,6.890620880E0
8.907399487E1,-2.552192688E0,-6.375092926E0,6.901997223E0
8.908403487E1,-2.550995178E0,-6.372997284E0,6.909331970E0
8.909410587E1,-2.553988953E0,-6.381080475E0,6.904541931E0
8.910414587E1,-2.553988953E0,-6.383924561E0,6.908134460E0
8.911418587E1,-2.564018097E0,-6.383176117E0,6.900650024E0
8.912422687E1,-2.546205139E0,-6.376440125E0,6.895560608E0
8.913426688E1,-2.544109497E0,-6.377487946E0,6.878346405E0
8.914430688E1,-2.544408875E0,-6.374045105E0,6.874903564E0
8.915437787E1,-2.533930664E0,-6.364165649E0,6.873256989E0
8.916441787E1,-2.530936890E0,-6.364315338E0,6.877448273E0
8.917445888E1,-2.530936890E0,-6.372248840E0,6.866221619E0
8.918449888E1,-2.528092804E0,-6.382427673E0,6.872209167E0
8.919453887E1,-2.528092804E0,-6.373596039E0,6.888824615E0
8.920457887E1,-2.529889069E0,-6.385122070E0,6.902745667E0
8.921464988E1,-2.520009613E0,-6.382577362E0,6.918013916E0
8.922468988E1,-2.512225800E0,-6.378535767E0,6.906487885E0
8.923473087E1,-2.522704010E0,-6.382128296E0,6.909331970E0
8.924477087E1,-2.524799652E0,-6.384673004E0,6.903643799E0
8.925481087E1,-2.531685333E0,-6.380930786E0,6.889123993E0
8.926485187E1,-2.547402649E0,-6.386918335E0,6.880591736E0
8.927489188E1,-2.548300781E0,-6.377937012E0,6.869664459E0
8.928496287E1,-2.538571014E0,-6.375242615E0,6.865173798E0
8.929500287E1,-2.534379730E0,-6.364914093E0,6.877597961E0
8.930504287E1,-2.536625061E0,-6.356381836E0,6.879394226E0
8.931508388E1,-2.537972260E0,-6.360872498E0,6.899901581E0
8.932512388E1,-2.546205139E0,-6.359375610E0,6.904092865E0
8.933516387E1,-2.542163544E0,-6.359824677E0,6.910230103E0
8.934523487E1,-2.556383972E0,-6.364914093E0,6.922654266E0
8.935527488E1,-2.548899536E0,-6.378535767E0,6.916067963E0
8.936531488E1,-2.549797668E0,-6.381978607E0,6.902446289E0
8.937535587E1,-2.550845490E0,-6.375541992E0,6.892716522E0
8.938539587E1,-2.545606384E0,-6.367009735E0,6.894812164E0
8.939543587E1,-2.547252960E0,-6.364465027E0,6.888974304E0
8.940550687E1,-2.546055450E0,-6.354435883E0,6.892866211E0
8.941554687E1,-2.536774750E0,-6.361620941E0,6.881489868E0
8.942558787E1,-2.536625061E0,-6.368506622E0,6.883884888E0
8.943562787E1,-2.534978485E0,-6.372398529E0,6.884184265E0
8.944566787E1,-2.536924438E0,-6.375991058E0,6.886728973E0
8.945570888E1,-2.531535645E0,-6.375841370E0,6.883735199E0
8.946577887E1,-2.533780975E0,-6.366860046E0,6.892417145E0
8.947581987E1,-2.540217590E0,-6.366410980E0,6.903045044E0
8.948585987E1,-2.532284088E0,-6.371949463E0,6.904990997E0
8.949589988E1,-2.534529419E0,-6.377937012E0,6.895111542E0
8.950593988E1,-2.542612610E0,-6.367009735E0,6.899153137E0
8.951598087E1,-2.541864166E0,-6.366261292E0,6.905290375E0
8.952605188E1,-2.536924438E0,-6.364614716E0,6.907685394E0
8.953609188E1,-2.536924438E0,-6.362219696E0,6.901099091E0
8.954613187E1,-2.539469147E0,-6.367009735E0,6.895410919E0
8.955617187E1,-2.534978485E0,-6.364914093E0,6.907535706E0
8.956621287E1,-2.530487823E0,-6.354735260E0,6.902895355E0
8.957625287E1,-2.536924438E0,-6.360722809E0,6.885980530E0
8.958629287E1,-2.533032532E0,-6.358926544E0,6.893315277E0
8.959636387E1,-2.532284088E0,-6.360124054E0,6.906038818E0
8.960640387E1,-2.525997162E0,-6.356531525E0,6.904092865E0
8.961644487E1,-2.527643738E0,-6.356082458E0,6.920259247E0
8.962648487E1,-2.523302765E0,-6.363417206E0,6.921756134E0
8.963652488E1,-2.525248718E0,-6.357878723E0,6.913223877E0
8.964656488E1,-2.528092804E0,-6.363267517E0,6.903194733E0
8.965663587E1,-2.530637512E0,-6.363267517E0,6.899452515E0
8.966667688E1,-2.537972260E0,-6.352789307E0,6.901697845E0
8.967671688E1,-2.542462921E0,-6.353537750E0,6.899153137E0
8.968675687E1,-2.542462921E0,-6.353837128E0,6.912774811E0
8.969679687E1,-2.547702026E0,-6.350693665E0,6.918612671E0
8.970683787E1,-2.553539886E0,-6.356980591E0,6.916067963E0
8.971690888E1,-2.545606384E0,-6.362519073E0,6.905290375E0
8.972694887E1,-2.530487823E0,-6.358178101E0,6.907835083E0
8.973698887E1,-2.520308990E0,-6.351591797E0,6.908284149E0
8.974702887E1,-2.516866150E0,-6.359974365E0,6.893015900E0
8.975706987E1,-2.533930664E0,-6.368356934E0,6.903494110E0
8.976710987E1,-2.529140625E0,-6.361770630E0,6.901548157E0
8.977718087E1,-2.540067902E0,-6.357279968E0,6.909331970E0
8.978722087E1,-2.552342377E0,-6.358477478E0,6.920259247E0
8.979726087E1,-2.543061676E0,-6.355034637E0,6.922354889E0
8.980730188E1,-2.548001404E0,-6.361920319E0,6.929989014E0
8.981734188E1,-2.549498291E0,-6.372847595E0,6.921606445E0
8.982738187E1,-2.547702026E0,-6.360722809E0,6.898554382E0
8.983742187E1,-2.544708252E0,-6.361321564E0,6.890171814E0
8.984749288E1,-2.538421326E0,-6.355633392E0,6.880741425E0
8.985753388E1,-2.536175995E0,-6.346801758E0,6.874604187E0
8.986757387E1,-2.519111481E0,-6.347699890E0,6.885980530E0
8.987761387E1,-2.521506500E0,-6.355334015E0,6.896309052E0
8.988765387E1,-2.519410858E0,-6.361171875E0,6.894213409E0
8.989769487E1,-2.537523193E0,-6.358028412E0,6.902146912E0
8.990776487E1,-2.559826813E0,-6.368955688E0,6.899452515E0
8.991780587E1,-2.573897552E0,-6.380481720E0,6.891519012E0
8.992784587E1,-2.573897552E0,-6.376889191E0,6.891219635E0
8.993788587E1,-2.570604401E0,-6.366710358E0,6.904841309E0
8.994792688E1,-2.563718719E0,-6.367159424E0,6.903045044E0
8.995796688E1,-2.558778992E0,-6.376290436E0,6.903194733E0
8.996803787E1,-2.556833038E0,-6.372997284E0,6.892716522E0
8.997807787E1,-2.547851715E0,-6.370901642E0,6.875352631E0
8.998811788E1,-2.552492065E0,-6.371051331E0,6.864724731E0
8.999816429E1,-2.555336151E0,-6.371949463E0,6.855893097E0
9.000820429E1,-2.553240509E0,-6.370602264E0,6.856042786E0
9.001824429E1,-2.568059692E0,-6.370003510E0,6.864125977E0
9.002831529E1,-2.567460938E0,-6.371799774E0,6.867568817E0
9.003835529E1,-2.566862183E0,-6.372997284E0,6.865473175E0
9.004839529E1,-2.570903778E0,-6.369704132E0,6.890620880E0
9.005843629E1,-2.559826813E0,-6.367309113E0,6.888674927E0
9.006847629E1,-2.571652222E0,-6.377338257E0,6.893614655E0
9.007851629E1,-2.570005646E0,-6.372248840E0,6.887627106E0
9.008858729E1,-2.566413116E0,-6.372997284E0,6.875801697E0
9.009862729E1,-2.569855957E0,-6.368356934E0,6.897057495E0
9.010866829E1,-2.565215607E0,-6.358926544E0,6.887627106E0
9.011870829E1,-2.568508759E0,-6.359525299E0,6.885381775E0
9.012874829E1,-2.565814362E0,-6.353088684E0,6.878795471E0
9.013878929E1,-2.583777008E0,-6.365363159E0,6.887477417E0
9.014882929E1,-2.595752106E0,-6.374344482E0,6.875502319E0
9.015890029E1,-2.608176270E0,-6.371350708E0,6.863976288E0
9.016894029E1,-2.613714752E0,-6.364015961E0,6.856491852E0
9.017898029E1,-2.604883118E0,-6.363716583E0,6.856342163E0
9.018902029E1,-2.599943390E0,-6.371650085E0,6.842421112E0
9.019906129E1,-2.599494324E0,-6.377787323E0,6.837182007E0
9.020910129E1,-2.585722961E0,-6.371350708E0,6.839577026E0
9.021917229E1,-2.587818604E0,-6.367608490E0,6.842870178E0
9.022921229E1,-2.592159576E0,-6.370901642E0,6.867718506E0
9.023925229E1,-2.606829071E0,-6.371799774E0,6.865323486E0
9.024929329E1,-2.660417633E0,-6.381230164E0,6.862180023E0
9.025933329E1,-2.639910278E0,-6.386918335E0,6.857539673E0
9.026937329E1,-2.626737671E0,-6.377937012E0,6.858138428E0
9.027944429E1,-2.649939423E0,-6.362668762E0,6.838379517E0
9.028948429E1,-2.664309540E0,-6.369404755E0,6.829398193E0
9.029952529E1,-2.653232574E0,-6.367009735E0,6.859934692E0
9.030956529E1,-2.647544403E0,-6.375691681E0,6.825506287E0
9.031960529E1,-2.609224091E0,-6.374793549E0,6.827601929E0
9.032964529E1,-2.642604675E0,-6.343658295E0,6.857090607E0
9.033971629E1,-2.648741913E0,-6.359225922E0,6.869963837E0
9.034975729E1,-2.607278137E0,-6.358028412E0,6.817872162E0
9.035979729E1,-2.668800201E0,-6.355034637E0,6.868017883E0
9.036983729E1,-2.673889618E0,-6.365213470E0,6.828500061E0
9.037987729E1,-2.628983002E0,-6.375541992E0,6.789880371E0
9.038991829E1,-2.674039307E0,-6.362818451E0,6.829996948E0
9.039998829E1,-2.709515533E0,-6.375242615E0,6.831493835E0
9.041002929E1,-2.671494598E0,-6.373745728E0,6.818919983E0
9.042006929E1,-2.701582031E0,-6.365063782E0,6.812034302E0
9.043010929E1,-2.694696350E0,-6.351591797E0,6.828200684E0
9.044015029E1,-2.745141449E0,-6.339916077E0,6.902146912E0
9.045019029E1,-2.749332733E0,-6.340215454E0,6.847809906E0
9.046023029E1,-2.711311798E0,-6.330785065E0,6.831194458E0
9.047030129E1,-2.712209930E0,-6.324348450E0,6.800208893E0
9.048034129E1,-2.736609192E0,-6.323600006E0,6.872658234E0
9.049038229E1,-2.759212189E0,-6.336323547E0,6.866221619E0
9.050042229E1,-2.746788025E0,-6.330335999E0,6.849157104E0
9.051046229E1,-2.754122772E0,-6.308930511E0,6.862479401E0
9.052050229E1,-2.803220673E0,-6.314618683E0,6.832541656E0
9.053057329E1,-2.877615967E0,-6.345304871E0,6.892267456E0
9.054061329E1,-2.864892426E0,-6.353388062E0,6.840774536E0
9.055065429E1,-2.856509857E0,-6.343059540E0,6.833140411E0
9.056069429E1,-2.862048340E0,-6.323001251E0,6.837780762E0
9.057073429E1,-2.875370636E0,-6.292913818E0,6.841223602E0
9.058077529E1,-2.932402039E0,-6.295608215E0,6.822063446E0
9.059084529E1,-2.937940521E0,-6.296955414E0,6.818919983E0
9.060088629E1,-2.903063049E0,-6.297254791E0,6.784491577E0
9.061092629E1,-2.873125305E0,-6.286776581E0,6.772366791E0
9.062096629E1,-2.835254059E0,-6.287674713E0,6.772516479E0
9.063100729E1,-2.833308105E0,-6.302942963E0,6.764283600E0
9.064104729E1,-2.796185303E0,-6.327491913E0,6.791676636E0
9.065111829E1,-2.746638336E0,-6.332132263E0,6.818321228E0
9.066115829E1,-2.740950165E0,-6.316564636E0,6.851552124E0
9.067119829E1,-2.752326508E0,-6.304290161E0,6.880591736E0
9.068123829E1,-2.783761139E0,-6.311475220E0,6.909331970E0
9.069127929E1,-2.853665771E0,-6.314768372E0,6.938670959E0
9.070131929E1,-2.871179352E0,-6.320007477E0,6.939419403E0
9.071135929E1,-2.899919586E0,-6.299200745E0,6.900949402E0
9.072143029E1,-2.911146240E0,-6.287375336E0,6.880442047E0
9.073147029E1,-2.922223206E0,-6.269712067E0,6.847809906E0
9.074151129E1,-2.926264801E0,-6.265071716E0,6.806944885E0
9.075155129E1,-2.905308380E0,-6.256090393E0,6.768774261E0
9.076159129E1,-2.871778107E0,-6.257587280E0,6.747668152E0
9.077163229E1,-2.854264526E0,-6.267616425E0,6.747069397E0
9.078170229E1,-2.837798767E0,-6.283633118E0,6.741530914E0
9.079174329E1,-2.808160400E0,-6.306984558E0,6.769522705E0
9.080178329E1,-2.789149933E0,-6.334676971E0,6.803502045E0
9.081182329E1,-2.795736237E0,-6.356381836E0,6.819668427E0
9.082186329E1,-2.812651062E0,-6.369554443E0,6.816824341E0
9.083190429E1,-2.813399506E0,-6.363716583E0,6.809639282E0
9.084197529E1,-2.816992035E0,-6.361920319E0,6.801256714E0
9.085201529E1,-2.817740479E0,-6.363566895E0,6.804849243E0
9.086205529E1,-2.808609467E0,-6.369554443E0,6.806346130E0
9.087209529E1,-2.808310089E0,-6.380481720E0,6.783443756E0
9.088213629E1,-2.815794525E0,-6.394851837E0,6.776857452E0
9.089217629E1,-2.806513824E0,-6.391708374E0,6.772516479E0
9.090224729E1,-2.802023163E0,-6.379134521E0,6.782695313E0
9.091228729E1,-2.799029388E0,-6.373296661E0,6.785689087E0
9.092232729E1,-2.810854797E0,-6.359525299E0,6.789131927E0
9.093236829E1,-2.826871490E0,-6.340065765E0,6.792874146E0
9.094240829E1,-2.833457794E0,-6.332281952E0,6.782695313E0
9.095244829E1,-2.849025421E0,-6.345604248E0,6.784491577E0
9.096251929E1,-2.874023438E0,-6.344855804E0,6.789131927E0
9.097255929E1,-2.870580597E0,-6.348298645E0,6.792874146E0
9.098260029E1,-2.872526550E0,-6.359525299E0,6.784192200E0
9.099264029E1,-2.875670013E0,-6.371201019E0,6.770570526E0
9.100265925E1,-2.864143982E0,-6.393804016E0,6.756350098E0
9.101269925E1,-2.849025421E0,-6.395899658E0,6.756050720E0
9.102277025E1,-2.840044098E0,-6.403234406E0,6.734794922E0
9.103281025E1,-2.836301880E0,-6.409072266E0,6.740782471E0
9.104285125E1,-2.822530518E0,-6.406527557E0,6.755901031E0
9.105289125E1,-2.814896393E0,-6.400839386E0,6.765181732E0
9.106293125E1,-2.780467987E0,-6.398594055E0,6.769522705E0
9.107297225E1,-2.778222656E0,-6.394851837E0,6.778803406E0
9.108301225E1,-2.771037598E0,-6.389762421E0,6.788682861E0
9.109308325E1,-2.772534485E0,-6.392756195E0,6.780599670E0
9.110312325E1,-2.774181061E0,-6.384523315E0,6.778054962E0
9.111316325E1,-2.775827637E0,-6.382128296E0,6.783892822E0
9.112320425E1,-2.786156158E0,-6.381379852E0,6.775959320E0
9.113324425E1,-2.788102112E0,-6.385571136E0,6.765181732E0
9.114328425E1,-2.797831879E0,-6.383176117E0,6.771019592E0
9.115335525E1,-2.802921295E0,-6.367907867E0,6.775061188E0
9.116339525E1,-2.794239349E0,-6.364165649E0,6.779851227E0
9.117343525E1,-2.790796509E0,-6.364315338E0,6.791227570E0
9.118347625E1,-2.786156158E0,-6.358627167E0,6.795718231E0
9.119351625E1,-2.796484680E0,-6.366710358E0,6.787185974E0
9.120355625E1,-2.810854797E0,-6.372548218E0,6.779851227E0
9.121362725E1,-2.830763397E0,-6.368506622E0,6.791826324E0
9.122366725E1,-2.843337250E0,-6.352190552E0,6.778504028E0
9.123370825E1,-2.848875732E0,-6.335724792E0,6.782845001E0
9.124374825E1,-2.853516083E0,-6.337670746E0,6.806046753E0
9.125378825E1,-2.851570129E0,-6.346053314E0,6.816824341E0
9.126382925E1,-2.843486938E0,-6.351891174E0,6.812183990E0
9.127389925E1,-2.844834137E0,-6.338568878E0,6.801556091E0
9.128394025E1,-2.836750946E0,-6.329288177E0,6.806346130E0
9.129398025E1,-2.826871490E0,-6.310277710E0,6.823710022E0
9.130402025E1,-2.823578339E0,-6.297853546E0,6.828649750E0
9.131406025E1,-2.815794525E0,-6.274801483E0,6.837780762E0
9.132410125E1,-2.817441101E0,-6.260581055E0,6.841972046E0
9.133417225E1,-2.829416199E0,-6.258934479E0,6.846762085E0
9.134421225E1,-2.834804993E0,-6.260431366E0,6.832391968E0
9.135425225E1,-2.836002502E0,-6.277795258E0,6.835086365E0
9.136429225E1,-2.849773865E0,-6.286626892E0,6.834337921E0
9.137433325E1,-2.857258301E0,-6.298003235E0,6.844217377E0
9.138437325E1,-2.847977600E0,-6.298901367E0,6.854396210E0
9.139441325E1,-2.846031647E0,-6.299949188E0,6.857240295E0
9.140448425E1,-2.848726044E0,-6.292015686E0,6.862030334E0
9.141452425E1,-2.888094177E0,-6.290518799E0,6.846462708E0
9.142456525E1,-2.887196045E0,-6.298751678E0,6.827302551E0
9.143460525E1,-2.897075500E0,-6.285130005E0,6.838828583E0
9.144464525E1,-2.912942505E0,-6.287225647E0,6.841822357E0
9.145468525E1,-2.908002777E0,-6.293213196E0,6.848408661E0
9.146475625E1,-2.912343750E0,-6.290518799E0,6.831194458E0
9.147479725E1,-2.910248108E0,-6.293063507E0,6.826554108E0
9.148483725E1,-2.909799042E0,-6.286626892E0,6.835236053E0
9.149487725E1,-2.904410248E0,-6.286926270E0,6.834337921E0
9.150491725E1,-2.891237640E0,-6.296506348E0,6.847211151E0
9.151495825E1,-2.893183594E0,-6.288423157E0,6.855144653E0
9.152502825E1,-2.899171143E0,-6.277046814E0,6.835086365E0
9.153506925E1,-2.902464294E0,-6.290069733E0,6.831942902E0
9.154510925E1,-2.908751221E0,-6.299051056E0,6.833589478E0
9.155514925E1,-2.903212738E0,-6.297703857E0,6.827901306E0
9.156519025E1,-2.897075500E0,-6.299350433E0,6.819967804E0
9.157523025E1,-2.887944489E0,-6.303092651E0,6.815177765E0
9.158530125E1,-2.875520325E0,-6.296057281E0,6.820566559E0
9.159534125E1,-2.856360168E0,-6.288722534E0,6.825506287E0
9.160538125E1,-2.848726044E0,-6.293063507E0,6.819219360E0
9.161542225E1,-2.851420441E0,-6.294859772E0,6.831942902E0
9.162546225E1,-2.858755188E0,-6.297105103E0,6.834637299E0
9.163550225E1,-2.846480713E0,-6.308032379E0,6.825206909E0
9.164557325E1,-2.851121063E0,-6.319708099E0,6.829398193E0
9.165561325E1,-2.856958923E0,-6.323150940E0,6.835834808E0
9.166565325E1,-2.847079468E0,-6.318959656E0,6.827452240E0
9.167569425E1,-2.850522308E0,-6.326593781E0,6.809190216E0
9.168573425E1,-2.847079468E0,-6.340365143E0,6.801855469E0
9.169577425E1,-2.844534760E0,-6.350993042E0,6.797664185E0
9.170584525E1,-2.856210480E0,-6.343059540E0,6.791826324E0
9.171588525E1,-2.857857056E0,-6.344406738E0,6.783144379E0
9.172592625E1,-2.847378845E0,-6.342909851E0,6.785090332E0
9.173596625E1,-2.838397522E0,-6.333180084E0,6.784491577E0
9.174600625E1,-2.837649078E0,-6.325396271E0,6.798113251E0
9.175604725E1,-2.850671997E0,-6.323749695E0,6.797813873E0
9.176608725E1,-2.847678223E0,-6.324498138E0,6.821015625E0
9.177615825E1,-2.844684448E0,-6.317013702E0,6.828500061E0
9.178619825E1,-2.835104370E0,-6.318061523E0,6.832841034E0
9.179623825E1,-2.846331024E0,-6.310277710E0,6.836433563E0
9.180627825E1,-2.841990051E0,-6.301895142E0,6.831194458E0
9.181631925E1,-2.830913086E0,-6.300997009E0,6.846013641E0
9.182635925E1,-2.815195770E0,-6.309678955E0,6.854695587E0
9.183643025E1,-2.814297638E0,-6.299350433E0,6.863078156E0
9.184647025E1,-2.811603241E0,-6.291416931E0,6.855444031E0
9.185651025E1,-2.813249817E0,-6.282285919E0,6.840774536E0
9.186655125E1,-2.817740479E0,-6.285130005E0,6.820566559E0
9.187659125E1,-2.830014954E0,-6.304888916E0,6.813980255E0
9.188663125E1,-2.833906860E0,-6.318061523E0,6.811285858E0
9.189670225E1,-2.834355927E0,-6.333329773E0,6.813531189E0
9.190674225E1,-2.830464020E0,-6.332431641E0,6.804849243E0
9.191678325E1,-2.823728027E0,-6.334227905E0,6.817722473E0
9.192682325E1,-2.811303864E0,-6.349795532E0,6.799460449E0
9.193686325E1,-2.808759155E0,-6.357579346E0,6.788533173E0
9.194690325E1,-2.800675964E0,-6.361022186E0,6.779851227E0
9.195697425E1,-2.781066742E0,-6.355334015E0,6.768025818E0
9.196701525E1,-2.768642578E0,-6.347999268E0,6.787185974E0
9.197705525E1,-2.764750671E0,-6.340215454E0,6.796167297E0
9.198709525E1,-2.777923279E0,-6.330635376E0,6.819518738E0
9.199714817E1,-2.789449310E0,-6.327042847E0,6.849306793E0
9.200718917E1,-2.802771606E0,-6.338718567E0,6.847660217E0
9.201726017E1,-2.805915070E0,-6.338718567E0,6.838978271E0
9.202730017E1,-2.809058533E0,-6.331982574E0,6.843618622E0
9.203734017E1,-2.804268494E0,-6.340065765E0,6.842570801E0
9.204738017E1,-2.781216431E0,-6.350543976E0,6.846762085E0
9.205742117E1,-2.777623901E0,-6.346951447E0,6.827003174E0
9.206746117E1,-2.764002228E0,-6.345753937E0,6.818919983E0
9.207753217E1,-2.756517792E0,-6.345604248E0,6.827751617E0
9.208757217E1,-2.756966858E0,-6.329587555E0,6.826254730E0
9.209761217E1,-2.742596741E0,-6.323749695E0,6.821614380E0
9.210765317E1,-2.755320282E0,-6.317612457E0,6.812633057E0
9.211769317E1,-2.756368103E0,-6.318809967E0,6.819967804E0
9.212773317E1,-2.762205963E0,-6.330635376E0,6.812333679E0
9.213777317E1,-2.779420166E0,-6.350244598E0,6.812633057E0
9.214784417E1,-2.775378571E0,-6.369704132E0,6.812633057E0
9.215788517E1,-2.780168610E0,-6.382128296E0,6.818171539E0
9.216792517E1,-2.768642578E0,-6.385720825E0,6.824907532E0
9.217796517E1,-2.762954407E0,-6.383325806E0,6.819069672E0
9.218800517E1,-2.753973083E0,-6.385271759E0,6.791826324E0
9.219804617E1,-2.739153900E0,-6.378535767E0,6.789431305E0
9.220811617E1,-2.719844055E0,-6.361920319E0,6.784790955E0
9.221815717E1,-2.711311798E0,-6.364165649E0,6.795418854E0
9.222819717E1,-2.694995728E0,-6.364614716E0,6.812633057E0
9.223823717E1,-2.679128723E0,-6.366261292E0,6.836283875E0
9.224827817E1,-2.697390747E0,-6.363566895E0,6.844666443E0
9.225831817E1,-2.710713043E0,-6.368356934E0,6.831942902E0
9.226838917E1,-2.720293121E0,-6.364465027E0,6.822512512E0
9.227842917E1,-2.718197479E0,-6.363716583E0,6.822811890E0
9.228846917E1,-2.711162109E0,-6.368057556E0,6.817722473E0
9.229851017E1,-2.717149658E0,-6.378386078E0,6.815926208E0
9.230855017E1,-2.705923004E0,-6.386169891E0,6.817722473E0
9.231859017E1,-2.704426117E0,-6.387068024E0,6.823410645E0
9.232866117E1,-2.709216156E0,-6.380332031E0,6.819668427E0
9.233870117E1,-2.702330475E0,-6.368356934E0,6.820566559E0
9.234874117E1,-2.687511292E0,-6.364764404E0,6.824308777E0
9.235878217E1,-2.673290863E0,-6.367159424E0,6.817722473E0
9.236882217E1,-2.674338684E0,-6.353088684E0,6.824757843E0
9.237886217E1,-2.668351135E0,-6.357729034E0,6.824608154E0
9.238893317E1,-2.681972809E0,-6.364165649E0,6.832841034E0
9.239897317E1,-2.708467712E0,-6.366560669E0,6.818171539E0
9.240901417E1,-2.729274445E0,-6.377038879E0,6.805597687E0
9.241905417E1,-2.744093628E0,-6.381679230E0,6.810836792E0
9.242909417E1,-2.752625885E0,-6.396797791E0,6.802603912E0
9.243913517E1,-2.744842072E0,-6.390361176E0,6.805148621E0
9.244920517E1,-2.735860748E0,-6.386768646E0,6.800358582E0
9.245924617E1,-2.696342926E0,-6.383325806E0,6.805298309E0
9.246928617E1,-2.661914520E0,-6.380332031E0,6.821464691E0
9.247932617E1,-2.647245026E0,-6.373296661E0,6.818919983E0
9.248936617E1,-2.643353119E0,-6.372697906E0,6.827152863E0
9.249940717E1,-2.643353119E0,-6.376889191E0,6.815776520E0
9.250944717E1,-2.646197205E0,-6.375392303E0,6.810986481E0
9.251951817E1,-2.648143158E0,-6.379433899E0,6.818021851E0
9.252955817E1,-2.644101562E0,-6.375242615E0,6.796766052E0
9.253959817E1,-2.651735687E0,-6.372398529E0,6.821015625E0
9.254963917E1,-2.664159851E0,-6.377188568E0,6.824458466E0
9.255967917E1,-2.677033081E0,-6.375392303E0,6.833888855E0
9.256971917E1,-2.683769073E0,-6.378835144E0,6.829697571E0
9.257979017E1,-2.691253510E0,-6.375392303E0,6.831493835E0
9.258983017E1,-2.694846039E0,-6.383475494E0,6.828799438E0
9.259987117E1,-2.693947906E0,-6.376140747E0,6.834487610E0
9.260991117E1,-2.693947906E0,-6.372697906E0,6.841373291E0
9.261995117E1,-2.693049774E0,-6.364764404E0,6.854246521E0
9.262999117E1,-2.678380280E0,-6.361171875E0,6.865772552E0
9.264006217E1,-2.665507050E0,-6.376290436E0,6.869065704E0
9.265010317E1,-2.674338684E0,-6.366860046E0,6.863976288E0
9.266014317E1,-2.674787750E0,-6.372248840E0,6.852300568E0
9.267018317E1,-2.664758606E0,-6.380182343E0,6.836882629E0
9.268022317E1,-2.675985260E0,-6.383026428E0,6.839726715E0
9.269026417E1,-2.671494598E0,-6.383475494E0,6.827601929E0
9.270033417E1,-2.658621368E0,-6.385271759E0,6.842570801E0
9.271037517E1,-2.666704559E0,-6.380182343E0,6.841223602E0
9.272041517E1,-2.672542419E0,-6.376889191E0,6.846612396E0
9.273045517E1,-2.665656738E0,-6.375392303E0,6.848408661E0
9.274049617E1,-2.663561096E0,-6.368955688E0,6.862180023E0
9.275053617E1,-2.663561096E0,-6.370302887E0,6.848558350E0
9.276060717E1,-2.665357361E0,-6.374793549E0,6.847211151E0
9.277064717E1,-2.645748138E0,-6.368356934E0,6.850504303E0
9.278068717E1,-2.636168060E0,-6.372697906E0,6.837631073E0
9.279072817E1,-2.623444519E0,-6.367608490E0,6.844217377E0
9.280076817E1,-2.608325958E0,-6.365812225E0,6.834487610E0
9.281080817E1,-2.602188721E0,-6.380781097E0,6.834487610E0
9.282087917E1,-2.600392456E0,-6.392756195E0,6.825955353E0
9.283091917E1,-2.595452728E0,-6.395300903E0,6.837032318E0
9.284095917E1,-2.606829071E0,-6.387367401E0,6.862329712E0
9.285100017E1,-2.612367554E0,-6.387666779E0,6.878047028E0
9.286104017E1,-2.616708527E0,-6.399791565E0,6.869963837E0
9.287108017E1,-2.615361328E0,-6.406228180E0,6.854096832E0
9.288115117E1,-2.612966309E0,-6.400989075E0,6.849456482E0
9.289119117E1,-2.611020355E0,-6.393654327E0,6.832391968E0
9.290123217E1,-2.612068176E0,-6.380481720E0,6.814579010E0
9.291127217E1,-2.603835297E0,-6.368356934E0,6.821764069E0
9.292131217E1,-2.589614868E0,-6.371350708E0,6.821913757E0
9.293135317E1,-2.599045258E0,-6.376589813E0,6.816524963E0
9.294139317E1,-2.611170044E0,-6.381080475E0,6.825356598E0
9.295146417E1,-2.611020355E0,-6.378086700E0,6.839876404E0
9.296150417E1,-2.639760590E0,-6.378984833E0,6.843169556E0
9.297154417E1,-2.656825104E0,-6.389612732E0,6.841972046E0
9.298158417E1,-2.659220123E0,-6.397845612E0,6.837780762E0
9.299162517E1,-2.659070435E0,-6.394253082E0,6.838529205E0
9.300167142E1,-2.647095337E0,-6.389013977E0,6.831493835E0
9.301174242E1,-2.637814636E0,-6.379882965E0,6.845714264E0
9.302178242E1,-2.625540161E0,-6.387217712E0,6.837631073E0
9.303182242E1,-2.623294830E0,-6.389762421E0,6.837182007E0
9.304186342E1,-2.620151367E0,-6.377188568E0,6.835385742E0
9.305190342E1,-2.626438293E0,-6.388115845E0,6.841672668E0
9.306194342E1,-2.617906036E0,-6.380930786E0,6.843169556E0
9.307201442E1,-2.633773041E0,-6.368207245E0,6.843319244E0
9.308205442E1,-2.645448761E0,-6.360722809E0,6.855593719E0
9.309209542E1,-2.639610901E0,-6.361321564E0,6.852599945E0
9.310213542E1,-2.644999695E0,-6.370302887E0,6.834038544E0
9.311217542E1,-2.648143158E0,-6.388564911E0,6.833739166E0
9.312221542E1,-2.643203430E0,-6.392456818E0,6.842421112E0
9.313228642E1,-2.641556854E0,-6.400090942E0,6.834786987E0
9.314232742E1,-2.637814636E0,-6.405779114E0,6.837331696E0
9.315236742E1,-2.638563080E0,-6.397396545E0,6.850354614E0
9.316240742E1,-2.641107788E0,-6.381080475E0,6.856491852E0
9.317244742E1,-2.640509033E0,-6.373596039E0,6.854396210E0
9.318248842E1,-2.636916504E0,-6.371949463E0,6.845115509E0
9.319255842E1,-2.644400940E0,-6.374943237E0,6.839427338E0
9.320259942E1,-2.639610901E0,-6.377338257E0,6.831194458E0
9.321263942E1,-2.632874908E0,-6.379134521E0,6.830296326E0
9.322267942E1,-2.632276154E0,-6.390959930E0,6.833888855E0
9.323272042E1,-2.640958099E0,-6.390810242E0,6.827751617E0
9.324276042E1,-2.629432068E0,-6.390510864E0,6.845564575E0
9.325283142E1,-2.627186737E0,-6.392307129E0,6.841972046E0
9.326287142E1,-2.631527710E0,-6.385720825E0,6.837182007E0
9.327291142E1,-2.625540161E0,-6.380032654E0,6.849456482E0
9.328295242E1,-2.630928955E0,-6.379433899E0,6.856791229E0
9.329299242E1,-2.626737671E0,-6.370751953E0,6.862180023E0
9.330303242E1,-2.632126465E0,-6.365063782E0,6.856042786E0
9.331307242E1,-2.633323975E0,-6.368506622E0,6.860383759E0
9.332314342E1,-2.625689850E0,-6.359974365E0,6.861281891E0
9.333318342E1,-2.633922729E0,-6.349645844E0,6.861581268E0
9.334322442E1,-2.636617126E0,-6.354286194E0,6.865473175E0
9.335326442E1,-2.640509033E0,-6.353238373E0,6.861132202E0
9.336330442E1,-2.642305298E0,-6.359225922E0,6.853647766E0
9.337334542E1,-2.652035065E0,-6.363866272E0,6.849157104E0
9.338341542E1,-2.650089111E0,-6.362219696E0,6.868766327E0
9.339345642E1,-2.649190979E0,-6.361022186E0,6.870113525E0
9.340349642E1,-2.643203430E0,-6.366410980E0,6.865922241E0
9.341353642E1,-2.634072418E0,-6.372248840E0,6.861880646E0
9.342357742E1,-2.633323975E0,-6.370153198E0,6.856791229E0
9.343361742E1,-2.645897827E0,-6.361620941E0,6.851552124E0
9.344368842E1,-2.637964325E0,-6.371799774E0,6.836433563E0
9.345372842E1,-2.636018372E0,-6.377038879E0,6.834337921E0
9.346376842E1,-2.642305298E0,-6.377637634E0,6.837930450E0
9.347380842E1,-2.633922729E0,-6.377637634E0,6.843319244E0
9.348384942E1,-2.641407166E0,-6.367309113E0,6.852749634E0
9.349388942E1,-2.636617126E0,-6.375691681E0,6.848109283E0
9.350396042E1,-2.638862457E0,-6.382277985E0,6.849905548E0
9.351400042E1,-2.637365570E0,-6.385571136E0,6.857539673E0
9.352404042E1,-2.628983002E0,-6.377937012E0,6.842870178E0
9.353408142E1,-2.636018372E0,-6.379433899E0,6.846612396E0
9.354412142E1,-2.638114014E0,-6.382277985E0,6.844816132E0
9.355416142E1,-2.635868683E0,-6.368955688E0,6.850055237E0
9.356423242E1,-2.646197205E0,-6.358477478E0,6.857539673E0
9.357427242E1,-2.641257477E0,-6.346203003E0,6.855743408E0
9.358431342E1,-2.650687866E0,-6.346053314E0,6.871011658E0
9.359435342E1,-2.654130707E0,-6.360722809E0,6.893914032E0
9.360439342E1,-2.649490356E0,-6.362968140E0,6.884333954E0
9.361443342E1,-2.640509033E0,-6.372248840E0,6.890620880E0
9.362450442E1,-2.634222107E0,-6.355034637E0,6.877298584E0
9.363454542E1,-2.648592224E0,-6.346801758E0,6.867119751E0
9.364458542E1,-2.661914520E0,-6.347699890E0,6.857988739E0
9.365462542E1,-2.662064209E0,-6.346053314E0,6.856791229E0
9.366466542E1,-2.661764832E0,-6.348298645E0,6.843169556E0
9.367470642E1,-2.653831329E0,-6.345604248E0,6.842121735E0
9.368477642E1,-2.664010162E0,-6.358926544E0,6.836732941E0
9.369481742E1,-2.662513275E0,-6.370751953E0,6.846163330E0
9.370485742E1,-2.656675415E0,-6.367458801E0,6.850803680E0
9.371489742E1,-2.655926971E0,-6.369853821E0,6.853348389E0
9.372493842E1,-2.655777283E0,-6.358327789E0,6.846163330E0
9.373497842E1,-2.647993469E0,-6.362668762E0,6.847809906E0
9.374501842E1,-2.649041290E0,-6.366560669E0,6.853049011E0
9.375508942E1,-2.654430084E0,-6.363267517E0,6.846762085E0
9.376512942E1,-2.649939423E0,-6.363716583E0,6.854545898E0
9.377517042E1,-2.643353119E0,-6.360124054E0,6.857240295E0
9.378521042E1,-2.650538177E0,-6.361471252E0,6.844217377E0
9.379525042E1,-2.652334442E0,-6.363267517E0,6.854396210E0
9.380529042E1,-2.653831329E0,-6.363566895E0,6.850354614E0
9.381536142E1,-2.648143158E0,-6.354435883E0,6.847660217E0
9.382540142E1,-2.662363586E0,-6.337820435E0,6.856940918E0
9.383544242E1,-2.660267944E0,-6.345454559E0,6.854096832E0
9.384548242E1,-2.658920746E0,-6.353837128E0,6.868466949E0
9.385552242E1,-2.648741913E0,-6.357130280E0,6.865922241E0
9.386556342E1,-2.646795959E0,-6.358327789E0,6.861132202E0
9.387563342E1,-2.644400940E0,-6.356232147E0,6.875202942E0
9.388567442E1,-2.645448761E0,-6.349346466E0,6.870412903E0
9.389571442E1,-2.654280396E0,-6.355932770E0,6.872059479E0
9.390575442E1,-2.655328217E0,-6.342011719E0,6.857389984E0
9.391579542E1,-2.649640045E0,-6.340963898E0,6.856791229E0
9.392583542E1,-2.656076660E0,-6.341113586E0,6.866670685E0
9.393590642E1,-2.651436310E0,-6.355783081E0,6.868017883E0
9.394594642E1,-2.629581757E0,-6.363566895E0,6.854096832E0
9.395598642E1,-2.631677399E0,-6.357729034E0,6.858886871E0
9.396602642E1,-2.626737671E0,-6.358926544E0,6.865473175E0
9.397606742E1,-2.624642029E0,-6.368207245E0,6.856192474E0
9.398610742E1,-2.633024597E0,-6.365961914E0,6.860982513E0
9.399617842E1,-2.648592224E0,-6.369554443E0,6.863676910E0
9.400620937E1,-2.653831329E0,-6.363117828E0,6.855593719E0
9.401624937E1,-2.652484131E0,-6.366111603E0,6.861581268E0
9.402629037E1,-2.647544403E0,-6.374194794E0,6.859485626E0
9.403633037E1,-2.650987244E0,-6.368506622E0,6.841672668E0
9.404637037E1,-2.638263702E0,-6.367009735E0,6.840924225E0
9.405644137E1,-2.635718994E0,-6.366261292E0,6.850953369E0
9.406648137E1,-2.632575531E0,-6.362668762E0,6.848708038E0
9.407652237E1,-2.637515259E0,-6.360273743E0,6.843319244E0
9.408656237E1,-2.635718994E0,-6.358028412E0,6.856791229E0
9.409660238E1,-2.632276154E0,-6.359824677E0,6.858437805E0
9.410664238E1,-2.636766815E0,-6.357429657E0,6.848408661E0
9.411671337E1,-2.639311523E0,-6.350394287E0,6.852749634E0
9.412675438E1,-2.637964325E0,-6.349945221E0,6.860383759E0
9.413679438E1,-2.643053741E0,-6.345903625E0,6.868017883E0
9.414683437E1,-2.644550629E0,-6.349795532E0,6.870263214E0
9.415687437E1,-2.654879150E0,-6.344855804E0,6.866221619E0
9.416691537E1,-2.645299072E0,-6.340365143E0,6.856491852E0
9.417695537E1,-2.646945648E0,-6.344556427E0,6.871011658E0
9.418702637E1,-2.638862457E0,-6.347699890E0,6.865922241E0
9.419706637E1,-2.644850006E0,-6.352040863E0,6.861880646E0
9.420710637E1,-2.651136932E0,-6.349945221E0,6.864275665E0
9.421714737E1,-2.646197205E0,-6.355184326E0,6.865473175E0
9.422718737E1,-2.648292847E0,-6.350543976E0,6.867868195E0
9.423722738E1,-2.641407166E0,-6.351741486E0,6.854994965E0
9.424729837E1,-2.644101562E0,-6.352040863E0,6.860533447E0
9.425733837E1,-2.644251251E0,-6.355483704E0,6.866970062E0
9.426737938E1,-2.644850006E0,-6.356232147E0,6.857240295E0
9.427741938E1,-2.647095337E0,-6.366860046E0,6.854396210E0
9.428745937E1,-2.652484131E0,-6.371650085E0,6.853049011E0
9.429749937E1,-2.645299072E0,-6.369255066E0,6.845414886E0
9.430757038E1,-2.646795959E0,-6.363866272E0,6.853348389E0
9.431761138E1,-2.650687866E0,-6.367009735E0,6.862180023E0
9.432765137E1,-2.657124481E0,-6.367608490E0,6.869514771E0
9.433769137E1,-2.657573547E0,-6.363716583E0,6.863527222E0
9.434773137E1,-2.651885376E0,-6.365363159E0,6.867419128E0
9.435777237E1,-2.648143158E0,-6.361471252E0,6.877298584E0
9.436784237E1,-2.647245026E0,-6.372997284E0,6.872059479E0
9.437788337E1,-2.643353119E0,-6.366410980E0,6.883884888E0
9.438792337E1,-2.639161835E0,-6.360423431E0,6.867419128E0
9.439796337E1,-2.638413391E0,-6.355783081E0,6.866670685E0
9.440800438E1,-2.649340668E0,-6.342011719E0,6.859036560E0
9.441804438E1,-2.651885376E0,-6.331533508E0,6.856940918E0
9.442811537E1,-2.643951874E0,-6.335126038E0,6.845265198E0
9.443815537E1,-2.647095337E0,-6.333479462E0,6.849606171E0
9.444819538E1,-2.648891602E0,-6.346502380E0,6.845265198E0
9.445823638E1,-2.649640045E0,-6.351292419E0,6.853647766E0
9.446827637E1,-2.651735687E0,-6.360423431E0,6.869814148E0
9.447831637E1,-2.641706543E0,-6.364315338E0,6.860533447E0
9.448838738E1,-2.635569305E0,-6.367608490E0,6.863377533E0
9.449842738E1,-2.632276154E0,-6.367758179E0,6.872957611E0
9.450846737E1,-2.632126465E0,-6.363566895E0,6.855444031E0
9.451850837E1,-2.633024597E0,-6.370003510E0,6.853498077E0
9.452854837E1,-2.634222107E0,-6.361920319E0,6.852300568E0
9.453858837E1,-2.643951874E0,-6.361920319E0,6.855743408E0
9.454865937E1,-2.651436310E0,-6.359225922E0,6.851252747E0
9.455869937E1,-2.648592224E0,-6.359076233E0,6.848857727E0
9.456874037E1,-2.642305298E0,-6.359076233E0,6.843169556E0
9.457878037E1,-2.647993469E0,-6.362818451E0,6.852300568E0
9.458882038E1,-2.653232574E0,-6.347101135E0,6.852899323E0
9.459886138E1,-2.664010162E0,-6.342909851E0,6.862479401E0
9.460893137E1,-2.655627594E0,-6.342909851E0,6.868616638E0
9.461897237E1,-2.655028839E0,-6.356082458E0,6.868466949E0
9.462901238E1,-2.654579773E0,-6.369554443E0,6.880292358E0
9.463905238E1,-2.642005920E0,-6.358477478E0,6.874604187E0
9.464909237E1,-2.644999695E0,-6.349496155E0,6.867269440E0
9.465913337E1,-2.649640045E0,-6.339467010E0,6.880891113E0
9.466917337E1,-2.647095337E0,-6.342610474E0,6.871460724E0
9.467924437E1,-2.643353119E0,-6.344107361E0,6.870263214E0
9.468928437E1,-2.644251251E0,-6.339167633E0,6.866520996E0
9.469932437E1,-2.645299072E0,-6.341263275E0,6.858288116E0
9.470936537E1,-2.648891602E0,-6.345903625E0,6.860234070E0
9.471940537E1,-2.653082886E0,-6.351891174E0,6.853797455E0
9.472944538E1,-2.651286621E0,-6.357130280E0,6.857839050E0
9.473951637E1,-2.649640045E0,-6.352489929E0,6.842121735E0
9.474955637E1,-2.643203430E0,-6.363716583E0,6.855743408E0
9.475959737E1,-2.643502808E0,-6.366410980E0,6.854545898E0
9.476963738E1,-2.647544403E0,-6.366860046E0,6.854695587E0
9.477967738E1,-2.641107788E0,-6.362369385E0,6.867718506E0
9.478971737E1,-2.645748138E0,-6.357279968E0,6.870113525E0
9.479978837E1,-2.652633820E0,-6.348448334E0,6.866970062E0
9.480982938E1,-2.643802185E0,-6.352340240E0,6.869215393E0
9.481986937E1,-2.644251251E0,-6.347400513E0,6.871161346E0
9.482990937E1,-2.637664948E0,-6.343358917E0,6.871909790E0
9.483994937E1,-2.630030823E0,-6.348148956E0,6.868766327E0
9.484999037E1,-2.631228333E0,-6.343059540E0,6.857988739E0
9.486006037E1,-2.634222107E0,-6.346951447E0,6.857090607E0
9.487010137E1,-2.642155609E0,-6.349645844E0,6.871460724E0
9.488014137E1,-2.634072418E0,-6.353388062E0,6.870113525E0
9.489018137E1,-2.637964325E0,-6.358028412E0,6.867568817E0
9.490022237E1,-2.641107788E0,-6.352190552E0,6.861132202E0
9.491026238E1,-2.645897827E0,-6.345604248E0,6.875352631E0
9.492033337E1,-2.646197205E0,-6.338868256E0,6.866670685E0
9.493037337E1,-2.646346893E0,-6.336173859E0,6.863527222E0
9.494041337E1,-2.652184753E0,-6.342460785E0,6.856641541E0
9.495045438E1,-2.645149384E0,-6.350094910E0,6.876101074E0
9.496049437E1,-2.652484131E0,-6.343358917E0,6.871610413E0
9.497053437E1,-2.663112030E0,-6.351142731E0,6.849905548E0
9.498060537E1,-2.653232574E0,-6.354435883E0,6.851701813E0
9.499064538E1,-2.650089111E0,-6.359974365E0,6.860084381E0
9.500069488E1,-2.655028839E0,-6.354884949E0,6.858138428E0
9.501073587E1,-2.664908295E0,-6.365961914E0,6.853947144E0
9.502077587E1,-2.656376038E0,-6.372099152E0,6.853498077E0
9.503081587E1,-2.651286621E0,-6.372099152E0,6.854695587E0
9.504088687E1,-2.648741913E0,-6.358926544E0,6.862180023E0
9.505092687E1,-2.652933197E0,-6.344406738E0,6.866820374E0
9.506096787E1,-2.652484131E0,-6.347849579E0,6.876400452E0
9.507100787E1,-2.656376038E0,-6.346801758E0,6.868466949E0
9.508104787E1,-2.653382263E0,-6.348747711E0,6.882537689E0
9.509108888E1,-2.643203430E0,-6.349346466E0,6.873406677E0
9.510112888E1,-2.640359344E0,-6.344706116E0,6.866520996E0
9.511119987E1,-2.642604675E0,-6.345903625E0,6.873107300E0
9.512123987E1,-2.650538177E0,-6.345753937E0,6.872358856E0
9.513127988E1,-2.642454987E0,-6.360573120E0,6.868616638E0
9.514131988E1,-2.645598450E0,-6.359076233E0,6.874005432E0
9.515136087E1,-2.641856232E0,-6.344107361E0,6.873556366E0
9.516140087E1,-2.644850006E0,-6.346951447E0,6.880741425E0
9.517147188E1,-2.649640045E0,-6.358178101E0,6.881938934E0
9.518151187E1,-2.639610901E0,-6.354136505E0,6.882537689E0
9.519155187E1,-2.648143158E0,-6.357729034E0,6.887178040E0
9.520159287E1,-2.642754364E0,-6.353238373E0,6.868766327E0
9.521163287E1,-2.640808411E0,-6.347699890E0,6.858437805E0
9.522167287E1,-2.634820862E0,-6.336772614E0,6.851103058E0
9.523174387E1,-2.648143158E0,-6.322851562E0,6.849755859E0
9.524178387E1,-2.643652496E0,-6.325096893E0,6.852599945E0
9.525182487E1,-2.643951874E0,-6.335874481E0,6.839427338E0
9.526186487E1,-2.642454987E0,-6.344257050E0,6.856491852E0
9.527190488E1,-2.648741913E0,-6.344706116E0,6.865922241E0
9.528194488E1,-2.636617126E0,-6.349795532E0,6.872807922E0
9.529201587E1,-2.634072418E0,-6.353388062E0,6.877148895E0
9.530205687E1,-2.626737671E0,-6.350244598E0,6.883585510E0
9.531209688E1,-2.628384247E0,-6.349945221E0,6.871760101E0
9.532213687E1,-2.642005920E0,-6.351891174E0,6.875502319E0
9.533217687E1,-2.644550629E0,-6.355932770E0,6.874005432E0
9.534221787E1,-2.644999695E0,-6.349645844E0,6.875652008E0
9.535228788E1,-2.650089111E0,-6.357878723E0,6.858587494E0
9.536232887E1,-2.654280396E0,-6.356082458E0,6.861132202E0
9.537236887E1,-2.661016388E0,-6.344855804E0,6.858886871E0
9.538240887E1,-2.652633820E0,-6.352040863E0,6.860982513E0
9.539244987E1,-2.658321991E0,-6.348148956E0,6.857988739E0
9.540248987E1,-2.668201447E0,-6.342460785E0,6.866221619E0
9.541256087E1,-2.667602692E0,-6.341712341E0,6.868616638E0
9.542260087E1,-2.669398956E0,-6.347550201E0,6.876999207E0
9.543264087E1,-2.663710785E0,-6.350394287E0,6.891069946E0
9.544268187E1,-2.658172302E0,-6.342311096E0,6.893315277E0
9.545272188E1,-2.662064209E0,-6.347250824E0,6.881489868E0
9.546276187E1,-2.667602692E0,-6.339916077E0,6.877448273E0
9.547283287E1,-2.671793976E0,-6.336173859E0,6.875352631E0
9.548287287E1,-2.661465454E0,-6.333180084E0,6.874155121E0
9.549291288E1,-2.651735687E0,-6.335126038E0,6.872209167E0
9.550295387E1,-2.645897827E0,-6.346053314E0,6.867269440E0
9.551299387E1,-2.651885376E0,-6.330785065E0,6.862329712E0
9.552303387E1,-2.641407166E0,-6.340065765E0,6.866071930E0
9.553310488E1,-2.638263702E0,-6.341862030E0,6.862030334E0
9.554314487E1,-2.647993469E0,-6.336922302E0,6.868916016E0
9.555318587E1,-2.639461212E0,-6.347400513E0,6.877747650E0
9.556322587E1,-2.638114014E0,-6.345604248E0,6.868916016E0
9.557326587E1,-2.638263702E0,-6.347550201E0,6.864125977E0
9.558330687E1,-2.641856232E0,-6.355633392E0,6.868616638E0
9.559334688E1,-2.647245026E0,-6.358776855E0,6.874903564E0
9.560341787E1,-2.645748138E0,-6.348747711E0,6.865622864E0
9.561345787E1,-2.650089111E0,-6.350244598E0,6.857689362E0
9.562349787E1,-2.646346893E0,-6.359525299E0,6.863527222E0
9.563353788E1,-2.642904053E0,-6.350094910E0,6.864425354E0
9.564357887E1,-2.648592224E0,-6.348448334E0,6.867419128E0
9.565361887E1,-2.645897827E0,-6.350394287E0,6.875053253E0
9.566368988E1,-2.636317749E0,-6.344855804E0,6.862778778E0
9.567372988E1,-2.644999695E0,-6.339167633E0,6.871909790E0
9.568376987E1,-2.646795959E0,-6.343658295E0,6.873855743E0
9.569381087E1,-2.637215881E0,-6.330785065E0,6.892117767E0
9.570385087E1,-2.640509033E0,-6.337221680E0,6.893914032E0
9.571389087E1,-2.650538177E0,-6.337670746E0,6.884932709E0
9.572396187E1,-2.646945648E0,-6.338419189E0,6.874155121E0
9.573400187E1,-2.652035065E0,-6.334976349E0,6.874005432E0
9.574404287E1,-2.654430084E0,-6.334676971E0,6.876999207E0
9.575408287E1,-2.649490356E0,-6.342011719E0,6.868317261E0
9.576412287E1,-2.646646271E0,-6.350843353E0,6.870562592E0
9.577416288E1,-2.644700317E0,-6.353088684E0,6.871460724E0
9.578423387E1,-2.649640045E0,-6.346352692E0,6.870263214E0
9.579427487E1,-2.645748138E0,-6.347550201E0,6.862479401E0
9.580431488E1,-2.653382263E0,-6.348598022E0,6.862928467E0
9.581435488E1,-2.658022614E0,-6.342311096E0,6.874454498E0
9.582439487E1,-2.656825104E0,-6.343209229E0,6.862180023E0
9.583443587E1,-2.640658722E0,-6.341562653E0,6.864425354E0
9.584450688E1,-2.634970551E0,-6.353837128E0,6.868167572E0
9.585454688E1,-2.632425842E0,-6.352190552E0,6.875053253E0
9.586458687E1,-2.623294830E0,-6.345454559E0,6.893464966E0
9.587462687E1,-2.623893585E0,-6.351442108E0,6.885531464E0
9.588466787E1,-2.634371796E0,-6.355783081E0,6.883435822E0
9.589470787E1,-2.637215881E0,-6.349047089E0,6.880292358E0
9.590477887E1,-2.645299072E0,-6.347250824E0,6.872508545E0
9.591481887E1,-2.645897827E0,-6.345454559E0,6.865473175E0
9.592485887E1,-2.662213898E0,-6.335425415E0,6.861281891E0
9.593489987E1,-2.671045532E0,-6.328240356E0,6.852599945E0
9.594493988E1,-2.666854248E0,-6.333180084E0,6.843319244E0
9.595497988E1,-2.666554871E0,-6.333629150E0,6.858737183E0
9.596505087E1,-2.657423859E0,-6.331832886E0,6.852300568E0
9.597509087E1,-2.655926971E0,-6.324947205E0,6.844965820E0
9.598513188E1,-2.656675415E0,-6.326444092E0,6.863676910E0
9.599517188E1,-2.663561096E0,-6.341562653E0,6.884333954E0
9.600522213E1,-2.674787750E0,-6.336323547E0,6.890171814E0
9.601526213E1,-2.667153625E0,-6.336772614E0,6.902745667E0
9.602533312E1,-2.672392731E0,-6.335126038E0,6.901248779E0
9.603537312E1,-2.669698334E0,-6.341862030E0,6.915618896E0
9.604541413E1,-2.663411407E0,-6.352340240E0,6.909781036E0
9.605545412E1,-2.655627594E0,-6.345903625E0,6.908134460E0
9.606549412E1,-2.670895844E0,-6.341562653E0,6.893464966E0
9.607553512E1,-2.669848022E0,-6.346652069E0,6.871011658E0
9.608560513E1,-2.671943665E0,-6.327491913E0,6.858886871E0
9.609564612E1,-2.673141174E0,-6.319857788E0,6.835385742E0
9.610568612E1,-2.678979034E0,-6.317911835E0,6.839726715E0
9.611572612E1,-2.676733704E0,-6.316115570E0,6.838379517E0
9.612576712E1,-2.670895844E0,-6.317911835E0,6.843319244E0
9.613580712E1,-2.671344910E0,-6.327491913E0,6.865622864E0
9.614584713E1,-2.671195221E0,-6.340664520E0,6.871760101E0
9.615591812E1,-2.658471680E0,-6.348298645E0,6.877597961E0
9.616595812E1,-2.648292847E0,-6.346652069E0,6.892117767E0
9.617599812E1,-2.646496582E0,-6.348298645E0,6.881190491E0
9.618603913E1,-2.640658722E0,-6.350244598E0,6.874304810E0
9.619607912E1,-2.640059967E0,-6.361022186E0,6.880142670E0
9.620611912E1,-2.648292847E0,-6.350394287E0,6.868916016E0
9.621619013E1,-2.639311523E0,-6.352190552E0,6.862629089E0
9.622623013E1,-2.640658722E0,-6.352340240E0,6.858886871E0
9.623627112E1,-2.646496582E0,-6.350543976E0,6.855743408E0
9.624631112E1,-2.648442535E0,-6.346203003E0,6.863377533E0
9.625635112E1,-2.646346893E0,-6.339017944E0,6.865173798E0
9.626639212E1,-2.656226349E0,-6.331084442E0,6.878047028E0
9.627646212E1,-2.659519501E0,-6.317013702E0,6.875951385E0
9.628650312E1,-2.663860474E0,-6.322252808E0,6.890321503E0
9.629654312E1,-2.645897827E0,-6.329288177E0,6.896907806E0
9.630658312E1,-2.651585999E0,-6.328689423E0,6.893614655E0
9.631662312E1,-2.650987244E0,-6.323749695E0,6.907236328E0
9.632666413E1,-2.650388489E0,-6.323450317E0,6.892417145E0
9.633673512E1,-2.649190979E0,-6.325695648E0,6.884483643E0
9.634677512E1,-2.647544403E0,-6.325246582E0,6.870412903E0
9.635681513E1,-2.642754364E0,-6.314768372E0,6.862629089E0
9.636685513E1,-2.648442535E0,-6.324348450E0,6.878196716E0
9.637689612E1,-2.640808411E0,-6.324947205E0,6.880442047E0
9.638693612E1,-2.640359344E0,-6.330036621E0,6.854545898E0
9.639700713E1,-2.649340668E0,-6.345454559E0,6.863676910E0
9.640704713E1,-2.647095337E0,-6.346951447E0,6.868766327E0
9.641708712E1,-2.644400940E0,-6.349047089E0,6.865622864E0
9.642712812E1,-2.645748138E0,-6.355334015E0,6.866371307E0
9.643716812E1,-2.649939423E0,-6.351292419E0,6.865772552E0
9.644720812E1,-2.643652496E0,-6.358627167E0,6.857839050E0
9.645727912E1,-2.645748138E0,-6.364614716E0,6.857839050E0
9.646731912E1,-2.641706543E0,-6.365812225E0,6.868766327E0
9.647736012E1,-2.640359344E0,-6.358178101E0,6.866670685E0
9.648740012E1,-2.643203430E0,-6.352639618E0,6.872508545E0
9.649744013E1,-2.642305298E0,-6.340963898E0,6.876101074E0
9.650748013E1,-2.636018372E0,-6.342460785E0,6.867568817E0
9.651755112E1,-2.642604675E0,-6.342011719E0,6.863227844E0
9.652759112E1,-2.637814636E0,-6.340065765E0,6.868466949E0
9.653763213E1,-2.637365570E0,-6.336473236E0,6.862629089E0
9.654767213E1,-2.643353119E0,-6.325096893E0,6.865323486E0
9.655771212E1,-2.647993469E0,-6.326294403E0,6.866071930E0
9.656775312E1,-2.659968567E0,-6.337820435E0,6.873406677E0
9.657782313E1,-2.650388489E0,-6.339916077E0,6.869514771E0
9.658786412E1,-2.652783508E0,-6.332880707E0,6.863976288E0
9.659790412E1,-2.659818878E0,-6.327342224E0,6.869814148E0
9.660794412E1,-2.657274170E0,-6.332281952E0,6.883286133E0
9.661798512E1,-2.661315765E0,-6.333778839E0,6.885232086E0
9.662802512E1,-2.658321991E0,-6.345005493E0,6.886579285E0
9.663809612E1,-2.660717010E0,-6.351142731E0,6.878645782E0
9.664813612E1,-2.656525726E0,-6.344855804E0,6.876699829E0
9.665817612E1,-2.658172302E0,-6.349047089E0,6.887327728E0
9.666821612E1,-2.661615143E0,-6.347550201E0,6.891968079E0
9.667825713E1,-2.659220123E0,-6.341562653E0,6.874604187E0
9.668829713E1,-2.661764832E0,-6.336772614E0,6.871311035E0
9.669833712E1,-2.667602692E0,-6.336772614E0,6.872658234E0
9.670840812E1,-2.655328217E0,-6.331982574E0,6.864874420E0
9.671844813E1,-2.653082886E0,-6.324498138E0,6.866371307E0
9.672848912E1,-2.663411407E0,-6.335275726E0,6.871610413E0
9.673852912E1,-2.654879150E0,-6.332281952E0,6.873855743E0
9.674856912E1,-2.658471680E0,-6.326893158E0,6.871460724E0
9.675861012E1,-2.646646271E0,-6.329737244E0,6.869365082E0
9.676868012E1,-2.651735687E0,-6.338119812E0,6.867419128E0
9.677872112E1,-2.655926971E0,-6.343059540E0,6.877597961E0
9.678876112E1,-2.645897827E0,-6.350094910E0,6.881040802E0
9.679880112E1,-2.648592224E0,-6.353687439E0,6.881938934E0
9.680884112E1,-2.652933197E0,-6.349047089E0,6.881639557E0
9.681888213E1,-2.649789734E0,-6.336024170E0,6.873556366E0
9.682895312E1,-2.652184753E0,-6.339467010E0,6.879244537E0
9.683899312E1,-2.641107788E0,-6.347400513E0,6.881190491E0
9.684903312E1,-2.645748138E0,-6.352489929E0,6.882388000E0
9.685907313E1,-2.632725220E0,-6.349196777E0,6.874604187E0
9.686911412E1,-2.630629578E0,-6.333479462E0,6.854994965E0
9.687915412E1,-2.634521484E0,-6.334227905E0,6.879843292E0
9.688922512E1,-2.636766815E0,-6.331982574E0,6.871760101E0
9.689926513E1,-2.641556854E0,-6.345304871E0,6.868017883E0
9.690930512E1,-2.646795959E0,-6.342011719E0,6.867269440E0
9.691934612E1,-2.653681641E0,-6.328689423E0,6.884633331E0
9.692938612E1,-2.660267944E0,-6.339467010E0,6.895560608E0
9.693942612E1,-2.662363586E0,-6.350543976E0,6.886279907E0
9.694949712E1,-2.665806427E0,-6.349496155E0,6.887477417E0
9.695953712E1,-2.664758606E0,-6.348148956E0,6.879843292E0
9.696957812E1,-2.661914520E0,-6.340664520E0,6.879543915E0
9.697961812E1,-2.667153625E0,-6.337221680E0,6.864575043E0
9.698965812E1,-2.658321991E0,-6.337521057E0,6.857839050E0
9.699969813E1,-2.653382263E0,-6.327192535E0,6.850204926E0
9.700977638E1,-2.649789734E0,-6.327491913E0,6.839577026E0
9.701981637E1,-2.643951874E0,-6.332431641E0,6.848857727E0
9.702985737E1,-2.642305298E0,-6.335425415E0,6.850504303E0
9.703989737E1,-2.636168060E0,-6.344706116E0,6.862329712E0
9.704993737E1,-2.647394714E0,-6.357429657E0,6.870712280E0
9.705997838E1,-2.645299072E0,-6.351741486E0,6.883286133E0
9.707004837E1,-2.639311523E0,-6.347699890E0,6.876250763E0
9.708008937E1,-2.638712769E0,-6.351442108E0,6.888375549E0
9.709012937E1,-2.642754364E0,-6.349496155E0,6.884034576E0
9.710016938E1,-2.638114014E0,-6.340814209E0,6.869963837E0
9.711021038E1,-2.630180511E0,-6.345155182E0,6.876699829E0
9.712025037E1,-2.631827087E0,-6.344556427E0,6.876250763E0
9.713032137E1,-2.634671173E0,-6.344406738E0,6.857988739E0
9.714036138E1,-2.621648254E0,-6.336473236E0,6.855294342E0
9.715040138E1,-2.634371796E0,-6.342610474E0,6.859485626E0
9.716044137E1,-2.646945648E0,-6.339916077E0,6.855893097E0
9.717048237E1,-2.649190979E0,-6.332731018E0,6.857839050E0
9.718052237E1,-2.647694092E0,-6.335425415E0,6.871460724E0
9.719059337E1,-2.656226349E0,-6.345005493E0,6.881938934E0
9.720063337E1,-2.658321991E0,-6.348448334E0,6.884783020E0
9.721067337E1,-2.649190979E0,-6.333928528E0,6.891219635E0
9.722071437E1,-2.656675415E0,-6.342760162E0,6.892117767E0
9.723075437E1,-2.656525726E0,-6.347699890E0,6.880142670E0
9.724079438E1,-2.652035065E0,-6.334078217E0,6.860383759E0
9.725083538E1,-2.650837555E0,-6.340963898E0,6.865323486E0
9.726090537E1,-2.652035065E0,-6.340963898E0,6.866221619E0
9.727094637E1,-2.647843781E0,-6.340215454E0,6.863377533E0
9.728098638E1,-2.649939423E0,-6.339467010E0,6.869215393E0
9.729102638E1,-2.655028839E0,-6.333479462E0,6.865772552E0
9.730106637E1,-2.659220123E0,-6.342760162E0,6.863976288E0
9.731110737E1,-2.662513275E0,-6.337071991E0,6.869814148E0
9.732117838E1,-2.661016388E0,-6.341412964E0,6.860982513E0
9.733121837E1,-2.659220123E0,-6.341263275E0,6.864874420E0
9.734125837E1,-2.665806427E0,-6.332132263E0,6.860084381E0
9.735129837E1,-2.670746155E0,-6.334078217E0,6.862180023E0
9.736133937E1,-2.669249268E0,-6.348298645E0,6.863676910E0
9.737137937E1,-2.673290863E0,-6.344706116E0,6.872658234E0
9.738145037E1,-2.671344910E0,-6.345304871E0,6.879094849E0
9.739149037E1,-2.664010162E0,-6.355034637E0,6.879843292E0
9.740153037E1,-2.661764832E0,-6.346352692E0,6.863227844E0
9.741157137E1,-2.653831329E0,-6.339916077E0,6.854096832E0
9.742161138E1,-2.652783508E0,-6.348897400E0,6.857988739E0
9.743165138E1,-2.649490356E0,-6.350244598E0,6.854396210E0
9.744172237E1,-2.642904053E0,-6.349645844E0,6.861281891E0
9.745176237E1,-2.642604675E0,-6.352190552E0,6.870412903E0
9.746180338E1,-2.652933197E0,-6.350693665E0,6.878645782E0
9.747184337E1,-2.648891602E0,-6.341562653E0,6.879244537E0
9.748188337E1,-2.647993469E0,-6.330785065E0,6.868466949E0
9.749192337E1,-2.654879150E0,-6.334826660E0,6.882088623E0
9.750199438E1,-2.655178528E0,-6.337071991E0,6.878196716E0
9.751203437E1,-2.656525726E0,-6.335425415E0,6.889423370E0
9.752207537E1,-2.654430084E0,-6.325995026E0,6.877148895E0
9.753211537E1,-2.658022614E0,-6.332431641E0,6.858288116E0
9.754215537E1,-2.662812653E0,-6.346951447E0,6.872358856E0
9.755219637E1,-2.666405182E0,-6.352489929E0,6.863676910E0
9.756226637E1,-2.669848022E0,-6.342460785E0,6.857539673E0
9.757230737E1,-2.675536194E0,-6.347849579E0,6.868616638E0
9.758234737E1,-2.679428101E0,-6.350693665E0,6.856042786E0
9.759238737E1,-2.671494598E0,-6.339616699E0,6.846762085E0
9.760242838E1,-2.667303314E0,-6.348897400E0,6.861281891E0
9.761246837E1,-2.670895844E0,-6.344556427E0,6.865772552E0
9.762253937E1,-2.677631836E0,-6.345753937E0,6.865323486E0
9.763257938E1,-2.681074677E0,-6.345604248E0,6.864125977E0
9.764261938E1,-2.679278412E0,-6.352789307E0,6.851851501E0
9.765265937E1,-2.681374054E0,-6.347250824E0,6.852450256E0
9.766270037E1,-2.684816895E0,-6.344855804E0,6.866520996E0
9.767274037E1,-2.674787750E0,-6.343059540E0,6.869215393E0
9.768281138E1,-2.686014404E0,-6.336473236E0,6.863826599E0
9.769285137E1,-2.689457245E0,-6.327940979E0,6.867718506E0
9.770289137E1,-2.688559113E0,-6.331084442E0,6.861132202E0
9.771293237E1,-2.688409424E0,-6.338419189E0,6.865922241E0
9.772297237E1,-2.689157867E0,-6.334826660E0,6.856342163E0
9.773301237E1,-2.688259735E0,-6.330934753E0,6.844666443E0
9.774308337E1,-2.690654755E0,-6.350094910E0,6.847360840E0
9.775312337E1,-2.695145416E0,-6.354884949E0,6.840774536E0
9.776316437E1,-2.696342926E0,-6.344107361E0,6.833739166E0
9.777320438E1,-2.700534210E0,-6.349496155E0,6.849157104E0
9.778324438E1,-2.694097595E0,-6.351442108E0,6.870263214E0
9.779328437E1,-2.686762848E0,-6.358627167E0,6.860982513E0
9.780335537E1,-2.677332458E0,-6.361471252E0,6.870861969E0
9.781339638E1,-2.669698334E0,-6.370452576E0,6.866670685E0
9.782343638E1,-2.665357361E0,-6.358327789E0,6.859934692E0
9.783347637E1,-2.674488373E0,-6.344706116E0,6.846462708E0
9.784351637E1,-2.674937439E0,-6.336622925E0,6.838828583E0
9.785355737E1,-2.671045532E0,-6.342161407E0,6.836882629E0
9.786359737E1,-2.671943665E0,-6.328539734E0,6.832092590E0
9.787366837E1,-2.684218140E0,-6.334676971E0,6.843019867E0
9.788370837E1,-2.682870941E0,-6.337071991E0,6.841972046E0
9.789374837E1,-2.686164093E0,-6.338119812E0,6.852899323E0
9.790378937E1,-2.697540436E0,-6.349645844E0,6.854845276E0
9.791382938E1,-2.681823120E0,-6.352040863E0,6.847809906E0
9.792386938E1,-2.674188995E0,-6.346203003E0,6.855144653E0
9.793394037E1,-2.672542419E0,-6.339317322E0,6.870113525E0
9.794398037E1,-2.674188995E0,-6.339616699E0,6.860234070E0
9.795402138E1,-2.676883392E0,-6.337371368E0,6.856791229E0
9.796406138E1,-2.682870941E0,-6.345604248E0,6.855743408E0
9.797410137E1,-2.683469696E0,-6.353388062E0,6.851851501E0
9.798414137E1,-2.690954132E0,-6.348598022E0,6.850953369E0
9.799421238E1,-2.692451019E0,-6.354136505E0,6.847510529E0
9.800426162E1,-2.699037323E0,-6.353986816E0,6.842121735E0
9.801430163E1,-2.696492615E0,-6.344107361E0,6.847510529E0
9.802434163E1,-2.705923004E0,-6.337071991E0,6.846163330E0
9.803438162E1,-2.709216156E0,-6.326893158E0,6.852749634E0
9.804442262E1,-2.712808685E0,-6.339167633E0,6.862479401E0
9.805449263E1,-2.697690125E0,-6.343807983E0,6.861880646E0
9.806453363E1,-2.701881409E0,-6.356232147E0,6.859635315E0
9.807457362E1,-2.696193237E0,-6.359974365E0,6.851103058E0
9.808461362E1,-2.706372070E0,-6.349346466E0,6.854994965E0
9.809465462E1,-2.697839813E0,-6.356531525E0,6.858138428E0
9.810469462E1,-2.693498840E0,-6.357579346E0,6.847360840E0
9.811476562E1,-2.686762848E0,-6.347250824E0,6.848857727E0
9.812480562E1,-2.689906311E0,-6.344257050E0,6.849007416E0
9.813484562E1,-2.691253510E0,-6.347101135E0,6.849606171E0
9.814488662E1,-2.690505066E0,-6.344257050E0,6.850354614E0
9.815492663E1,-2.705024872E0,-6.336173859E0,6.852300568E0
9.816496663E1,-2.685864716E0,-6.336323547E0,6.852300568E0
9.817503762E1,-2.681673431E0,-6.347999268E0,6.854396210E0
9.818507762E1,-2.687660980E0,-6.344107361E0,6.851402435E0
9.819511763E1,-2.687062225E0,-6.340963898E0,6.845863953E0
9.820515863E1,-2.681074677E0,-6.344706116E0,6.846762085E0
9.821519862E1,-2.683469696E0,-6.353388062E0,6.850055237E0
9.822523862E1,-2.678380280E0,-6.355783081E0,6.847061462E0
9.823530963E1,-2.680924988E0,-6.344855804E0,6.853498077E0
9.824534962E1,-2.681074677E0,-6.355932770E0,6.859635315E0
9.825539062E1,-2.685565338E0,-6.345304871E0,6.856791229E0
9.826543062E1,-2.682421875E0,-6.347699890E0,6.851701813E0
9.827547062E1,-2.681523743E0,-6.344706116E0,6.842570801E0
9.828551162E1,-2.682571564E0,-6.345903625E0,6.842720490E0
9.829558162E1,-2.687361603E0,-6.343807983E0,6.847061462E0
9.830562262E1,-2.680475922E0,-6.342311096E0,6.847809906E0
9.831566262E1,-2.676284637E0,-6.345903625E0,6.860533447E0
9.832570262E1,-2.685116272E0,-6.347250824E0,6.859036560E0
9.833574263E1,-2.689756622E0,-6.343508606E0,6.852450256E0
9.834578363E1,-2.684966583E0,-6.332581329E0,6.836583252E0
9.835585462E1,-2.688110046E0,-6.342909851E0,6.846163330E0
9.836589462E1,-2.700384521E0,-6.345454559E0,6.840774536E0
9.837593463E1,-2.692900085E0,-6.350244598E0,6.838229828E0
9.838597462E1,-2.690355377E0,-6.354735260E0,6.843468933E0
9.839601562E1,-2.702629852E0,-6.346053314E0,6.847360840E0
9.840605562E1,-2.701731720E0,-6.344556427E0,6.860234070E0
9.841612663E1,-2.708617401E0,-6.344706116E0,6.867269440E0
9.842616662E1,-2.706372070E0,-6.338269501E0,6.858886871E0
9.843620662E1,-2.704126740E0,-6.336173859E0,6.862030334E0
9.844624762E1,-2.704575806E0,-6.336473236E0,6.857090607E0
9.845628762E1,-2.697989502E0,-6.334826660E0,6.851103058E0
9.846632762E1,-2.703977051E0,-6.334527283E0,6.861132202E0
9.847636763E1,-2.701731720E0,-6.338868256E0,6.863377533E0
9.848643862E1,-2.703527985E0,-6.342610474E0,6.856491852E0
9.849647962E1,-2.707569580E0,-6.332581329E0,6.853647766E0
9.850651962E1,-2.701881409E0,-6.338868256E0,6.853647766E0
9.851655963E1,-2.712060242E0,-6.337970123E0,6.850204926E0
9.852659962E1,-2.710713043E0,-6.351591797E0,6.851851501E0
9.853664062E1,-2.699037323E0,-6.348598022E0,6.859036560E0
9.854671062E1,-2.704575806E0,-6.352040863E0,6.851552124E0
9.855675163E1,-2.699187012E0,-6.349496155E0,6.838678894E0
9.856679162E1,-2.690954132E0,-6.343807983E0,6.829996948E0
9.857683162E1,-2.710263977E0,-6.344257050E0,6.833589478E0
9.858687262E1,-2.712958374E0,-6.345005493E0,6.844067688E0
9.859691262E1,-2.713257751E0,-6.341862030E0,6.848857727E0
9.860698362E1,-2.712359619E0,-6.345753937E0,6.856042786E0
9.861702362E1,-2.703977051E0,-6.348448334E0,6.873107300E0
9.862706362E1,-2.702929230E0,-6.351591797E0,6.862629089E0
9.863710462E1,-2.701282654E0,-6.362219696E0,6.860982513E0
9.864714462E1,-2.709515533E0,-6.350693665E0,6.873706055E0
9.865718463E1,-2.698588257E0,-6.349795532E0,6.862928467E0
9.866725562E1,-2.700534210E0,-6.332431641E0,6.851402435E0
9.867729562E1,-2.697690125E0,-6.319857788E0,6.844666443E0
9.868733562E1,-2.696492615E0,-6.315217438E0,6.826703796E0
9.869737663E1,-2.698139191E0,-6.318211212E0,6.833439789E0
9.870741662E1,-2.690954132E0,-6.320905609E0,6.833439789E0
9.871745662E1,-2.683170319E0,-6.329886932E0,6.850354614E0
9.872752763E1,-2.679428101E0,-6.328839111E0,6.845714264E0
9.873756763E1,-2.684517517E0,-6.342760162E0,6.864425354E0
9.874760862E1,-2.676584015E0,-6.350993042E0,6.878795471E0
9.875764862E1,-2.672542419E0,-6.349346466E0,6.880741425E0
9.876768862E1,-2.676134949E0,-6.356531525E0,6.866071930E0
9.877772962E1,-2.676134949E0,-6.357579346E0,6.861431580E0
9.878779962E1,-2.671344910E0,-6.353687439E0,6.869963837E0
9.879784062E1,-2.671045532E0,-6.356531525E0,6.860234070E0
9.880788062E1,-2.673141174E0,-6.353388062E0,6.850953369E0
9.881792062E1,-2.686613159E0,-6.350094910E0,6.853797455E0
9.882796062E1,-2.686014404E0,-6.337071991E0,6.839577026E0
9.883800163E1,-2.682421875E0,-6.341113586E0,6.835984497E0
9.884807262E1,-2.696492615E0,-6.341562653E0,6.846911774E0
9.885811262E1,-2.697839813E0,-6.347699890E0,6.843468933E0
9.886815263E1,-2.701582031E0,-6.342610474E0,6.853348389E0
9.887819263E1,-2.708318024E0,-6.342909851E0,6.862329712E0
9.888823362E1,-2.703827362E0,-6.358028412E0,6.872508545E0
9.889827362E1,-2.691403198E0,-6.355633392E0,6.882088623E0
9.890834463E1,-2.687511292E0,-6.345454559E0,6.880142670E0
9.891838463E1,-2.691552887E0,-6.342011719E0,6.867868195E0
9.892842462E1,-2.694995728E0,-6.335425415E0,6.877897339E0
9.893846562E1,-2.689756622E0,-6.328988800E0,6.865622864E0
9.894850562E1,-2.689906311E0,-6.331084442E0,6.857988739E0
9.895854562E1,-2.700534210E0,-6.333180084E0,6.850354614E0
9.896861662E1,-2.704575806E0,-6.345304871E0,6.854396210E0
9.897865662E1,-2.704276428E0,-6.337820435E0,6.853049011E0
9.898869762E1,-2.701881409E0,-6.351442108E0,6.848408661E0
9.899873762E1,-2.692301331E0,-6.351591797E0,6.850504303E0
9.900876750E1,-2.694846039E0,-6.351142731E0,6.847510529E0
9.901880750E1,-2.686014404E0,-6.357279968E0,6.854096832E0
9.902887850E1,-2.676883392E0,-6.352489929E0,6.847959595E0
9.903891850E1,-2.675835571E0,-6.361471252E0,6.856342163E0
9.904895950E1,-2.681224365E0,-6.365662537E0,6.853647766E0
9.905899950E1,-2.678529968E0,-6.361471252E0,6.844816132E0
9.906903950E1,-2.678230591E0,-6.361471252E0,6.848258972E0
9.907908050E1,-2.668351135E0,-6.369554443E0,6.855294342E0
9.908915050E1,-2.668500824E0,-6.361920319E0,6.850653992E0
9.909919150E1,-2.659519501E0,-6.359974365E0,6.837631073E0
9.910923150E1,-2.661315765E0,-6.354136505E0,6.852150879E0
9.911927150E1,-2.661914520E0,-6.351591797E0,6.850803680E0
9.912931250E1,-2.663561096E0,-6.354136505E0,6.856791229E0
9.913935250E1,-2.657872925E0,-6.350094910E0,6.861431580E0
9.914939250E1,-2.667602692E0,-6.359674988E0,6.853198700E0
9.915946350E1,-2.658172302E0,-6.352789307E0,6.856641541E0
9.916950350E1,-2.663411407E0,-6.359375610E0,6.862030334E0
9.917954350E1,-2.664908295E0,-6.351442108E0,6.848109283E0
9.918958450E1,-2.669698334E0,-6.355633392E0,6.842421112E0
9.919962450E1,-2.665507050E0,-6.358627167E0,6.849905548E0
9.920966450E1,-2.670746155E0,-6.354735260E0,6.857090607E0
9.921973550E1,-2.670446777E0,-6.359974365E0,6.865024109E0
9.922977550E1,-2.675835571E0,-6.355783081E0,6.857839050E0
9.923981650E1,-2.684218140E0,-6.351741486E0,6.851252747E0
9.924985650E1,-2.686313782E0,-6.353088684E0,6.844367065E0
9.925989650E1,-2.684068451E0,-6.356681213E0,6.855743408E0
9.926993750E1,-2.680775299E0,-6.364465027E0,6.842121735E0
9.928000750E1,-2.683170319E0,-6.361920319E0,6.845863953E0
9.929004850E1,-2.690355377E0,-6.360124054E0,6.851701813E0
9.930008850E1,-2.686014404E0,-6.358178101E0,6.849755859E0
9.931012850E1,-2.689606934E0,-6.355932770E0,6.849157104E0
9.932016850E1,-2.681523743E0,-6.354435883E0,6.850953369E0
9.933020950E1,-2.680924988E0,-6.351292419E0,6.848857727E0
9.934028050E1,-2.665656738E0,-6.353537750E0,6.843917999E0
9.935032050E1,-2.651585999E0,-6.358028412E0,6.834188232E0
9.936036050E1,-2.650687866E0,-6.364165649E0,6.831044769E0
9.937040050E1,-2.658172302E0,-6.359525299E0,6.838080139E0
9.938044150E1,-2.661914520E0,-6.370302887E0,6.829098816E0
9.939048150E1,-2.669249268E0,-6.382128296E0,6.836134186E0
9.940055250E1,-2.667902069E0,-6.379134521E0,6.846013641E0
9.941059250E1,-2.667453003E0,-6.375092926E0,6.849456482E0
9.942063250E1,-2.675087128E0,-6.363566895E0,6.845414886E0
9.943067350E1,-2.685415649E0,-6.374494171E0,6.851701813E0
9.944071350E1,-2.685565338E0,-6.374344482E0,6.872209167E0
9.945075350E1,-2.686463470E0,-6.372248840E0,6.872508545E0
9.946082450E1,-2.675087128E0,-6.354136505E0,6.871011658E0
9.947086450E1,-2.670147400E0,-6.343957672E0,6.859785004E0
9.948090550E1,-2.661764832E0,-6.342909851E0,6.851851501E0
9.949094550E1,-2.660567322E0,-6.330186310E0,6.839726715E0
9.950098550E1,-2.655777283E0,-6.336173859E0,6.839127960E0
9.951102550E1,-2.661465454E0,-6.343358917E0,6.838529205E0
9.952109650E1,-2.663261719E0,-6.351142731E0,6.832541656E0
9.953113650E1,-2.668500824E0,-6.368506622E0,6.841672668E0
9.954117750E1,-2.675835571E0,-6.370153198E0,6.846013641E0
9.955121750E1,-2.670147400E0,-6.370153198E0,6.847061462E0
9.956125750E1,-2.673889618E0,-6.382427673E0,6.848258972E0
9.957129850E1,-2.673590240E0,-6.374793549E0,6.854845276E0
9.958136850E1,-2.667453003E0,-6.371650085E0,6.847360840E0
9.959140950E1,-2.674937439E0,-6.367758179E0,6.862329712E0
9.960144950E1,-2.679128723E0,-6.362668762E0,6.852300568E0
9.961148950E1,-2.684816895E0,-6.366261292E0,6.842271423E0
9.962153050E1,-2.680326233E0,-6.356980591E0,6.831344147E0
9.963157050E1,-2.676733704E0,-6.356681213E0,6.826404419E0
9.964164150E1,-2.672991486E0,-6.356531525E0,6.825955353E0
9.965168150E1,-2.667752380E0,-6.346801758E0,6.832391968E0
9.966172150E1,-2.671793976E0,-6.344556427E0,6.846462708E0
9.967176150E1,-2.674937439E0,-6.345753937E0,6.860533447E0
9.968180250E1,-2.675087128E0,-6.349496155E0,6.870562592E0
9.969184250E1,-2.684667206E0,-6.351891174E0,6.874454498E0
9.970191350E1,-2.675386505E0,-6.353986816E0,6.881340179E0
9.971195350E1,-2.668949890E0,-6.354435883E0,6.887627106E0
9.972199350E1,-2.680475922E0,-6.350993042E0,6.874005432E0
9.973203450E1,-2.677931213E0,-6.340514832E0,6.860533447E0
9.974207450E1,-2.667602692E0,-6.337521057E0,6.862180023E0
9.975211450E1,-2.655777283E0,-6.342011719E0,6.861730957E0
9.976218550E1,-2.661016388E0,-6.350543976E0,6.859186249E0
9.977222550E1,-2.660717010E0,-6.357579346E0,6.855144653E0
9.978226650E1,-2.671943665E0,-6.356980591E0,6.845714264E0
9.979230650E1,-2.664908295E0,-6.355633392E0,6.843319244E0
9.980234650E1,-2.655328217E0,-6.364914093E0,6.851851501E0
9.981238650E1,-2.667303314E0,-6.358477478E0,6.851402435E0
9.982245750E1,-2.676883392E0,-6.363866272E0,6.862030334E0
9.983249850E1,-2.677033081E0,-6.358327789E0,6.863078156E0
9.984253850E1,-2.680026855E0,-6.355633392E0,6.852599945E0
9.985257850E1,-2.690205688E0,-6.358327789E0,6.851402435E0
9.986261850E1,-2.683469696E0,-6.359225922E0,6.850653992E0
9.987265950E1,-2.664159851E0,-6.352789307E0,6.856641541E0
9.988269950E1,-2.675985260E0,-6.359674988E0,6.846462708E0
9.989277050E1,-2.674787750E0,-6.355334015E0,6.850055237E0
9.990281050E1,-2.660567322E0,-6.347849579E0,6.846911774E0
9.991285050E1,-2.653082886E0,-6.357279968E0,6.852150879E0
9.992289150E1,-2.658471680E0,-6.361321564E0,6.866670685E0
9.993293150E1,-2.656974792E0,-6.356830902E0,6.869514771E0
9.994297150E1,-2.656675415E0,-6.354136505E0,6.854845276E0
9.995304250E1,-2.663710785E0,-6.358627167E0,6.873107300E0
9.996308250E1,-2.661315765E0,-6.348448334E0,6.864874420E0
9.997312350E1,-2.668351135E0,-6.352489929E0,6.852300568E0
9.998316350E1,-2.682122498E0,-6.354735260E0,6.852899323E0
9.999320350E1,-2.670297089E0,-6.357579346E0,6.856342163E0
1.000032572E2,-2.668500824E0,-6.353687439E0,6.849905548E0
1.000133282E2,-2.678230591E0,-6.353537750E0,6.855893097E0
1.000233692E2,-2.673141174E0,-6.354435883E0,6.859186249E0
1.000334092E2,-2.669249268E0,-6.357729034E0,6.858437805E0
1.000434492E2,-2.673590240E0,-6.361321564E0,6.855593719E0
1.000534892E2,-2.681224365E0,-6.362219696E0,6.847660217E0
1.000635303E2,-2.681374054E0,-6.361620941E0,6.854545898E0
1.000736002E2,-2.672243042E0,-6.352190552E0,6.852001190E0
1.000836412E2,-2.674937439E0,-6.361471252E0,6.848408661E0
1.000936813E2,-2.663561096E0,-6.346801758E0,6.853198700E0
1.001037213E2,-2.666255493E0,-6.343508606E0,6.859934692E0
1.001137622E2,-2.670147400E0,-6.339616699E0,6.852899323E0
1.001238022E2,-2.666554871E0,-6.350843353E0,6.867568817E0
1.001338733E2,-2.664758606E0,-6.348148956E0,6.873406677E0
1.001439133E2,-2.677482147E0,-6.346951447E0,6.856791229E0
1.001539532E2,-2.682122498E0,-6.361022186E0,6.842570801E0
1.001639942E2,-2.680475922E0,-6.358178101E0,6.860982513E0
1.001740342E2,-2.678080902E0,-6.353088684E0,6.849456482E0
1.001840742E2,-2.671344910E0,-6.347250824E0,6.847809906E0
1.001941452E2,-2.674787750E0,-6.352789307E0,6.848857727E0
1.002041852E2,-2.681074677E0,-6.338718567E0,6.849456482E0
1.002142252E2,-2.672841797E0,-6.338868256E0,6.849306793E0
1.002242662E2,-2.684367828E0,-6.342161407E0,6.864425354E0
1.002343063E2,-2.677781525E0,-6.349047089E0,6.871610413E0
1.002443463E2,-2.675835571E0,-6.357729034E0,6.879394226E0
1.002544172E2,-2.685265961E0,-6.358477478E0,6.882837067E0
1.002644572E2,-2.674338684E0,-6.362369385E0,6.865473175E0
1.002744983E2,-2.676733704E0,-6.351442108E0,6.846612396E0
1.002845383E2,-2.680475922E0,-6.347849579E0,6.851103058E0
1.002945782E2,-2.681823120E0,-6.330934753E0,6.836583252E0
1.003046192E2,-2.684367828E0,-6.327342224E0,6.838529205E0
1.003146893E2,-2.677931213E0,-6.335575104E0,6.844666443E0
1.003247302E2,-2.677033081E0,-6.345604248E0,6.843169556E0
1.003347702E2,-2.670895844E0,-6.355932770E0,6.854994965E0
1.003448102E2,-2.667303314E0,-6.356381836E0,6.876250763E0
1.003548502E2,-2.665656738E0,-6.363417206E0,6.882088623E0
1.003648912E2,-2.661016388E0,-6.358627167E0,6.880142670E0
1.003749622E2,-2.669548645E0,-6.352938995E0,6.875652008E0
1.003850022E2,-2.673141174E0,-6.355633392E0,6.871311035E0
1.003950422E2,-2.670446777E0,-6.342760162E0,6.866221619E0
1.004050822E2,-2.679278412E0,-6.339766388E0,6.849606171E0
1.004151233E2,-2.685715027E0,-6.350993042E0,6.846013641E0
1.004251633E2,-2.692151642E0,-6.343658295E0,6.849606171E0
1.004352342E2,-2.676883392E0,-6.335874481E0,6.854096832E0
1.004452742E2,-2.677631836E0,-6.346203003E0,6.848258972E0
1.004553143E2,-2.673590240E0,-6.339916077E0,6.856042786E0
1.004653552E2,-2.669698334E0,-6.331982574E0,6.860383759E0
1.004753952E2,-2.685116272E0,-6.333629150E0,6.869814148E0
1.004854352E2,-2.694396973E0,-6.340215454E0,6.865173798E0
1.004955063E2,-2.686014404E0,-6.343358917E0,6.869215393E0
1.005055462E2,-2.684966583E0,-6.354585571E0,6.878945160E0
1.005155872E2,-2.688559113E0,-6.350094910E0,6.871909790E0
1.005256272E2,-2.687960358E0,-6.348148956E0,6.866371307E0
1.005356672E2,-2.684517517E0,-6.355483704E0,6.846462708E0
1.005457072E2,-2.691852264E0,-6.352789307E0,6.849606171E0
1.005557782E2,-2.690505066E0,-6.340065765E0,6.844367065E0
1.005658182E2,-2.692900085E0,-6.332132263E0,6.844067688E0
1.005758592E2,-2.689157867E0,-6.336173859E0,6.861880646E0
1.005858992E2,-2.686912537E0,-6.336922302E0,6.869514771E0
1.005959393E2,-2.679577789E0,-6.331832886E0,6.880292358E0
1.006059802E2,-2.670596466E0,-6.325845337E0,6.893315277E0
1.006160502E2,-2.655028839E0,-6.331084442E0,6.884633331E0
1.006260913E2,-2.630180511E0,-6.331383820E0,6.876699829E0
1.006361313E2,-2.615211639E0,-6.337670746E0,6.872508545E0
1.006461712E2,-2.613415375E0,-6.340365143E0,6.869514771E0
1.006562122E2,-2.605481873E0,-6.337071991E0,6.869365082E0
1.006662522E2,-2.613265686E0,-6.335425415E0,6.877597961E0
1.006762922E2,-2.612666931E0,-6.344855804E0,6.875502319E0
1.006863632E2,-2.637964325E0,-6.346801758E0,6.885830841E0
1.006964032E2,-2.661615143E0,-6.357429657E0,6.890022125E0
1.007064432E2,-2.686313782E0,-6.375092926E0,6.876250763E0
1.007164842E2,-2.707719269E0,-6.395001526E0,6.855593719E0
1.007265242E2,-2.704575806E0,-6.396199036E0,6.839726715E0
1.007365643E2,-2.695594482E0,-6.400989075E0,6.812633057E0
1.007466352E2,-2.669099579E0,-6.391708374E0,6.796616364E0
1.007566752E2,-2.635419617E0,-6.361321564E0,6.796766052E0
1.007667163E2,-2.618205414E0,-6.318061523E0,6.821165314E0
1.007767563E2,-2.595003662E0,-6.288722534E0,6.864724731E0
1.007867962E2,-2.604134674E0,-6.290518799E0,6.924600220E0
1.007968372E2,-2.631527710E0,-6.305038605E0,6.964267731E0
1.008069073E2,-2.664159851E0,-6.328539734E0,6.977739716E0
1.008169483E2,-2.682272186E0,-6.343059540E0,6.950496368E0
1.008269882E2,-2.705024872E0,-6.365662537E0,6.914720764E0
1.008370282E2,-2.723586273E0,-6.394253082E0,6.869065704E0
1.008470682E2,-2.737207947E0,-6.423143005E0,6.821614380E0
1.008571092E2,-2.731968842E0,-6.427334290E0,6.760092316E0
1.008671802E2,-2.728825378E0,-6.423592072E0,6.701713715E0
1.008772202E2,-2.733316040E0,-6.423292694E0,6.667584686E0
1.008872602E2,-2.736758881E0,-6.433770905E0,6.673572235E0
1.008973002E2,-2.743345184E0,-6.442602539E0,6.692433014E0
1.009073413E2,-2.760709076E0,-6.486161957E0,6.708599396E0
1.009173813E2,-2.739752655E0,-6.506669312E0,6.715185699E0
1.009274522E2,-2.714305573E0,-6.506070557E0,6.714886322E0
1.009374922E2,-2.691702576E0,-6.513255615E0,6.715934143E0
1.009475323E2,-2.665507050E0,-6.496340790E0,6.733298035E0
1.009575733E2,-2.679577789E0,-6.474486237E0,6.752458191E0
1.009676132E2,-2.696941681E0,-6.451583862E0,6.766229553E0
1.009776532E2,-2.724185028E0,-6.421795807E0,6.765032043E0
1.009877243E2,-2.766996002E0,-6.396199036E0,6.777456207E0
1.009977643E2,-2.766696625E0,-6.377338257E0,6.787036285E0
1.010077879E2,-2.761756897E0,-6.352639618E0,6.814129944E0
1.010178279E2,-2.757415924E0,-6.358028412E0,6.829098816E0
1.010278679E2,-2.730022888E0,-6.368057556E0,6.839577026E0
1.010379079E2,-2.693199463E0,-6.362818451E0,6.859635315E0
1.010479789E2,-2.657274170E0,-6.364315338E0,6.853348389E0
1.010580189E2,-2.639311523E0,-6.360273743E0,6.855893097E0
1.010680599E2,-2.614612885E0,-6.343358917E0,6.837182007E0
1.010780999E2,-2.617606659E0,-6.341712341E0,6.824757843E0
1.010881399E2,-2.610271912E0,-6.339017944E0,6.814279633E0
1.010981809E2,-2.624791718E0,-6.341263275E0,6.823111267E0
1.011082509E2,-2.643353119E0,-6.351591797E0,6.842121735E0
1.011182919E2,-2.650388489E0,-6.365363159E0,6.841672668E0
1.011283319E2,-2.663112030E0,-6.384373627E0,6.839127960E0
1.011383719E2,-2.666854248E0,-6.403084717E0,6.834637299E0
1.011484129E2,-2.664758606E0,-6.415359192E0,6.835685120E0
1.011584529E2,-2.669548645E0,-6.417754211E0,6.823111267E0
1.011685239E2,-2.683020630E0,-6.421646118E0,6.821015625E0
1.011785639E2,-2.690505066E0,-6.421047363E0,6.821015625E0
1.011886039E2,-2.700234833E0,-6.415658569E0,6.796766052E0
1.011986439E2,-2.699935455E0,-6.424041138E0,6.772666168E0
1.012086849E2,-2.716550903E0,-6.413862305E0,6.755002899E0
1.012187249E2,-2.718945923E0,-6.417454834E0,6.748865662E0
1.012287959E2,-2.707719269E0,-6.424789581E0,6.745422821E0
1.012388359E2,-2.719993744E0,-6.429280243E0,6.749913483E0
1.012488759E2,-2.731968842E0,-6.436315613E0,6.757248230E0
1.012589169E2,-2.728675690E0,-6.434070282E0,6.760691071E0
1.012689569E2,-2.732567596E0,-6.439608765E0,6.763984222E0
1.012789969E2,-2.736160126E0,-6.447841644E0,6.749763794E0
1.012890679E2,-2.727927246E0,-6.446344757E0,6.755152588E0
1.012991079E2,-2.723735962E0,-6.456074524E0,6.755751343E0
1.013091489E2,-2.714754639E0,-6.452481995E0,6.752308502E0
1.013191889E2,-2.710563354E0,-6.444398804E0,6.749464417E0
1.013292289E2,-2.714006195E0,-6.445296936E0,6.749464417E0
1.013392689E2,-2.703527985E0,-6.442452850E0,6.753056946E0
1.013493399E2,-2.697540436E0,-6.434818726E0,6.763834534E0
1.013593809E2,-2.698737946E0,-6.415508881E0,6.797364807E0
1.013694209E2,-2.689606934E0,-6.418652344E0,6.793173523E0
1.013794609E2,-2.680176544E0,-6.417604523E0,6.811734924E0
1.013895009E2,-2.667902069E0,-6.390061798E0,6.819369049E0
1.013995419E2,-2.653232574E0,-6.388265533E0,6.820416870E0
1.014096119E2,-2.655328217E0,-6.407725067E0,6.817572784E0
1.014196529E2,-2.664309540E0,-6.424789581E0,6.806046753E0
1.014296929E2,-2.669698334E0,-6.436465302E0,6.799460449E0
1.014397329E2,-2.657124481E0,-6.445596313E0,6.779551849E0
1.014497739E2,-2.659070435E0,-6.447841644E0,6.759643250E0
1.014598139E2,-2.676284637E0,-6.455775146E0,6.745273132E0
1.014698849E2,-2.680924988E0,-6.458469543E0,6.725514221E0
1.014799249E2,-2.661166077E0,-6.460415497E0,6.705006866E0
1.014899649E2,-2.653082886E0,-6.468648376E0,6.709796906E0
1.015000059E2,-2.637964325E0,-6.475084991E0,6.709497528E0
1.015100459E2,-2.625989227E0,-6.493646393E0,6.706952820E0
1.015200859E2,-2.619552612E0,-6.518045654E0,6.712640991E0
1.015301569E2,-2.618355103E0,-6.521338806E0,6.746320953E0
1.015401969E2,-2.611918488E0,-6.516249390E0,6.756050720E0
1.015502369E2,-2.610271912E0,-6.504423981E0,6.757098541E0
1.015602779E2,-2.615061951E0,-6.489006042E0,6.764283600E0
1.015703179E2,-2.618953857E0,-6.474336548E0,6.783593445E0
1.015803579E2,-2.617906036E0,-6.456673279E0,6.776857452E0
1.015903989E2,-2.610720978E0,-6.453829193E0,6.786886597E0
1.016004689E2,-2.607727203E0,-6.437363434E0,6.791826324E0
1.016105099E2,-2.593506775E0,-6.422544250E0,6.774312744E0
1.016205499E2,-2.573598175E0,-6.412664795E0,6.792125702E0
1.016305899E2,-2.566263428E0,-6.415209503E0,6.801855469E0
1.016406309E2,-2.560126190E0,-6.405629425E0,6.803502045E0
1.016506709E2,-2.552641754E0,-6.403084717E0,6.816974030E0
1.016607419E2,-2.564317474E0,-6.406976624E0,6.830895081E0
1.016707819E2,-2.579585724E0,-6.411916351E0,6.840026093E0
1.016808219E2,-2.584974518E0,-6.421646118E0,6.827003174E0
1.016908619E2,-2.602488098E0,-6.440806274E0,6.804998932E0
1.017009029E2,-2.617456970E0,-6.463858337E0,6.779551849E0
1.017109429E2,-2.625689850E0,-6.474486237E0,6.746171265E0
1.017210139E2,-2.624791718E0,-6.485862579E0,6.751410370E0
1.017310539E2,-2.629282379E0,-6.493496704E0,6.756200409E0
1.017410939E2,-2.618205414E0,-6.488257599E0,6.764882355E0
1.017511349E2,-2.621049500E0,-6.471791840E0,6.771019592E0
1.017611749E2,-2.639910278E0,-6.449937286E0,6.785389709E0
1.017712149E2,-2.652334442E0,-6.430328064E0,6.792275391E0
1.017812859E2,-2.650238800E0,-6.417005768E0,6.778953094E0
1.017913259E2,-2.657124481E0,-6.399641876E0,6.786287842E0
1.018013669E2,-2.671644287E0,-6.379134521E0,6.802603912E0
1.018114069E2,-2.682870941E0,-6.366261292E0,6.805747375E0
1.018214469E2,-2.699785767E0,-6.349945221E0,6.821315002E0
1.018314869E2,-2.711012421E0,-6.334676971E0,6.821165314E0
1.018415579E2,-2.717748413E0,-6.329288177E0,6.822662201E0
1.018515989E2,-2.709066467E0,-6.331234131E0,6.849157104E0
1.018616389E2,-2.696941681E0,-6.314019928E0,6.864874420E0
1.018716789E2,-2.684367828E0,-6.306236115E0,6.887178040E0
1.018817189E2,-2.667303314E0,-6.312373352E0,6.912325745E0
1.018917599E2,-2.659070435E0,-6.322252808E0,6.904092865E0
1.019018309E2,-2.657274170E0,-6.331084442E0,6.884333954E0
1.019118709E2,-2.645748138E0,-6.332731018E0,6.884633331E0
1.019219109E2,-2.650089111E0,-6.338718567E0,6.881489868E0
1.019319509E2,-2.646795959E0,-6.333479462E0,6.874753876E0
1.019419919E2,-2.652184753E0,-6.328988800E0,6.875502319E0
1.019520319E2,-2.643802185E0,-6.331234131E0,6.864275665E0
1.019621029E2,-2.630180511E0,-6.326444092E0,6.872508545E0
1.019721429E2,-2.632874908E0,-6.328240356E0,6.878196716E0
1.019821829E2,-2.627336426E0,-6.346951447E0,6.887477417E0
1.019922239E2,-2.631976776E0,-6.353687439E0,6.889722748E0
1.020022639E2,-2.627785492E0,-6.359076233E0,6.889423370E0
1.020123196E2,-2.631378021E0,-6.352340240E0,6.900650024E0
1.020223906E2,-2.626587982E0,-6.347699890E0,6.883585510E0
1.020324306E2,-2.623893585E0,-6.347250824E0,6.892117767E0
1.020424716E2,-2.631378021E0,-6.341712341E0,6.906038818E0
1.020525116E2,-2.621648254E0,-6.328988800E0,6.905290375E0
1.020625516E2,-2.619702301E0,-6.320306854E0,6.915319519E0
1.020725916E2,-2.643502808E0,-6.313570862E0,6.917265472E0
1.020826626E2,-2.663561096E0,-6.315367126E0,6.904990997E0
1.020927026E2,-2.670297089E0,-6.323001251E0,6.889722748E0
1.021027436E2,-2.677931213E0,-6.323001251E0,6.887926483E0
1.021127836E2,-2.679727478E0,-6.321204987E0,6.889872437E0
1.021228236E2,-2.693648529E0,-6.335275726E0,6.886130219E0
1.021328646E2,-2.695744171E0,-6.345155182E0,6.876400452E0
1.021429346E2,-2.692001953E0,-6.351142731E0,6.882837067E0
1.021529756E2,-2.685715027E0,-6.351591797E0,6.873406677E0
1.021630156E2,-2.680924988E0,-6.351142731E0,6.878047028E0
1.021730556E2,-2.669398956E0,-6.350993042E0,6.883735199E0
1.021830966E2,-2.654130707E0,-6.343508606E0,6.881489868E0
1.021931366E2,-2.642005920E0,-6.332281952E0,6.886429596E0
1.022032076E2,-2.636168060E0,-6.337371368E0,6.901548157E0
1.022132476E2,-2.625540161E0,-6.336173859E0,6.903045044E0
1.022232876E2,-2.620301056E0,-6.332581329E0,6.899901581E0
1.022333276E2,-2.612966309E0,-6.334976349E0,6.901997223E0
1.022433686E2,-2.601889343E0,-6.326593781E0,6.923402710E0
1.022534086E2,-2.600242767E0,-6.325995026E0,6.914271698E0
1.022634796E2,-2.592758331E0,-6.327641602E0,6.907835083E0
1.022735196E2,-2.575095062E0,-6.327940979E0,6.893914032E0
1.022835596E2,-2.574496307E0,-6.331383820E0,6.892716522E0
1.022936006E2,-2.567311249E0,-6.332281952E0,6.904541931E0
1.023036406E2,-2.558928680E0,-6.330485687E0,6.904392242E0
1.023136806E2,-2.560874634E0,-6.339317322E0,6.901997223E0
1.023237516E2,-2.543810120E0,-6.356980591E0,6.897805939E0
1.023337916E2,-2.547851715E0,-6.348747711E0,6.921157379E0
1.023438326E2,-2.546953583E0,-6.350244598E0,6.905889130E0
1.023538726E2,-2.548300781E0,-6.351442108E0,6.914571075E0
1.023639126E2,-2.569406891E0,-6.339766388E0,6.908284149E0
1.023739526E2,-2.566113739E0,-6.344257050E0,6.894213409E0
1.023840236E2,-2.568508759E0,-6.353537750E0,6.882837067E0
1.023940646E2,-2.563868408E0,-6.345753937E0,6.878047028E0
1.024041046E2,-2.559078369E0,-6.356980591E0,6.867568817E0
1.024141446E2,-2.550396423E0,-6.374045105E0,6.865622864E0
1.024241846E2,-2.541714478E0,-6.372398529E0,6.883136444E0
1.024342256E2,-2.554737396E0,-6.370302887E0,6.878047028E0
1.024442956E2,-2.568658447E0,-6.380781097E0,6.885531464E0
1.024543366E2,-2.572250977E0,-6.383475494E0,6.886279907E0
1.024643766E2,-2.588117981E0,-6.374793549E0,6.891219635E0
1.024744166E2,-2.600991211E0,-6.368506622E0,6.895111542E0
1.024844576E2,-2.614463196E0,-6.361171875E0,6.894662476E0
1.024944976E2,-2.617906036E0,-6.355483704E0,6.884783020E0
1.025045686E2,-2.622546387E0,-6.361471252E0,6.891369324E0
1.025146086E2,-2.617756348E0,-6.367009735E0,6.901248779E0
1.025246486E2,-2.623743896E0,-6.363117828E0,6.886579285E0
1.025346896E2,-2.628983002E0,-6.361920319E0,6.880142670E0
1.025447296E2,-2.621648254E0,-6.362219696E0,6.862180023E0
1.025547696E2,-2.617606659E0,-6.351292419E0,6.872059479E0
1.025648096E2,-2.619702301E0,-6.344556427E0,6.849606171E0
1.025748806E2,-2.600841522E0,-6.353986816E0,6.856791229E0
1.025849206E2,-2.593357086E0,-6.366560669E0,6.858288116E0
1.025949616E2,-2.594255219E0,-6.368656311E0,6.860234070E0
1.026050016E2,-2.587070160E0,-6.372099152E0,6.881489868E0
1.026150416E2,-2.577340393E0,-6.379733276E0,6.884932709E0
1.026250826E2,-2.580783234E0,-6.377487946E0,6.874155121E0
1.026351526E2,-2.575843506E0,-6.378236389E0,6.888824615E0
1.026451936E2,-2.579436035E0,-6.372548218E0,6.893464966E0
1.026552336E2,-2.581381989E0,-6.374793549E0,6.888974304E0
1.026652736E2,-2.582579498E0,-6.385720825E0,6.885531464E0
1.026753146E2,-2.584675140E0,-6.379433899E0,6.879992981E0
1.026853546E2,-2.582878876E0,-6.390810242E0,6.857689362E0
1.026954256E2,-2.572999420E0,-6.384822693E0,6.854545898E0
1.027054656E2,-2.572550354E0,-6.382727051E0,6.860683136E0
1.027155056E2,-2.565964050E0,-6.372697906E0,6.875202942E0
1.027255456E2,-2.559826813E0,-6.361022186E0,6.872209167E0
1.027355866E2,-2.540067902E0,-6.353537750E0,6.885830841E0
1.027456266E2,-2.550845490E0,-6.353687439E0,6.895560608E0
1.027556976E2,-2.545606384E0,-6.353088684E0,6.892267456E0
1.027657376E2,-2.545756073E0,-6.353687439E0,6.910379791E0
1.027757776E2,-2.546953583E0,-6.347550201E0,6.918163605E0
1.027858186E2,-2.545157318E0,-6.347699890E0,6.908583527E0
1.027958586E2,-2.549049225E0,-6.349496155E0,6.906038818E0
1.028058986E2,-2.543510742E0,-6.350244598E0,6.909781036E0
1.028159696E2,-2.561323700E0,-6.350843353E0,6.902446289E0
1.028260096E2,-2.561922455E0,-6.346652069E0,6.894961853E0
1.028360506E2,-2.560425568E0,-6.354884949E0,6.881040802E0
1.028460906E2,-2.570754089E0,-6.356681213E0,6.886279907E0
1.028561306E2,-2.571801910E0,-6.363117828E0,6.870412903E0
1.028661706E2,-2.570155334E0,-6.374194794E0,6.854845276E0
1.028762416E2,-2.561323700E0,-6.382577362E0,6.860084381E0
1.028862826E2,-2.569855957E0,-6.390211487E0,6.861281891E0
1.028963226E2,-2.580633545E0,-6.400090942E0,6.858737183E0
1.029063626E2,-2.578837280E0,-6.409371643E0,6.858737183E0
1.029164026E2,-2.584076385E0,-6.410718842E0,6.859485626E0
1.029264436E2,-2.590063934E0,-6.402485962E0,6.849306793E0
1.029365136E2,-2.595901794E0,-6.384673004E0,6.859186249E0
1.029465546E2,-2.603236542E0,-6.367907867E0,6.859335938E0
1.029565946E2,-2.610720978E0,-6.357878723E0,6.864125977E0
1.029666346E2,-2.614612885E0,-6.334527283E0,6.867269440E0
1.029766756E2,-2.611170044E0,-6.335575104E0,6.873256989E0
1.029867156E2,-2.587519226E0,-6.338419189E0,6.888674927E0
1.029967866E2,-2.588117981E0,-6.333030396E0,6.890321503E0
1.030068366E2,-2.581381989E0,-6.340365143E0,6.907086639E0
1.030168766E2,-2.575843506E0,-6.345753937E0,6.910978546E0
1.030269176E2,-2.567460938E0,-6.340365143E0,6.926396484E0
1.030369576E2,-2.572700043E0,-6.348897400E0,6.919810181E0
1.030469976E2,-2.570454712E0,-6.348897400E0,6.915319519E0
1.030570686E2,-2.576741638E0,-6.341263275E0,6.912924500E0
1.030671086E2,-2.577490082E0,-6.340365143E0,6.902745667E0
1.030771486E2,-2.587668915E0,-6.348448334E0,6.894812164E0
1.030871896E2,-2.602637787E0,-6.357729034E0,6.878645782E0
1.030972296E2,-2.604883118E0,-6.364764404E0,6.870712280E0
1.031072696E2,-2.602039032E0,-6.362369385E0,6.872059479E0
1.031173406E2,-2.594853973E0,-6.356531525E0,6.877747650E0
1.031273806E2,-2.595303040E0,-6.366860046E0,6.862928467E0
1.031374216E2,-2.596201172E0,-6.378984833E0,6.868916016E0
1.031474616E2,-2.589764557E0,-6.387367401E0,6.872059479E0
1.031575016E2,-2.589016113E0,-6.377787323E0,6.877298584E0
1.031675426E2,-2.576442261E0,-6.361022186E0,6.884633331E0
1.031776126E2,-2.571352844E0,-6.351591797E0,6.897506561E0
1.031876536E2,-2.573747864E0,-6.354286194E0,6.918013916E0
1.031976936E2,-2.567910004E0,-6.373446350E0,6.915020142E0
1.032077336E2,-2.568508759E0,-6.379284210E0,6.908134460E0
1.032177736E2,-2.574496307E0,-6.370602264E0,6.889872437E0
1.032278146E2,-2.577789459E0,-6.371799774E0,6.879244537E0
1.032378856E2,-2.585722961E0,-6.367009735E0,6.854994965E0
1.032479256E2,-2.584375763E0,-6.353537750E0,6.850953369E0
1.032579656E2,-2.584974518E0,-6.354585571E0,6.850204926E0
1.032680056E2,-2.578388214E0,-6.360722809E0,6.843917999E0
1.032780466E2,-2.566113739E0,-6.358776855E0,6.855444031E0
1.032880866E2,-2.568359070E0,-6.363566895E0,6.873556366E0
1.032981576E2,-2.565964050E0,-6.363716583E0,6.894812164E0
1.033081976E2,-2.562820587E0,-6.366410980E0,6.910230103E0
1.033182376E2,-2.566562805E0,-6.355334015E0,6.912026367E0
1.033282786E2,-2.567311249E0,-6.350394287E0,6.911277924E0
1.033383186E2,-2.577190704E0,-6.353388062E0,6.907086639E0
1.033483586E2,-2.586471405E0,-6.352340240E0,6.909032593E0
1.033584296E2,-2.583627319E0,-6.349795532E0,6.904092865E0
1.033684696E2,-2.589016113E0,-6.347849579E0,6.882986755E0
1.033785106E2,-2.581082611E0,-6.345005493E0,6.879992981E0
1.033885506E2,-2.566263428E0,-6.350543976E0,6.878945160E0
1.033985906E2,-2.564018097E0,-6.343658295E0,6.871909790E0
1.034086306E2,-2.564167786E0,-6.340664520E0,6.891369324E0
1.034187016E2,-2.556982727E0,-6.341562653E0,6.894961853E0
1.034287416E2,-2.553839264E0,-6.338419189E0,6.900350647E0
1.034387826E2,-2.553539886E0,-6.351891174E0,6.903494110E0
1.034488226E2,-2.560575256E0,-6.357579346E0,6.908284149E0
1.034588626E2,-2.569107513E0,-6.367758179E0,6.912774811E0
1.034689036E2,-2.573747864E0,-6.360423431E0,6.910379791E0
1.034789736E2,-2.578837280E0,-6.343508606E0,6.910978546E0
1.034890146E2,-2.593955841E0,-6.340065765E0,6.904092865E0
1.034990546E2,-2.595602417E0,-6.336473236E0,6.899452515E0
1.035090946E2,-2.598596191E0,-6.337521057E0,6.881789246E0
1.035191356E2,-2.594853973E0,-6.341862030E0,6.886878662E0
1.035291756E2,-2.594105530E0,-6.362818451E0,6.865323486E0
1.035392466E2,-2.587070160E0,-6.377637634E0,6.863377533E0
1.035492866E2,-2.585722961E0,-6.378535767E0,6.861132202E0
1.035593266E2,-2.576891327E0,-6.375691681E0,6.864125977E0
1.035693666E2,-2.572400665E0,-6.368057556E0,6.872658234E0
1.035794076E2,-2.571801910E0,-6.374793549E0,6.873406677E0
1.035894476E2,-2.588866425E0,-6.370452576E0,6.880891113E0
1.035995186E2,-2.596350861E0,-6.358776855E0,6.886878662E0
1.036095586E2,-2.600242767E0,-6.354735260E0,6.891818390E0
1.036195986E2,-2.593506775E0,-6.357429657E0,6.889123993E0
1.036296396E2,-2.586920471E0,-6.345155182E0,6.883735199E0
1.036396796E2,-2.589914246E0,-6.342610474E0,6.900051270E0
1.036497196E2,-2.589764557E0,-6.346352692E0,6.894363098E0
1.036597906E2,-2.578238525E0,-6.342909851E0,6.885232086E0
1.036698306E2,-2.565964050E0,-6.338269501E0,6.892566833E0
1.036798716E2,-2.568508759E0,-6.343957672E0,6.893914032E0
1.036899116E2,-2.572550354E0,-6.358028412E0,6.887776794E0
1.036999516E2,-2.568059692E0,-6.355034637E0,6.894961853E0
1.037099916E2,-2.565964050E0,-6.355932770E0,6.898704071E0
1.037200326E2,-2.573598175E0,-6.363566895E0,6.896009674E0
1.037301036E2,-2.571652222E0,-6.363866272E0,6.892417145E0
1.037401436E2,-2.566113739E0,-6.360423431E0,6.896309052E0
1.037501836E2,-2.571352844E0,-6.357579346E0,6.893165588E0
1.037602236E2,-2.573149109E0,-6.351292419E0,6.898404694E0
1.037702646E2,-2.571352844E0,-6.352190552E0,6.898554382E0
1.037803046E2,-2.573298798E0,-6.356082458E0,6.881040802E0
1.037903756E2,-2.578837280E0,-6.356082458E0,6.880591736E0
1.038004156E2,-2.576442261E0,-6.358627167E0,6.882537689E0
1.038104556E2,-2.575244751E0,-6.358327789E0,6.881789246E0
1.038204966E2,-2.576142883E0,-6.349795532E0,6.878047028E0
1.038305366E2,-2.583477631E0,-6.363117828E0,6.893914032E0
1.038405766E2,-2.585573273E0,-6.358477478E0,6.884783020E0
1.038506476E2,-2.583477631E0,-6.344406738E0,6.904541931E0
1.038606876E2,-2.584525452E0,-6.334227905E0,6.925348663E0
1.038707286E2,-2.590213623E0,-6.347400513E0,6.934030609E0
1.038807686E2,-2.579136658E0,-6.356531525E0,6.926695862E0
1.038908086E2,-2.573598175E0,-6.355334015E0,6.918912048E0
1.039008486E2,-2.579286346E0,-6.347699890E0,6.910978546E0
1.039109196E2,-2.582878876E0,-6.339317322E0,6.885082397E0
1.039209606E2,-2.592159576E0,-6.336772614E0,6.872957611E0
1.039310006E2,-2.599045258E0,-6.340514832E0,6.867419128E0
1.039410406E2,-2.593357086E0,-6.334676971E0,6.870712280E0
1.039510806E2,-2.586471405E0,-6.347400513E0,6.863078156E0
1.039611216E2,-2.578388214E0,-6.354435883E0,6.872059479E0
1.039711916E2,-2.587070160E0,-6.361321564E0,6.881789246E0
1.039812326E2,-2.573598175E0,-6.371650085E0,6.887327728E0
1.039912726E2,-2.556683350E0,-6.374494171E0,6.903045044E0
1.040013126E2,-2.550845490E0,-6.376739502E0,6.891968079E0
1.040113382E2,-2.552192688E0,-6.373146973E0,6.891219635E0
1.040213782E2,-2.554737396E0,-6.365961914E0,6.895859985E0
1.040314492E2,-2.556683350E0,-6.366410980E0,6.890022125E0
1.040414892E2,-2.560126190E0,-6.361770630E0,6.898105316E0
1.040515292E2,-2.566562805E0,-6.361920319E0,6.891369324E0
1.040615702E2,-2.580034790E0,-6.354435883E0,6.888674927E0
1.040716103E2,-2.580483856E0,-6.346502380E0,6.882388000E0
1.040816502E2,-2.583627319E0,-6.342161407E0,6.877897339E0
1.040917212E2,-2.589165802E0,-6.337371368E0,6.885681152E0
1.041017612E2,-2.577939148E0,-6.335425415E0,6.901847534E0
1.041118013E2,-2.575244751E0,-6.331234131E0,6.897805939E0
1.041218422E2,-2.588117981E0,-6.342311096E0,6.907835083E0
1.041318822E2,-2.584226074E0,-6.344706116E0,6.913373566E0
1.041419222E2,-2.568209381E0,-6.341263275E0,6.915768585E0
1.041519933E2,-2.579885101E0,-6.344257050E0,6.905290375E0
1.041620332E2,-2.583178253E0,-6.337221680E0,6.908733215E0
1.041720742E2,-2.588417358E0,-6.338119812E0,6.910379791E0
1.041821142E2,-2.585124207E0,-6.339766388E0,6.900949402E0
1.041921542E2,-2.596051483E0,-6.346053314E0,6.904691620E0
1.042021952E2,-2.597698059E0,-6.343957672E0,6.885082397E0
1.042122652E2,-2.590812378E0,-6.347400513E0,6.875652008E0
1.042223062E2,-2.591860199E0,-6.356082458E0,6.880142670E0
1.042323462E2,-2.582429810E0,-6.363417206E0,6.880442047E0
1.042423862E2,-2.573747864E0,-6.359525299E0,6.879244537E0
1.042524263E2,-2.572400665E0,-6.361321564E0,6.883884888E0
1.042624672E2,-2.573897552E0,-6.373895416E0,6.872508545E0
1.042725382E2,-2.568059692E0,-6.378835144E0,6.875502319E0
1.042825783E2,-2.570155334E0,-6.379134521E0,6.864125977E0
1.042926183E2,-2.572550354E0,-6.373296661E0,6.875502319E0
1.043026582E2,-2.577789459E0,-6.367009735E0,6.890171814E0
1.043126992E2,-2.579136658E0,-6.352789307E0,6.892117767E0
1.043227392E2,-2.577639771E0,-6.348448334E0,6.890022125E0
1.043328103E2,-2.582429810E0,-6.348897400E0,6.895261230E0
1.043428502E2,-2.570903778E0,-6.340514832E0,6.906936951E0
1.043528902E2,-2.571801910E0,-6.337221680E0,6.898255005E0
1.043629312E2,-2.568957825E0,-6.339916077E0,6.899153137E0
1.043729712E2,-2.564616852E0,-6.345604248E0,6.897207184E0
1.043830112E2,-2.564018097E0,-6.341263275E0,6.909182281E0
1.043930822E2,-2.559527435E0,-6.343508606E0,6.907236328E0
1.044031222E2,-2.555635529E0,-6.338568878E0,6.895560608E0
1.044131632E2,-2.561772766E0,-6.340514832E0,6.906487885E0
1.044232033E2,-2.564317474E0,-6.352040863E0,6.901697845E0
1.044332433E2,-2.569406891E0,-6.348148956E0,6.899901581E0
1.044432832E2,-2.574047241E0,-6.341712341E0,6.906487885E0
1.044533542E2,-2.581531677E0,-6.350094910E0,6.890770569E0
1.044633943E2,-2.584375763E0,-6.353088684E0,6.886130219E0
1.044734353E2,-2.574196930E0,-6.354286194E0,6.889722748E0
1.044834752E2,-2.581381989E0,-6.357279968E0,6.887926483E0
1.044935152E2,-2.575244751E0,-6.359375610E0,6.885980530E0
1.045035562E2,-2.590213623E0,-6.361171875E0,6.894812164E0
1.045136262E2,-2.603386230E0,-6.358028412E0,6.884483643E0
1.045236672E2,-2.600093079E0,-6.354884949E0,6.894363098E0
1.045337072E2,-2.595602417E0,-6.346652069E0,6.899901581E0
1.045437472E2,-2.596799927E0,-6.333329773E0,6.906936951E0
1.045537882E2,-2.590962067E0,-6.330934753E0,6.912026367E0
1.045638283E2,-2.587519226E0,-6.340215454E0,6.918762360E0
1.045738992E2,-2.577939148E0,-6.347250824E0,6.913972321E0
1.045839392E2,-2.591411133E0,-6.358627167E0,6.921456757E0
1.045939792E2,-2.583627319E0,-6.348598022E0,6.901398468E0
1.046040193E2,-2.581831055E0,-6.349346466E0,6.887178040E0
1.046140603E2,-2.580334167E0,-6.340814209E0,6.873256989E0
1.046241002E2,-2.577490082E0,-6.339766388E0,6.874454498E0
1.046341712E2,-2.571801910E0,-6.356381836E0,6.868466949E0
1.046442113E2,-2.561174011E0,-6.359824677E0,6.862329712E0
1.046542512E2,-2.561922455E0,-6.368806000E0,6.873256989E0
1.046642922E2,-2.563569031E0,-6.368207245E0,6.879843292E0
1.046743322E2,-2.550246735E0,-6.371350708E0,6.894512787E0
1.046843722E2,-2.554138641E0,-6.365662537E0,6.885681152E0
1.046944432E2,-2.548749847E0,-6.362968140E0,6.886130219E0
1.047044832E2,-2.560126190E0,-6.363267517E0,6.902446289E0
1.047145242E2,-2.561922455E0,-6.355633392E0,6.907835083E0
1.047245642E2,-2.566862183E0,-6.346951447E0,6.891219635E0
1.047346042E2,-2.574496307E0,-6.345753937E0,6.909481659E0
1.047446443E2,-2.569107513E0,-6.341712341E0,6.903344421E0
1.047547152E2,-2.568359070E0,-6.347250824E0,6.894512787E0
1.047647562E2,-2.578837280E0,-6.335724792E0,6.890171814E0
1.047747962E2,-2.573149109E0,-6.334826660E0,6.888824615E0
1.047848363E2,-2.567610626E0,-6.327791290E0,6.898404694E0
1.047948762E2,-2.570305023E0,-6.330934753E0,6.909182281E0
1.048049172E2,-2.575544128E0,-6.337521057E0,6.912924500E0
1.048149872E2,-2.578238525E0,-6.357429657E0,6.914571075E0
1.048250283E2,-2.577639771E0,-6.356980591E0,6.920408936E0
1.048350682E2,-2.572849731E0,-6.341712341E0,6.921756134E0
1.048451082E2,-2.581980743E0,-6.341113586E0,6.911128235E0
1.048551492E2,-2.590213623E0,-6.343209229E0,6.896608429E0
1.048651892E2,-2.592608643E0,-6.350543976E0,6.903643799E0
1.048752602E2,-2.589465179E0,-6.346951447E0,6.898105316E0
1.048853002E2,-2.596500549E0,-6.340365143E0,6.902745667E0
1.048953402E2,-2.590962067E0,-6.342760162E0,6.889273682E0
1.049053812E2,-2.595452728E0,-6.351442108E0,6.886878662E0
1.049154212E2,-2.592309265E0,-6.352938995E0,6.891818390E0
1.049254613E2,-2.579136658E0,-6.356980591E0,6.892117767E0
1.049355322E2,-2.580932922E0,-6.349346466E0,6.888824615E0
1.049455722E2,-2.576142883E0,-6.353537750E0,6.881040802E0
1.049556122E2,-2.578388214E0,-6.350993042E0,6.887926483E0
1.049656533E2,-2.578388214E0,-6.354735260E0,6.890920258E0
1.049756932E2,-2.576292572E0,-6.359076233E0,6.886878662E0
1.049857332E2,-2.582130432E0,-6.363566895E0,6.889872437E0
1.049958043E2,-2.576741638E0,-6.354585571E0,6.889423370E0
1.050058443E2,-2.566862183E0,-6.354435883E0,6.885681152E0
1.050158916E2,-2.553240509E0,-6.358028412E0,6.893764343E0
1.050259316E2,-2.560575256E0,-6.349047089E0,6.897955627E0
1.050359716E2,-2.557431793E0,-6.339467010E0,6.900200958E0
1.050460126E2,-2.553689575E0,-6.344706116E0,6.898105316E0
1.050560526E2,-2.558030548E0,-6.349196777E0,6.900650024E0
1.050661236E2,-2.556683350E0,-6.339916077E0,6.903943176E0
1.050761636E2,-2.559677124E0,-6.344855804E0,6.916217651E0
1.050862036E2,-2.560575256E0,-6.347699890E0,6.893015900E0
1.050962436E2,-2.557132416E0,-6.350693665E0,6.903494110E0
1.051062846E2,-2.566113739E0,-6.340365143E0,6.906038818E0
1.051163246E2,-2.559078369E0,-6.347999268E0,6.901398468E0
1.051263956E2,-2.567311249E0,-6.344855804E0,6.911577301E0
1.051364356E2,-2.566562805E0,-6.345454559E0,6.910080414E0
1.051464756E2,-2.568359070E0,-6.341862030E0,6.898853760E0
1.051565166E2,-2.578537903E0,-6.325845337E0,6.896758118E0
1.051665566E2,-2.585124207E0,-6.339916077E0,6.910080414E0
1.051765966E2,-2.593357086E0,-6.358178101E0,6.902895355E0
1.051866676E2,-2.580483856E0,-6.351591797E0,6.893315277E0
1.051967076E2,-2.577939148E0,-6.350693665E0,6.900650024E0
1.052067486E2,-2.570754089E0,-6.356232147E0,6.894812164E0
1.052167886E2,-2.575544128E0,-6.353238373E0,6.883136444E0
1.052268286E2,-2.580783234E0,-6.359674988E0,6.894512787E0
1.052368686E2,-2.578088837E0,-6.366261292E0,6.893315277E0
1.052469396E2,-2.593506775E0,-6.346352692E0,6.906787262E0
1.052569806E2,-2.602188721E0,-6.342161407E0,6.922205200E0
1.052670206E2,-2.591111755E0,-6.343957672E0,6.919810181E0
1.052770606E2,-2.586621094E0,-6.356980591E0,6.909481659E0
1.052871006E2,-2.594704285E0,-6.356681213E0,6.912625122E0
1.052971416E2,-2.595153351E0,-6.357429657E0,6.904541931E0
1.053072126E2,-2.596799927E0,-6.344706116E0,6.881938934E0
1.053172526E2,-2.587369537E0,-6.339467010E0,6.865173798E0
1.053272926E2,-2.594105530E0,-6.346801758E0,6.859036560E0
1.053373326E2,-2.589165802E0,-6.337521057E0,6.862629089E0
1.053473736E2,-2.578388214E0,-6.349346466E0,6.856791229E0
1.053574136E2,-2.578837280E0,-6.350543976E0,6.875053253E0
1.053674846E2,-2.559677124E0,-6.347101135E0,6.891369324E0
1.053775246E2,-2.549198914E0,-6.362369385E0,6.894213409E0
1.053875646E2,-2.545157318E0,-6.364914093E0,6.897656250E0
1.053976056E2,-2.544857941E0,-6.355334015E0,6.892566833E0
1.054076456E2,-2.552941132E0,-6.352040863E0,6.910379791E0
1.054176856E2,-2.561922455E0,-6.347849579E0,6.919959869E0
1.054277566E2,-2.564616852E0,-6.345454559E0,6.902895355E0
1.054377966E2,-2.568957825E0,-6.342760162E0,6.903793488E0
1.054478376E2,-2.573149109E0,-6.344107361E0,6.918013916E0
1.054578776E2,-2.569107513E0,-6.349645844E0,6.898255005E0
1.054679176E2,-2.574346619E0,-6.341562653E0,6.889123993E0
1.054779576E2,-2.574346619E0,-6.337221680E0,6.895111542E0
1.054880286E2,-2.580932922E0,-6.336323547E0,6.876400452E0
1.054980686E2,-2.579286346E0,-6.343658295E0,6.892566833E0
1.055081096E2,-2.580633545E0,-6.332281952E0,6.901398468E0
1.055181496E2,-2.582579498E0,-6.343358917E0,6.901847534E0
1.055281896E2,-2.579735413E0,-6.358627167E0,6.908134460E0
1.055382306E2,-2.583327942E0,-6.357878723E0,6.920259247E0
1.055483006E2,-2.580783234E0,-6.347849579E0,6.920858002E0
1.055583416E2,-2.578388214E0,-6.347999268E0,6.899302826E0
1.055683816E2,-2.590962067E0,-6.355184326E0,6.907685394E0
1.055784216E2,-2.592159576E0,-6.355633392E0,6.900051270E0
1.055884626E2,-2.594704285E0,-6.345005493E0,6.894812164E0
1.055985026E2,-2.597099304E0,-6.336173859E0,6.885681152E0
1.056085736E2,-2.603835297E0,-6.342909851E0,6.882687378E0
1.056186136E2,-2.599793701E0,-6.340814209E0,6.885531464E0
1.056286536E2,-2.593806152E0,-6.337820435E0,6.880442047E0
1.056386936E2,-2.584824829E0,-6.346652069E0,6.888974304E0
1.056487346E2,-2.575544128E0,-6.349945221E0,6.899452515E0
1.056587746E2,-2.576442261E0,-6.348747711E0,6.895859985E0
1.056688456E2,-2.570604401E0,-6.348897400E0,6.902296600E0
1.056788856E2,-2.573598175E0,-6.350244598E0,6.904691620E0
1.056889256E2,-2.571502533E0,-6.349196777E0,6.900949402E0
1.056989666E2,-2.573448486E0,-6.356980591E0,6.902146912E0
1.057090066E2,-2.565215607E0,-6.359824677E0,6.895560608E0
1.057190466E2,-2.556234283E0,-6.363117828E0,6.896309052E0
1.057291176E2,-2.561174011E0,-6.361022186E0,6.888974304E0
1.057391576E2,-2.561323700E0,-6.365063782E0,6.892566833E0
1.057491986E2,-2.553090820E0,-6.362818451E0,6.891369324E0
1.057592386E2,-2.555635529E0,-6.360124054E0,6.889273682E0
1.057692786E2,-2.561623077E0,-6.348298645E0,6.892417145E0
1.057793186E2,-2.558778992E0,-6.346801758E0,6.903194733E0
1.057893896E2,-2.561024323E0,-6.346502380E0,6.900350647E0
1.057994306E2,-2.566562805E0,-6.335724792E0,6.911427612E0
1.058094706E2,-2.560874634E0,-6.328390045E0,6.919959869E0
1.058195106E2,-2.563119965E0,-6.329737244E0,6.926995239E0
1.058295506E2,-2.565814362E0,-6.322552185E0,6.911128235E0
1.058395916E2,-2.557731171E0,-6.325995026E0,6.914870453E0
1.058496616E2,-2.558030548E0,-6.335275726E0,6.911577301E0
1.058597026E2,-2.562820587E0,-6.334676971E0,6.904392242E0
1.058697426E2,-2.569855957E0,-6.340514832E0,6.911876678E0
1.058797826E2,-2.564766541E0,-6.346502380E0,6.898105316E0
1.058898236E2,-2.565065918E0,-6.353986816E0,6.904092865E0
1.058998636E2,-2.578986969E0,-6.352938995E0,6.905889130E0
1.059099346E2,-2.581232300E0,-6.347101135E0,6.896309052E0
1.059199746E2,-2.585872650E0,-6.350543976E0,6.896309052E0
1.059300146E2,-2.588716736E0,-6.350843353E0,6.891369324E0
1.059400556E2,-2.601739655E0,-6.360273743E0,6.882986755E0
1.059500956E2,-2.594404907E0,-6.354884949E0,6.887028351E0
1.059601356E2,-2.579885101E0,-6.357729034E0,6.872807922E0
1.059702066E2,-2.589614868E0,-6.360423431E0,6.877747650E0
1.059802466E2,-2.599943390E0,-6.351891174E0,6.878346405E0
1.059902866E2,-2.597847748E0,-6.365063782E0,6.891069946E0
1.060003276E2,-2.600542145E0,-6.353238373E0,6.893914032E0
1.060103789E2,-2.608026581E0,-6.339017944E0,6.900500336E0
1.060204189E2,-2.594255219E0,-6.343957672E0,6.911128235E0
1.060304899E2,-2.583477631E0,-6.345604248E0,6.930737457E0
1.060405299E2,-2.585273895E0,-6.346801758E0,6.916517029E0
1.060505709E2,-2.571801910E0,-6.347250824E0,6.911427612E0
1.060606109E2,-2.575693817E0,-6.356830902E0,6.897656250E0
1.060706509E2,-2.580932922E0,-6.342311096E0,6.891968079E0
1.060806919E2,-2.575244751E0,-6.324797516E0,6.890321503E0
1.060907619E2,-2.573747864E0,-6.336922302E0,6.879693604E0
1.061008029E2,-2.571502533E0,-6.342161407E0,6.865922241E0
1.061108429E2,-2.569107513E0,-6.333329773E0,6.872957611E0
1.061208829E2,-2.558629303E0,-6.347999268E0,6.886878662E0
1.061309229E2,-2.556833038E0,-6.347699890E0,6.912325745E0
1.061409639E2,-2.557731171E0,-6.352639618E0,6.912625122E0
1.061510349E2,-2.559228058E0,-6.356681213E0,6.913074188E0
1.061610749E2,-2.561323700E0,-6.355184326E0,6.903943176E0
1.061711149E2,-2.551893311E0,-6.352938995E0,6.912026367E0
1.061811549E2,-2.555036774E0,-6.346203003E0,6.910828857E0
1.061911959E2,-2.562221832E0,-6.346053314E0,6.904392242E0
1.062012359E2,-2.557132416E0,-6.345604248E0,6.909781036E0
1.062113069E2,-2.562072144E0,-6.345604248E0,6.899302826E0
1.062213469E2,-2.562371521E0,-6.347250824E0,6.891519012E0
1.062313869E2,-2.577639771E0,-6.345604248E0,6.886728973E0
1.062414279E2,-2.574496307E0,-6.329288177E0,6.880292358E0
1.062514679E2,-2.572700043E0,-6.330934753E0,6.894213409E0
1.062615079E2,-2.575544128E0,-6.338419189E0,6.897506561E0
1.062715789E2,-2.581831055E0,-6.330934753E0,6.897955627E0
1.062816189E2,-2.587369537E0,-6.343957672E0,6.900200958E0
1.062916599E2,-2.593506775E0,-6.350693665E0,6.915169830E0
1.063016999E2,-2.590962067E0,-6.350843353E0,6.914571075E0
1.063117399E2,-2.598745880E0,-6.346652069E0,6.913373566E0
1.063217799E2,-2.593656464E0,-6.340514832E0,6.903045044E0
1.063318509E2,-2.590662689E0,-6.336173859E0,6.899153137E0
1.063418909E2,-2.599045258E0,-6.336473236E0,6.890022125E0
1.063519319E2,-2.596949615E0,-6.332731018E0,6.895560608E0
1.063619719E2,-2.596500549E0,-6.340514832E0,6.882088623E0
1.063720119E2,-2.599045258E0,-6.344706116E0,6.887178040E0
1.063820529E2,-2.598895569E0,-6.351591797E0,6.896907806E0
1.063921229E2,-2.595452728E0,-6.348747711E0,6.901997223E0
1.064021639E2,-2.587968292E0,-6.349945221E0,6.896009674E0
1.064122039E2,-2.582878876E0,-6.349645844E0,6.897656250E0
1.064222439E2,-2.576442261E0,-6.352489929E0,6.903943176E0
1.064322849E2,-2.578238525E0,-6.354884949E0,6.905739441E0
1.064423249E2,-2.572550354E0,-6.354435883E0,6.902446289E0
1.064523959E2,-2.572849731E0,-6.347699890E0,6.899153137E0
1.064624359E2,-2.577939148E0,-6.345903625E0,6.893464966E0
1.064724759E2,-2.561473389E0,-6.351442108E0,6.894961853E0
1.064825159E2,-2.562970276E0,-6.357579346E0,6.899153137E0
1.064925569E2,-2.563269653E0,-6.351142731E0,6.889423370E0
1.065025969E2,-2.569706268E0,-6.351442108E0,6.892716522E0
1.065126679E2,-2.563419342E0,-6.350843353E0,6.892417145E0
1.065227079E2,-2.568808136E0,-6.349346466E0,6.891069946E0
1.065327479E2,-2.556084595E0,-6.352489929E0,6.895710297E0
1.065427889E2,-2.551743622E0,-6.344706116E0,6.899751892E0
1.065528289E2,-2.557431793E0,-6.343059540E0,6.915768585E0
1.065628689E2,-2.558778992E0,-6.343209229E0,6.920259247E0
1.065729399E2,-2.560575256E0,-6.338419189E0,6.909631348E0
1.065829799E2,-2.557132416E0,-6.341113586E0,6.918013916E0
1.065930209E2,-2.565664673E0,-6.339167633E0,6.916067963E0
1.066030609E2,-2.571203156E0,-6.336024170E0,6.913672943E0
1.066131009E2,-2.567910004E0,-6.330635376E0,6.905889130E0
1.066231409E2,-2.566113739E0,-6.347550201E0,6.905140686E0
1.066332119E2,-2.571951599E0,-6.354585571E0,6.892117767E0
1.066432529E2,-2.574346619E0,-6.356082458E0,6.904691620E0
1.066532929E2,-2.578837280E0,-6.351292419E0,6.902296600E0
1.066633329E2,-2.574047241E0,-6.346502380E0,6.896009674E0
1.066733729E2,-2.576741638E0,-6.339167633E0,6.902446289E0
1.066834139E2,-2.579735413E0,-6.332581329E0,6.900650024E0
1.066934839E2,-2.582429810E0,-6.348148956E0,6.894961853E0
1.067035249E2,-2.582579498E0,-6.354735260E0,6.905140686E0
1.067135649E2,-2.591860199E0,-6.349496155E0,6.898404694E0
1.067236049E2,-2.583327942E0,-6.349645844E0,6.899302826E0
1.067336459E2,-2.579436035E0,-6.343209229E0,6.893914032E0
1.067436859E2,-2.579136658E0,-6.350094910E0,6.889273682E0
1.067537569E2,-2.590063934E0,-6.357729034E0,6.899901581E0
1.067637969E2,-2.598596191E0,-6.354136505E0,6.896159363E0
1.067738369E2,-2.591111755E0,-6.351591797E0,6.895710297E0
1.067838779E2,-2.588417358E0,-6.344107361E0,6.899302826E0
1.067939179E2,-2.590063934E0,-6.346053314E0,6.912774811E0
1.068039579E2,-2.589914246E0,-6.357130280E0,6.911726990E0
1.068139979E2,-2.577789459E0,-6.354585571E0,6.913523254E0
1.068240689E2,-2.575244751E0,-6.341712341E0,6.919959869E0
1.068341089E2,-2.583477631E0,-6.335874481E0,6.898255005E0
1.068441499E2,-2.586022339E0,-6.345903625E0,6.882687378E0
1.068541899E2,-2.588267670E0,-6.335126038E0,6.874155121E0
1.068642299E2,-2.584076385E0,-6.331832886E0,6.874454498E0
1.068742709E2,-2.585573273E0,-6.328539734E0,6.878196716E0
1.068843409E2,-2.575544128E0,-6.336772614E0,6.890920258E0
1.068943819E2,-2.570903778E0,-6.334976349E0,6.899901581E0
1.069044219E2,-2.567760315E0,-6.349645844E0,6.903194733E0
1.069144619E2,-2.553988953E0,-6.347400513E0,6.906487885E0
1.069245029E2,-2.547552338E0,-6.343658295E0,6.905589752E0
1.069345429E2,-2.550995178E0,-6.354136505E0,6.921756134E0
1.069446139E2,-2.542013855E0,-6.362070007E0,6.912176056E0
1.069546539E2,-2.548151093E0,-6.356381836E0,6.904990997E0
1.069646939E2,-2.562970276E0,-6.350993042E0,6.904990997E0
1.069747339E2,-2.557731171E0,-6.352040863E0,6.887178040E0
1.069847749E2,-2.562371521E0,-6.354435883E0,6.898105316E0
1.069948149E2,-2.564616852E0,-6.344556427E0,6.902296600E0
1.070048859E2,-2.562970276E0,-6.336922302E0,6.890770569E0
1.070149169E2,-2.571203156E0,-6.334676971E0,6.899153137E0
1.070249569E2,-2.575693817E0,-6.323300629E0,6.905140686E0
1.070349979E2,-2.581082611E0,-6.320306854E0,6.901099091E0
1.070450379E2,-2.580633545E0,-6.333180084E0,6.921456757E0
1.070550779E2,-2.584076385E0,-6.335275726E0,6.927743683E0
1.070651489E2,-2.576142883E0,-6.340664520E0,6.925797729E0
1.070751889E2,-2.580184479E0,-6.352489929E0,6.917265472E0
1.070852299E2,-2.580184479E0,-6.353837128E0,6.907835083E0
1.070952699E2,-2.582429810E0,-6.347849579E0,6.902895355E0
1.071053099E2,-2.589764557E0,-6.352190552E0,6.893914032E0
1.071153499E2,-2.592908020E0,-6.337371368E0,6.894812164E0
1.071254209E2,-2.587219849E0,-6.338568878E0,6.902296600E0
1.071354619E2,-2.589016113E0,-6.339616699E0,6.894512787E0
1.071455019E2,-2.592758331E0,-6.340365143E0,6.888525238E0
1.071555419E2,-2.592908020E0,-6.342460785E0,6.895859985E0
1.071655819E2,-2.588567047E0,-6.338269501E0,6.889273682E0
1.071756229E2,-2.592159576E0,-6.338269501E0,6.889423370E0
1.071856939E2,-2.577190704E0,-6.341113586E0,6.897805939E0
1.071957339E2,-2.582729187E0,-6.348598022E0,6.908583527E0
1.072057739E2,-2.588267670E0,-6.356980591E0,6.905290375E0
1.072158139E2,-2.582729187E0,-6.356381836E0,6.905739441E0
1.072258549E2,-2.579286346E0,-6.359225922E0,6.901398468E0
1.072358949E2,-2.577490082E0,-6.359225922E0,6.902595978E0
1.072459659E2,-2.568359070E0,-6.362519073E0,6.909182281E0
1.072560059E2,-2.558479614E0,-6.342610474E0,6.904092865E0
1.072660459E2,-2.567910004E0,-6.347999268E0,6.893914032E0
1.072760869E2,-2.565065918E0,-6.349196777E0,6.895859985E0
1.072861269E2,-2.552342377E0,-6.346053314E0,6.902745667E0
1.072961669E2,-2.551743622E0,-6.334826660E0,6.905290375E0
1.073062379E2,-2.557880859E0,-6.333329773E0,6.903045044E0
1.073162779E2,-2.553689575E0,-6.341862030E0,6.909331970E0
1.073263189E2,-2.564018097E0,-6.336173859E0,6.907386017E0
1.073363589E2,-2.563718719E0,-6.336024170E0,6.911128235E0
1.073463989E2,-2.564167786E0,-6.332132263E0,6.910679169E0
1.073564389E2,-2.566413116E0,-6.330934753E0,6.918163605E0
1.073665099E2,-2.555485840E0,-6.338718567E0,6.907086639E0
1.073765499E2,-2.556234283E0,-6.338868256E0,6.909781036E0
1.073865909E2,-2.562221832E0,-6.339766388E0,6.901697845E0
1.073966309E2,-2.573298798E0,-6.349496155E0,6.895859985E0
1.074066709E2,-2.574645996E0,-6.358627167E0,6.894213409E0
1.074167119E2,-2.574346619E0,-6.353687439E0,6.885232086E0
1.074267819E2,-2.573747864E0,-6.350244598E0,6.893464966E0
1.074368229E2,-2.584375763E0,-6.349346466E0,6.899003448E0
1.074468629E2,-2.592608643E0,-6.343209229E0,6.891369324E0
1.074569029E2,-2.589614868E0,-6.344257050E0,6.893015900E0
1.074669439E2,-2.598745880E0,-6.349645844E0,6.897207184E0
1.074769839E2,-2.593656464E0,-6.341712341E0,6.893914032E0
1.074870549E2,-2.586172028E0,-6.343658295E0,6.895410919E0
1.074970949E2,-2.585273895E0,-6.343807983E0,6.904691620E0
1.075071349E2,-2.582429810E0,-6.342460785E0,6.902745667E0
1.075171749E2,-2.585872650E0,-6.338419189E0,6.894812164E0
1.075272159E2,-2.593506775E0,-6.339766388E0,6.887477417E0
1.075372559E2,-2.598147125E0,-6.341113586E0,6.903494110E0
1.075473269E2,-2.586770782E0,-6.337221680E0,6.915918274E0
1.075573669E2,-2.583477631E0,-6.330485687E0,6.912325745E0
1.075674069E2,-2.576142883E0,-6.342909851E0,6.917714539E0
1.075774479E2,-2.570754089E0,-6.350394287E0,6.923253021E0
1.075874879E2,-2.565215607E0,-6.358926544E0,6.916067963E0
1.075975279E2,-2.555485840E0,-6.348897400E0,6.908882904E0
1.076075989E2,-2.559826813E0,-6.344556427E0,6.899302826E0
1.076176389E2,-2.567011871E0,-6.335724792E0,6.889872437E0
1.076276799E2,-2.574496307E0,-6.331234131E0,6.876550140E0
1.076377199E2,-2.578687592E0,-6.328539734E0,6.871460724E0
1.076477599E2,-2.571352844E0,-6.339017944E0,6.884633331E0
1.076577999E2,-2.560425568E0,-6.344406738E0,6.881489868E0
1.076678709E2,-2.560425568E0,-6.339616699E0,6.895261230E0
1.076779119E2,-2.565215607E0,-6.342760162E0,6.905140686E0
1.076879519E2,-2.552791443E0,-6.352190552E0,6.905739441E0
1.076979919E2,-2.553539886E0,-6.352040863E0,6.914571075E0
1.077080319E2,-2.550546112E0,-6.348897400E0,6.911876678E0
1.077180729E2,-2.544857941E0,-6.356381836E0,6.912475433E0
1.077281429E2,-2.553689575E0,-6.351142731E0,6.906936951E0
1.077381839E2,-2.558030548E0,-6.349795532E0,6.900500336E0
1.077482239E2,-2.563119965E0,-6.361920319E0,6.894363098E0
1.077582639E2,-2.568209381E0,-6.362219696E0,6.886728973E0
1.077683049E2,-2.565365295E0,-6.355184326E0,6.883136444E0
1.077783449E2,-2.574196930E0,-6.349346466E0,6.875053253E0
1.077884159E2,-2.581232300E0,-6.339467010E0,6.884932709E0
1.077984559E2,-2.579885101E0,-6.339616699E0,6.902895355E0
1.078084959E2,-2.588267670E0,-6.332880707E0,6.903344421E0
1.078185369E2,-2.594105530E0,-6.319408722E0,6.916217651E0
1.078285769E2,-2.599644012E0,-6.319558411E0,6.925648041E0
1.078386169E2,-2.599644012E0,-6.314618683E0,6.936126251E0
1.078486879E2,-2.599943390E0,-6.307882690E0,6.943460999E0
1.078587279E2,-2.583178253E0,-6.301895142E0,6.954837341E0
1.078687679E2,-2.573747864E0,-6.298152924E0,6.956184540E0
1.078788089E2,-2.568359070E0,-6.295308838E0,6.934180298E0
1.078888489E2,-2.564766541E0,-6.314468994E0,6.937473450E0
1.078988889E2,-2.562970276E0,-6.328539734E0,6.919211426E0
1.079089599E2,-2.563119965E0,-6.342909851E0,6.908284149E0
1.079189999E2,-2.578986969E0,-6.353537750E0,6.890022125E0
1.079290409E2,-2.582878876E0,-6.364015961E0,6.878346405E0
1.079390809E2,-2.590063934E0,-6.364614716E0,6.872508545E0
1.079491209E2,-2.589315491E0,-6.374943237E0,6.858288116E0
1.079591619E2,-2.593955841E0,-6.367309113E0,6.858737183E0
1.079692319E2,-2.586920471E0,-6.371650085E0,6.869365082E0
1.079792729E2,-2.598446503E0,-6.381529541E0,6.871610413E0
1.079893129E2,-2.596051483E0,-6.383176117E0,6.879094849E0
1.079993529E2,-2.595602417E0,-6.370153198E0,6.876550140E0
1.080093929E2,-2.589016113E0,-6.369853821E0,6.881489868E0
1.080194557E2,-2.582130432E0,-6.370751953E0,6.893464966E0
1.080295267E2,-2.579286346E0,-6.367159424E0,6.888525238E0
1.080395667E2,-2.572849731E0,-6.362519073E0,6.878047028E0
1.080496067E2,-2.570604401E0,-6.358776855E0,6.882388000E0
1.080596467E2,-2.570305023E0,-6.361770630E0,6.891519012E0
1.080696877E2,-2.570604401E0,-6.354735260E0,6.891219635E0
1.080797277E2,-2.574196930E0,-6.346801758E0,6.894662476E0
1.080897987E2,-2.572400665E0,-6.347999268E0,6.897955627E0
1.080998387E2,-2.579436035E0,-6.343358917E0,6.904392242E0
1.081098787E2,-2.584076385E0,-6.339017944E0,6.920408936E0
1.081199197E2,-2.584675140E0,-6.334826660E0,6.905889130E0
1.081299597E2,-2.584525452E0,-6.327042847E0,6.904841309E0
1.081399997E2,-2.569257202E0,-6.316414948E0,6.921756134E0
1.081500707E2,-2.567610626E0,-6.303541718E0,6.913074188E0
1.081601107E2,-2.556533661E0,-6.306834869E0,6.926995239E0
1.081701517E2,-2.556383972E0,-6.302793274E0,6.931036835E0
1.081801917E2,-2.563119965E0,-6.308930511E0,6.926695862E0
1.081902317E2,-2.564167786E0,-6.306385803E0,6.936275940E0
1.082002717E2,-2.564167786E0,-6.317163391E0,6.929539948E0
1.082103427E2,-2.559826813E0,-6.331832886E0,6.935377808E0
1.082203827E2,-2.561323700E0,-6.339467010E0,6.934779053E0
1.082304237E2,-2.564167786E0,-6.332880707E0,6.919061737E0
1.082404637E2,-2.569406891E0,-6.338419189E0,6.934329987E0
1.082505037E2,-2.556833038E0,-6.333629150E0,6.923851776E0
1.082605447E2,-2.566413116E0,-6.314918060E0,6.903943176E0
1.082706147E2,-2.574346619E0,-6.321204987E0,6.905739441E0
1.082806557E2,-2.562670898E0,-6.325096893E0,6.905739441E0
1.082906957E2,-2.567011871E0,-6.318660278E0,6.903045044E0
1.083007357E2,-2.575095062E0,-6.334976349E0,6.902296600E0
1.083107767E2,-2.584226074E0,-6.337521057E0,6.896159363E0
1.083208167E2,-2.582579498E0,-6.334527283E0,6.917265472E0
1.083308877E2,-2.581531677E0,-6.336323547E0,6.924151154E0
1.083409277E2,-2.586770782E0,-6.338718567E0,6.935228119E0
1.083509677E2,-2.590213623E0,-6.344257050E0,6.943910065E0
1.083610077E2,-2.580334167E0,-6.332132263E0,6.939868469E0
1.083710487E2,-2.580184479E0,-6.323150940E0,6.924001465E0
1.083810887E2,-2.587070160E0,-6.302793274E0,6.924600220E0
1.083911597E2,-2.592159576E0,-6.283932495E0,6.910379791E0
1.084011997E2,-2.609972534E0,-6.262826385E0,6.906936951E0
1.084112397E2,-2.609673157E0,-6.266119537E0,6.920558624E0
1.084212807E2,-2.606978760E0,-6.289321289E0,6.916666718E0
1.084313207E2,-2.604284363E0,-6.300248566E0,6.911577301E0
1.084413607E2,-2.600691833E0,-6.314768372E0,6.925648041E0
1.084514317E2,-2.590063934E0,-6.339317322E0,6.919959869E0
1.084614717E2,-2.586770782E0,-6.346652069E0,6.911427612E0
1.084715127E2,-2.580483856E0,-6.365812225E0,6.903943176E0
1.084815527E2,-2.570903778E0,-6.367009735E0,6.904242554E0
1.084915927E2,-2.580034790E0,-6.368955688E0,6.893165588E0
1.085016327E2,-2.589315491E0,-6.376140747E0,6.896907806E0
1.085117037E2,-2.591411133E0,-6.381230164E0,6.884483643E0
1.085217447E2,-2.590812378E0,-6.381679230E0,6.872358856E0
1.085317847E2,-2.594704285E0,-6.378086700E0,6.860832825E0
1.085418247E2,-2.599194946E0,-6.369105377E0,6.875652008E0
1.085518647E2,-2.600841522E0,-6.352489929E0,6.878047028E0
1.085619057E2,-2.605032806E0,-6.350244598E0,6.891219635E0
1.085719757E2,-2.603685608E0,-6.338568878E0,6.891818390E0
1.085820167E2,-2.600392456E0,-6.326893158E0,6.903943176E0
1.085920567E2,-2.601440277E0,-6.322851562E0,6.915319519E0
1.086020967E2,-2.587818604E0,-6.312373352E0,6.921456757E0
1.086121377E2,-2.584525452E0,-6.310277710E0,6.939868469E0
1.086221777E2,-2.576142883E0,-6.306086426E0,6.930737457E0
1.086322487E2,-2.561174011E0,-6.308032379E0,6.931336212E0
1.086422887E2,-2.552192688E0,-6.325396271E0,6.932384033E0
1.086523287E2,-2.554887085E0,-6.343059540E0,6.915319519E0
1.086623697E2,-2.556234283E0,-6.351891174E0,6.908284149E0
1.086724097E2,-2.562371521E0,-6.370901642E0,6.898853760E0
1.086824497E2,-2.563119965E0,-6.365363159E0,6.892117767E0
1.086925207E2,-2.575095062E0,-6.364315338E0,6.882986755E0
1.087025607E2,-2.578088837E0,-6.360573120E0,6.873107300E0
1.087126007E2,-2.580783234E0,-6.356082458E0,6.880292358E0
1.087226417E2,-2.588866425E0,-6.346502380E0,6.876849518E0
1.087326817E2,-2.587519226E0,-6.332581329E0,6.892866211E0
1.087427217E2,-2.581681366E0,-6.319857788E0,6.891369324E0
1.087527927E2,-2.584226074E0,-6.320456543E0,6.911577301E0
1.087628327E2,-2.582579498E0,-6.308032379E0,6.914720764E0
1.087728737E2,-2.569107513E0,-6.311175842E0,6.935228119E0
1.087829137E2,-2.571352844E0,-6.314468994E0,6.939868469E0
1.087929537E2,-2.568508759E0,-6.304290161E0,6.946155396E0
1.088029947E2,-2.562221832E0,-6.309678955E0,6.943311310E0
1.088130647E2,-2.554288330E0,-6.299350433E0,6.949149170E0
1.088231057E2,-2.558180237E0,-6.311475220E0,6.935377808E0
1.088331457E2,-2.551893311E0,-6.315217438E0,6.930288391E0
1.088431857E2,-2.558030548E0,-6.311175842E0,6.929240570E0
1.088532257E2,-2.568957825E0,-6.318211212E0,6.931785278E0
1.088632667E2,-2.575693817E0,-6.330485687E0,6.911128235E0
1.088733377E2,-2.579885101E0,-6.331234131E0,6.897506561E0
1.088833777E2,-2.589016113E0,-6.332132263E0,6.909781036E0
1.088934177E2,-2.592159576E0,-6.338718567E0,6.904841309E0
1.089034577E2,-2.600392456E0,-6.349945221E0,6.899003448E0
1.089134987E2,-2.597847748E0,-6.335575104E0,6.898554382E0
1.089235387E2,-2.591111755E0,-6.340215454E0,6.885232086E0
1.089336097E2,-2.592608643E0,-6.334976349E0,6.901099091E0
1.089436497E2,-2.595153351E0,-6.349496155E0,6.900650024E0
1.089536897E2,-2.589016113E0,-6.361321564E0,6.888824615E0
1.089637307E2,-2.586770782E0,-6.366111603E0,6.898853760E0
1.089737707E2,-2.587369537E0,-6.370602264E0,6.897506561E0
1.089838107E2,-2.578687592E0,-6.370452576E0,6.901398468E0
1.089938817E2,-2.586920471E0,-6.361620941E0,6.905889130E0
1.090039217E2,-2.586920471E0,-6.357729034E0,6.904541931E0
1.090139587E2,-2.581831055E0,-6.339467010E0,6.909032593E0
1.090239987E2,-2.571352844E0,-6.328539734E0,6.907386017E0
1.090340387E2,-2.573747864E0,-6.312223663E0,6.919061737E0
1.090440787E2,-2.567311249E0,-6.294261017E0,6.912026367E0
1.090541497E2,-2.570005646E0,-6.279741211E0,6.914571075E0
1.090641907E2,-2.565215607E0,-6.283333740E0,6.922205200E0
1.090742307E2,-2.562072144E0,-6.289620667E0,6.937473450E0
1.090842707E2,-2.560724945E0,-6.304140472E0,6.949149170E0
1.090943107E2,-2.574945374E0,-6.326893158E0,6.949598236E0
1.091043517E2,-2.583926697E0,-6.339916077E0,6.952741699E0
1.091144217E2,-2.581531677E0,-6.349196777E0,6.938072205E0
1.091244627E2,-2.589614868E0,-6.349795532E0,6.920708313E0
1.091345027E2,-2.590812378E0,-6.346951447E0,6.913373566E0
1.091445427E2,-2.587818604E0,-6.339616699E0,6.904691620E0
1.091545837E2,-2.593057709E0,-6.332281952E0,6.896159363E0
1.091646237E2,-2.594554596E0,-6.312972107E0,6.891219635E0
1.091746947E2,-2.603984985E0,-6.298452301E0,6.896009674E0
1.091847347E2,-2.598296814E0,-6.292764130E0,6.894512787E0
1.091947747E2,-2.603984985E0,-6.290219421E0,6.903194733E0
1.092048157E2,-2.588716736E0,-6.293662262E0,6.919959869E0
1.092148557E2,-2.588417358E0,-6.296805725E0,6.949149170E0
1.092248957E2,-2.579136658E0,-6.295458527E0,6.956184540E0
1.092349667E2,-2.566862183E0,-6.305188293E0,6.969357147E0
1.092450067E2,-2.568957825E0,-6.299350433E0,6.965914307E0
1.092550467E2,-2.565215607E0,-6.286327515E0,6.960824890E0
1.092650877E2,-2.576591949E0,-6.284381561E0,6.962321777E0
1.092751277E2,-2.585872650E0,-6.296057281E0,6.961723022E0
1.092851677E2,-2.584226074E0,-6.305487671E0,6.943460999E0
1.092952387E2,-2.586920471E0,-6.317462769E0,6.896907806E0
1.093052787E2,-2.601739655E0,-6.335126038E0,6.886130219E0
1.093153197E2,-2.603535919E0,-6.355783081E0,6.868167572E0
1.093253597E2,-2.610720978E0,-6.375092926E0,6.859635315E0
1.093353997E2,-2.604134674E0,-6.376140747E0,6.849905548E0
1.093454407E2,-2.608625336E0,-6.378386078E0,6.835685120E0
1.093555107E2,-2.625091095E0,-6.377188568E0,6.870263214E0
1.093655517E2,-2.631827087E0,-6.383774872E0,6.859335938E0
1.093755917E2,-2.632425842E0,-6.392606506E0,6.868017883E0
1.093856317E2,-2.624192963E0,-6.403084717E0,6.871760101E0
1.093956717E2,-2.637066193E0,-6.398144989E0,6.882986755E0
1.094057127E2,-2.637964325E0,-6.394103394E0,6.880591736E0
1.094157837E2,-2.631976776E0,-6.364165649E0,6.892566833E0
1.094258237E2,-2.620899811E0,-6.342311096E0,6.893764343E0
1.094358637E2,-2.614014130E0,-6.340065765E0,6.898704071E0
1.094459037E2,-2.605182495E0,-6.320606232E0,6.887477417E0
1.094559447E2,-2.591261444E0,-6.320007477E0,6.895410919E0
1.094659847E2,-2.591411133E0,-6.312073975E0,6.907835083E0
1.094760557E2,-2.593357086E0,-6.306086426E0,6.915169830E0
1.094860957E2,-2.584076385E0,-6.293662262E0,6.928941193E0
1.094961357E2,-2.574645996E0,-6.301745453E0,6.920109558E0
1.095061767E2,-2.578837280E0,-6.296506348E0,6.925049286E0
1.095162167E2,-2.583777008E0,-6.294261017E0,6.929539948E0
1.095262567E2,-2.581681366E0,-6.296506348E0,6.933282166E0
1.095363277E2,-2.570454712E0,-6.287824402E0,6.935377808E0
1.095463677E2,-2.560874634E0,-6.305188293E0,6.941814423E0
1.095564087E2,-2.560575256E0,-6.321204987E0,6.944957886E0
1.095664487E2,-2.555186462E0,-6.332431641E0,6.943011932E0
1.095764887E2,-2.544408875E0,-6.343059540E0,6.930737457E0
1.095865287E2,-2.544259186E0,-6.349645844E0,6.918912048E0
1.095965997E2,-2.537074127E0,-6.349945221E0,6.920408936E0
1.096066397E2,-2.527494049E0,-6.340215454E0,6.913373566E0
1.096166807E2,-2.532134399E0,-6.333180084E0,6.901248779E0
1.096267207E2,-2.535577240E0,-6.328839111E0,6.899602203E0
1.096367607E2,-2.539020081E0,-6.320306854E0,6.905290375E0
1.096468017E2,-2.537223816E0,-6.320007477E0,6.919211426E0
1.096568717E2,-2.543959808E0,-6.330934753E0,6.920109558E0
1.096669127E2,-2.552641754E0,-6.335874481E0,6.918762360E0
1.096769527E2,-2.558180237E0,-6.334377594E0,6.929839325E0
1.096869927E2,-2.565964050E0,-6.335425415E0,6.929240570E0
1.096970337E2,-2.570903778E0,-6.329437866E0,6.922504578E0
1.097070737E2,-2.589465179E0,-6.315666504E0,6.926246796E0
1.097171447E2,-2.596500549E0,-6.303242340E0,6.935976563E0
1.097271847E2,-2.609224091E0,-6.300697632E0,6.931635590E0
1.097372247E2,-2.613115997E0,-6.280938721E0,6.944658508E0
1.097472647E2,-2.615211639E0,-6.288273468E0,6.942712555E0
1.097573057E2,-2.605182495E0,-6.297703857E0,6.926546173E0
1.097673457E2,-2.600691833E0,-6.300398254E0,6.924749908E0
1.097774167E2,-2.599344635E0,-6.306236115E0,6.910080414E0
1.097874567E2,-2.592908020E0,-6.323600006E0,6.905440063E0
1.097974967E2,-2.585423584E0,-6.337521057E0,6.911128235E0
1.098075377E2,-2.603835297E0,-6.360573120E0,6.912774811E0
1.098175777E2,-2.609673157E0,-6.357429657E0,6.917415161E0
1.098276177E2,-2.602338409E0,-6.358627167E0,6.909930725E0
1.098376887E2,-2.608325958E0,-6.361471252E0,6.893464966E0
1.098477287E2,-2.613864441E0,-6.365812225E0,6.898105316E0
1.098577697E2,-2.614313507E0,-6.366560669E0,6.908134460E0
1.098678097E2,-2.601290588E0,-6.371201019E0,6.887776794E0
1.098778497E2,-2.605332184E0,-6.361171875E0,6.876699829E0
1.098878897E2,-2.607577515E0,-6.356681213E0,6.872807922E0
1.098979607E2,-2.618953857E0,-6.334078217E0,6.873855743E0
1.099080017E2,-2.612367554E0,-6.331683197E0,6.870412903E0
1.099180417E2,-2.606080627E0,-6.319708099E0,6.884483643E0
1.099280817E2,-2.606080627E0,-6.314319305E0,6.894363098E0
1.099381217E2,-2.589165802E0,-6.308631134E0,6.907535706E0
1.099481627E2,-2.570005646E0,-6.304140472E0,6.921905823E0
1.099582327E2,-2.559377747E0,-6.303392029E0,6.932084656E0
1.099682737E2,-2.555485840E0,-6.308331757E0,6.939120026E0
1.099783137E2,-2.537074127E0,-6.307733002E0,6.968608704E0
1.099883537E2,-2.537074127E0,-6.304290161E0,6.978937225E0
1.099983947E2,-2.529739380E0,-6.316115570E0,6.967860260E0
1.100084347E2,-2.538421326E0,-6.320157166E0,6.959178314E0
1.100185158E2,-2.548300781E0,-6.316564636E0,6.932833099E0
1.100285558E2,-2.550845490E0,-6.323001251E0,6.925198975E0
1.100385958E2,-2.552342377E0,-6.316265259E0,6.899602203E0
1.100486368E2,-2.553689575E0,-6.307583313E0,6.906936951E0
1.100586768E2,-2.558778992E0,-6.299799500E0,6.908583527E0
1.100687168E2,-2.561174011E0,-6.286477203E0,6.911577301E0
1.100787878E2,-2.573747864E0,-6.280938721E0,6.932683411E0
1.100888278E2,-2.580932922E0,-6.279890900E0,6.946005707E0
1.100988678E2,-2.581082611E0,-6.289470978E0,6.946604462E0
1.101089088E2,-2.596949615E0,-6.300997009E0,6.950945435E0
1.101189488E2,-2.595153351E0,-6.315816193E0,6.954537964E0
1.101289888E2,-2.597698059E0,-6.325396271E0,6.937024384E0
1.101390598E2,-2.595003662E0,-6.343358917E0,6.929539948E0
1.101490998E2,-2.604733429E0,-6.350244598E0,6.919211426E0
1.101591408E2,-2.605631561E0,-6.349945221E0,6.886130219E0
1.101691808E2,-2.597548370E0,-6.342610474E0,6.873406677E0
1.101792208E2,-2.595303040E0,-6.334078217E0,6.868317261E0
1.101892618E2,-2.604583740E0,-6.338119812E0,6.872209167E0
1.101993318E2,-2.612068176E0,-6.326444092E0,6.887776794E0
1.102093728E2,-2.596799927E0,-6.337071991E0,6.899153137E0
1.102194128E2,-2.611319733E0,-6.350394287E0,6.915918274E0
1.102294528E2,-2.610870667E0,-6.355483704E0,6.914571075E0
1.102394928E2,-2.606829071E0,-6.350094910E0,6.922354889E0
1.102495338E2,-2.613565063E0,-6.340814209E0,6.926546173E0
1.102596048E2,-2.614912262E0,-6.324797516E0,6.912325745E0
1.102696448E2,-2.612367554E0,-6.295757904E0,6.913672943E0
1.102796848E2,-2.612517242E0,-6.283782806E0,6.927144928E0
1.102897248E2,-2.611319733E0,-6.262976074E0,6.929989014E0
1.102997658E2,-2.616259460E0,-6.250851288E0,6.919361115E0
1.103098058E2,-2.608176270E0,-6.256389771E0,6.929539948E0
1.103198768E2,-2.609972534E0,-6.268364868E0,6.938670959E0
1.103299168E2,-2.615211639E0,-6.289321289E0,6.942413177E0
1.103399568E2,-2.608325958E0,-6.299649811E0,6.941215668E0
1.103499978E2,-2.609822845E0,-6.303541718E0,6.937174072E0
1.103600378E2,-2.614313507E0,-6.318211212E0,6.947951660E0
1.103700778E2,-2.605781250E0,-6.326893158E0,6.944508820E0
1.103801488E2,-2.595452728E0,-6.346053314E0,6.916067963E0
1.103901888E2,-2.593357086E0,-6.364764404E0,6.911427612E0
1.104002298E2,-2.582579498E0,-6.373895416E0,6.888076172E0
1.104102698E2,-2.571352844E0,-6.366261292E0,6.873706055E0
1.104203098E2,-2.570005646E0,-6.353837128E0,6.872209167E0
1.104303498E2,-2.576891327E0,-6.343358917E0,6.875202942E0
1.104404208E2,-2.588417358E0,-6.323600006E0,6.895859985E0
1.104504608E2,-2.601739655E0,-6.299949188E0,6.904841309E0
1.104605018E2,-2.614612885E0,-6.288572845E0,6.919211426E0
1.104705418E2,-2.615660706E0,-6.285579071E0,6.941515045E0
1.104805818E2,-2.597847748E0,-6.282435608E0,6.945257263E0
1.104906228E2,-2.591860199E0,-6.288572845E0,6.965914307E0
1.105006928E2,-2.575843506E0,-6.289470978E0,6.955735474E0
1.105107338E2,-2.561473389E0,-6.291117554E0,6.946604462E0
1.105207738E2,-2.542013855E0,-6.303392029E0,6.954537964E0
1.105308138E2,-2.531984711E0,-6.297853546E0,6.941065979E0
1.105408548E2,-2.532284088E0,-6.301146698E0,6.938970337E0
1.105508948E2,-2.538571014E0,-6.312523041E0,6.933132477E0
1.105609658E2,-2.545756073E0,-6.334078217E0,6.920558624E0
1.105710058E2,-2.559078369E0,-6.362369385E0,6.912774811E0
1.105810458E2,-2.571652222E0,-6.387517090E0,6.906038818E0
1.105910858E2,-2.577490082E0,-6.409820709E0,6.884783020E0
1.106011268E2,-2.574945374E0,-6.406228180E0,6.873855743E0
1.106111668E2,-2.584824829E0,-6.396498413E0,6.873406677E0
1.106212378E2,-2.589315491E0,-6.387367401E0,6.859335938E0
1.106312778E2,-2.594105530E0,-6.361022186E0,6.852450256E0
1.106413178E2,-2.605781250E0,-6.346053314E0,6.856192474E0
1.106513588E2,-2.590213623E0,-6.330186310E0,6.855294342E0
1.106613988E2,-2.586920471E0,-6.329288177E0,6.876250763E0
1.106714388E2,-2.584525452E0,-6.323300629E0,6.898853760E0
1.106815098E2,-2.583777008E0,-6.324947205E0,6.911577301E0
1.106915498E2,-2.578837280E0,-6.323450317E0,6.928043060E0
1.107015908E2,-2.577490082E0,-6.321055298E0,6.934479675E0
1.107116308E2,-2.581082611E0,-6.317163391E0,6.937024384E0
1.107216708E2,-2.584226074E0,-6.308182068E0,6.946155396E0
1.107317108E2,-2.587070160E0,-6.315367126E0,6.935078430E0
1.107417818E2,-2.574346619E0,-6.326743469E0,6.931635590E0
1.107518228E2,-2.572999420E0,-6.317313080E0,6.914720764E0
1.107618628E2,-2.578986969E0,-6.324647827E0,6.909032593E0
1.107719028E2,-2.560126190E0,-6.330036621E0,6.910379791E0
1.107819428E2,-2.568209381E0,-6.327940979E0,6.911427612E0
1.107919838E2,-2.582729187E0,-6.301745453E0,6.902595978E0
1.108020238E2,-2.589016113E0,-6.296057281E0,6.920408936E0
1.108120948E2,-2.608176270E0,-6.294859772E0,6.928641815E0
1.108221348E2,-2.615211639E0,-6.294710083E0,6.953041077E0
1.108321748E2,-2.618654480E0,-6.295159149E0,6.958579559E0
1.108422158E2,-2.617157593E0,-6.301745453E0,6.964417419E0
1.108522558E2,-2.603386230E0,-6.287075958E0,6.951544189E0
1.108622958E2,-2.601739655E0,-6.285130005E0,6.955136719E0
1.108723668E2,-2.602338409E0,-6.269263000E0,6.960525513E0
1.108824068E2,-2.583028564E0,-6.269712067E0,6.935078430E0
1.108924478E2,-2.577789459E0,-6.285878448E0,6.918462982E0
1.109024878E2,-2.580633545E0,-6.309229889E0,6.894213409E0
1.109125278E2,-2.574346619E0,-6.320306854E0,6.898853760E0
1.109225678E2,-2.568957825E0,-6.350543976E0,6.902745667E0
1.109326388E2,-2.575993195E0,-6.377787323E0,6.906936951E0
1.109426798E2,-2.577041016E0,-6.376589813E0,6.894662476E0
1.109527198E2,-2.586770782E0,-6.385421448E0,6.891369324E0
1.109627598E2,-2.596201172E0,-6.381080475E0,6.874753876E0
1.109727998E2,-2.600542145E0,-6.376589813E0,6.876999207E0
1.109828408E2,-2.603236542E0,-6.373745728E0,6.878496094E0
1.109929108E2,-2.600691833E0,-6.358627167E0,6.874304810E0
1.110029518E2,-2.594105530E0,-6.357878723E0,6.882388000E0
1.110129977E2,-2.596799927E0,-6.343059540E0,6.894512787E0
1.110230377E2,-2.606529694E0,-6.326593781E0,6.910529480E0
1.110330787E2,-2.585872650E0,-6.314768372E0,6.916217651E0
1.110431187E2,-2.580783234E0,-6.298302612E0,6.931934967E0
1.110531897E2,-2.577639771E0,-6.278843079E0,6.928941193E0
1.110632297E2,-2.565365295E0,-6.274502106E0,6.951544189E0
1.110732697E2,-2.566263428E0,-6.265670471E0,6.953041077E0
1.110833108E2,-2.569706268E0,-6.251000977E0,6.973249054E0
1.110933508E2,-2.557731171E0,-6.248905334E0,6.988517303E0
1.111033907E2,-2.563119965E0,-6.261329498E0,6.985673218E0
1.111134617E2,-2.564616852E0,-6.272855530E0,6.988367615E0
1.111235018E2,-2.570754089E0,-6.275699615E0,6.974296875E0
1.111335418E2,-2.572999420E0,-6.289321289E0,6.965465240E0
1.111435827E2,-2.585124207E0,-6.289620667E0,6.946155396E0
1.111536227E2,-2.585124207E0,-6.290818176E0,6.937024384E0
1.111636627E2,-2.585872650E0,-6.294710083E0,6.925648041E0
1.111737338E2,-2.592458954E0,-6.292464752E0,6.929390259E0
1.111837737E2,-2.595901794E0,-6.296057281E0,6.940616913E0
1.111938147E2,-2.593656464E0,-6.302194519E0,6.938970337E0
1.112038547E2,-2.592159576E0,-6.301745453E0,6.935976563E0
1.112138947E2,-2.595452728E0,-6.313870239E0,6.943760376E0
1.112239358E2,-2.600841522E0,-6.324348450E0,6.935078430E0
1.112340057E2,-2.603535919E0,-6.334676971E0,6.928192749E0
1.112440467E2,-2.612666931E0,-6.324797516E0,6.932982788E0
1.112540867E2,-2.603535919E0,-6.320007477E0,6.930737457E0
1.112641268E2,-2.610421600E0,-6.324198761E0,6.928192749E0
1.112741668E2,-2.617906036E0,-6.337970123E0,6.920708313E0
1.112842077E2,-2.606679382E0,-6.353837128E0,6.900650024E0
1.112942787E2,-2.585872650E0,-6.359076233E0,6.899751892E0
1.113043188E2,-2.578088837E0,-6.359525299E0,6.898404694E0
1.113143588E2,-2.572550354E0,-6.339766388E0,6.890620880E0
1.113243987E2,-2.598296814E0,-6.324498138E0,6.889573059E0
1.113344397E2,-2.615211639E0,-6.310876465E0,6.890770569E0
1.113444797E2,-2.630629578E0,-6.301146698E0,6.891668701E0
1.113545507E2,-2.645748138E0,-6.304589539E0,6.888824615E0
1.113645907E2,-2.659369812E0,-6.306236115E0,6.888225861E0
1.113746307E2,-2.657573547E0,-6.304739227E0,6.894961853E0
1.113846717E2,-2.644400940E0,-6.293811951E0,6.912475433E0
1.113947117E2,-2.635868683E0,-6.271059265E0,6.938670959E0
1.114047518E2,-2.628683624E0,-6.254294128E0,6.975195007E0
1.114148227E2,-2.622396698E0,-6.234984283E0,6.985673218E0
1.114248627E2,-2.603086853E0,-6.232439575E0,7.019502869E0
1.114349037E2,-2.590213623E0,-6.242169342E0,7.045099640E0
1.114449438E2,-2.578388214E0,-6.255192261E0,7.030579834E0
1.114549838E2,-2.583477631E0,-6.254144440E0,7.012617188E0
1.114650237E2,-2.579286346E0,-6.263874207E0,6.986870728E0
1.114750947E2,-2.572849731E0,-6.267466736E0,6.959777069E0
1.114851348E2,-2.569406891E0,-6.274502106E0,6.945257263E0
1.114951757E2,-2.572700043E0,-6.294111328E0,6.926396484E0
1.115052157E2,-2.575993195E0,-6.325096893E0,6.896458740E0
1.115152557E2,-2.584226074E0,-6.358627167E0,6.857839050E0
1.115252967E2,-2.580034790E0,-6.397246857E0,6.850504303E0
1.115353667E2,-2.577490082E0,-6.411317596E0,6.834038544E0
1.115454077E2,-2.578088837E0,-6.416706390E0,6.833739166E0
1.115554477E2,-2.585872650E0,-6.407575378E0,6.831643524E0
1.115654877E2,-2.594704285E0,-6.377637634E0,6.843169556E0
1.115755287E2,-2.595303040E0,-6.369704132E0,6.870412903E0
1.115855688E2,-2.607278137E0,-6.352938995E0,6.890022125E0
1.115956397E2,-2.616109772E0,-6.348598022E0,6.876550140E0
1.116056797E2,-2.619253235E0,-6.355184326E0,6.874155121E0
1.116157197E2,-2.628833313E0,-6.362070007E0,6.884783020E0
1.116257598E2,-2.618055725E0,-6.376140747E0,6.872807922E0
1.116358007E2,-2.613265686E0,-6.365961914E0,6.886429596E0
1.116458407E2,-2.605631561E0,-6.353837128E0,6.891069946E0
1.116559118E2,-2.601889343E0,-6.350993042E0,6.912774811E0
1.116659518E2,-2.605182495E0,-6.323749695E0,6.917714539E0
1.116759917E2,-2.614762573E0,-6.317762146E0,6.924749908E0
1.116860327E2,-2.623145142E0,-6.309529266E0,6.916217651E0
1.116960727E2,-2.625540161E0,-6.298152924E0,6.913373566E0
1.117061127E2,-2.624043274E0,-6.292165375E0,6.921307068E0
1.117161837E2,-2.617157593E0,-6.272406464E0,6.924450531E0
1.117262237E2,-2.599045258E0,-6.271658020E0,6.928043060E0
1.117362647E2,-2.599344635E0,-6.280639343E0,6.921756134E0
1.117463047E2,-2.594704285E0,-6.277645569E0,6.942862244E0
1.117563447E2,-2.585124207E0,-6.293811951E0,6.943760376E0
1.117663848E2,-2.584974518E0,-6.314768372E0,6.935078430E0
1.117764557E2,-2.575394440E0,-6.323001251E0,6.930587769E0
1.117864967E2,-2.567311249E0,-6.328689423E0,6.920259247E0
1.117965368E2,-2.570454712E0,-6.339616699E0,6.918762360E0
1.118065768E2,-2.569406891E0,-6.331533508E0,6.921007690E0
1.118166167E2,-2.567161560E0,-6.326144714E0,6.912176056E0
1.118266577E2,-2.578238525E0,-6.333928528E0,6.905889130E0
1.118367278E2,-2.585273895E0,-6.334976349E0,6.894812164E0
1.118467688E2,-2.586770782E0,-6.346652069E0,6.898853760E0
1.118568087E2,-2.583327942E0,-6.358776855E0,6.904092865E0
1.118668487E2,-2.587219849E0,-6.364015961E0,6.893614655E0
1.118768897E2,-2.567610626E0,-6.355483704E0,6.896159363E0
1.118869297E2,-2.562970276E0,-6.351891174E0,6.903943176E0
1.118970007E2,-2.566862183E0,-6.346053314E0,6.896009674E0
1.119070407E2,-2.581381989E0,-6.315666504E0,6.897955627E0
1.119170807E2,-2.587219849E0,-6.322402496E0,6.902146912E0
1.119271217E2,-2.593806152E0,-6.311774597E0,6.907086639E0
1.119371618E2,-2.592608643E0,-6.302194519E0,6.907535706E0
1.119472018E2,-2.585573273E0,-6.303541718E0,6.910230103E0
1.119572727E2,-2.572999420E0,-6.309529266E0,6.924300842E0
1.119673127E2,-2.567311249E0,-6.316714325E0,6.943910065E0
1.119773528E2,-2.558629303E0,-6.334976349E0,6.953789520E0
1.119873938E2,-2.547702026E0,-6.339766388E0,6.961573334E0
1.119974337E2,-2.549647980E0,-6.338119812E0,6.943161621E0
1.120074737E2,-2.553240509E0,-6.334976349E0,6.936874695E0
1.120175584E2,-2.560874634E0,-6.327042847E0,6.913523254E0
1.120275984E2,-2.581232300E0,-6.320905609E0,6.909631348E0
1.120376394E2,-2.582429810E0,-6.313271484E0,6.900949402E0
1.120476794E2,-2.590213623E0,-6.306535492E0,6.890920258E0
1.120577194E2,-2.592608643E0,-6.302793274E0,6.889872437E0
1.120677604E2,-2.612217865E0,-6.306086426E0,6.894363098E0
1.120778304E2,-2.609074402E0,-6.316414948E0,6.891069946E0
1.120878714E2,-2.616558838E0,-6.331533508E0,6.892117767E0
1.120979114E2,-2.626587982E0,-6.335575104E0,6.900051270E0
1.121079514E2,-2.616109772E0,-6.345005493E0,6.891818390E0
1.121179914E2,-2.604284363E0,-6.344855804E0,6.896608429E0
1.121280324E2,-2.610571289E0,-6.336622925E0,6.915618896E0
1.121381034E2,-2.601589966E0,-6.328689423E0,6.929390259E0
1.121481434E2,-2.602338409E0,-6.314019928E0,6.929240570E0
1.121581834E2,-2.602188721E0,-6.292315063E0,6.935377808E0
1.121682234E2,-2.600542145E0,-6.286776581E0,6.949897614E0
1.121782644E2,-2.596500549E0,-6.274951172E0,6.944658508E0
1.121883044E2,-2.600093079E0,-6.269263000E0,6.949897614E0
1.121983754E2,-2.607876892E0,-6.276298370E0,6.956932983E0
1.122084154E2,-2.604134674E0,-6.283184052E0,6.954987030E0
1.122184554E2,-2.585273895E0,-6.305188293E0,6.942862244E0
1.122284964E2,-2.582729187E0,-6.321204987E0,6.940616913E0
1.122385364E2,-2.577340393E0,-6.330036621E0,6.927893372E0
1.122485764E2,-2.566413116E0,-6.331683197E0,6.918163605E0
1.122586474E2,-2.578388214E0,-6.313271484E0,6.905290375E0
1.122686874E2,-2.596051483E0,-6.293063507E0,6.916067963E0
1.122787284E2,-2.588267670E0,-6.293512573E0,6.915169830E0
1.122887684E2,-2.582579498E0,-6.280789032E0,6.913822632E0
1.122988084E2,-2.589764557E0,-6.267616425E0,6.923552399E0
1.123088484E2,-2.597847748E0,-6.279142456E0,6.943161621E0
1.123189194E2,-2.594704285E0,-6.295458527E0,6.944359131E0
1.123289604E2,-2.590213623E0,-6.312672729E0,6.947951660E0
1.123390004E2,-2.579735413E0,-6.333778839E0,6.947203217E0
1.123490404E2,-2.574047241E0,-6.345604248E0,6.943610687E0
1.123590804E2,-2.565514984E0,-6.346203003E0,6.932683411E0
1.123691214E2,-2.559377747E0,-6.340963898E0,6.913074188E0
1.123791914E2,-2.560724945E0,-6.348747711E0,6.893464966E0
1.123892324E2,-2.553090820E0,-6.360423431E0,6.886130219E0
1.123992724E2,-2.564167786E0,-6.361171875E0,6.861281891E0
1.124093124E2,-2.579885101E0,-6.366560669E0,6.864125977E0
1.124193534E2,-2.585722961E0,-6.377637634E0,6.868017883E0
1.124293934E2,-2.596500549E0,-6.368955688E0,6.856042786E0
1.124394644E2,-2.607577515E0,-6.360423431E0,6.866820374E0
1.124495044E2,-2.615061951E0,-6.336323547E0,6.888375549E0
1.124595444E2,-2.632276154E0,-6.320306854E0,6.898554382E0
1.124695854E2,-2.632874908E0,-6.301895142E0,6.925947418E0
1.124796254E2,-2.639311523E0,-6.301296387E0,6.946155396E0
1.124896654E2,-2.641257477E0,-6.290518799E0,6.953340454E0
1.124997364E2,-2.644700317E0,-6.282435608E0,6.946754150E0
1.125097764E2,-2.638712769E0,-6.281687164E0,6.956334229E0
1.125198164E2,-2.626587982E0,-6.276448059E0,6.950795746E0
1.125298574E2,-2.618055725E0,-6.271059265E0,6.947053528E0
1.125398974E2,-2.608924713E0,-6.272705841E0,6.944209442E0
1.125499374E2,-2.600841522E0,-6.273753662E0,6.955286407E0
1.125600084E2,-2.602188721E0,-6.263874207E0,6.938072205E0
1.125700484E2,-2.599943390E0,-6.262527008E0,6.945706329E0
1.125800894E2,-2.598596191E0,-6.262227631E0,6.953340454E0
1.125901294E2,-2.598296814E0,-6.271358643E0,6.960974579E0
1.126001694E2,-2.585423584E0,-6.292165375E0,6.956034851E0
1.126102104E2,-2.580334167E0,-6.304589539E0,6.957531738E0
1.126202804E2,-2.575843506E0,-6.306685181E0,6.972650299E0
1.126303214E2,-2.564018097E0,-6.312523041E0,6.960076447E0
1.126403614E2,-2.573149109E0,-6.324498138E0,6.947502594E0
1.126504014E2,-2.574496307E0,-6.342011719E0,6.937174072E0
1.126604414E2,-2.580483856E0,-6.350094910E0,6.923552399E0
1.126704824E2,-2.588567047E0,-6.354286194E0,6.906787262E0
1.126805534E2,-2.598596191E0,-6.350843353E0,6.884483643E0
1.126905934E2,-2.614163818E0,-6.351442108E0,6.867419128E0
1.127006334E2,-2.627635803E0,-6.334826660E0,6.861132202E0
1.127106734E2,-2.630180511E0,-6.323899384E0,6.848558350E0
1.127207144E2,-2.644101562E0,-6.317313080E0,6.875801697E0
1.127307544E2,-2.654430084E0,-6.316265259E0,6.891369324E0
1.127408254E2,-2.655777283E0,-6.313570862E0,6.894213409E0
1.127508654E2,-2.660417633E0,-6.306984558E0,6.911128235E0
1.127609054E2,-2.642454987E0,-6.294710083E0,6.927144928E0
1.127709464E2,-2.633024597E0,-6.287674713E0,6.926546173E0
1.127809864E2,-2.618355103E0,-6.288722534E0,6.931336212E0
1.127910264E2,-2.611319733E0,-6.289470978E0,6.935078430E0
1.128010974E2,-2.599494324E0,-6.294410706E0,6.933581543E0
1.128111374E2,-2.602188721E0,-6.305487671E0,6.920259247E0
1.128211784E2,-2.593357086E0,-6.339017944E0,6.892417145E0
1.128312184E2,-2.598745880E0,-6.360124054E0,6.872209167E0
1.128412584E2,-2.609822845E0,-6.371051331E0,6.870263214E0
1.128512984E2,-2.614912262E0,-6.388864288E0,6.872807922E0
1.128613694E2,-2.623743896E0,-6.393205261E0,6.863676910E0
1.128714094E2,-2.642754364E0,-6.390660553E0,6.857839050E0
1.128814504E2,-2.647394714E0,-6.383625183E0,6.866820374E0
1.128914904E2,-2.643203430E0,-6.367608490E0,6.878047028E0
1.129015304E2,-2.637365570E0,-6.349346466E0,6.887178040E0
1.129115714E2,-2.614762573E0,-6.320606232E0,6.918313293E0
1.129216414E2,-2.593806152E0,-6.293811951E0,6.928192749E0
1.129316824E2,-2.587369537E0,-6.281088409E0,6.941814423E0
1.129417224E2,-2.580483856E0,-6.286776581E0,6.952142944E0
1.129517624E2,-2.570155334E0,-6.281537476E0,6.957232361E0
1.129618034E2,-2.562221832E0,-6.274502106E0,6.959926758E0
1.129718434E2,-2.552192688E0,-6.279890900E0,6.950047302E0
1.129819144E2,-2.543660431E0,-6.290369110E0,6.948400726E0
1.129919544E2,-2.552192688E0,-6.303990784E0,6.940916290E0
1.130019944E2,-2.556683350E0,-6.312073975E0,6.943460999E0
1.130120344E2,-2.562521210E0,-6.318809967E0,6.931036835E0
1.130220592E2,-2.575693817E0,-6.326294403E0,6.925797729E0
1.130320992E2,-2.585124207E0,-6.329437866E0,6.897506561E0
1.130421702E2,-2.594255219E0,-6.338119812E0,6.895410919E0
1.130522102E2,-2.605481873E0,-6.346951447E0,6.896159363E0
1.130622502E2,-2.611469421E0,-6.351741486E0,6.899003448E0
1.130722912E2,-2.615361328E0,-6.351891174E0,6.895261230E0
1.130823312E2,-2.607278137E0,-6.348598022E0,6.913523254E0
1.130923712E2,-2.597997437E0,-6.337670746E0,6.895560608E0
1.131024422E2,-2.603386230E0,-6.333329773E0,6.884932709E0
1.131124822E2,-2.597997437E0,-6.335275726E0,6.887178040E0
1.131225232E2,-2.593806152E0,-6.316564636E0,6.901997223E0
1.131325632E2,-2.598745880E0,-6.309678955E0,6.904841309E0
1.131426032E2,-2.601440277E0,-6.302793274E0,6.915169830E0
1.131526432E2,-2.602637787E0,-6.300847321E0,6.933431854E0
1.131627142E2,-2.601290588E0,-6.292764130E0,6.949598236E0
1.131727552E2,-2.599943390E0,-6.287075958E0,6.950646057E0
1.131827952E2,-2.603685608E0,-6.283184052E0,6.955286407E0
1.131928352E2,-2.592908020E0,-6.301446075E0,6.962022400E0
1.132028752E2,-2.578388214E0,-6.298152924E0,6.948251038E0
1.132129162E2,-2.572700043E0,-6.305936737E0,6.945706329E0
1.132229862E2,-2.556683350E0,-6.317462769E0,6.930288391E0
1.132330272E2,-2.542462921E0,-6.326593781E0,6.912924500E0
1.132430672E2,-2.544558563E0,-6.350394287E0,6.903494110E0
1.132531072E2,-2.547552338E0,-6.355184326E0,6.900650024E0
1.132631482E2,-2.552941132E0,-6.353986816E0,6.908733215E0
1.132731882E2,-2.574047241E0,-6.358776855E0,6.905140686E0
1.132832592E2,-2.598745880E0,-6.353687439E0,6.905140686E0
1.132932992E2,-2.612068176E0,-6.348598022E0,6.903943176E0
1.133033392E2,-2.629282379E0,-6.354585571E0,6.913373566E0
1.133133802E2,-2.631078644E0,-6.347999268E0,6.911577301E0
1.133234202E2,-2.633174286E0,-6.338568878E0,6.903793488E0
1.133334602E2,-2.633773041E0,-6.332880707E0,6.886429596E0
1.133435312E2,-2.630330200E0,-6.332431641E0,6.889722748E0
1.133535712E2,-2.625240784E0,-6.317612457E0,6.878346405E0
1.133636112E2,-2.618654480E0,-6.307134247E0,6.891968079E0
1.133736522E2,-2.609224091E0,-6.310577087E0,6.891369324E0
1.133836922E2,-2.604134674E0,-6.314768372E0,6.906787262E0
1.133937322E2,-2.598895569E0,-6.311924286E0,6.922504578E0
1.134038032E2,-2.591261444E0,-6.313121796E0,6.933581543E0
1.134138432E2,-2.597847748E0,-6.323749695E0,6.933282166E0
1.134238842E2,-2.584525452E0,-6.333479462E0,6.937473450E0
1.134339242E2,-2.584375763E0,-6.345753937E0,6.940916290E0
1.134439642E2,-2.592009888E0,-6.340963898E0,6.924300842E0
1.134540052E2,-2.585273895E0,-6.320606232E0,6.904691620E0
1.134640752E2,-2.587070160E0,-6.322851562E0,6.902595978E0
1.134741162E2,-2.592758331E0,-6.316115570E0,6.910828857E0
1.134841562E2,-2.597398682E0,-6.302942963E0,6.915020142E0
1.134941962E2,-2.590662689E0,-6.302493896E0,6.926845551E0
1.135042362E2,-2.589465179E0,-6.307882690E0,6.922803955E0
1.135142772E2,-2.596350861E0,-6.309828644E0,6.919361115E0
1.135243482E2,-2.591111755E0,-6.311026154E0,6.919510803E0
1.135343882E2,-2.588117981E0,-6.312373352E0,6.920558624E0
1.135444282E2,-2.577490082E0,-6.326743469E0,6.935677185E0
1.135544682E2,-2.565664673E0,-6.331683197E0,6.943011932E0
1.135645092E2,-2.571652222E0,-6.325695648E0,6.937174072E0
1.135745492E2,-2.572250977E0,-6.318959656E0,6.938521271E0
1.135846202E2,-2.568957825E0,-6.318959656E0,6.928941193E0
1.135946602E2,-2.574795685E0,-6.311624908E0,6.927743683E0
1.136047002E2,-2.583926697E0,-6.307134247E0,6.910978546E0
1.136147412E2,-2.589315491E0,-6.305936737E0,6.898105316E0
1.136247812E2,-2.588716736E0,-6.322701874E0,6.893315277E0
1.136348212E2,-2.599045258E0,-6.339916077E0,6.884184265E0
1.136448922E2,-2.586471405E0,-6.339766388E0,6.888225861E0
1.136549322E2,-2.578837280E0,-6.345604248E0,6.902595978E0
1.136649732E2,-2.577041016E0,-6.357878723E0,6.899602203E0
1.136750132E2,-2.576591949E0,-6.372697906E0,6.904242554E0
1.136850532E2,-2.582280121E0,-6.352190552E0,6.898105316E0
1.136950932E2,-2.588117981E0,-6.354735260E0,6.908733215E0
1.137051642E2,-2.592908020E0,-6.367458801E0,6.905140686E0
1.137152042E2,-2.593506775E0,-6.361171875E0,6.898554382E0
1.137252452E2,-2.599644012E0,-6.367458801E0,6.880292358E0
1.137352852E2,-2.604583740E0,-6.362968140E0,6.886130219E0
1.137453252E2,-2.609074402E0,-6.347699890E0,6.874454498E0
1.137553662E2,-2.607577515E0,-6.350244598E0,6.872508545E0
1.137654362E2,-2.603835297E0,-6.343358917E0,6.886429596E0
1.137754772E2,-2.595602417E0,-6.328988800E0,6.887327728E0
1.137855172E2,-2.587219849E0,-6.313870239E0,6.900051270E0
1.137955572E2,-2.581831055E0,-6.316115570E0,6.923103333E0
1.138055982E2,-2.563868408E0,-6.324049072E0,6.926995239E0
1.138156382E2,-2.559527435E0,-6.325695648E0,6.938670959E0
1.138257092E2,-2.552791443E0,-6.336473236E0,6.941814423E0
1.138357492E2,-2.542462921E0,-6.335575104E0,6.937174072E0
1.138457892E2,-2.537972260E0,-6.333479462E0,6.931186523E0
1.138558292E2,-2.537074127E0,-6.333030396E0,6.935826874E0
1.138658702E2,-2.538271637E0,-6.324647827E0,6.922953644E0
1.138759102E2,-2.545905762E0,-6.316864014E0,6.915469208E0
1.138859812E2,-2.556084595E0,-6.312822418E0,6.924001465E0
1.138960212E2,-2.564766541E0,-6.304739227E0,6.927294617E0
1.139060612E2,-2.581232300E0,-6.302942963E0,6.930887146E0
1.139161022E2,-2.584226074E0,-6.292614441E0,6.936425629E0
1.139261422E2,-2.583627319E0,-6.312672729E0,6.954088898E0
1.139361822E2,-2.605930939E0,-6.331383820E0,6.947951660E0
1.139462532E2,-2.615810394E0,-6.337970123E0,6.932084656E0
1.139562932E2,-2.614912262E0,-6.350394287E0,6.918462982E0
1.139663342E2,-2.623743896E0,-6.356681213E0,6.921157379E0
1.139763742E2,-2.640808411E0,-6.362070007E0,6.892117767E0
1.139864142E2,-2.628683624E0,-6.366261292E0,6.877897339E0
1.139964542E2,-2.632725220E0,-6.344107361E0,6.860832825E0
1.140065252E2,-2.633024597E0,-6.329288177E0,6.851701813E0
1.140165771E2,-2.621049500E0,-6.327940979E0,6.853348389E0
1.140266171E2,-2.614014130E0,-6.324947205E0,6.875352631E0
1.140366571E2,-2.604284363E0,-6.321654053E0,6.897356873E0
1.140466971E2,-2.603535919E0,-6.331683197E0,6.910230103E0
1.140567381E2,-2.592908020E0,-6.341862030E0,6.907685394E0
1.140668091E2,-2.588417358E0,-6.342610474E0,6.917415161E0
1.140768491E2,-2.581232300E0,-6.342460785E0,6.916666718E0
1.140868891E2,-2.573298798E0,-6.331383820E0,6.895111542E0
1.140969291E2,-2.568957825E0,-6.345604248E0,6.891668701E0
1.141069701E2,-2.578088837E0,-6.356531525E0,6.890022125E0
1.141170101E2,-2.573149109E0,-6.351142731E0,6.873556366E0
1.141270811E2,-2.583028564E0,-6.360423431E0,6.864724731E0
1.141371211E2,-2.579436035E0,-6.370901642E0,6.871760101E0
1.141471611E2,-2.571652222E0,-6.371799774E0,6.875951385E0
1.141572021E2,-2.582878876E0,-6.365812225E0,6.881040802E0
1.141672421E2,-2.593806152E0,-6.349645844E0,6.894662476E0
1.141772821E2,-2.579286346E0,-6.344257050E0,6.914571075E0
1.141873531E2,-2.584974518E0,-6.345005493E0,6.924899597E0
1.141973931E2,-2.582729187E0,-6.339317322E0,6.935677185E0
1.142074341E2,-2.573747864E0,-6.322402496E0,6.948400726E0
1.142174741E2,-2.573448486E0,-6.323450317E0,6.935677185E0
1.142275141E2,-2.569556580E0,-6.321504364E0,6.924749908E0
1.142375541E2,-2.553090820E0,-6.323749695E0,6.919510803E0
1.142476251E2,-2.553390198E0,-6.318809967E0,6.915020142E0
1.142576651E2,-2.554587708E0,-6.319857788E0,6.909781036E0
1.142677061E2,-2.558030548E0,-6.335126038E0,6.896608429E0
1.142777461E2,-2.563569031E0,-6.339317322E0,6.890620880E0
1.142877861E2,-2.561623077E0,-6.341412964E0,6.893764343E0
1.142978271E2,-2.567760315E0,-6.358627167E0,6.882837067E0
1.143078971E2,-2.574645996E0,-6.357429657E0,6.887926483E0
1.143179381E2,-2.574795685E0,-6.364465027E0,6.880442047E0
1.143279781E2,-2.576442261E0,-6.365512848E0,6.886279907E0
1.143380181E2,-2.590213623E0,-6.361770630E0,6.896758118E0
1.143480591E2,-2.590063934E0,-6.363716583E0,6.890171814E0
1.143580991E2,-2.592309265E0,-6.367608490E0,6.893315277E0
1.143681701E2,-2.592009888E0,-6.358627167E0,6.893015900E0
1.143782101E2,-2.581681366E0,-6.352340240E0,6.888824615E0
1.143882501E2,-2.590063934E0,-6.332581329E0,6.894213409E0
1.143982901E2,-2.591560822E0,-6.334976349E0,6.901997223E0
1.144083311E2,-2.579136658E0,-6.329138489E0,6.906787262E0
1.144183711E2,-2.580334167E0,-6.320007477E0,6.903045044E0
1.144284421E2,-2.586471405E0,-6.318061523E0,6.907236328E0
1.144384821E2,-2.594404907E0,-6.324348450E0,6.913074188E0
1.144485221E2,-2.589914246E0,-6.317163391E0,6.913373566E0
1.144585631E2,-2.580633545E0,-6.328988800E0,6.911277924E0
1.144686031E2,-2.578238525E0,-6.337371368E0,6.917415161E0
1.144786431E2,-2.578238525E0,-6.334527283E0,6.915768585E0
1.144887141E2,-2.566562805E0,-6.343209229E0,6.903793488E0
1.144987541E2,-2.560275879E0,-6.348298645E0,6.906487885E0
1.145087951E2,-2.569855957E0,-6.339467010E0,6.891968079E0
1.145188351E2,-2.573747864E0,-6.328988800E0,6.884932709E0
1.145288751E2,-2.581082611E0,-6.320755920E0,6.903494110E0
1.145389151E2,-2.588267670E0,-6.317762146E0,6.931186523E0
1.145489861E2,-2.590662689E0,-6.308481445E0,6.939120026E0
1.145590271E2,-2.596650238E0,-6.316414948E0,6.958878937E0
1.145690671E2,-2.596201172E0,-6.319558411E0,6.944059753E0
1.145791071E2,-2.590213623E0,-6.328539734E0,6.950496368E0
1.145891471E2,-2.589465179E0,-6.325396271E0,6.947352905E0
1.145991881E2,-2.598446503E0,-6.312223663E0,6.940018158E0
1.146092581E2,-2.594704285E0,-6.300547943E0,6.922354889E0
1.146192991E2,-2.597997437E0,-6.280938721E0,6.906936951E0
1.146293391E2,-2.597548370E0,-6.265371094E0,6.912026367E0
1.146393791E2,-2.590513000E0,-6.265820160E0,6.923402710E0
1.146494201E2,-2.591111755E0,-6.266718292E0,6.917864227E0
1.146594601E2,-2.586321716E0,-6.269562378E0,6.929090881E0
1.146695311E2,-2.573598175E0,-6.283333740E0,6.934180298E0
1.146795711E2,-2.562521210E0,-6.285579071E0,6.957831116E0
1.146896111E2,-2.552641754E0,-6.294859772E0,6.969955902E0
1.146996521E2,-2.542013855E0,-6.305337982E0,6.956034851E0
1.147096921E2,-2.537074127E0,-6.314468994E0,6.952442322E0
1.147197321E2,-2.539918213E0,-6.322851562E0,6.946604462E0
1.147298031E2,-2.541265411E0,-6.344706116E0,6.937473450E0
1.147398431E2,-2.531236267E0,-6.359824677E0,6.918912048E0
1.147498831E2,-2.531685333E0,-6.373596039E0,6.901997223E0
1.147599241E2,-2.550396423E0,-6.384523315E0,6.881340179E0
1.147699641E2,-2.559527435E0,-6.384822693E0,6.871760101E0
1.147800041E2,-2.570155334E0,-6.369255066E0,6.858138428E0
1.147900751E2,-2.581381989E0,-6.357130280E0,6.866520996E0
1.148001151E2,-2.594704285E0,-6.349496155E0,6.879843292E0
1.148101561E2,-2.606230316E0,-6.345155182E0,6.891369324E0
1.148201961E2,-2.614163818E0,-6.354435883E0,6.887327728E0
1.148302361E2,-2.617157593E0,-6.358178101E0,6.893764343E0
1.148402771E2,-2.624342651E0,-6.349196777E0,6.893464966E0
1.148503471E2,-2.624642029E0,-6.345753937E0,6.902595978E0
1.148603881E2,-2.633174286E0,-6.350693665E0,6.896907806E0
1.148704281E2,-2.637814636E0,-6.343957672E0,6.903643799E0
1.148804681E2,-2.645299072E0,-6.330036621E0,6.899751892E0
1.148905081E2,-2.657124481E0,-6.322701874E0,6.896758118E0
1.149005491E2,-2.655627594E0,-6.323749695E0,6.902895355E0
1.149106201E2,-2.644101562E0,-6.325695648E0,6.900500336E0
1.149206601E2,-2.632725220E0,-6.331234131E0,6.903494110E0
1.149307001E2,-2.619402924E0,-6.330186310E0,6.909331970E0
1.149407401E2,-2.609074402E0,-6.330785065E0,6.916966095E0
1.149507811E2,-2.591411133E0,-6.329437866E0,6.926995239E0
1.149608211E2,-2.589465179E0,-6.330785065E0,6.931934967E0
1.149708921E2,-2.590962067E0,-6.331533508E0,6.933731232E0
1.149809321E2,-2.595153351E0,-6.325096893E0,6.923851776E0
1.149909721E2,-2.587668915E0,-6.318360901E0,6.932982788E0
1.150010131E2,-2.582130432E0,-6.316864014E0,6.930438080E0
1.150110531E2,-2.567610626E0,-6.308631134E0,6.917265472E0
1.150210980E2,-2.555186462E0,-6.305038605E0,6.921905823E0
1.150311690E2,-2.550845490E0,-6.308032379E0,6.921905823E0
1.150412090E2,-2.536175995E0,-6.316265259E0,6.925947418E0
1.150512500E2,-2.530936890E0,-6.324348450E0,6.921606445E0
1.150612900E2,-2.528691559E0,-6.325695648E0,6.916517029E0
1.150713300E2,-2.534978485E0,-6.330635376E0,6.928492126E0
1.150813700E2,-2.536325684E0,-6.342909851E0,6.929090881E0
1.150914410E2,-2.538271637E0,-6.354136505E0,6.932234344E0
1.151014810E2,-2.542462921E0,-6.356381836E0,6.921307068E0
1.151115220E2,-2.533032532E0,-6.346951447E0,6.907086639E0
1.151215620E2,-2.530787201E0,-6.356681213E0,6.899901581E0
1.151316020E2,-2.541864166E0,-6.343358917E0,6.885381775E0
1.151416430E2,-2.543810120E0,-6.338419189E0,6.888674927E0
1.151517130E2,-2.556683350E0,-6.330934753E0,6.907835083E0
1.151617540E2,-2.562670898E0,-6.327641602E0,6.924300842E0
1.151717940E2,-2.568658447E0,-6.314768372E0,6.933581543E0
1.151818340E2,-2.577639771E0,-6.301745453E0,6.955885162E0
1.151918750E2,-2.593357086E0,-6.315965881E0,6.963070221E0
1.152019450E2,-2.600242767E0,-6.318959656E0,6.961573334E0
1.152119860E2,-2.600991211E0,-6.318959656E0,6.945706329E0
1.152220260E2,-2.600542145E0,-6.306834869E0,6.942263489E0
1.152320660E2,-2.591411133E0,-6.290069733E0,6.934779053E0
1.152421060E2,-2.590662689E0,-6.277046814E0,6.923851776E0
1.152521470E2,-2.590063934E0,-6.274202728E0,6.913822632E0
1.152622180E2,-2.583028564E0,-6.282435608E0,6.906787262E0
1.152722580E2,-2.582729187E0,-6.283333740E0,6.892117767E0
1.152822980E2,-2.572700043E0,-6.312373352E0,6.901997223E0
1.152923380E2,-2.570903778E0,-6.329886932E0,6.905889130E0
1.153023790E2,-2.569706268E0,-6.339017944E0,6.922953644E0
1.153124190E2,-2.561174011E0,-6.343059540E0,6.931036835E0
1.153224900E2,-2.569706268E0,-6.347999268E0,6.913373566E0
1.153325300E2,-2.570754089E0,-6.360872498E0,6.912026367E0
1.153425700E2,-2.576442261E0,-6.357878723E0,6.913672943E0
1.153526110E2,-2.588716736E0,-6.347699890E0,6.912625122E0
1.153626510E2,-2.596799927E0,-6.339766388E0,6.907386017E0
1.153726910E2,-2.597698059E0,-6.340065765E0,6.897656250E0
1.153827620E2,-2.595752106E0,-6.334826660E0,6.881340179E0
1.153928020E2,-2.593806152E0,-6.330485687E0,6.888076172E0
1.154028430E2,-2.593806152E0,-6.321654053E0,6.897057495E0
1.154128830E2,-2.587070160E0,-6.307134247E0,6.906038818E0
1.154229230E2,-2.585124207E0,-6.308780823E0,6.912625122E0
1.154329630E2,-2.582878876E0,-6.299949188E0,6.938072205E0
1.154430340E2,-2.583477631E0,-6.305337982E0,6.961872711E0
1.154530740E2,-2.568658447E0,-6.309828644E0,6.959477692E0
1.154631150E2,-2.568359070E0,-6.300547943E0,6.958878937E0
1.154731550E2,-2.581082611E0,-6.299949188E0,6.950646057E0
1.154831950E2,-2.583178253E0,-6.296506348E0,6.948999481E0
1.154932360E2,-2.578388214E0,-6.299500122E0,6.950795746E0
1.155033060E2,-2.579585724E0,-6.306086426E0,6.944209442E0
1.155133470E2,-2.575095062E0,-6.300398254E0,6.934180298E0
1.155233870E2,-2.579136658E0,-6.299799500E0,6.915768585E0
1.155334270E2,-2.576741638E0,-6.317911835E0,6.926396484E0
1.155434680E2,-2.564766541E0,-6.319259033E0,6.926995239E0
1.155535080E2,-2.564317474E0,-6.311175842E0,6.921606445E0
1.155635790E2,-2.561174011E0,-6.318061523E0,6.930288391E0
1.155736190E2,-2.561772766E0,-6.316414948E0,6.933731232E0
1.155836590E2,-2.568508759E0,-6.314319305E0,6.937174072E0
1.155936990E2,-2.585872650E0,-6.312523041E0,6.928641815E0
1.156037400E2,-2.580633545E0,-6.314768372E0,6.931635590E0
1.156137800E2,-2.579735413E0,-6.307134247E0,6.922205200E0
1.156238510E2,-2.572101288E0,-6.310277710E0,6.936725006E0
1.156338910E2,-2.578837280E0,-6.323749695E0,6.927893372E0
1.156439310E2,-2.581381989E0,-6.333329773E0,6.919959869E0
1.156539720E2,-2.576591949E0,-6.346203003E0,6.918762360E0
1.156640120E2,-2.578837280E0,-6.344406738E0,6.899302826E0
1.156740520E2,-2.577789459E0,-6.338119812E0,6.896608429E0
1.156841230E2,-2.585124207E0,-6.344556427E0,6.896758118E0
1.156941630E2,-2.584525452E0,-6.330186310E0,6.896458740E0
1.157042040E2,-2.577490082E0,-6.326444092E0,6.888525238E0
1.157142440E2,-2.575095062E0,-6.321354675E0,6.913373566E0
1.157242840E2,-2.566263428E0,-6.322851562E0,6.908882904E0
1.157343240E2,-2.557581482E0,-6.332581329E0,6.911277924E0
1.157443950E2,-2.552042999E0,-6.334676971E0,6.917415161E0
1.157544360E2,-2.555186462E0,-6.332132263E0,6.916816406E0
1.157644760E2,-2.565365295E0,-6.330036621E0,6.935228119E0
1.157745160E2,-2.566263428E0,-6.328539734E0,6.937623138E0
1.157845560E2,-2.569706268E0,-6.308182068E0,6.948251038E0
1.157945970E2,-2.571352844E0,-6.297254791E0,6.948400726E0
1.158046680E2,-2.568508759E0,-6.306834869E0,6.935976563E0
1.158147080E2,-2.577190704E0,-6.316414948E0,6.939718781E0
1.158247480E2,-2.568957825E0,-6.314918060E0,6.935228119E0
1.158347880E2,-2.570305023E0,-6.323001251E0,6.945556641E0
1.158448290E2,-2.579136658E0,-6.325545959E0,6.948251038E0
1.158548690E2,-2.582280121E0,-6.304439850E0,6.922654266E0
1.158649400E2,-2.583926697E0,-6.300697632E0,6.920408936E0
1.158749800E2,-2.598596191E0,-6.300547943E0,6.912475433E0
1.158850200E2,-2.596201172E0,-6.300997009E0,6.916217651E0
1.158950610E2,-2.588267670E0,-6.298003235E0,6.923103333E0
1.159051010E2,-2.582579498E0,-6.310128021E0,6.916367340E0
1.159151410E2,-2.567161560E0,-6.315217438E0,6.924300842E0
1.159252120E2,-2.555186462E0,-6.321055298E0,6.935976563E0
1.159352520E2,-2.548749847E0,-6.317013702E0,6.954388275E0
1.159452930E2,-2.542911987E0,-6.321354675E0,6.951693878E0
1.159553330E2,-2.546354828E0,-6.320456543E0,6.935527496E0
1.159653730E2,-2.551144867E0,-6.333180084E0,6.925348663E0
1.159754130E2,-2.553090820E0,-6.338718567E0,6.915319519E0
1.159854840E2,-2.559228058E0,-6.354585571E0,6.900051270E0
1.159955240E2,-2.568359070E0,-6.359076233E0,6.885232086E0
1.160055650E2,-2.568508759E0,-6.358776855E0,6.876400452E0
1.160156050E2,-2.572700043E0,-6.359824677E0,6.884483643E0
1.160256495E2,-2.564916229E0,-6.357579346E0,6.890171814E0
1.160356905E2,-2.576442261E0,-6.342311096E0,6.899302826E0
1.160457605E2,-2.580334167E0,-6.325845337E0,6.911277924E0
1.160558015E2,-2.593955841E0,-6.318061523E0,6.915469208E0
1.160658415E2,-2.586920471E0,-6.305637360E0,6.925198975E0
1.160758815E2,-2.586471405E0,-6.319109344E0,6.939569092E0
1.160859225E2,-2.588117981E0,-6.316564636E0,6.947053528E0
1.160959625E2,-2.579136658E0,-6.317462769E0,6.958130493E0
1.161060335E2,-2.577639771E0,-6.323300629E0,6.948700104E0
1.161160735E2,-2.578238525E0,-6.327192535E0,6.933880920E0
1.161261135E2,-2.569556580E0,-6.320905609E0,6.921007690E0
1.161361535E2,-2.572999420E0,-6.326144714E0,6.895261230E0
1.161461945E2,-2.546654205E0,-6.339766388E0,6.896758118E0
1.161562345E2,-2.559976501E0,-6.344406738E0,6.893015900E0
1.161663055E2,-2.574945374E0,-6.342460785E0,6.890321503E0
1.161763455E2,-2.570305023E0,-6.352938995E0,6.881340179E0
1.161863855E2,-2.575843506E0,-6.364465027E0,6.866970062E0
1.161964265E2,-2.585124207E0,-6.376889191E0,6.869365082E0
1.162064665E2,-2.593357086E0,-6.381080475E0,6.877597961E0
1.162165065E2,-2.606380005E0,-6.374344482E0,6.875352631E0
1.162265775E2,-2.592458954E0,-6.375392303E0,6.886728973E0
1.162366175E2,-2.589016113E0,-6.377637634E0,6.868167572E0
1.162466585E2,-2.587369537E0,-6.375991058E0,6.864575043E0
1.162566985E2,-2.575544128E0,-6.378386078E0,6.859934692E0
1.162667385E2,-2.562072144E0,-6.373596039E0,6.862778778E0
1.162767785E2,-2.550396423E0,-6.371350708E0,6.876550140E0
1.162868495E2,-2.548151093E0,-6.363566895E0,6.878945160E0
1.162968905E2,-2.534828796E0,-6.362369385E0,6.884633331E0
1.163069305E2,-2.533930664E0,-6.362818451E0,6.877298584E0
1.163169705E2,-2.541564789E0,-6.360273743E0,6.894662476E0
1.163270105E2,-2.547702026E0,-6.353388062E0,6.898255005E0
1.163370515E2,-2.543959808E0,-6.366560669E0,6.904541931E0
1.163471215E2,-2.543361053E0,-6.377637634E0,6.907835083E0
1.163571625E2,-2.556383972E0,-6.380481720E0,6.910978546E0
1.163672025E2,-2.541864166E0,-6.375392303E0,6.904841309E0
1.163772425E2,-2.544408875E0,-6.378386078E0,6.880442047E0
1.163872835E2,-2.544558563E0,-6.376589813E0,6.878496094E0
1.163973235E2,-2.544857941E0,-6.363866272E0,6.881789246E0
1.164073945E2,-2.560575256E0,-6.339766388E0,6.887028351E0
1.164174345E2,-2.574196930E0,-6.329587555E0,6.906038818E0
1.164274745E2,-2.581980743E0,-6.325995026E0,6.916217651E0
1.164375155E2,-2.590213623E0,-6.332431641E0,6.918912048E0
1.164475555E2,-2.606380005E0,-6.343807983E0,6.920708313E0
1.164575955E2,-2.599045258E0,-6.351741486E0,6.916666718E0
1.164676665E2,-2.599045258E0,-6.345155182E0,6.913822632E0
1.164777065E2,-2.595452728E0,-6.344556427E0,6.907685394E0
1.164877465E2,-2.579136658E0,-6.348598022E0,6.894363098E0
1.164977875E2,-2.564916229E0,-6.352340240E0,6.882837067E0
1.165078275E2,-2.557431793E0,-6.353238373E0,6.866970062E0
1.165178675E2,-2.534080353E0,-6.351142731E0,6.871760101E0
1.165279385E2,-2.517315216E0,-6.364165649E0,6.875053253E0
1.165379785E2,-2.513722687E0,-6.366860046E0,6.867568817E0
1.165480195E2,-2.508633270E0,-6.379284210E0,6.874005432E0
1.165580595E2,-2.523153076E0,-6.386918335E0,6.879693604E0
1.165680995E2,-2.536026306E0,-6.393205261E0,6.884483643E0
1.165781405E2,-2.548001404E0,-6.384223938E0,6.878645782E0
1.165882105E2,-2.558329926E0,-6.376739502E0,6.870113525E0
1.165982515E2,-2.573747864E0,-6.375242615E0,6.880741425E0
1.166082915E2,-2.590662689E0,-6.374344482E0,6.868017883E0
1.166183315E2,-2.588267670E0,-6.373895416E0,6.874454498E0
1.166283715E2,-2.586022339E0,-6.362369385E0,6.867269440E0
1.166384125E2,-2.570454712E0,-6.367758179E0,6.873406677E0
1.166484835E2,-2.556533661E0,-6.362369385E0,6.872059479E0
1.166585235E2,-2.560724945E0,-6.352489929E0,6.875053253E0
1.166685635E2,-2.560275879E0,-6.338868256E0,6.906787262E0
1.166786035E2,-2.563868408E0,-6.340365143E0,6.909930725E0
1.166886445E2,-2.572250977E0,-6.360124054E0,6.909930725E0
1.166986845E2,-2.576292572E0,-6.373296661E0,6.921456757E0
1.167087555E2,-2.586471405E0,-6.365812225E0,6.916816406E0
1.167187955E2,-2.591111755E0,-6.355483704E0,6.910978546E0
1.167288355E2,-2.592159576E0,-6.354585571E0,6.911128235E0
1.167388765E2,-2.594255219E0,-6.346352692E0,6.897506561E0
1.167489165E2,-2.597847748E0,-6.323899384E0,6.878196716E0
1.167589565E2,-2.596799927E0,-6.327042847E0,6.881639557E0
1.167690275E2,-2.588716736E0,-6.322252808E0,6.887477417E0
1.167790675E2,-2.565664673E0,-6.310876465E0,6.895859985E0
1.167891085E2,-2.565814362E0,-6.318809967E0,6.903045044E0
1.167991485E2,-2.549947357E0,-6.325695648E0,6.922953644E0
1.168091885E2,-2.526745605E0,-6.335126038E0,6.924899597E0
1.168192285E2,-2.534379730E0,-6.340664520E0,6.922504578E0
1.168292995E2,-2.533331909E0,-6.354136505E0,6.928043060E0
1.168393395E2,-2.527943115E0,-6.358627167E0,6.904541931E0
1.168493805E2,-2.533182220E0,-6.368656311E0,6.910828857E0
1.168594205E2,-2.543660431E0,-6.375392303E0,6.913373566E0
1.168694605E2,-2.539918213E0,-6.373296661E0,6.904392242E0
1.168795015E2,-2.538720703E0,-6.381679230E0,6.888674927E0
1.168895715E2,-2.551444244E0,-6.380930786E0,6.871311035E0
1.168996125E2,-2.554887085E0,-6.384822693E0,6.866670685E0
1.169096525E2,-2.550246735E0,-6.381080475E0,6.860234070E0
1.169196925E2,-2.559228058E0,-6.373146973E0,6.867568817E0
1.169297335E2,-2.564317474E0,-6.374643860E0,6.854994965E0
1.169397735E2,-2.564167786E0,-6.371650085E0,6.860832825E0
1.169498445E2,-2.565964050E0,-6.366560669E0,6.878346405E0
1.169598845E2,-2.572550354E0,-6.368356934E0,6.887627106E0
1.169699245E2,-2.580184479E0,-6.362369385E0,6.889722748E0
1.169799645E2,-2.583777008E0,-6.362070007E0,6.891519012E0
1.169900055E2,-2.585573273E0,-6.347101135E0,6.900949402E0
1.170000455E2,-2.586770782E0,-6.328390045E0,6.904841309E0
1.170101165E2,-2.584226074E0,-6.327491913E0,6.905440063E0
1.170201619E2,-2.593057709E0,-6.331832886E0,6.902146912E0
1.170302019E2,-2.589016113E0,-6.326593781E0,6.913074188E0
1.170402429E2,-2.600242767E0,-6.317313080E0,6.935677185E0
1.170502829E2,-2.593955841E0,-6.316714325E0,6.939569092E0
1.170603229E2,-2.584675140E0,-6.306834869E0,6.938970337E0
1.170703939E2,-2.588267670E0,-6.312822418E0,6.937922516E0
1.170804339E2,-2.582579498E0,-6.333030396E0,6.949298859E0
1.170904749E2,-2.573897552E0,-6.328090668E0,6.938970337E0
1.171005149E2,-2.570005646E0,-6.334976349E0,6.926246796E0
1.171105549E2,-2.576292572E0,-6.338568878E0,6.918013916E0
1.171205949E2,-2.573598175E0,-6.331234131E0,6.907386017E0
1.171306659E2,-2.568209381E0,-6.333329773E0,6.902446289E0
1.171407069E2,-2.564018097E0,-6.319408722E0,6.903344421E0
1.171507469E2,-2.551593933E0,-6.320755920E0,6.897805939E0
1.171607869E2,-2.552192688E0,-6.313271484E0,6.920259247E0
1.171708269E2,-2.539469147E0,-6.319259033E0,6.931785278E0
1.171808679E2,-2.526895294E0,-6.317762146E0,6.934779053E0
1.171909379E2,-2.517614594E0,-6.327940979E0,6.941065979E0
1.172009789E2,-2.512974243E0,-6.337670746E0,6.928791504E0
1.172110189E2,-2.502645721E0,-6.342460785E0,6.938371582E0
1.172210589E2,-2.513123932E0,-6.340514832E0,6.932533722E0
1.172310999E2,-2.518812103E0,-6.352340240E0,6.925198975E0
1.172411399E2,-2.521656189E0,-6.363117828E0,6.916217651E0
1.172512109E2,-2.549498291E0,-6.367608490E0,6.915020142E0
1.172612509E2,-2.546803894E0,-6.357130280E0,6.897955627E0
1.172712909E2,-2.566113739E0,-6.346203003E0,6.888824615E0
1.172813319E2,-2.576292572E0,-6.343957672E0,6.890770569E0
1.172913719E2,-2.580783234E0,-6.333928528E0,6.898105316E0
1.173014119E2,-2.594255219E0,-6.331084442E0,6.907086639E0
1.173114829E2,-2.586621094E0,-6.332281952E0,6.898853760E0
1.173215229E2,-2.595153351E0,-6.338568878E0,6.917415161E0
1.173315629E2,-2.581531677E0,-6.334227905E0,6.928492126E0
1.173416039E2,-2.571951599E0,-6.322851562E0,6.938970337E0
1.173516439E2,-2.576741638E0,-6.310427399E0,6.938670959E0
1.173616839E2,-2.577190704E0,-6.314019928E0,6.942413177E0
1.173717549E2,-2.581980743E0,-6.298901367E0,6.940167847E0
1.173817949E2,-2.581681366E0,-6.284082184E0,6.942413177E0
1.173918359E2,-2.577939148E0,-6.291267242E0,6.933731232E0
1.174018759E2,-2.571053467E0,-6.298901367E0,6.930587769E0
1.174119159E2,-2.586172028E0,-6.314319305E0,6.928641815E0
1.174219569E2,-2.595452728E0,-6.317911835E0,6.922654266E0
1.174320269E2,-2.598147125E0,-6.327491913E0,6.916517029E0
1.174420679E2,-2.595452728E0,-6.338269501E0,6.913373566E0
1.174521079E2,-2.599644012E0,-6.335425415E0,6.911427612E0
1.174621479E2,-2.603086853E0,-6.325695648E0,6.916217651E0
1.174721879E2,-2.600242767E0,-6.323300629E0,6.917564850E0
1.174822289E2,-2.593806152E0,-6.327491913E0,6.910379791E0
1.174922999E2,-2.586471405E0,-6.327791290E0,6.927444305E0
1.175023399E2,-2.575993195E0,-6.330036621E0,6.919361115E0
1.175123799E2,-2.564616852E0,-6.341113586E0,6.912475433E0
1.175224199E2,-2.561623077E0,-6.336473236E0,6.909331970E0
1.175324609E2,-2.553689575E0,-6.341862030E0,6.915469208E0
1.175425009E2,-2.544408875E0,-6.334676971E0,6.913223877E0
1.175525719E2,-2.553240509E0,-6.324348450E0,6.918013916E0
1.175626119E2,-2.563718719E0,-6.312373352E0,6.920408936E0
1.175726519E2,-2.555785217E0,-6.309080200E0,6.931336212E0
1.175826929E2,-2.567610626E0,-6.309828644E0,6.937323761E0
1.175927329E2,-2.560126190E0,-6.313421173E0,6.922055511E0
1.176027729E2,-2.553240509E0,-6.317462769E0,6.926845551E0
1.176128439E2,-2.543211365E0,-6.316115570E0,6.929539948E0
1.176228839E2,-2.529140625E0,-6.310726776E0,6.934030609E0
1.176329249E2,-2.523003387E0,-6.298601990E0,6.946604462E0
1.176429649E2,-2.529440002E0,-6.295009460E0,6.949448547E0
1.176530049E2,-2.531685333E0,-6.290219421E0,6.948550415E0
1.176630759E2,-2.543361053E0,-6.271658020E0,6.959328003E0
1.176731159E2,-2.550396423E0,-6.266718292E0,6.985673218E0
1.176831569E2,-2.562521210E0,-6.275849304E0,6.983278198E0
1.176931969E2,-2.566263428E0,-6.277944946E0,6.990912323E0
1.177032369E2,-2.557431793E0,-6.302344208E0,6.980284424E0
1.177132769E2,-2.548899536E0,-6.312822418E0,6.969506836E0
1.177233479E2,-2.548001404E0,-6.310577087E0,6.956633606E0
1.177333879E2,-2.556683350E0,-6.309529266E0,6.936874695E0
1.177434289E2,-2.556982727E0,-6.299051056E0,6.923702087E0
1.177534689E2,-2.571502533E0,-6.300997009E0,6.908433838E0
1.177635089E2,-2.579585724E0,-6.292913818E0,6.899003448E0
1.177735499E2,-2.596051483E0,-6.303841095E0,6.899003448E0
1.177836199E2,-2.599344635E0,-6.317163391E0,6.886279907E0
1.177936609E2,-2.607727203E0,-6.325396271E0,6.894961853E0
1.178037009E2,-2.588267670E0,-6.337521057E0,6.910828857E0
1.178137409E2,-2.592009888E0,-6.348598022E0,6.909182281E0
1.178237819E2,-2.581831055E0,-6.353238373E0,6.906936951E0
1.178338219E2,-2.572700043E0,-6.363417206E0,6.919361115E0
1.178438929E2,-2.571053467E0,-6.362369385E0,6.919510803E0
1.178539329E2,-2.568808136E0,-6.341862030E0,6.900650024E0
1.178639729E2,-2.570155334E0,-6.338568878E0,6.918612671E0
1.178740129E2,-2.583178253E0,-6.333030396E0,6.917415161E0
1.178840539E2,-2.582280121E0,-6.321354675E0,6.901548157E0
1.178940939E2,-2.576142883E0,-6.308631134E0,6.921756134E0
1.179041649E2,-2.578837280E0,-6.294859772E0,6.929390259E0
1.179142049E2,-2.588866425E0,-6.286776581E0,6.924600220E0
1.179242449E2,-2.598895569E0,-6.274352417E0,6.944957886E0
1.179342859E2,-2.586770782E0,-6.279292145E0,6.963369598E0
1.179443259E2,-2.595303040E0,-6.292015686E0,6.963668976E0
1.179543659E2,-2.586022339E0,-6.293063507E0,6.976841583E0
1.179644369E2,-2.578088837E0,-6.284381561E0,6.994804230E0
1.179744769E2,-2.572101288E0,-6.277495880E0,6.994504852E0
1.179845179E2,-2.572250977E0,-6.268664246E0,6.994504852E0
1.179945579E2,-2.581531677E0,-6.257736969E0,6.985074463E0
1.180045979E2,-2.586022339E0,-6.256988525E0,6.964118042E0
1.180146379E2,-2.594704285E0,-6.261479187E0,6.964118042E0
1.180247066E2,-2.586172028E0,-6.274651794E0,6.943910065E0
1.180347476E2,-2.586022339E0,-6.283333740E0,6.945257263E0
1.180447876E2,-2.590962067E0,-6.284680939E0,6.954238586E0
1.180548276E2,-2.578088837E0,-6.283034363E0,6.955885162E0
1.180648676E2,-2.577639771E0,-6.283633118E0,6.962770844E0
1.180749086E2,-2.586471405E0,-6.285878448E0,6.961124268E0
1.180849786E2,-2.585573273E0,-6.283184052E0,6.958130493E0
1.180950196E2,-2.593656464E0,-6.286626892E0,6.964267731E0
1.181050596E2,-2.591261444E0,-6.290069733E0,6.964866486E0
1.181150996E2,-2.591411133E0,-6.286028137E0,6.961423645E0
1.181251406E2,-2.582280121E0,-6.297853546E0,6.951244812E0
1.181351806E2,-2.586022339E0,-6.308182068E0,6.941515045E0
1.181452516E2,-2.572101288E0,-6.312073975E0,6.931036835E0
1.181552916E2,-2.574496307E0,-6.326294403E0,6.916666718E0
1.181653316E2,-2.570604401E0,-6.319708099E0,6.901847534E0
1.181753726E2,-2.576891327E0,-6.309978333E0,6.913373566E0
1.181854126E2,-2.567311249E0,-6.304439850E0,6.909182281E0
1.181954526E2,-2.566562805E0,-6.303841095E0,6.915169830E0
1.182055236E2,-2.569257202E0,-6.328240356E0,6.931186523E0
1.182155636E2,-2.567610626E0,-6.337521057E0,6.929390259E0
1.182256036E2,-2.579136658E0,-6.352040863E0,6.926396484E0
1.182356446E2,-2.577190704E0,-6.364015961E0,6.924450531E0
1.182456846E2,-2.586321716E0,-6.358926544E0,6.910529480E0
1.182557246E2,-2.584076385E0,-6.353837128E0,6.898853760E0
1.182657956E2,-2.600093079E0,-6.334377594E0,6.902296600E0
1.182758356E2,-2.602338409E0,-6.316864014E0,6.908134460E0
1.182858766E2,-2.600841522E0,-6.302493896E0,6.915618896E0
1.182959166E2,-2.593656464E0,-6.273753662E0,6.933282166E0
1.183059566E2,-2.588866425E0,-6.263125763E0,6.938820648E0
1.183159976E2,-2.574346619E0,-6.260431366E0,6.959627380E0
1.183260676E2,-2.565664673E0,-6.267017670E0,6.975494385E0
1.183361086E2,-2.552042999E0,-6.275699615E0,7.001689911E0
1.183461486E2,-2.538571014E0,-6.287824402E0,6.989714813E0
1.183561886E2,-2.530487823E0,-6.285579071E0,6.993606720E0
1.183662286E2,-2.552941132E0,-6.277944946E0,6.990463257E0
1.183762696E2,-2.553988953E0,-6.280339966E0,6.965165863E0
1.183863406E2,-2.559377747E0,-6.272855530E0,6.953340454E0
1.183963806E2,-2.564018097E0,-6.269861755E0,6.947652283E0
1.184064206E2,-2.571203156E0,-6.265969849E0,6.940916290E0
1.184164606E2,-2.560275879E0,-6.267466736E0,6.935976563E0
1.184265016E2,-2.573747864E0,-6.284381561E0,6.947951660E0
1.184365416E2,-2.571502533E0,-6.295907593E0,6.946903839E0
1.184466126E2,-2.571053467E0,-6.291716309E0,6.952292633E0
1.184566526E2,-2.566862183E0,-6.293662262E0,6.959328003E0
1.184666926E2,-2.581381989E0,-6.297254791E0,6.951843567E0
1.184767336E2,-2.601440277E0,-6.298901367E0,6.947801971E0
1.184867736E2,-2.597099304E0,-6.290518799E0,6.947951660E0
1.184968136E2,-2.589614868E0,-6.287824402E0,6.953490143E0
1.185068846E2,-2.584675140E0,-6.286327515E0,6.944359131E0
1.185169246E2,-2.573149109E0,-6.286926270E0,6.931485901E0
1.185269656E2,-2.570155334E0,-6.307733002E0,6.937922516E0
1.185370056E2,-2.571203156E0,-6.299200745E0,6.945856018E0
1.185470456E2,-2.568508759E0,-6.310427399E0,6.939120026E0
1.185570856E2,-2.566562805E0,-6.319259033E0,6.934479675E0
1.185671566E2,-2.569406891E0,-6.317762146E0,6.943011932E0
1.185771966E2,-2.581531677E0,-6.308182068E0,6.955136719E0
1.185872376E2,-2.587668915E0,-6.291566620E0,6.956334229E0
1.185972776E2,-2.589465179E0,-6.280040588E0,6.965914307E0
1.186073176E2,-2.596201172E0,-6.280339966E0,6.975195007E0
1.186173586E2,-2.589465179E0,-6.273753662E0,6.965165863E0
1.186274286E2,-2.589016113E0,-6.275998993E0,6.948849792E0
1.186374696E2,-2.578837280E0,-6.290668488E0,6.949448547E0
1.186475096E2,-2.574496307E0,-6.305487671E0,6.924001465E0
1.186575496E2,-2.576292572E0,-6.316714325E0,6.921606445E0
1.186675906E2,-2.577340393E0,-6.327491913E0,6.926097107E0
1.186776306E2,-2.585273895E0,-6.335575104E0,6.910828857E0
1.186877016E2,-2.588567047E0,-6.330785065E0,6.909182281E0
1.186977416E2,-2.584974518E0,-6.327491913E0,6.911427612E0
1.187077816E2,-2.592159576E0,-6.317762146E0,6.910529480E0
1.187178216E2,-2.584375763E0,-6.309678955E0,6.934030609E0
1.187278626E2,-2.580633545E0,-6.301595764E0,6.943161621E0
1.187379026E2,-2.575394440E0,-6.279441833E0,6.948999481E0
1.187479736E2,-2.569556580E0,-6.279591522E0,6.954837341E0
1.187580136E2,-2.569855957E0,-6.276298370E0,6.970704346E0
1.187680536E2,-2.565814362E0,-6.288722534E0,6.974446564E0
1.187780946E2,-2.555336151E0,-6.291716309E0,6.968908081E0
1.187881346E2,-2.560874634E0,-6.291416931E0,6.969207458E0
1.187981746E2,-2.565814362E0,-6.288572845E0,6.964567108E0
1.188082456E2,-2.572849731E0,-6.295308838E0,6.957082672E0
1.188182856E2,-2.576442261E0,-6.291267242E0,6.955585785E0
1.188283266E2,-2.586022339E0,-6.277196503E0,6.941365356E0
1.188383666E2,-2.606080627E0,-6.281238098E0,6.953340454E0
1.188484066E2,-2.607876892E0,-6.275998993E0,6.946155396E0
1.188584466E2,-2.617307281E0,-6.279441833E0,6.941215668E0
1.188685176E2,-2.624941406E0,-6.280040588E0,6.935976563E0
1.188785586E2,-2.619851990E0,-6.287375336E0,6.932683411E0
1.188885986E2,-2.618804169E0,-6.289321289E0,6.933581543E0
1.188986386E2,-2.614014130E0,-6.285579071E0,6.950496368E0
1.189086786E2,-2.617756348E0,-6.281238098E0,6.956184540E0
1.189187196E2,-2.617756348E0,-6.271807709E0,6.962172089E0
1.189287896E2,-2.592309265E0,-6.273304596E0,6.971452789E0
1.189388306E2,-2.578088837E0,-6.261928253E0,6.974745941E0
1.189488706E2,-2.567460938E0,-6.258934479E0,6.956633606E0
1.189589106E2,-2.565065918E0,-6.263425140E0,6.971901855E0
1.189689516E2,-2.574645996E0,-6.271807709E0,6.974895630E0
1.189789916E2,-2.578986969E0,-6.279142456E0,6.975494385E0
1.189890626E2,-2.578837280E0,-6.279890900E0,6.977739716E0
1.189991026E2,-2.575244751E0,-6.287375336E0,6.981931000E0
1.190091426E2,-2.578388214E0,-6.299350433E0,6.976841583E0
1.190192047E2,-2.574196930E0,-6.314468994E0,6.953789520E0
1.190292447E2,-2.570155334E0,-6.316414948E0,6.949149170E0
1.190392847E2,-2.568808136E0,-6.324797516E0,6.940167847E0
1.190493557E2,-2.587070160E0,-6.318959656E0,6.915768585E0
1.190593957E2,-2.600242767E0,-6.309678955E0,6.895560608E0
1.190694357E2,-2.609822845E0,-6.321803741E0,6.889722748E0
1.190794767E2,-2.619402924E0,-6.315516815E0,6.885531464E0
1.190895167E2,-2.624192963E0,-6.312523041E0,6.879244537E0
1.190995567E2,-2.630030823E0,-6.320755920E0,6.878196716E0
1.191096277E2,-2.631976776E0,-6.326743469E0,6.898404694E0
1.191196677E2,-2.622696075E0,-6.310427399E0,6.917564850E0
1.191297087E2,-2.613565063E0,-6.305188293E0,6.944359131E0
1.191397487E2,-2.605781250E0,-6.292315063E0,6.957980804E0
1.191497887E2,-2.596051483E0,-6.280938721E0,6.977290649E0
1.191598597E2,-2.578837280E0,-6.283034363E0,6.978937225E0
1.191698997E2,-2.561323700E0,-6.282435608E0,6.970554657E0
1.191799407E2,-2.564766541E0,-6.279142456E0,6.976542206E0
1.191899807E2,-2.552492065E0,-6.281986542E0,6.981781311E0
1.192000207E2,-2.555036774E0,-6.283633118E0,6.961423645E0
1.192100607E2,-2.559377747E0,-6.292614441E0,6.941065979E0
1.192201317E2,-2.569855957E0,-6.312972107E0,6.931336212E0
1.192301727E2,-2.575095062E0,-6.316414948E0,6.909930725E0
1.192402127E2,-2.581980743E0,-6.305637360E0,6.916367340E0
1.192502527E2,-2.581980743E0,-6.311026154E0,6.917864227E0
1.192602927E2,-2.577789459E0,-6.321504364E0,6.913523254E0
1.192703337E2,-2.601589966E0,-6.318360901E0,6.921307068E0
1.192804047E2,-2.608924713E0,-6.321504364E0,6.928941193E0
1.192904447E2,-2.612666931E0,-6.320007477E0,6.907236328E0
1.193004847E2,-2.615660706E0,-6.315217438E0,6.920858002E0
1.193105247E2,-2.616109772E0,-6.320306854E0,6.922654266E0
1.193205657E2,-2.605332184E0,-6.316414948E0,6.916067963E0
1.193306057E2,-2.607278137E0,-6.326444092E0,6.909032593E0
1.193406767E2,-2.608026581E0,-6.325096893E0,6.909481659E0
1.193507167E2,-2.601140900E0,-6.320007477E0,6.904541931E0
1.193607567E2,-2.607876892E0,-6.315516815E0,6.913672943E0
1.193707977E2,-2.611170044E0,-6.297254791E0,6.923402710E0
1.193808377E2,-2.609373779E0,-6.284980316E0,6.922654266E0
1.193908777E2,-2.600691833E0,-6.273603973E0,6.943610687E0
1.194009487E2,-2.598745880E0,-6.276597748E0,6.956483917E0
1.194109887E2,-2.592608643E0,-6.264023895E0,6.960226135E0
1.194210297E2,-2.581831055E0,-6.262976074E0,6.963968353E0
1.194310697E2,-2.579885101E0,-6.271658020E0,6.965914307E0
1.194411097E2,-2.576591949E0,-6.273753662E0,6.959926758E0
1.194511497E2,-2.574795685E0,-6.278843079E0,6.960076447E0
1.194612207E2,-2.577490082E0,-6.280339966E0,6.955885162E0
1.194712607E2,-2.574945374E0,-6.293811951E0,6.953939209E0
1.194813017E2,-2.572550354E0,-6.286028137E0,6.933282166E0
1.194913417E2,-2.571203156E0,-6.295009460E0,6.934779053E0
1.195013817E2,-2.581381989E0,-6.294710083E0,6.938371582E0
1.195114227E2,-2.591860199E0,-6.290668488E0,6.924600220E0
1.195214927E2,-2.594704285E0,-6.293961639E0,6.916517029E0
1.195315337E2,-2.601889343E0,-6.298901367E0,6.925648041E0
1.195415737E2,-2.596350861E0,-6.304290161E0,6.933581543E0
1.195516137E2,-2.596799927E0,-6.304888916E0,6.925648041E0
1.195616547E2,-2.594105530E0,-6.306834869E0,6.945556641E0
1.195716947E2,-2.596350861E0,-6.306984558E0,6.945107574E0
1.195817657E2,-2.595602417E0,-6.302643585E0,6.941515045E0
1.195918057E2,-2.591261444E0,-6.321055298E0,6.932683411E0
1.196018457E2,-2.590513000E0,-6.320157166E0,6.926845551E0
1.196118857E2,-2.602637787E0,-6.317163391E0,6.922354889E0
1.196219267E2,-2.603086853E0,-6.315067749E0,6.918462982E0
1.196319667E2,-2.605481873E0,-6.319408722E0,6.913523254E0
1.196420377E2,-2.621947632E0,-6.313421173E0,6.912026367E0
1.196520777E2,-2.627635803E0,-6.328689423E0,6.902296600E0
1.196621177E2,-2.637515259E0,-6.330635376E0,6.913373566E0
1.196721587E2,-2.635120239E0,-6.326144714E0,6.907535706E0
1.196821987E2,-2.632575531E0,-6.318061523E0,6.923702087E0
1.196922387E2,-2.643802185E0,-6.321504364E0,6.907236328E0
1.197023097E2,-2.645598450E0,-6.309529266E0,6.904092865E0
1.197123497E2,-2.646496582E0,-6.312223663E0,6.913074188E0
1.197223907E2,-2.644101562E0,-6.303691406E0,6.921157379E0
1.197324307E2,-2.643652496E0,-6.302643585E0,6.908882904E0
1.197424707E2,-2.645598450E0,-6.295757904E0,6.924001465E0
1.197525107E2,-2.632276154E0,-6.293213196E0,6.939419403E0
1.197625817E2,-2.624192963E0,-6.284830627E0,6.931336212E0
1.197726227E2,-2.613265686E0,-6.285579071E0,6.930288391E0
1.197826627E2,-2.612666931E0,-6.291865997E0,6.942263489E0
1.197927027E2,-2.608775024E0,-6.301895142E0,6.943311310E0
1.198027427E2,-2.603236542E0,-6.305936737E0,6.938970337E0
1.198127837E2,-2.598446503E0,-6.290668488E0,6.940317535E0
1.198228537E2,-2.595602417E0,-6.290967865E0,6.947801971E0
1.198328947E2,-2.582579498E0,-6.297703857E0,6.952741699E0
1.198429347E2,-2.567610626E0,-6.297703857E0,6.949897614E0
1.198529747E2,-2.563718719E0,-6.308481445E0,6.961273956E0
1.198630157E2,-2.567011871E0,-6.312822418E0,6.947053528E0
1.198730557E2,-2.578687592E0,-6.310427399E0,6.939269714E0
1.198831267E2,-2.579436035E0,-6.305038605E0,6.924151154E0
1.198931667E2,-2.577789459E0,-6.294859772E0,6.926396484E0
1.199032067E2,-2.593357086E0,-6.300847321E0,6.914870453E0
1.199132477E2,-2.606829071E0,-6.293662262E0,6.896009674E0
1.199232877E2,-2.619253235E0,-6.299350433E0,6.899901581E0
1.199333277E2,-2.623294830E0,-6.311624908E0,6.903344421E0
1.199433987E2,-2.621498566E0,-6.309080200E0,6.903793488E0
1.199534387E2,-2.618654480E0,-6.306236115E0,6.922953644E0
1.199634787E2,-2.611619110E0,-6.315666504E0,6.916816406E0
1.199735197E2,-2.601739655E0,-6.313570862E0,6.913523254E0
1.199835597E2,-2.609373779E0,-6.319259033E0,6.933880920E0
1.199935997E2,-2.614163818E0,-6.321204987E0,6.924300842E0
1.200036707E2,-2.612068176E0,-6.316414948E0,6.923552399E0
1.200137107E2,-2.620001678E0,-6.309529266E0,6.916517029E0
1.200237627E2,-2.624941406E0,-6.300847321E0,6.918762360E0
1.200338027E2,-2.624642029E0,-6.296805725E0,6.922953644E0
1.200438427E2,-2.633473663E0,-6.285878448E0,6.918462982E0
1.200538837E2,-2.636317749E0,-6.284830627E0,6.915618896E0
1.200639537E2,-2.630330200E0,-6.285878448E0,6.920858002E0
1.200739947E2,-2.629581757E0,-6.287974091E0,6.929839325E0
1.200840347E2,-2.636467438E0,-6.288423157E0,6.931336212E0
1.200940747E2,-2.635120239E0,-6.284231873E0,6.936275940E0
1.201041147E2,-2.625689850E0,-6.292764130E0,6.936425629E0
1.201141557E2,-2.631976776E0,-6.297254791E0,6.939269714E0
1.201242267E2,-2.630629578E0,-6.303990784E0,6.933581543E0
1.201342667E2,-2.623294830E0,-6.301895142E0,6.922654266E0
1.201443067E2,-2.625240784E0,-6.309080200E0,6.920259247E0
1.201543467E2,-2.632425842E0,-6.299350433E0,6.913074188E0
1.201643877E2,-2.627037048E0,-6.298152924E0,6.911277924E0
1.201744277E2,-2.620750122E0,-6.307433624E0,6.910230103E0
1.201844987E2,-2.613714752E0,-6.312373352E0,6.906936951E0
1.201945387E2,-2.611469421E0,-6.316414948E0,6.910679169E0
1.202045787E2,-2.604883118E0,-6.320606232E0,6.914720764E0
1.202146197E2,-2.600691833E0,-6.313271484E0,6.914421387E0
1.202246597E2,-2.604134674E0,-6.311026154E0,6.935078430E0
1.202346997E2,-2.600093079E0,-6.312972107E0,6.932683411E0
1.202447707E2,-2.592758331E0,-6.309080200E0,6.910529480E0
1.202548107E2,-2.602039032E0,-6.304140472E0,6.912625122E0
1.202648517E2,-2.591560822E0,-6.303841095E0,6.928941193E0
1.202748917E2,-2.605182495E0,-6.298152924E0,6.919959869E0
1.202849317E2,-2.605182495E0,-6.292464752E0,6.922055511E0
1.202949717E2,-2.616708527E0,-6.294111328E0,6.928342438E0
1.203050427E2,-2.618355103E0,-6.294410706E0,6.923103333E0
1.203150827E2,-2.615211639E0,-6.309229889E0,6.909182281E0
1.203251237E2,-2.620600433E0,-6.312373352E0,6.918612671E0
1.203351637E2,-2.611170044E0,-6.304290161E0,6.927593994E0
1.203452037E2,-2.619103546E0,-6.304290161E0,6.930288391E0
1.203552747E2,-2.621199188E0,-6.303392029E0,6.936575317E0
1.203653147E2,-2.618055725E0,-6.297105103E0,6.928791504E0
1.203753557E2,-2.623743896E0,-6.299500122E0,6.931036835E0
1.203853957E2,-2.627336426E0,-6.301446075E0,6.937623138E0
1.203954357E2,-2.634072418E0,-6.290219421E0,6.911726990E0
1.204054767E2,-2.631527710E0,-6.289171600E0,6.907984772E0
1.204155467E2,-2.633024597E0,-6.281836853E0,6.919660492E0
1.204255877E2,-2.633174286E0,-6.280339966E0,6.941664734E0
1.204356277E2,-2.633323975E0,-6.275998993E0,6.944658508E0
1.204456677E2,-2.632725220E0,-6.282285919E0,6.936425629E0
1.204557077E2,-2.625390472E0,-6.290967865E0,6.943161621E0
1.204657487E2,-2.624342651E0,-6.287525024E0,6.942113800E0
1.204758197E2,-2.635868683E0,-6.293811951E0,6.941065979E0
1.204858597E2,-2.636617126E0,-6.292614441E0,6.943311310E0
1.204958997E2,-2.630030823E0,-6.295159149E0,6.938371582E0
1.205059397E2,-2.628683624E0,-6.286477203E0,6.935527496E0
1.205159807E2,-2.632575531E0,-6.282734985E0,6.924899597E0
1.205260207E2,-2.636617126E0,-6.298601990E0,6.921456757E0
1.205360917E2,-2.635269928E0,-6.298003235E0,6.921007690E0
1.205461317E2,-2.626737671E0,-6.308032379E0,6.923253021E0
1.205561717E2,-2.626138916E0,-6.299799500E0,6.929539948E0
1.205662127E2,-2.624192963E0,-6.295009460E0,6.922504578E0
1.205762527E2,-2.618654480E0,-6.290818176E0,6.925348663E0
1.205862927E2,-2.609523468E0,-6.290369110E0,6.938371582E0
1.205963637E2,-2.603236542E0,-6.290668488E0,6.955735474E0
1.206064037E2,-2.609972534E0,-6.293063507E0,6.953041077E0
1.206164447E2,-2.609822845E0,-6.293961639E0,6.955286407E0
1.206264847E2,-2.603984985E0,-6.278543701E0,6.978338470E0
1.206365247E2,-2.597847748E0,-6.271059265E0,6.981781311E0
1.206465647E2,-2.586321716E0,-6.276448059E0,6.972500610E0
1.206566357E2,-2.581531677E0,-6.284381561E0,6.981931000E0
1.206666767E2,-2.581531677E0,-6.301895142E0,6.958729248E0
1.206767167E2,-2.569406891E0,-6.307283936E0,6.925049286E0
1.206867567E2,-2.573897552E0,-6.304140472E0,6.920109558E0
1.206967967E2,-2.581831055E0,-6.298452301E0,6.918313293E0
1.207068377E2,-2.589165802E0,-6.289770355E0,6.935228119E0
1.207169077E2,-2.594105530E0,-6.275699615E0,6.939569092E0
1.207269487E2,-2.599045258E0,-6.281687164E0,6.919810181E0
1.207369887E2,-2.601290588E0,-6.292464752E0,6.926097107E0
1.207470287E2,-2.598147125E0,-6.306535492E0,6.912325745E0
1.207570697E2,-2.583627319E0,-6.323150940E0,6.897207184E0
1.207671097E2,-2.580184479E0,-6.343957672E0,6.902446289E0
1.207771807E2,-2.580184479E0,-6.356381836E0,6.903045044E0
1.207872207E2,-2.580334167E0,-6.352938995E0,6.912176056E0
1.207972607E2,-2.578837280E0,-6.347400513E0,6.908284149E0
1.208073017E2,-2.580633545E0,-6.338718567E0,6.913074188E0
1.208173417E2,-2.596201172E0,-6.337970123E0,6.915469208E0
1.208273817E2,-2.606380005E0,-6.329138489E0,6.904092865E0
1.208374527E2,-2.621348877E0,-6.332431641E0,6.885082397E0
1.208474927E2,-2.625839539E0,-6.338119812E0,6.871161346E0
1.208575327E2,-2.625091095E0,-6.347250824E0,6.872358856E0
1.208675737E2,-2.610720978E0,-6.351442108E0,6.871610413E0
1.208776137E2,-2.598745880E0,-6.361171875E0,6.886579285E0
1.208876537E2,-2.587219849E0,-6.358627167E0,6.901997223E0
1.208977247E2,-2.576591949E0,-6.350244598E0,6.906487885E0
1.209077647E2,-2.569406891E0,-6.347550201E0,6.918313293E0
1.209178057E2,-2.566862183E0,-6.335724792E0,6.919959869E0
1.209278457E2,-2.571203156E0,-6.310128021E0,6.928941193E0
1.209378857E2,-2.578837280E0,-6.296955414E0,6.924151154E0
1.209479267E2,-2.571352844E0,-6.297254791E0,6.924749908E0
1.209579967E2,-2.580184479E0,-6.298452301E0,6.926396484E0
1.209680377E2,-2.575244751E0,-6.306385803E0,6.921756134E0
1.209780777E2,-2.569706268E0,-6.311475220E0,6.919959869E0
1.209881177E2,-2.559078369E0,-6.325845337E0,6.912924500E0
1.209981577E2,-2.555485840E0,-6.326893158E0,6.922654266E0
1.210081987E2,-2.543660431E0,-6.343209229E0,6.927893372E0
1.210182697E2,-2.537074127E0,-6.344706116E0,6.926546173E0
1.210283120E2,-2.546055450E0,-6.339467010E0,6.906338196E0
1.210383520E2,-2.541415100E0,-6.345753937E0,6.911128235E0
1.210483920E2,-2.553090820E0,-6.335275726E0,6.904392242E0
1.210584330E2,-2.543959808E0,-6.338419189E0,6.913972321E0
1.210684730E2,-2.541115723E0,-6.337071991E0,6.926097107E0
1.210785440E2,-2.553839264E0,-6.343957672E0,6.921606445E0
1.210885840E2,-2.541415100E0,-6.360273743E0,6.911128235E0
1.210986240E2,-2.544408875E0,-6.365363159E0,6.901548157E0
1.211086650E2,-2.547851715E0,-6.362219696E0,6.890471191E0
1.211187050E2,-2.550695801E0,-6.369853821E0,6.889123993E0
1.211287450E2,-2.546504517E0,-6.361022186E0,6.897356873E0
1.211388160E2,-2.552641754E0,-6.357429657E0,6.910080414E0
1.211488560E2,-2.554438019E0,-6.352190552E0,6.897955627E0
1.211588970E2,-2.562521210E0,-6.334676971E0,6.903045044E0
1.211689370E2,-2.578388214E0,-6.338269501E0,6.916966095E0
1.211789770E2,-2.588417358E0,-6.336922302E0,6.908433838E0
1.211890170E2,-2.587070160E0,-6.339017944E0,6.907386017E0
1.211990880E2,-2.594554596E0,-6.347849579E0,6.894961853E0
1.212091280E2,-2.592309265E0,-6.357130280E0,6.894063721E0
1.212191690E2,-2.579885101E0,-6.358327789E0,6.894812164E0
1.212292090E2,-2.581681366E0,-6.348448334E0,6.906487885E0
1.212392490E2,-2.587369537E0,-6.357729034E0,6.903344421E0
1.212492900E2,-2.599943390E0,-6.344556427E0,6.909631348E0
1.212593600E2,-2.621348877E0,-6.337670746E0,6.900200958E0
1.212694010E2,-2.628833313E0,-6.340065765E0,6.888525238E0
1.212794410E2,-2.626737671E0,-6.343658295E0,6.872508545E0
1.212894810E2,-2.619103546E0,-6.348298645E0,6.863377533E0
1.212995220E2,-2.604134674E0,-6.368955688E0,6.868017883E0
1.213095920E2,-2.603386230E0,-6.369554443E0,6.854396210E0
1.213196330E2,-2.589465179E0,-6.383625183E0,6.855743408E0
1.213296730E2,-2.578537903E0,-6.398893433E0,6.854096832E0
1.213397130E2,-2.573747864E0,-6.393804016E0,6.876699829E0
1.213497530E2,-2.565664673E0,-6.381230164E0,6.897955627E0
1.213597940E2,-2.571203156E0,-6.367458801E0,6.905290375E0
1.213698650E2,-2.561772766E0,-6.367009735E0,6.915169830E0
1.213799050E2,-2.567610626E0,-6.366560669E0,6.909631348E0
1.213899450E2,-2.576741638E0,-6.375541992E0,6.891069946E0
1.213999850E2,-2.575544128E0,-6.383325806E0,6.897356873E0
1.214100260E2,-2.576442261E0,-6.386768646E0,6.882837067E0
1.214200660E2,-2.588267670E0,-6.391408997E0,6.860683136E0
1.214301370E2,-2.590063934E0,-6.389762421E0,6.848109283E0
1.214401770E2,-2.590363312E0,-6.388714600E0,6.835535431E0
1.214502170E2,-2.586920471E0,-6.378236389E0,6.824757843E0
1.214602580E2,-2.562970276E0,-6.376440125E0,6.837032318E0
1.214702980E2,-2.552492065E0,-6.371799774E0,6.852899323E0
1.214803380E2,-2.553390198E0,-6.354884949E0,6.884633331E0
1.214904090E2,-2.550396423E0,-6.359525299E0,6.885681152E0
1.215004490E2,-2.548001404E0,-6.359824677E0,6.895859985E0
1.215104900E2,-2.545456696E0,-6.365363159E0,6.905440063E0
1.215205300E2,-2.550246735E0,-6.356082458E0,6.903643799E0
1.215305700E2,-2.554438019E0,-6.355633392E0,6.907386017E0
1.215406100E2,-2.554288330E0,-6.362519073E0,6.895410919E0
1.215506810E2,-2.552042999E0,-6.364914093E0,6.896608429E0
1.215607210E2,-2.555635529E0,-6.367009735E0,6.894363098E0
1.215707620E2,-2.555785217E0,-6.369554443E0,6.880442047E0
1.215808020E2,-2.561772766E0,-6.364614716E0,6.882238312E0
1.215908420E2,-2.565215607E0,-6.357130280E0,6.894063721E0
1.216008830E2,-2.564766541E0,-6.356830902E0,6.901548157E0
1.216109530E2,-2.581980743E0,-6.351891174E0,6.902595978E0
1.216209940E2,-2.587968292E0,-6.359225922E0,6.891069946E0
1.216310340E2,-2.591710510E0,-6.364465027E0,6.895859985E0
1.216410740E2,-2.604733429E0,-6.360573120E0,6.884932709E0
1.216511150E2,-2.606080627E0,-6.350244598E0,6.881639557E0
1.216611550E2,-2.600392456E0,-6.345903625E0,6.879693604E0
1.216712260E2,-2.600542145E0,-6.340664520E0,6.873256989E0
1.216812660E2,-2.605032806E0,-6.339766388E0,6.874753876E0
1.216913060E2,-2.600691833E0,-6.336473236E0,6.879843292E0
1.217013460E2,-2.602637787E0,-6.336173859E0,6.881489868E0
1.217113870E2,-2.600991211E0,-6.348148956E0,6.885531464E0
1.217214270E2,-2.601739655E0,-6.358627167E0,6.889872437E0
1.217314980E2,-2.594704285E0,-6.370302887E0,6.893165588E0
1.217415380E2,-2.592159576E0,-6.370602264E0,6.893165588E0
1.217515780E2,-2.586172028E0,-6.376589813E0,6.885381775E0
1.217616190E2,-2.588716736E0,-6.371949463E0,6.881040802E0
1.217716590E2,-2.596949615E0,-6.356381836E0,6.886579285E0
1.217816990E2,-2.608775024E0,-6.355184326E0,6.892566833E0
1.217917700E2,-2.616259460E0,-6.342760162E0,6.896758118E0
1.218018100E2,-2.627186737E0,-6.342311096E0,6.893464966E0
1.218118510E2,-2.618953857E0,-6.348298645E0,6.876250763E0
1.218218910E2,-2.622696075E0,-6.356082458E0,6.878196716E0
1.218319310E2,-2.613714752E0,-6.353238373E0,6.872059479E0
1.218419710E2,-2.619552612E0,-6.349645844E0,6.874903564E0
1.218520420E2,-2.622546387E0,-6.355034637E0,6.868916016E0
1.218620830E2,-2.617007904E0,-6.358028412E0,6.883286133E0
1.218721230E2,-2.604284363E0,-6.351142731E0,6.881938934E0
1.218821630E2,-2.608475647E0,-6.336772614E0,6.879843292E0
1.218922030E2,-2.601440277E0,-6.338419189E0,6.888674927E0
1.219022440E2,-2.604134674E0,-6.339017944E0,6.893764343E0
1.219123140E2,-2.594853973E0,-6.338568878E0,6.896009674E0
1.219223550E2,-2.577939148E0,-6.344855804E0,6.902895355E0
1.219323950E2,-2.587818604E0,-6.353986816E0,6.880741425E0
1.219424350E2,-2.580633545E0,-6.367309113E0,6.871760101E0
1.219524760E2,-2.572849731E0,-6.373895416E0,6.863227844E0
1.219625160E2,-2.565814362E0,-6.379433899E0,6.878196716E0
1.219725870E2,-2.560724945E0,-6.378535767E0,6.881040802E0
1.219826270E2,-2.570754089E0,-6.387966156E0,6.888974304E0
1.219926670E2,-2.571053467E0,-6.381379852E0,6.880741425E0
1.220027080E2,-2.569855957E0,-6.390660553E0,6.868017883E0
1.220127480E2,-2.575244751E0,-6.383176117E0,6.862030334E0
1.220227664E2,-2.576292572E0,-6.383774872E0,6.862329712E0
1.220328374E2,-2.576891327E0,-6.376889191E0,6.860383759E0
1.220428774E2,-2.577490082E0,-6.385122070E0,6.853797455E0
1.220529174E2,-2.586621094E0,-6.381379852E0,6.848109283E0
1.220629584E2,-2.589165802E0,-6.386768646E0,6.854246521E0
1.220729984E2,-2.591411133E0,-6.377787323E0,6.864275665E0
1.220830384E2,-2.595303040E0,-6.382727051E0,6.879543915E0
1.220931094E2,-2.602637787E0,-6.382876740E0,6.874155121E0
1.221031494E2,-2.607727203E0,-6.380631409E0,6.882986755E0
1.221131904E2,-2.613864441E0,-6.378086700E0,6.891968079E0
1.221232304E2,-2.618804169E0,-6.368356934E0,6.877448273E0
1.221332704E2,-2.627037048E0,-6.351741486E0,6.863976288E0
1.221433414E2,-2.633922729E0,-6.335275726E0,6.864125977E0
1.221533814E2,-2.628384247E0,-6.319259033E0,6.865622864E0
1.221634224E2,-2.632276154E0,-6.327491913E0,6.863976288E0
1.221734624E2,-2.631827087E0,-6.332581329E0,6.860982513E0
1.221835024E2,-2.643053741E0,-6.325545959E0,6.863078156E0
1.221935424E2,-2.644999695E0,-6.328539734E0,6.869065704E0
1.222036134E2,-2.625989227E0,-6.345155182E0,6.874753876E0
1.222136544E2,-2.623294830E0,-6.358028412E0,6.891668701E0
1.222236944E2,-2.618055725E0,-6.358327789E0,6.900350647E0
1.222337344E2,-2.612217865E0,-6.367309113E0,6.885531464E0
1.222437744E2,-2.605032806E0,-6.365812225E0,6.879843292E0
1.222538154E2,-2.605182495E0,-6.377787323E0,6.874604187E0
1.222638864E2,-2.594255219E0,-6.378236389E0,6.874454498E0
1.222739264E2,-2.599494324E0,-6.380332031E0,6.874005432E0
1.222839664E2,-2.603835297E0,-6.373446350E0,6.862629089E0
1.222940064E2,-2.607876892E0,-6.374793549E0,6.870263214E0
1.223040474E2,-2.616409149E0,-6.374344482E0,6.867269440E0
1.223140874E2,-2.630629578E0,-6.356980591E0,6.849007416E0
1.223241584E2,-2.641407166E0,-6.350543976E0,6.849157104E0
1.223341984E2,-2.646496582E0,-6.347400513E0,6.855444031E0
1.223442384E2,-2.642604675E0,-6.343059540E0,6.863826599E0
1.223542794E2,-2.644999695E0,-6.341712341E0,6.871760101E0
1.223643194E2,-2.643353119E0,-6.340664520E0,6.881489868E0
1.223743594E2,-2.634970551E0,-6.341113586E0,6.887926483E0
1.223844304E2,-2.638862457E0,-6.333329773E0,6.885681152E0
1.223944704E2,-2.646047516E0,-6.324198761E0,6.893464966E0
1.224045114E2,-2.644700317E0,-6.317163391E0,6.904841309E0
1.224145514E2,-2.650687866E0,-6.316864014E0,6.907086639E0
1.224245914E2,-2.649939423E0,-6.317013702E0,6.899302826E0
1.224346314E2,-2.663261719E0,-6.325845337E0,6.889573059E0
1.224447024E2,-2.667752380E0,-6.333479462E0,6.891069946E0
1.224547424E2,-2.667303314E0,-6.348747711E0,6.877298584E0
1.224647834E2,-2.659369812E0,-6.343957672E0,6.874454498E0
1.224748234E2,-2.665507050E0,-6.352040863E0,6.878945160E0
1.224848634E2,-2.670297089E0,-6.349196777E0,6.889123993E0
1.224949044E2,-2.675386505E0,-6.348598022E0,6.885082397E0
1.225049744E2,-2.673590240E0,-6.339616699E0,6.873706055E0
1.225150154E2,-2.668949890E0,-6.339766388E0,6.870861969E0
1.225250554E2,-2.668051758E0,-6.341712341E0,6.859485626E0
1.225350954E2,-2.668051758E0,-6.340365143E0,6.856641541E0
1.225451364E2,-2.666554871E0,-6.345604248E0,6.854246521E0
1.225551764E2,-2.654729462E0,-6.351741486E0,6.862928467E0
1.225652474E2,-2.661615143E0,-6.347999268E0,6.862030334E0
1.225752874E2,-2.650837555E0,-6.349496155E0,6.865473175E0
1.225853274E2,-2.643802185E0,-6.355184326E0,6.864724731E0
1.225953674E2,-2.641107788E0,-6.353687439E0,6.884783020E0
1.226054084E2,-2.632725220E0,-6.346652069E0,6.882537689E0
1.226154484E2,-2.630779266E0,-6.342760162E0,6.888076172E0
1.226255194E2,-2.620899811E0,-6.350993042E0,6.893914032E0
1.226355594E2,-2.606829071E0,-6.346502380E0,6.898105316E0
1.226455994E2,-2.608924713E0,-6.345604248E0,6.888824615E0
1.226556404E2,-2.602787476E0,-6.352489929E0,6.896009674E0
1.226656804E2,-2.608775024E0,-6.347999268E0,6.893464966E0
1.226757204E2,-2.616858215E0,-6.342760162E0,6.877298584E0
1.226857914E2,-2.608625336E0,-6.350394287E0,6.870712280E0
1.226958314E2,-2.607128448E0,-6.356082458E0,6.878346405E0
1.227058724E2,-2.610122223E0,-6.365662537E0,6.873256989E0
1.227159124E2,-2.612517242E0,-6.377188568E0,6.854396210E0
1.227259524E2,-2.602039032E0,-6.377038879E0,6.847809906E0
1.227359924E2,-2.603835297E0,-6.383325806E0,6.839577026E0
1.227460634E2,-2.607727203E0,-6.387367401E0,6.840325470E0
1.227561044E2,-2.624791718E0,-6.381230164E0,6.842720490E0
1.227661444E2,-2.635419617E0,-6.378236389E0,6.849755859E0
1.227761844E2,-2.632126465E0,-6.372997284E0,6.855593719E0
1.227862244E2,-2.634820862E0,-6.373895416E0,6.857539673E0
1.227962654E2,-2.643802185E0,-6.363566895E0,6.876101074E0
1.228063354E2,-2.646047516E0,-6.368506622E0,6.903793488E0
1.228163764E2,-2.649041290E0,-6.368057556E0,6.891968079E0
1.228264164E2,-2.647095337E0,-6.365063782E0,6.894363098E0
1.228364564E2,-2.660267944E0,-6.353537750E0,6.893315277E0
1.228464974E2,-2.674488373E0,-6.337071991E0,6.871161346E0
1.228565374E2,-2.682272186E0,-6.324647827E0,6.845265198E0
1.228666084E2,-2.694696350E0,-6.330934753E0,6.842570801E0
1.228766484E2,-2.692451019E0,-6.323001251E0,6.846762085E0
1.228866884E2,-2.693947906E0,-6.321204987E0,6.841223602E0
1.228967294E2,-2.689008179E0,-6.331234131E0,6.854545898E0
1.229067694E2,-2.687062225E0,-6.334826660E0,6.868766327E0
1.229168404E2,-2.684816895E0,-6.334826660E0,6.868466949E0
1.229268804E2,-2.678380280E0,-6.334527283E0,6.881340179E0
1.229369204E2,-2.673290863E0,-6.338119812E0,6.887477417E0
1.229469604E2,-2.671793976E0,-6.342311096E0,6.882837067E0
1.229570014E2,-2.664159851E0,-6.339766388E0,6.881489868E0
1.229670414E2,-2.656076660E0,-6.339916077E0,6.875801697E0
1.229771124E2,-2.640509033E0,-6.351741486E0,6.876400452E0
1.229871524E2,-2.626737671E0,-6.347400513E0,6.867119751E0
1.229971924E2,-2.612367554E0,-6.343209229E0,6.866520996E0
1.230072334E2,-2.601440277E0,-6.341113586E0,6.872508545E0
1.230172734E2,-2.606080627E0,-6.342610474E0,6.869814148E0
1.230273344E2,-2.614463196E0,-6.345005493E0,6.881340179E0
1.230374054E2,-2.627935181E0,-6.343957672E0,6.889872437E0
1.230474454E2,-2.643802185E0,-6.331533508E0,6.907236328E0
1.230574864E2,-2.644700317E0,-6.332281952E0,6.908433838E0
1.230675264E2,-2.647095337E0,-6.327641602E0,6.904841309E0
1.230775664E2,-2.647694092E0,-6.325995026E0,6.892866211E0
1.230876064E2,-2.650388489E0,-6.326144714E0,6.879693604E0
1.230976774E2,-2.651286621E0,-6.320755920E0,6.883136444E0
1.231077184E2,-2.646795959E0,-6.310427399E0,6.870113525E0
1.231177584E2,-2.654130707E0,-6.310876465E0,6.868017883E0
1.231277984E2,-2.656525726E0,-6.311774597E0,6.873107300E0
1.231378384E2,-2.650388489E0,-6.314618683E0,6.866670685E0
1.231478794E2,-2.654879150E0,-6.317762146E0,6.871760101E0
1.231579494E2,-2.662962341E0,-6.333329773E0,6.879693604E0
1.231679904E2,-2.659968567E0,-6.348747711E0,6.888525238E0
1.231780304E2,-2.662213898E0,-6.342460785E0,6.890471191E0
1.231880704E2,-2.669398956E0,-6.340065765E0,6.885830841E0
1.231981114E2,-2.665806427E0,-6.332431641E0,6.893315277E0
1.232081514E2,-2.668500824E0,-6.317911835E0,6.890471191E0
1.232182224E2,-2.664758606E0,-6.318809967E0,6.875951385E0
1.232282624E2,-2.656376038E0,-6.320905609E0,6.866520996E0
1.232383024E2,-2.649041290E0,-6.327192535E0,6.868017883E0
1.232483434E2,-2.647993469E0,-6.333778839E0,6.858587494E0
1.232583834E2,-2.638712769E0,-6.343807983E0,6.858737183E0
1.232684234E2,-2.636617126E0,-6.345604248E0,6.868466949E0
1.232784944E2,-2.628833313E0,-6.354136505E0,6.873107300E0
1.232885344E2,-2.635120239E0,-6.352190552E0,6.884333954E0
1.232985744E2,-2.629432068E0,-6.348448334E0,6.891219635E0
1.233086154E2,-2.631677399E0,-6.341862030E0,6.891069946E0
1.233186554E2,-2.634072418E0,-6.342161407E0,6.898255005E0
1.233286954E2,-2.623893585E0,-6.342311096E0,6.884333954E0
1.233387664E2,-2.624043274E0,-6.354884949E0,6.898853760E0
1.233488064E2,-2.622546387E0,-6.360273743E0,6.899003448E0
1.233588474E2,-2.618804169E0,-6.353537750E0,6.887477417E0
1.233688874E2,-2.622845764E0,-6.347250824E0,6.884184265E0
1.233789274E2,-2.607727203E0,-6.342909851E0,6.900949402E0
1.233889684E2,-2.610271912E0,-6.331383820E0,6.903793488E0
1.233990384E2,-2.610571289E0,-6.332431641E0,6.909182281E0
1.234090794E2,-2.596799927E0,-6.334377594E0,6.909930725E0
1.234191194E2,-2.602488098E0,-6.329737244E0,6.901548157E0
1.234291594E2,-2.600841522E0,-6.328988800E0,6.899452515E0
1.234391994E2,-2.605332184E0,-6.332581329E0,6.886429596E0
1.234492404E2,-2.597698059E0,-6.324198761E0,6.884932709E0
1.234593114E2,-2.589764557E0,-6.327342224E0,6.895111542E0
1.234693514E2,-2.592608643E0,-6.325396271E0,6.885381775E0
1.234793914E2,-2.600691833E0,-6.327791290E0,6.906038818E0
1.234894314E2,-2.608026581E0,-6.329587555E0,6.902146912E0
1.234994724E2,-2.609523468E0,-6.344257050E0,6.897805939E0
1.235095124E2,-2.611768799E0,-6.330635376E0,6.919211426E0
1.235195834E2,-2.616708527E0,-6.326144714E0,6.925648041E0
1.235296234E2,-2.612966309E0,-6.328988800E0,6.930438080E0
1.235396634E2,-2.621049500E0,-6.321654053E0,6.932234344E0
1.235497044E2,-2.624791718E0,-6.329587555E0,6.912774811E0
1.235597444E2,-2.630928955E0,-6.328240356E0,6.901847534E0
1.235697844E2,-2.645748138E0,-6.319109344E0,6.899452515E0
1.235798554E2,-2.657423859E0,-6.311924286E0,6.887926483E0
1.235898954E2,-2.676733704E0,-6.302194519E0,6.879693604E0
1.235999364E2,-2.677482147E0,-6.294410706E0,6.885082397E0
1.236099764E2,-2.684517517E0,-6.289620667E0,6.885681152E0
1.236200164E2,-2.696043549E0,-6.288722534E0,6.874604187E0
1.236300564E2,-2.705174561E0,-6.287824402E0,6.887028351E0
1.236401274E2,-2.693498840E0,-6.289770355E0,6.899901581E0
1.236501674E2,-2.694546661E0,-6.291716309E0,6.910828857E0
1.236602084E2,-2.687062225E0,-6.298601990E0,6.918612671E0
1.236702484E2,-2.684667206E0,-6.298452301E0,6.928043060E0
1.236802884E2,-2.682571564E0,-6.293063507E0,6.925947418E0
1.236903594E2,-2.677182770E0,-6.287974091E0,6.932234344E0
1.237003994E2,-2.674638062E0,-6.291566620E0,6.930288391E0
1.237104404E2,-2.664459229E0,-6.284830627E0,6.916067963E0
1.237204804E2,-2.652783508E0,-6.290219421E0,6.920558624E0
1.237305204E2,-2.638862457E0,-6.294710083E0,6.906338196E0
1.237405614E2,-2.637066193E0,-6.301895142E0,6.914870453E0
1.237506314E2,-2.627037048E0,-6.306535492E0,6.905440063E0
1.237606724E2,-2.629731445E0,-6.308930511E0,6.900350647E0
1.237707124E2,-2.618953857E0,-6.315965881E0,6.909631348E0
1.237807524E2,-2.618205414E0,-6.332880707E0,6.916666718E0
1.237907924E2,-2.625390472E0,-6.339167633E0,6.917415161E0
1.238008334E2,-2.621199188E0,-6.345005493E0,6.897506561E0
1.238109044E2,-2.628533936E0,-6.348747711E0,6.891069946E0
1.238209444E2,-2.627635803E0,-6.354585571E0,6.875053253E0
1.238309844E2,-2.629282379E0,-6.358178101E0,6.873706055E0
1.238410244E2,-2.630030823E0,-6.350394287E0,6.861132202E0
1.238510654E2,-2.628833313E0,-6.345155182E0,6.852599945E0
1.238611054E2,-2.624642029E0,-6.344406738E0,6.856342163E0
1.238711764E2,-2.633773041E0,-6.349346466E0,6.857090607E0
1.238812164E2,-2.643203430E0,-6.347101135E0,6.873855743E0
1.238912564E2,-2.638114014E0,-6.344556427E0,6.879094849E0
1.239012974E2,-2.637515259E0,-6.346652069E0,6.875652008E0
1.239113374E2,-2.646646271E0,-6.345005493E0,6.884783020E0
1.239213774E2,-2.645299072E0,-6.343957672E0,6.891069946E0
1.239314484E2,-2.648891602E0,-6.339317322E0,6.893015900E0
1.239414884E2,-2.661465454E0,-6.337820435E0,6.885830841E0
1.239515294E2,-2.673290863E0,-6.339317322E0,6.893464966E0
1.239615694E2,-2.661016388E0,-6.337071991E0,6.886579285E0
1.239716094E2,-2.650687866E0,-6.328090668E0,6.876999207E0
1.239816494E2,-2.644400940E0,-6.315067749E0,6.884783020E0
1.239917204E2,-2.640209656E0,-6.317163391E0,6.892566833E0
1.240017614E2,-2.646945648E0,-6.315965881E0,6.886579285E0
1.240118014E2,-2.645748138E0,-6.310128021E0,6.875951385E0
1.240218510E2,-2.646795959E0,-6.317612457E0,6.887776794E0
1.240318910E2,-2.652633820E0,-6.324797516E0,6.895111542E0
1.240419320E2,-2.663112030E0,-6.324049072E0,6.900051270E0
1.240520020E2,-2.652484131E0,-6.327042847E0,6.911876678E0
1.240620430E2,-2.648292847E0,-6.322552185E0,6.907236328E0
1.240720830E2,-2.655777283E0,-6.322402496E0,6.905290375E0
1.240821230E2,-2.654579773E0,-6.317762146E0,6.901548157E0
1.240921640E2,-2.653831329E0,-6.315666504E0,6.901847534E0
1.241022040E2,-2.642155609E0,-6.310277710E0,6.890920258E0
1.241122750E2,-2.636467438E0,-6.312672729E0,6.896458740E0
1.241223150E2,-2.639161835E0,-6.319708099E0,6.888525238E0
1.241323550E2,-2.629581757E0,-6.320306854E0,6.893614655E0
1.241423960E2,-2.624642029E0,-6.320157166E0,6.905290375E0
1.241524360E2,-2.620301056E0,-6.324947205E0,6.906038818E0
1.241624760E2,-2.616558838E0,-6.321803741E0,6.907386017E0
1.241725470E2,-2.630779266E0,-6.327940979E0,6.902446289E0
1.241825870E2,-2.633922729E0,-6.323749695E0,6.897057495E0
1.241926270E2,-2.639161835E0,-6.319857788E0,6.904392242E0
1.242026680E2,-2.634521484E0,-6.322252808E0,6.913672943E0
1.242127080E2,-2.638413391E0,-6.317462769E0,6.918163605E0
1.242227480E2,-2.639161835E0,-6.313720551E0,6.930587769E0
1.242328190E2,-2.634222107E0,-6.320157166E0,6.913223877E0
1.242428590E2,-2.640359344E0,-6.318360901E0,6.921905823E0
1.242529000E2,-2.630330200E0,-6.314019928E0,6.921307068E0
1.242629400E2,-2.632425842E0,-6.300997009E0,6.895111542E0
1.242729800E2,-2.630629578E0,-6.305038605E0,6.893464966E0
1.242830210E2,-2.632874908E0,-6.309678955E0,6.882388000E0
1.242930910E2,-2.643203430E0,-6.317911835E0,6.882088623E0
1.243031320E2,-2.644550629E0,-6.318959656E0,6.888824615E0
1.243131720E2,-2.633922729E0,-6.316564636E0,6.889573059E0
1.243232120E2,-2.642904053E0,-6.312373352E0,6.886429596E0
1.243332520E2,-2.652933197E0,-6.316864014E0,6.909331970E0
1.243433230E2,-2.646197205E0,-6.310277710E0,6.906637573E0
1.243533640E2,-2.642604675E0,-6.330036621E0,6.899901581E0
1.243634040E2,-2.648891602E0,-6.348897400E0,6.902895355E0
1.243734440E2,-2.650388489E0,-6.337371368E0,6.900350647E0
1.243834840E2,-2.656525726E0,-6.345454559E0,6.887477417E0
1.243935250E2,-2.647993469E0,-6.346203003E0,6.882687378E0
1.244035950E2,-2.642454987E0,-6.343508606E0,6.884333954E0
1.244136360E2,-2.649490356E0,-6.329737244E0,6.874753876E0
1.244236760E2,-2.640958099E0,-6.317462769E0,6.883735199E0
1.244337160E2,-2.646047516E0,-6.317612457E0,6.885381775E0
1.244437570E2,-2.643802185E0,-6.302044830E0,6.892566833E0
1.244537970E2,-2.647544403E0,-6.301595764E0,6.894363098E0
1.244638680E2,-2.638114014E0,-6.309828644E0,6.906787262E0
1.244739080E2,-2.642754364E0,-6.307433624E0,6.923402710E0
1.244839480E2,-2.633922729E0,-6.315516815E0,6.932234344E0
1.244939890E2,-2.639610901E0,-6.314319305E0,6.935228119E0
1.245040290E2,-2.634820862E0,-6.296057281E0,6.930737457E0
1.245140690E2,-2.617606659E0,-6.299200745E0,6.927444305E0
1.245241400E2,-2.625390472E0,-6.294410706E0,6.922803955E0
1.245341800E2,-2.622696075E0,-6.304140472E0,6.911427612E0
1.245442200E2,-2.613714752E0,-6.301296387E0,6.912625122E0
1.245542610E2,-2.610122223E0,-6.300547943E0,6.910679169E0
1.245643010E2,-2.607727203E0,-6.304888916E0,6.921905823E0
1.245743410E2,-2.610870667E0,-6.316414948E0,6.901697845E0
1.245844120E2,-2.601140900E0,-6.315217438E0,6.898404694E0
1.245944520E2,-2.597398682E0,-6.331982574E0,6.888974304E0
1.246044930E2,-2.604134674E0,-6.337670746E0,6.903045044E0
1.246145330E2,-2.614912262E0,-6.342610474E0,6.888674927E0
1.246245730E2,-2.621498566E0,-6.346203003E0,6.884333954E0
1.246346140E2,-2.621199188E0,-6.337521057E0,6.882388000E0
1.246446840E2,-2.628234558E0,-6.340963898E0,6.885830841E0
1.246547250E2,-2.639610901E0,-6.349047089E0,6.896009674E0
1.246647650E2,-2.636317749E0,-6.340215454E0,6.886878662E0
1.246748050E2,-2.633473663E0,-6.331683197E0,6.880442047E0
1.246848450E2,-2.624043274E0,-6.338419189E0,6.879543915E0
1.246948860E2,-2.612367554E0,-6.335275726E0,6.893165588E0
1.247049570E2,-2.609373779E0,-6.331234131E0,6.891519012E0
1.247149970E2,-2.622845764E0,-6.321654053E0,6.906936951E0
1.247250370E2,-2.624941406E0,-6.326294403E0,6.894363098E0
1.247350770E2,-2.644550629E0,-6.327641602E0,6.890022125E0
1.247451180E2,-2.639461212E0,-6.330635376E0,6.895710297E0
1.247551580E2,-2.649939423E0,-6.339916077E0,6.900949402E0
1.247652290E2,-2.653082886E0,-6.338868256E0,6.885531464E0
1.247752690E2,-2.640658722E0,-6.333479462E0,6.885830841E0
1.247853090E2,-2.647694092E0,-6.328390045E0,6.902595978E0
1.247953500E2,-2.640509033E0,-6.317911835E0,6.902895355E0
1.248053900E2,-2.630479889E0,-6.327940979E0,6.900500336E0
1.248154300E2,-2.626138916E0,-6.321504364E0,6.893464966E0
1.248255010E2,-2.620301056E0,-6.321953430E0,6.906936951E0
1.248355410E2,-2.607128448E0,-6.318360901E0,6.910379791E0
1.248455820E2,-2.608924713E0,-6.321504364E0,6.900949402E0
1.248556220E2,-2.610122223E0,-6.319857788E0,6.895560608E0
1.248656620E2,-2.625240784E0,-6.329138489E0,6.897955627E0
1.248757020E2,-2.625540161E0,-6.334078217E0,6.889123993E0
1.248857730E2,-2.631527710E0,-6.329437866E0,6.891369324E0
1.248958130E2,-2.624043274E0,-6.323450317E0,6.911427612E0
1.249058540E2,-2.626887360E0,-6.324647827E0,6.917265472E0
1.249158940E2,-2.625240784E0,-6.340814209E0,6.923552399E0
1.249259340E2,-2.634222107E0,-6.330036621E0,6.925049286E0
1.249360050E2,-2.625689850E0,-6.323001251E0,6.915768585E0
1.249460450E2,-2.624791718E0,-6.313720551E0,6.903045044E0
1.249560860E2,-2.625540161E0,-6.298901367E0,6.891968079E0
1.249661260E2,-2.625989227E0,-6.295907593E0,6.891968079E0
1.249761660E2,-2.625390472E0,-6.293961639E0,6.886130219E0
1.249862070E2,-2.626737671E0,-6.300248566E0,6.889423370E0
1.249962770E2,-2.625091095E0,-6.303392029E0,6.910379791E0
1.250063180E2,-2.634521484E0,-6.297105103E0,6.905889130E0
1.250163580E2,-2.626587982E0,-6.314468994E0,6.909930725E0
1.250264000E2,-2.625989227E0,-6.320306854E0,6.918313293E0
1.250364400E2,-2.627336426E0,-6.321204987E0,6.916217651E0
1.250464810E2,-2.632425842E0,-6.319558411E0,6.919361115E0
1.250565520E2,-2.631078644E0,-6.324498138E0,6.915469208E0
1.250665920E2,-2.635419617E0,-6.326593781E0,6.905290375E0
1.250766320E2,-2.636766815E0,-6.330635376E0,6.901248779E0
1.250866720E2,-2.639610901E0,-6.331084442E0,6.888824615E0
1.250967130E2,-2.631527710E0,-6.325995026E0,6.890920258E0
1.251067530E2,-2.625839539E0,-6.325995026E0,6.886579285E0
1.251168240E2,-2.621947632E0,-6.327940979E0,6.894363098E0
1.251268640E2,-2.630330200E0,-6.322851562E0,6.887477417E0
1.251369040E2,-2.640808411E0,-6.315067749E0,6.895859985E0
1.251469450E2,-2.637964325E0,-6.324348450E0,6.897057495E0
1.251569850E2,-2.635718994E0,-6.332132263E0,6.923851776E0
1.251670250E2,-2.636467438E0,-6.329737244E0,6.942413177E0
1.251770960E2,-2.640209656E0,-6.327192535E0,6.922654266E0
1.251871360E2,-2.640658722E0,-6.324797516E0,6.914870453E0
1.251971770E2,-2.632725220E0,-6.325246582E0,6.915319519E0
1.252072170E2,-2.649190979E0,-6.326593781E0,6.906487885E0
1.252172570E2,-2.644400940E0,-6.326144714E0,6.887627106E0
1.252272970E2,-2.623444519E0,-6.313421173E0,6.887627106E0
1.252373680E2,-2.620750122E0,-6.316265259E0,6.889872437E0
1.252474080E2,-2.623294830E0,-6.321354675E0,6.892566833E0
1.252574490E2,-2.612966309E0,-6.322252808E0,6.896907806E0
1.252674890E2,-2.625839539E0,-6.325246582E0,6.915169830E0
1.252775290E2,-2.634521484E0,-6.319558411E0,6.908284149E0
1.252875700E2,-2.632276154E0,-6.329437866E0,6.910080414E0
1.252976400E2,-2.644101562E0,-6.333928528E0,6.912176056E0
1.253076810E2,-2.650837555E0,-6.324348450E0,6.919959869E0
1.253177210E2,-2.643802185E0,-6.335874481E0,6.906936951E0
1.253277610E2,-2.639461212E0,-6.329737244E0,6.895261230E0
1.253378020E2,-2.642305298E0,-6.318959656E0,6.906188507E0
1.253478420E2,-2.636018372E0,-6.315516815E0,6.895859985E0
1.253579130E2,-2.629731445E0,-6.311175842E0,6.893315277E0
1.253679530E2,-2.629731445E0,-6.314468994E0,6.888974304E0
1.253779930E2,-2.630030823E0,-6.313720551E0,6.883286133E0
1.253880330E2,-2.632425842E0,-6.311774597E0,6.895859985E0
1.253980740E2,-2.627486115E0,-6.319708099E0,6.903344421E0
1.254081140E2,-2.626737671E0,-6.317313080E0,6.909930725E0
1.254181850E2,-2.631078644E0,-6.311026154E0,6.906637573E0
1.254282250E2,-2.630779266E0,-6.317013702E0,6.895710297E0
1.254382650E2,-2.626887360E0,-6.329886932E0,6.906038818E0
1.254483060E2,-2.624791718E0,-6.339916077E0,6.912325745E0
1.254583460E2,-2.616858215E0,-6.333180084E0,6.913822632E0
1.254684170E2,-2.629282379E0,-6.323899384E0,6.904541931E0
1.254784570E2,-2.627186737E0,-6.319109344E0,6.904392242E0
1.254884970E2,-2.616558838E0,-6.320905609E0,6.889423370E0
1.254985380E2,-2.610271912E0,-6.305038605E0,6.884932709E0
1.255085780E2,-2.619851990E0,-6.302344208E0,6.892866211E0
1.255186180E2,-2.615361328E0,-6.301146698E0,6.892716522E0
1.255286890E2,-2.624043274E0,-6.298601990E0,6.890171814E0
1.255387290E2,-2.633174286E0,-6.307433624E0,6.888076172E0
1.255487700E2,-2.630330200E0,-6.314768372E0,6.913672943E0
1.255588100E2,-2.632126465E0,-6.309978333E0,6.936725006E0
1.255688500E2,-2.622247009E0,-6.325995026E0,6.938670959E0
1.255788900E2,-2.620750122E0,-6.340065765E0,6.945856018E0
1.255889610E2,-2.615810394E0,-6.330335999E0,6.937623138E0
1.255990020E2,-2.618504791E0,-6.324498138E0,6.926396484E0
1.256090420E2,-2.628983002E0,-6.321953430E0,6.905739441E0
1.256190820E2,-2.632425842E0,-6.320905609E0,6.892417145E0
1.256291220E2,-2.643203430E0,-6.302194519E0,6.878496094E0
1.256391630E2,-2.641107788E0,-6.308631134E0,6.872358856E0
1.256492330E2,-2.640509033E0,-6.311325531E0,6.873556366E0
1.256592740E2,-2.628234558E0,-6.313271484E0,6.860383759E0
1.256693140E2,-2.629881134E0,-6.321354675E0,6.885830841E0
1.256793540E2,-2.639910278E0,-6.336922302E0,6.892417145E0
1.256893950E2,-2.629132690E0,-6.332281952E0,6.900500336E0
1.256994350E2,-2.628833313E0,-6.319708099E0,6.917415161E0
1.257095060E2,-2.634371796E0,-6.324947205E0,6.916067963E0
1.257195460E2,-2.630928955E0,-6.320606232E0,6.918912048E0
1.257295860E2,-2.634371796E0,-6.318510590E0,6.924899597E0
1.257396270E2,-2.634970551E0,-6.315816193E0,6.922354889E0
1.257496670E2,-2.639311523E0,-6.318360901E0,6.907236328E0
1.257597070E2,-2.633174286E0,-6.314319305E0,6.884034576E0
1.257697780E2,-2.633174286E0,-6.306984558E0,6.894363098E0
1.257798180E2,-2.627037048E0,-6.302493896E0,6.904990997E0
1.257898580E2,-2.630330200E0,-6.296356659E0,6.896907806E0
1.257998990E2,-2.627785492E0,-6.289171600E0,6.903793488E0
1.258099390E2,-2.636617126E0,-6.309978333E0,6.919810181E0
1.258199790E2,-2.642454987E0,-6.316714325E0,6.923702087E0
1.258300500E2,-2.636168060E0,-6.312373352E0,6.935976563E0
1.258400900E2,-2.645448761E0,-6.318660278E0,6.921905823E0
1.258501310E2,-2.642305298E0,-6.321504364E0,6.914421387E0
1.258601710E2,-2.638263702E0,-6.320306854E0,6.907086639E0
1.258702110E2,-2.639311523E0,-6.312972107E0,6.910230103E0
1.258802520E2,-2.630180511E0,-6.307733002E0,6.916067963E0
1.258903220E2,-2.618804169E0,-6.300547943E0,6.892866211E0
1.259003630E2,-2.616409149E0,-6.302942963E0,6.895859985E0
1.259104030E2,-2.626587982E0,-6.309678955E0,6.903194733E0
1.259204430E2,-2.627186737E0,-6.320157166E0,6.895410919E0
1.259304830E2,-2.626887360E0,-6.321654053E0,6.890171814E0
1.259405240E2,-2.636766815E0,-6.326593781E0,6.912774811E0
1.259505950E2,-2.642454987E0,-6.325695648E0,6.908583527E0
1.259606350E2,-2.635120239E0,-6.325695648E0,6.896009674E0
1.259706750E2,-2.639311523E0,-6.325845337E0,6.896458740E0
1.259807150E2,-2.637664948E0,-6.323001251E0,6.898554382E0
1.259907560E2,-2.642454987E0,-6.318360901E0,6.901697845E0
1.260007960E2,-2.630779266E0,-6.306685181E0,6.905440063E0
1.260108670E2,-2.623294830E0,-6.308631134E0,6.915918274E0
1.260209070E2,-2.626438293E0,-6.304290161E0,6.918912048E0
1.260309267E2,-2.617456970E0,-6.299799500E0,6.914271698E0
1.260409677E2,-2.614762573E0,-6.302044830E0,6.913074188E0
1.260510078E2,-2.621498566E0,-6.308182068E0,6.917864227E0
1.260610787E2,-2.617157593E0,-6.312822418E0,6.911277924E0
1.260711187E2,-2.617157593E0,-6.318959656E0,6.918013916E0
1.260811587E2,-2.614912262E0,-6.315217438E0,6.919959869E0
1.260911998E2,-2.614612885E0,-6.313121796E0,6.922504578E0
1.261012398E2,-2.624642029E0,-6.310726776E0,6.919810181E0
1.261112797E2,-2.629581757E0,-6.319109344E0,6.929989014E0
1.261213507E2,-2.631078644E0,-6.315666504E0,6.910379791E0
1.261313908E2,-2.628384247E0,-6.322552185E0,6.910679169E0
1.261414308E2,-2.627785492E0,-6.314019928E0,6.918612671E0
1.261514717E2,-2.625989227E0,-6.319408722E0,6.913373566E0
1.261615117E2,-2.635569305E0,-6.319109344E0,6.901697845E0
1.261715517E2,-2.639311523E0,-6.317163391E0,6.907835083E0
1.261816227E2,-2.641257477E0,-6.326893158E0,6.901997223E0
1.261916627E2,-2.643353119E0,-6.313720551E0,6.908433838E0
1.262017037E2,-2.645299072E0,-6.315067749E0,6.909182281E0
1.262117437E2,-2.648442535E0,-6.320007477E0,6.924749908E0
1.262217837E2,-2.638712769E0,-6.319857788E0,6.929689636E0
1.262318248E2,-2.628983002E0,-6.330785065E0,6.926695862E0
1.262418947E2,-2.638862457E0,-6.328240356E0,6.916517029E0
1.262519357E2,-2.644999695E0,-6.323001251E0,6.922205200E0
1.262619757E2,-2.644101562E0,-6.313121796E0,6.905589752E0
1.262720158E2,-2.656076660E0,-6.298751678E0,6.902745667E0
1.262820558E2,-2.658621368E0,-6.292015686E0,6.886429596E0
1.262920967E2,-2.652633820E0,-6.291865997E0,6.874005432E0
1.263021678E2,-2.648292847E0,-6.295458527E0,6.884783020E0
1.263122078E2,-2.645448761E0,-6.307583313E0,6.879992981E0
1.263222477E2,-2.644850006E0,-6.317762146E0,6.886728973E0
1.263322877E2,-2.634671173E0,-6.323600006E0,6.901997223E0
1.263423287E2,-2.634820862E0,-6.319708099E0,6.917714539E0
1.263523687E2,-2.618953857E0,-6.321204987E0,6.927294617E0
1.263624397E2,-2.616708527E0,-6.316414948E0,6.928492126E0
1.263724797E2,-2.623294830E0,-6.312373352E0,6.929090881E0
1.263825197E2,-2.637215881E0,-6.305787048E0,6.927144928E0
1.263925607E2,-2.641556854E0,-6.305188293E0,6.927893372E0
1.264026007E2,-2.642305298E0,-6.310577087E0,6.909631348E0
1.264126408E2,-2.637365570E0,-6.296206970E0,6.903943176E0
1.264227117E2,-2.636317749E0,-6.293811951E0,6.900051270E0
1.264327517E2,-2.643353119E0,-6.281387787E0,6.903045044E0
1.264427928E2,-2.648143158E0,-6.289470978E0,6.909032593E0
1.264528328E2,-2.644400940E0,-6.293213196E0,6.916367340E0
1.264628727E2,-2.645748138E0,-6.301895142E0,6.923253021E0
1.264729127E2,-2.651585999E0,-6.303841095E0,6.930288391E0
1.264829838E2,-2.652334442E0,-6.294710083E0,6.927593994E0
1.264930238E2,-2.654430084E0,-6.292315063E0,6.923103333E0
1.265030647E2,-2.660417633E0,-6.304739227E0,6.913822632E0
1.265131047E2,-2.665057983E0,-6.304140472E0,6.910828857E0
1.265231447E2,-2.648143158E0,-6.305936737E0,6.903793488E0
1.265332158E2,-2.646197205E0,-6.303841095E0,6.898853760E0
1.265432557E2,-2.653531952E0,-6.308930511E0,6.886130219E0
1.265532967E2,-2.655028839E0,-6.311924286E0,6.880891113E0
1.265633367E2,-2.658172302E0,-6.313870239E0,6.896907806E0
1.265733767E2,-2.656076660E0,-6.325545959E0,6.882687378E0
1.265834178E2,-2.663411407E0,-6.326743469E0,6.885531464E0
1.265934877E2,-2.665357361E0,-6.321803741E0,6.894961853E0
1.266035287E2,-2.668201447E0,-6.328988800E0,6.897656250E0
1.266135687E2,-2.668800201E0,-6.331533508E0,6.886878662E0
1.266236088E2,-2.666854248E0,-6.329437866E0,6.887028351E0
1.266336488E2,-2.673739929E0,-6.325545959E0,6.894662476E0
1.266436897E2,-2.669997711E0,-6.327641602E0,6.893464966E0
1.266537607E2,-2.673440552E0,-6.317462769E0,6.892566833E0
1.266638008E2,-2.665656738E0,-6.312373352E0,6.881040802E0
1.266738408E2,-2.667303314E0,-6.300997009E0,6.889573059E0
1.266838807E2,-2.660118256E0,-6.295458527E0,6.897057495E0
1.266939217E2,-2.653232574E0,-6.289920044E0,6.893614655E0
1.267039617E2,-2.659369812E0,-6.290518799E0,6.906637573E0
1.267140327E2,-2.651885376E0,-6.295907593E0,6.907236328E0
1.267240727E2,-2.649939423E0,-6.305038605E0,6.912325745E0
1.267341127E2,-2.646496582E0,-6.301146698E0,6.916666718E0
1.267441537E2,-2.647245026E0,-6.303841095E0,6.920408936E0
1.267541937E2,-2.649939423E0,-6.303990784E0,6.921905823E0
1.267642338E2,-2.647544403E0,-6.296506348E0,6.919510803E0
1.267743047E2,-2.649190979E0,-6.311325531E0,6.922504578E0
1.267843447E2,-2.649340668E0,-6.317013702E0,6.906487885E0
1.267943857E2,-2.649190979E0,-6.303541718E0,6.913373566E0
1.268044258E2,-2.644550629E0,-6.301745453E0,6.896159363E0
1.268144658E2,-2.646795959E0,-6.304439850E0,6.904242554E0
1.268245057E2,-2.656076660E0,-6.299500122E0,6.908134460E0
1.268345767E2,-2.652783508E0,-6.302044830E0,6.911427612E0
1.268446178E2,-2.656825104E0,-6.299500122E0,6.914122009E0
1.268546577E2,-2.660866699E0,-6.303990784E0,6.922803955E0
1.268646977E2,-2.660118256E0,-6.304888916E0,6.924151154E0
1.268747377E2,-2.655328217E0,-6.305038605E0,6.919361115E0
1.268847787E2,-2.655777283E0,-6.317762146E0,6.913523254E0
1.268948487E2,-2.654729462E0,-6.319857788E0,6.914720764E0
1.269048897E2,-2.657723236E0,-6.315666504E0,6.911427612E0
1.269149297E2,-2.666105804E0,-6.299350433E0,6.886728973E0
1.269249697E2,-2.673590240E0,-6.289620667E0,6.890770569E0
1.269350107E2,-2.673590240E0,-6.288722534E0,6.877747650E0
1.269450508E2,-2.665357361E0,-6.292315063E0,6.881340179E0
1.269551217E2,-2.667453003E0,-6.295458527E0,6.889722748E0
1.269651617E2,-2.670746155E0,-6.304739227E0,6.895859985E0
1.269752017E2,-2.669548645E0,-6.308780823E0,6.893764343E0
1.269852428E2,-2.665207672E0,-6.309229889E0,6.917265472E0
1.269952827E2,-2.665656738E0,-6.320905609E0,6.917115784E0
1.270053227E2,-2.659818878E0,-6.316714325E0,6.916666718E0
1.270153937E2,-2.668500824E0,-6.313121796E0,6.917564850E0
1.270254479E2,-2.659669189E0,-6.317911835E0,6.906188507E0
1.270354879E2,-2.658621368E0,-6.315666504E0,6.889573059E0
1.270455289E2,-2.657723236E0,-6.326144714E0,6.886579285E0
1.270555689E2,-2.654280396E0,-6.308331757E0,6.877897339E0
1.270656399E2,-2.662513275E0,-6.307882690E0,6.882388000E0
1.270756799E2,-2.663112030E0,-6.304439850E0,6.882388000E0
1.270857199E2,-2.670147400E0,-6.303092651E0,6.883735199E0
1.270957609E2,-2.672991486E0,-6.295458527E0,6.891668701E0
1.271058009E2,-2.679877167E0,-6.298751678E0,6.904691620E0
1.271158409E2,-2.681074677E0,-6.311475220E0,6.912625122E0
1.271259119E2,-2.678080902E0,-6.306086426E0,6.918462982E0
1.271359519E2,-2.682870941E0,-6.307733002E0,6.921157379E0
1.271459929E2,-2.679428101E0,-6.311624908E0,6.916666718E0
1.271560329E2,-2.683170319E0,-6.304739227E0,6.899003448E0
1.271660729E2,-2.671494598E0,-6.287674713E0,6.898404694E0
1.271761129E2,-2.667752380E0,-6.296057281E0,6.891069946E0
1.271861839E2,-2.673290863E0,-6.296805725E0,6.889573059E0
1.271962249E2,-2.680176544E0,-6.293512573E0,6.893764343E0
1.272062649E2,-2.675985260E0,-6.295009460E0,6.898853760E0
1.272163049E2,-2.677631836E0,-6.304290161E0,6.905889130E0
1.272263449E2,-2.684517517E0,-6.307433624E0,6.896758118E0
1.272363859E2,-2.678829346E0,-6.311475220E0,6.897656250E0
1.272464559E2,-2.678679657E0,-6.307283936E0,6.908284149E0
1.272564969E2,-2.675685883E0,-6.310876465E0,6.900799713E0
1.272665369E2,-2.681972809E0,-6.319708099E0,6.896458740E0
1.272765769E2,-2.686313782E0,-6.315516815E0,6.886279907E0
1.272866179E2,-2.685415649E0,-6.314319305E0,6.895261230E0
1.272966579E2,-2.673590240E0,-6.312822418E0,6.895859985E0
1.273067289E2,-2.669698334E0,-6.307583313E0,6.899751892E0
1.273167689E2,-2.660417633E0,-6.294410706E0,6.895710297E0
1.273268089E2,-2.658771057E0,-6.293662262E0,6.899452515E0
1.273368499E2,-2.671344910E0,-6.293213196E0,6.895261230E0
1.273468899E2,-2.672841797E0,-6.297554169E0,6.894812164E0
1.273569299E2,-2.671943665E0,-6.304439850E0,6.900200958E0
1.273670009E2,-2.672392731E0,-6.296057281E0,6.901697845E0
1.273770409E2,-2.677482147E0,-6.299051056E0,6.913373566E0
1.273870809E2,-2.676733704E0,-6.306086426E0,6.904092865E0
1.273971219E2,-2.667902069E0,-6.305487671E0,6.903494110E0
1.274071619E2,-2.670746155E0,-6.304888916E0,6.894961853E0
1.274172019E2,-2.667003937E0,-6.309379578E0,6.906038818E0
1.274272729E2,-2.667303314E0,-6.308631134E0,6.907685394E0
1.274373129E2,-2.670746155E0,-6.296206970E0,6.904541931E0
1.274473539E2,-2.676434326E0,-6.303990784E0,6.900650024E0
1.274573939E2,-2.676733704E0,-6.303392029E0,6.896309052E0
1.274674339E2,-2.681972809E0,-6.302044830E0,6.890022125E0
1.274774749E2,-2.685415649E0,-6.305337982E0,6.886878662E0
1.274875449E2,-2.686762848E0,-6.305787048E0,6.893614655E0
1.274975859E2,-2.691552887E0,-6.303691406E0,6.872957611E0
1.275076259E2,-2.699486389E0,-6.300248566E0,6.885531464E0
1.275176659E2,-2.692451019E0,-6.289770355E0,6.891069946E0
1.275277059E2,-2.691403198E0,-6.286028137E0,6.910978546E0
1.275377769E2,-2.687511292E0,-6.297554169E0,6.926546173E0
1.275478179E2,-2.677631836E0,-6.310577087E0,6.923402710E0
1.275578579E2,-2.676134949E0,-6.318211212E0,6.916666718E0
1.275678979E2,-2.674488373E0,-6.307733002E0,6.918163605E0
1.275779379E2,-2.683769073E0,-6.310427399E0,6.903494110E0
1.275879789E2,-2.687960358E0,-6.303541718E0,6.898404694E0
1.275980489E2,-2.688409424E0,-6.291716309E0,6.887327728E0
1.276080899E2,-2.675236816E0,-6.293362885E0,6.863377533E0
1.276181299E2,-2.685415649E0,-6.283483429E0,6.871909790E0
1.276281699E2,-2.676883392E0,-6.293811951E0,6.879693604E0
1.276382109E2,-2.669698334E0,-6.301895142E0,6.874903564E0
1.276482509E2,-2.671344910E0,-6.301146698E0,6.901398468E0
1.276583219E2,-2.666704559E0,-6.297404480E0,6.907835083E0
1.276683619E2,-2.669099579E0,-6.302942963E0,6.918612671E0
1.276784019E2,-2.670147400E0,-6.304589539E0,6.918013916E0
1.276884429E2,-2.676733704E0,-6.308631134E0,6.918762360E0
1.276984829E2,-2.670746155E0,-6.304739227E0,6.924450531E0
1.277085229E2,-2.662662964E0,-6.310577087E0,6.903943176E0
1.277185939E2,-2.665656738E0,-6.303392029E0,6.897805939E0
1.277286339E2,-2.670746155E0,-6.292015686E0,6.880142670E0
1.277386739E2,-2.667153625E0,-6.290818176E0,6.878945160E0
1.277487149E2,-2.680176544E0,-6.289321289E0,6.889573059E0
1.277587549E2,-2.672243042E0,-6.282435608E0,6.898554382E0
1.277687949E2,-2.676434326E0,-6.292015686E0,6.906787262E0
1.277788659E2,-2.682272186E0,-6.293961639E0,6.912774811E0
1.277889059E2,-2.681374054E0,-6.290369110E0,6.912475433E0
1.277989469E2,-2.681823120E0,-6.298601990E0,6.922055511E0
1.278089869E2,-2.691552887E0,-6.294560394E0,6.920858002E0
1.278190269E2,-2.692151642E0,-6.290069733E0,6.920109558E0
1.278290679E2,-2.694546661E0,-6.296356659E0,6.911277924E0
1.278391379E2,-2.687660980E0,-6.292764130E0,6.912774811E0
1.278491789E2,-2.688559113E0,-6.285728760E0,6.901847534E0
1.278592189E2,-2.672841797E0,-6.297554169E0,6.886279907E0
1.278692589E2,-2.685116272E0,-6.294560394E0,6.887178040E0
1.278792989E2,-2.678979034E0,-6.298452301E0,6.888225861E0
1.278893399E2,-2.683619385E0,-6.298452301E0,6.890920258E0
1.278994109E2,-2.684667206E0,-6.296356659E0,6.893015900E0
1.279094509E2,-2.686463470E0,-6.304290161E0,6.901248779E0
1.279194909E2,-2.685565338E0,-6.303242340E0,6.908134460E0
1.279295309E2,-2.699336700E0,-6.306535492E0,6.905739441E0
1.279395719E2,-2.702629852E0,-6.310876465E0,6.898853760E0
1.279496119E2,-2.696342926E0,-6.299051056E0,6.897207184E0
1.279596829E2,-2.687660980E0,-6.296057281E0,6.898105316E0
1.279697229E2,-2.684068451E0,-6.295907593E0,6.888974304E0
1.279797629E2,-2.675386505E0,-6.292913818E0,6.889722748E0
1.279898039E2,-2.665656738E0,-6.293512573E0,6.896009674E0
1.279998439E2,-2.669249268E0,-6.293213196E0,6.905889130E0
1.280099149E2,-2.680775299E0,-6.292913818E0,6.906038818E0
1.280199549E2,-2.673590240E0,-6.297404480E0,6.909481659E0
1.280300039E2,-2.662662964E0,-6.297554169E0,6.915469208E0
1.280400449E2,-2.668500824E0,-6.293213196E0,6.915319519E0
1.280500849E2,-2.666105804E0,-6.293213196E0,6.916517029E0
1.280601249E2,-2.656825104E0,-6.294560394E0,6.917564850E0
1.280701959E2,-2.658771057E0,-6.291865997E0,6.913373566E0
1.280802359E2,-2.667752380E0,-6.293512573E0,6.913074188E0
1.280902759E2,-2.669249268E0,-6.298452301E0,6.922803955E0
1.281003169E2,-2.673590240E0,-6.297254791E0,6.909481659E0
1.281103569E2,-2.673590240E0,-6.289021912E0,6.908134460E0
1.281203969E2,-2.673889618E0,-6.293662262E0,6.912176056E0
1.281304679E2,-2.682122498E0,-6.296356659E0,6.915020142E0
1.281405079E2,-2.689756622E0,-6.295907593E0,6.899901581E0
1.281505489E2,-2.684667206E0,-6.295308838E0,6.897805939E0
1.281605889E2,-2.676134949E0,-6.293063507E0,6.914571075E0
1.281706289E2,-2.681074677E0,-6.297853546E0,6.902595978E0
1.281806699E2,-2.676733704E0,-6.294859772E0,6.913074188E0
1.281907399E2,-2.674937439E0,-6.297554169E0,6.901997223E0
1.282007809E2,-2.684816895E0,-6.290518799E0,6.899003448E0
1.282108209E2,-2.683170319E0,-6.300248566E0,6.912325745E0
1.282208609E2,-2.685265961E0,-6.290668488E0,6.900799713E0
1.282309009E2,-2.687361603E0,-6.286926270E0,6.915618896E0
1.282409419E2,-2.680176544E0,-6.298751678E0,6.921756134E0
1.282510129E2,-2.683469696E0,-6.306385803E0,6.918462982E0
1.282610529E2,-2.665656738E0,-6.311325531E0,6.933132477E0
1.282710929E2,-2.656525726E0,-6.307733002E0,6.930887146E0
1.282811329E2,-2.655627594E0,-6.303242340E0,6.909930725E0
1.282911739E2,-2.659519501E0,-6.301745453E0,6.890620880E0
1.283012139E2,-2.660118256E0,-6.296057281E0,6.891519012E0
1.283112849E2,-2.660118256E0,-6.284231873E0,6.878945160E0
1.283213249E2,-2.658920746E0,-6.290518799E0,6.884783020E0
1.283313649E2,-2.662662964E0,-6.297404480E0,6.885232086E0
1.283414059E2,-2.664309540E0,-6.302793274E0,6.893464966E0
1.283514459E2,-2.664758606E0,-6.315067749E0,6.900949402E0
1.283614859E2,-2.662812653E0,-6.316414948E0,6.907086639E0
1.283715569E2,-2.656076660E0,-6.309229889E0,6.910529480E0
1.283815969E2,-2.655926971E0,-6.319109344E0,6.907086639E0
1.283916379E2,-2.660267944E0,-6.317762146E0,6.902146912E0
1.284016779E2,-2.669848022E0,-6.314319305E0,6.918762360E0
1.284117179E2,-2.668351135E0,-6.314768372E0,6.907835083E0
1.284217579E2,-2.656525726E0,-6.308032379E0,6.899751892E0
1.284318289E2,-2.653681641E0,-6.296955414E0,6.897805939E0
1.284418699E2,-2.656226349E0,-6.288273468E0,6.900500336E0
1.284519099E2,-2.656376038E0,-6.295757904E0,6.895111542E0
1.284619499E2,-2.661166077E0,-6.290967865E0,6.895261230E0
1.284719899E2,-2.668500824E0,-6.294111328E0,6.904392242E0
1.284820609E2,-2.668800201E0,-6.309379578E0,6.919510803E0
1.284921009E2,-2.666105804E0,-6.314019928E0,6.917564850E0
1.285021419E2,-2.671344910E0,-6.302793274E0,6.929390259E0
1.285121819E2,-2.676584015E0,-6.295159149E0,6.914720764E0
1.285222219E2,-2.679128723E0,-6.296955414E0,6.926396484E0
1.285322629E2,-2.675087128E0,-6.293063507E0,6.918462982E0
1.285423329E2,-2.668201447E0,-6.293961639E0,6.909032593E0
1.285523739E2,-2.659519501E0,-6.288273468E0,6.893165588E0
1.285624139E2,-2.661166077E0,-6.296805725E0,6.900949402E0
1.285724539E2,-2.662812653E0,-6.307433624E0,6.893764343E0
1.285824949E2,-2.663411407E0,-6.313121796E0,6.884783020E0
1.285925349E2,-2.655477905E0,-6.311026154E0,6.906787262E0
1.286026059E2,-2.660866699E0,-6.332431641E0,6.904841309E0
1.286126459E2,-2.661914520E0,-6.329886932E0,6.897506561E0
1.286226859E2,-2.665057983E0,-6.321654053E0,6.894961853E0
1.286327259E2,-2.671644287E0,-6.323899384E0,6.906038818E0
1.286427669E2,-2.668500824E0,-6.324049072E0,6.890022125E0
1.286528069E2,-2.666255493E0,-6.323450317E0,6.880292358E0
1.286628779E2,-2.669848022E0,-6.322402496E0,6.879394226E0
1.286729179E2,-2.665357361E0,-6.318211212E0,6.891219635E0
1.286829579E2,-2.651735687E0,-6.303392029E0,6.905290375E0
1.286929989E2,-2.652035065E0,-6.297554169E0,6.914122009E0
1.287030389E2,-2.646646271E0,-6.301895142E0,6.903793488E0
1.287130789E2,-2.640658722E0,-6.311175842E0,6.894512787E0
1.287231499E2,-2.641107788E0,-6.303691406E0,6.902595978E0
1.287331899E2,-2.639910278E0,-6.301895142E0,6.910379791E0
1.287432309E2,-2.639760590E0,-6.302643585E0,6.915020142E0
1.287532709E2,-2.653082886E0,-6.308631134E0,6.908733215E0
1.287633109E2,-2.663860474E0,-6.318510590E0,6.904841309E0
1.287733509E2,-2.648891602E0,-6.320007477E0,6.896159363E0
1.287834219E2,-2.647394714E0,-6.324049072E0,6.898255005E0
1.287934629E2,-2.653981018E0,-6.316414948E0,6.896309052E0
1.288035029E2,-2.652933197E0,-6.314768372E0,6.900500336E0
1.288135429E2,-2.655028839E0,-6.326444092E0,6.896608429E0
1.288235829E2,-2.650538177E0,-6.320755920E0,6.893914032E0
1.288336239E2,-2.654879150E0,-6.335425415E0,6.881789246E0
1.288436939E2,-2.646945648E0,-6.327791290E0,6.874155121E0
1.288537349E2,-2.644101562E0,-6.327342224E0,6.895111542E0
1.288637749E2,-2.649041290E0,-6.331982574E0,6.893764343E0
1.288738149E2,-2.662064209E0,-6.331383820E0,6.894812164E0
1.288838559E2,-2.663561096E0,-6.337521057E0,6.882687378E0
1.288939259E2,-2.670297089E0,-6.327940979E0,6.882238312E0
1.289039669E2,-2.678080902E0,-6.318809967E0,6.893614655E0
1.289140069E2,-2.670746155E0,-6.307882690E0,6.909631348E0
1.289240469E2,-2.673440552E0,-6.300547943E0,6.911876678E0
1.289340879E2,-2.674937439E0,-6.318360901E0,6.922354889E0
1.289441279E2,-2.673739929E0,-6.325396271E0,6.927294617E0
1.289541989E2,-2.661764832E0,-6.310876465E0,6.918912048E0
1.289642389E2,-2.662064209E0,-6.314768372E0,6.908733215E0
1.289742789E2,-2.649640045E0,-6.303242340E0,6.882986755E0
1.289843189E2,-2.654579773E0,-6.294410706E0,6.880591736E0
1.289943599E2,-2.652334442E0,-6.295159149E0,6.877298584E0
1.290043999E2,-2.643353119E0,-6.299500122E0,6.878196716E0
1.290144709E2,-2.646197205E0,-6.302044830E0,6.887028351E0
1.290245109E2,-2.652184753E0,-6.307733002E0,6.895710297E0
1.290345401E2,-2.645299072E0,-6.311924286E0,6.902745667E0
1.290445811E2,-2.637814636E0,-6.312073975E0,6.914271698E0
1.290546211E2,-2.638563080E0,-6.317313080E0,6.911577301E0
1.290646611E2,-2.634970551E0,-6.323150940E0,6.903194733E0
1.290747321E2,-2.637515259E0,-6.327641602E0,6.896907806E0
1.290847721E2,-2.641257477E0,-6.330036621E0,6.901997223E0
1.290948131E2,-2.653082886E0,-6.334826660E0,6.898105316E0
1.291048531E2,-2.657423859E0,-6.330785065E0,6.894662476E0
1.291148931E2,-2.652633820E0,-6.329437866E0,6.878795471E0
1.291249331E2,-2.645149384E0,-6.320905609E0,6.874604187E0
1.291350041E2,-2.647544403E0,-6.306685181E0,6.886279907E0
1.291450451E2,-2.654729462E0,-6.295907593E0,6.882388000E0
1.291550851E2,-2.654579773E0,-6.302044830E0,6.891519012E0
1.291651251E2,-2.652184753E0,-6.298901367E0,6.918612671E0
1.291751651E2,-2.652184753E0,-6.307733002E0,6.913223877E0
1.291852061E2,-2.656825104E0,-6.308481445E0,6.923103333E0
1.291952761E2,-2.663411407E0,-6.312972107E0,6.918462982E0
1.292053171E2,-2.662513275E0,-6.304739227E0,6.918912048E0
1.292153571E2,-2.667303314E0,-6.305487671E0,6.911277924E0
1.292253971E2,-2.670746155E0,-6.298152924E0,6.921456757E0
1.292354381E2,-2.662812653E0,-6.292165375E0,6.914271698E0
1.292454781E2,-2.658771057E0,-6.294261017E0,6.883435822E0
1.292555491E2,-2.664908295E0,-6.299649811E0,6.890920258E0
1.292655891E2,-2.659669189E0,-6.306984558E0,6.895111542E0
1.292756291E2,-2.660267944E0,-6.314618683E0,6.890022125E0
1.292856701E2,-2.655328217E0,-6.315666504E0,6.894961853E0
1.292957101E2,-2.660417633E0,-6.322552185E0,6.902745667E0
1.293057501E2,-2.659669189E0,-6.325246582E0,6.903943176E0
1.293158211E2,-2.661016388E0,-6.322552185E0,6.897356873E0
1.293258611E2,-2.661465454E0,-6.322252808E0,6.904541931E0
1.293359011E2,-2.664159851E0,-6.325096893E0,6.904841309E0
1.293459421E2,-2.653981018E0,-6.314768372E0,6.898853760E0
1.293559821E2,-2.657573547E0,-6.312523041E0,6.894512787E0
1.293660531E2,-2.649490356E0,-6.311325531E0,6.902146912E0
1.293760931E2,-2.643502808E0,-6.310876465E0,6.901697845E0
1.293861331E2,-2.635868683E0,-6.309978333E0,6.890920258E0
1.293961741E2,-2.643053741E0,-6.313421173E0,6.901248779E0
1.294062141E2,-2.642005920E0,-6.320755920E0,6.903194733E0
1.294162541E2,-2.642305298E0,-6.315816193E0,6.915319519E0
1.294263251E2,-2.633922729E0,-6.309828644E0,6.914122009E0
1.294363651E2,-2.640359344E0,-6.305936737E0,6.921307068E0
1.294464061E2,-2.651585999E0,-6.306086426E0,6.912176056E0
1.294564461E2,-2.644251251E0,-6.307134247E0,6.921307068E0
1.294664861E2,-2.645299072E0,-6.305936737E0,6.904841309E0
1.294765261E2,-2.651436310E0,-6.302493896E0,6.912625122E0
1.294865971E2,-2.664608917E0,-6.293512573E0,6.915768585E0
1.294966381E2,-2.659519501E0,-6.292913818E0,6.899452515E0
1.295066781E2,-2.665207672E0,-6.290818176E0,6.900051270E0
1.295167181E2,-2.670147400E0,-6.291267242E0,6.892866211E0
1.295267581E2,-2.664758606E0,-6.302044830E0,6.909182281E0
1.295367991E2,-2.669099579E0,-6.299799500E0,6.906787262E0
1.295468691E2,-2.657124481E0,-6.298901367E0,6.901697845E0
1.295569101E2,-2.653232574E0,-6.305337982E0,6.895859985E0
1.295669501E2,-2.665357361E0,-6.306385803E0,6.906936951E0
1.295769901E2,-2.665207672E0,-6.307583313E0,6.903344421E0
1.295870311E2,-2.667453003E0,-6.299350433E0,6.918313293E0
1.295970711E2,-2.667602692E0,-6.293213196E0,6.925348663E0
1.296071421E2,-2.661465454E0,-6.301745453E0,6.931934967E0
1.296171821E2,-2.659968567E0,-6.310577087E0,6.937473450E0
1.296272221E2,-2.658771057E0,-6.312672729E0,6.929240570E0
1.296372631E2,-2.655328217E0,-6.315965881E0,6.926546173E0
1.296473031E2,-2.657423859E0,-6.309529266E0,6.912774811E0
1.296573431E2,-2.653531952E0,-6.309978333E0,6.894363098E0
1.296674141E2,-2.648891602E0,-6.304589539E0,6.883286133E0
1.296774541E2,-2.648292847E0,-6.294410706E0,6.889273682E0
1.296874941E2,-2.646646271E0,-6.289171600E0,6.879094849E0
1.296975351E2,-2.631378021E0,-6.302194519E0,6.874304810E0
1.297075751E2,-2.641556854E0,-6.306236115E0,6.894063721E0
1.297176151E2,-2.644550629E0,-6.308930511E0,6.905889130E0
1.297276861E2,-2.632276154E0,-6.307134247E0,6.909631348E0
1.297377261E2,-2.634521484E0,-6.312972107E0,6.924300842E0
1.297477671E2,-2.638563080E0,-6.313121796E0,6.927144928E0
1.297578071E2,-2.633773041E0,-6.315666504E0,6.924450531E0
1.297678471E2,-2.639910278E0,-6.313421173E0,6.921307068E0
1.297779181E2,-2.641856232E0,-6.312822418E0,6.917864227E0
1.297879581E2,-2.653382263E0,-6.321055298E0,6.903344421E0
1.297979991E2,-2.655926971E0,-6.309678955E0,6.901847534E0
1.298080391E2,-2.651136932E0,-6.300697632E0,6.904242554E0
1.298180791E2,-2.651585999E0,-6.300847321E0,6.898255005E0
1.298281191E2,-2.659818878E0,-6.284680939E0,6.899003448E0
1.298381901E2,-2.652633820E0,-6.281537476E0,6.915319519E0
1.298482311E2,-2.662213898E0,-6.299051056E0,6.926845551E0
1.298582711E2,-2.665806427E0,-6.302044830E0,6.919361115E0
1.298683111E2,-2.660717010E0,-6.310876465E0,6.935377808E0
1.298783511E2,-2.666255493E0,-6.312223663E0,6.932533722E0
1.298883921E2,-2.671344910E0,-6.307433624E0,6.924300842E0
1.298984631E2,-2.676134949E0,-6.300547943E0,6.920858002E0
1.299085031E2,-2.681972809E0,-6.297554169E0,6.909781036E0
1.299185431E2,-2.665956116E0,-6.295608215E0,6.898404694E0
1.299285831E2,-2.659968567E0,-6.298452301E0,6.897356873E0
1.299386241E2,-2.659818878E0,-6.304888916E0,6.904092865E0
1.299486641E2,-2.655627594E0,-6.283932495E0,6.906787262E0
1.299587351E2,-2.659818878E0,-6.287674713E0,6.912325745E0
1.299687751E2,-2.656076660E0,-6.306535492E0,6.910379791E0
1.299788151E2,-2.657723236E0,-6.308182068E0,6.910529480E0
1.299888561E2,-2.660866699E0,-6.311026154E0,6.906637573E0
1.299988961E2,-2.664758606E0,-6.312822418E0,6.914421387E0
1.300089361E2,-2.659369812E0,-6.313870239E0,6.913373566E0
1.300190071E2,-2.656376038E0,-6.314768372E0,6.904541931E0
1.300290601E2,-2.652783508E0,-6.300847321E0,6.910529480E0
1.300391011E2,-2.648891602E0,-6.293063507E0,6.914720764E0
1.300491411E2,-2.652184753E0,-6.290219421E0,6.914571075E0
1.300591811E2,-2.644850006E0,-6.292913818E0,6.911577301E0
1.300692211E2,-2.637664948E0,-6.295159149E0,6.911876678E0
1.300792921E2,-2.631527710E0,-6.302044830E0,6.920109558E0
1.300893321E2,-2.632874908E0,-6.301745453E0,6.906787262E0
1.300993731E2,-2.634671173E0,-6.302793274E0,6.919810181E0
1.301094131E2,-2.634072418E0,-6.302044830E0,6.918762360E0
1.301194531E2,-2.634671173E0,-6.301745453E0,6.926396484E0
1.301294941E2,-2.649041290E0,-6.302493896E0,6.924151154E0
1.301395641E2,-2.646197205E0,-6.295308838E0,6.912924500E0
1.301496051E2,-2.649190979E0,-6.296057281E0,6.918462982E0
1.301596451E2,-2.644850006E0,-6.295608215E0,6.912325745E0
1.301696851E2,-2.648143158E0,-6.306086426E0,6.910230103E0
1.301797261E2,-2.653232574E0,-6.300098877E0,6.923702087E0
1.301897661E2,-2.649490356E0,-6.298601990E0,6.912475433E0
1.301998371E2,-2.653531952E0,-6.304589539E0,6.907535706E0
1.302098771E2,-2.648143158E0,-6.303841095E0,6.906936951E0
1.302199171E2,-2.644400940E0,-6.297254791E0,6.902895355E0
1.302299571E2,-2.653382263E0,-6.305487671E0,6.903344421E0
1.302399981E2,-2.654130707E0,-6.314019928E0,6.901248779E0
1.302500691E2,-2.649041290E0,-6.314768372E0,6.893614655E0
1.302601091E2,-2.640808411E0,-6.305787048E0,6.905889130E0
1.302701491E2,-2.638263702E0,-6.304888916E0,6.902296600E0
1.302801891E2,-2.648592224E0,-6.308780823E0,6.899003448E0
1.302902301E2,-2.665207672E0,-6.302793274E0,6.912325745E0
1.303002701E2,-2.653531952E0,-6.303392029E0,6.925049286E0
1.303103411E2,-2.652035065E0,-6.296206970E0,6.928641815E0
1.303203811E2,-2.650687866E0,-6.297703857E0,6.935826874E0
1.303304211E2,-2.651585999E0,-6.304589539E0,6.932084656E0
1.303404621E2,-2.652334442E0,-6.310427399E0,6.922504578E0
1.303505021E2,-2.653831329E0,-6.305787048E0,6.918762360E0
1.303605421E2,-2.663261719E0,-6.298152924E0,6.913822632E0
1.303706131E2,-2.663261719E0,-6.298901367E0,6.893315277E0
1.303806531E2,-2.654879150E0,-6.279441833E0,6.894363098E0
1.303906941E2,-2.656226349E0,-6.287525024E0,6.893165588E0
1.304007341E2,-2.643802185E0,-6.292165375E0,6.892267456E0
1.304107741E2,-2.638413391E0,-6.292614441E0,6.891818390E0
1.304208141E2,-2.638862457E0,-6.303242340E0,6.898853760E0
1.304308851E2,-2.640359344E0,-6.313870239E0,6.913523254E0
1.304409251E2,-2.633024597E0,-6.315217438E0,6.916367340E0
1.304509661E2,-2.630928955E0,-6.309828644E0,6.930887146E0
1.304610061E2,-2.620001678E0,-6.309978333E0,6.928941193E0
1.304710461E2,-2.633922729E0,-6.317013702E0,6.930288391E0
1.304810871E2,-2.636168060E0,-6.322402496E0,6.915020142E0
1.304911571E2,-2.633922729E0,-6.316864014E0,6.905739441E0
1.305011981E2,-2.638413391E0,-6.316265259E0,6.901099091E0
1.305112381E2,-2.637964325E0,-6.314468994E0,6.881340179E0
1.305212781E2,-2.633922729E0,-6.308930511E0,6.884034576E0
1.305313191E2,-2.633473663E0,-6.295009460E0,6.881190491E0
1.305413591E2,-2.635269928E0,-6.288123779E0,6.895560608E0
1.305514301E2,-2.637215881E0,-6.286177826E0,6.917415161E0
1.305614701E2,-2.648891602E0,-6.297554169E0,6.931186523E0
1.305715101E2,-2.658321991E0,-6.312672729E0,6.929090881E0
1.305815501E2,-2.656226349E0,-6.319558411E0,6.933282166E0
1.305915911E2,-2.662363586E0,-6.301895142E0,6.934180298E0
1.306016311E2,-2.665357361E0,-6.301146698E0,6.931186523E0
1.306117021E2,-2.671195221E0,-6.301296387E0,6.913822632E0
1.306217421E2,-2.660866699E0,-6.300098877E0,6.921307068E0
1.306317821E2,-2.652933197E0,-6.298452301E0,6.909930725E0
1.306418231E2,-2.640509033E0,-6.295907593E0,6.898554382E0
1.306518631E2,-2.639012146E0,-6.288722534E0,6.896009674E0
1.306619341E2,-2.646646271E0,-6.290818176E0,6.908583527E0
1.306719741E2,-2.649789734E0,-6.298152924E0,6.924450531E0
1.306820141E2,-2.646496582E0,-6.294111328E0,6.912625122E0
1.306920551E2,-2.647095337E0,-6.300997009E0,6.909481659E0
1.307020951E2,-2.652633820E0,-6.308631134E0,6.908583527E0
1.307121351E2,-2.660866699E0,-6.317762146E0,6.917864227E0
1.307222061E2,-2.658022614E0,-6.321803741E0,6.914720764E0
1.307322461E2,-2.660717010E0,-6.324647827E0,6.893764343E0
1.307422871E2,-2.654130707E0,-6.318510590E0,6.902595978E0
1.307523271E2,-2.638862457E0,-6.305337982E0,6.898105316E0
1.307623671E2,-2.630779266E0,-6.306086426E0,6.899452515E0
1.307724071E2,-2.637814636E0,-6.307882690E0,6.906487885E0
1.307824781E2,-2.637814636E0,-6.304589539E0,6.913223877E0
1.307925181E2,-2.634521484E0,-6.295608215E0,6.909930725E0
1.308025591E2,-2.635269928E0,-6.296506348E0,6.914421387E0
1.308125991E2,-2.633174286E0,-6.300847321E0,6.910529480E0
1.308226391E2,-2.636916504E0,-6.299949188E0,6.913822632E0
1.308326801E2,-2.637964325E0,-6.304439850E0,6.924001465E0
1.308427501E2,-2.639311523E0,-6.297853546E0,6.934030609E0
1.308527911E2,-2.641556854E0,-6.301446075E0,6.933581543E0
1.308628311E2,-2.641407166E0,-6.302044830E0,6.931036835E0
1.308728711E2,-2.644550629E0,-6.306834869E0,6.918912048E0
1.308829121E2,-2.647245026E0,-6.305337982E0,6.920858002E0
1.308929521E2,-2.650089111E0,-6.305337982E0,6.918163605E0
1.309030231E2,-2.638862457E0,-6.299500122E0,6.919211426E0
1.309130631E2,-2.634671173E0,-6.305188293E0,6.904841309E0
1.309231031E2,-2.644101562E0,-6.307433624E0,6.912475433E0
1.309331431E2,-2.660717010E0,-6.309828644E0,6.910379791E0
1.309431841E2,-2.665057983E0,-6.309379578E0,6.916517029E0
1.309532241E2,-2.653082886E0,-6.308780823E0,6.907984772E0
1.309632951E2,-2.649640045E0,-6.308780823E0,6.921756134E0
1.309733351E2,-2.653531952E0,-6.302493896E0,6.909631348E0
1.309833751E2,-2.657124481E0,-6.304739227E0,6.905440063E0
1.309934161E2,-2.657423859E0,-6.304439850E0,6.899302826E0
1.310034561E2,-2.658172302E0,-6.302942963E0,6.902595978E0
1.310135271E2,-2.658172302E0,-6.289021912E0,6.909631348E0
1.310235671E2,-2.662662964E0,-6.296206970E0,6.928941193E0
1.310336165E2,-2.658471680E0,-6.298152924E0,6.934180298E0
1.310436575E2,-2.657423859E0,-6.310128021E0,6.928492126E0
1.310536975E2,-2.656974792E0,-6.306834869E0,6.932234344E0
1.310637375E2,-2.645748138E0,-6.313421173E0,6.927743683E0
1.310738085E2,-2.645448761E0,-6.304140472E0,6.910828857E0
1.310838485E2,-2.654879150E0,-6.291865997E0,6.918462982E0
1.310938895E2,-2.653232574E0,-6.278094635E0,6.910529480E0
1.311039295E2,-2.652633820E0,-6.279890900E0,6.900799713E0
1.311139695E2,-2.657423859E0,-6.281836853E0,6.898105316E0
1.311240095E2,-2.654130707E0,-6.289470978E0,6.901398468E0
1.311340805E2,-2.648891602E0,-6.296955414E0,6.900200958E0
1.311441205E2,-2.645448761E0,-6.295608215E0,6.914421387E0
1.311541615E2,-2.631976776E0,-6.299200745E0,6.924749908E0
1.311642015E2,-2.631527710E0,-6.301296387E0,6.936874695E0
1.311742415E2,-2.633922729E0,-6.306984558E0,6.932533722E0
1.311842825E2,-2.643053741E0,-6.315067749E0,6.916666718E0
1.311943525E2,-2.646346893E0,-6.306236115E0,6.896309052E0
1.312043935E2,-2.643502808E0,-6.311175842E0,6.900200958E0
1.312144335E2,-2.641257477E0,-6.314319305E0,6.901248779E0
1.312244735E2,-2.640359344E0,-6.307583313E0,6.900949402E0
1.312345145E2,-2.644999695E0,-6.301895142E0,6.895261230E0
1.312445545E2,-2.649640045E0,-6.291716309E0,6.900051270E0
1.312546255E2,-2.650687866E0,-6.286327515E0,6.904541931E0
1.312646655E2,-2.656825104E0,-6.288722534E0,6.901997223E0
1.312747055E2,-2.673590240E0,-6.294410706E0,6.915020142E0
1.312847455E2,-2.678380280E0,-6.305337982E0,6.922504578E0
1.312947865E2,-2.677781525E0,-6.306685181E0,6.925648041E0
1.313048265E2,-2.683469696E0,-6.300997009E0,6.927743683E0
1.313148975E2,-2.684068451E0,-6.302793274E0,6.926995239E0
1.313249375E2,-2.683320007E0,-6.298152924E0,6.923552399E0
1.313349775E2,-2.684667206E0,-6.274951172E0,6.917115784E0
1.313450185E2,-2.689457245E0,-6.278693390E0,6.916367340E0
1.313550585E2,-2.681224365E0,-6.273753662E0,6.902296600E0
1.313650985E2,-2.677482147E0,-6.273154907E0,6.882238312E0
1.313751695E2,-2.678080902E0,-6.283184052E0,6.887028351E0
1.313852095E2,-2.683320007E0,-6.289920044E0,6.897207184E0
1.313952505E2,-2.681224365E0,-6.290967865E0,6.900051270E0
1.314052905E2,-2.669848022E0,-6.313421173E0,6.909331970E0
1.314153305E2,-2.670596466E0,-6.311924286E0,6.912026367E0
1.314254015E2,-2.681374054E0,-6.310876465E0,6.910529480E0
1.314354415E2,-2.674787750E0,-6.315816193E0,6.910978546E0
1.314454825E2,-2.657124481E0,-6.308032379E0,6.912924500E0
1.314555225E2,-2.651136932E0,-6.308631134E0,6.911876678E0
1.314655625E2,-2.653382263E0,-6.305637360E0,6.907535706E0
1.314756025E2,-2.654729462E0,-6.302194519E0,6.904392242E0
1.314856735E2,-2.661166077E0,-6.307283936E0,6.895560608E0
1.314957145E2,-2.654430084E0,-6.298601990E0,6.903494110E0
1.315057545E2,-2.655627594E0,-6.294261017E0,6.892566833E0
1.315157945E2,-2.658471680E0,-6.304290161E0,6.883735199E0
1.315258345E2,-2.664159851E0,-6.303092651E0,6.904691620E0
1.315358755E2,-2.665956116E0,-6.293811951E0,6.906936951E0
1.315459455E2,-2.668949890E0,-6.291566620E0,6.914571075E0
1.315559865E2,-2.661016388E0,-6.299649811E0,6.914122009E0
1.315660265E2,-2.667003937E0,-6.305038605E0,6.914870453E0
1.315760665E2,-2.669099579E0,-6.303392029E0,6.918163605E0
1.315861075E2,-2.671045532E0,-6.295757904E0,6.910828857E0
1.315961475E2,-2.679428101E0,-6.303392029E0,6.911577301E0
1.316062185E2,-2.669249268E0,-6.291117554E0,6.890620880E0
1.316162585E2,-2.674638062E0,-6.290518799E0,6.901398468E0
1.316262985E2,-2.667003937E0,-6.301895142E0,6.908882904E0
1.316363395E2,-2.666704559E0,-6.307433624E0,6.919211426E0
1.316463795E2,-2.675835571E0,-6.303541718E0,6.904691620E0
1.316564195E2,-2.677182770E0,-6.306834869E0,6.901548157E0
1.316664905E2,-2.683769073E0,-6.302344208E0,6.896309052E0
1.316765305E2,-2.685715027E0,-6.297105103E0,6.901398468E0
1.316865705E2,-2.681673431E0,-6.291117554E0,6.908433838E0
1.316966115E2,-2.690355377E0,-6.283633118E0,6.900051270E0
1.317066515E2,-2.693049774E0,-6.295757904E0,6.897656250E0
1.317166915E2,-2.683769073E0,-6.298901367E0,6.897356873E0
1.317267625E2,-2.694696350E0,-6.294111328E0,6.903194733E0
1.317368025E2,-2.681823120E0,-6.298601990E0,6.921905823E0
1.317468435E2,-2.675236816E0,-6.289470978E0,6.914421387E0
1.317568835E2,-2.670895844E0,-6.308930511E0,6.908882904E0
1.317669235E2,-2.666554871E0,-6.315367126E0,6.922205200E0
1.317769645E2,-2.664459229E0,-6.319408722E0,6.923552399E0
1.317870345E2,-2.674338684E0,-6.311924286E0,6.901548157E0
1.317970755E2,-2.670147400E0,-6.284531250E0,6.888974304E0
1.318071155E2,-2.662962341E0,-6.286028137E0,6.884483643E0
1.318171555E2,-2.669848022E0,-6.291865997E0,6.895560608E0
1.318271955E2,-2.664309540E0,-6.299200745E0,6.866670685E0
1.318372665E2,-2.665357361E0,-6.307882690E0,6.877747650E0
1.318473075E2,-2.667453003E0,-6.306984558E0,6.891369324E0
1.318573475E2,-2.659669189E0,-6.311774597E0,6.900500336E0
1.318673875E2,-2.664459229E0,-6.309379578E0,6.917415161E0
1.318774275E2,-2.657723236E0,-6.309828644E0,6.919211426E0
1.318874685E2,-2.658621368E0,-6.311026154E0,6.916367340E0
1.318975385E2,-2.664159851E0,-6.302942963E0,6.917714539E0
1.319075795E2,-2.659070435E0,-6.300997009E0,6.923402710E0
1.319176195E2,-2.658172302E0,-6.298003235E0,6.910828857E0
1.319276595E2,-2.662962341E0,-6.297105103E0,6.908733215E0
1.319377005E2,-2.658321991E0,-6.293811951E0,6.897805939E0
1.319477405E2,-2.671344910E0,-6.295308838E0,6.906038818E0
1.319578115E2,-2.670147400E0,-6.286177826E0,6.899751892E0
1.319678515E2,-2.669398956E0,-6.285279694E0,6.899302826E0
1.319778915E2,-2.674039307E0,-6.290818176E0,6.907685394E0
1.319879325E2,-2.676134949E0,-6.293512573E0,6.909781036E0
1.319979725E2,-2.683769073E0,-6.302493896E0,6.915020142E0
1.320080125E2,-2.687511292E0,-6.297853546E0,6.928192749E0
1.320180835E2,-2.693199463E0,-6.306535492E0,6.927444305E0
1.320281235E2,-2.695145416E0,-6.300098877E0,6.915918274E0
1.320381703E2,-2.691253510E0,-6.304290161E0,6.910379791E0
1.320482112E2,-2.688259735E0,-6.295009460E0,6.902745667E0
1.320582512E2,-2.699486389E0,-6.294410706E0,6.905589752E0
1.320682912E2,-2.684218140E0,-6.286028137E0,6.900500336E0
1.320783622E2,-2.679877167E0,-6.277944946E0,6.898853760E0
1.320884022E2,-2.678979034E0,-6.283932495E0,6.896458740E0
1.320984432E2,-2.679128723E0,-6.290069733E0,6.904242554E0
1.321084832E2,-2.670446777E0,-6.294710083E0,6.901847534E0
1.321185232E2,-2.675685883E0,-6.305188293E0,6.905739441E0
1.321285643E2,-2.666554871E0,-6.312223663E0,6.902446289E0
1.321386342E2,-2.672542419E0,-6.307583313E0,6.911427612E0
1.321486752E2,-2.670147400E0,-6.315516815E0,6.900200958E0
1.321587152E2,-2.660567322E0,-6.311774597E0,6.894812164E0
1.321687553E2,-2.673141174E0,-6.315666504E0,6.897955627E0
1.321787953E2,-2.665806427E0,-6.298302612E0,6.897057495E0
1.321888662E2,-2.656076660E0,-6.295907593E0,6.903494110E0
1.321989073E2,-2.662513275E0,-6.296656036E0,6.911277924E0
1.322089473E2,-2.656376038E0,-6.292315063E0,6.914720764E0
1.322189872E2,-2.653082886E0,-6.289920044E0,6.902296600E0
1.322290272E2,-2.650687866E0,-6.278394012E0,6.899751892E0
1.322390682E2,-2.658022614E0,-6.277196503E0,6.904990997E0
1.322491383E2,-2.658621368E0,-6.278094635E0,6.926695862E0
1.322591792E2,-2.667902069E0,-6.266718292E0,6.926695862E0
1.322692192E2,-2.666255493E0,-6.275699615E0,6.946604462E0
1.322792592E2,-2.671344910E0,-6.270909576E0,6.950047302E0
1.322893002E2,-2.673440552E0,-6.277196503E0,6.947502594E0
1.322993402E2,-2.671344910E0,-6.285130005E0,6.940616913E0
1.323094112E2,-2.672542419E0,-6.289171600E0,6.931336212E0
1.323194512E2,-2.671644287E0,-6.287225647E0,6.945556641E0
1.323294912E2,-2.664010162E0,-6.283184052E0,6.938820648E0
1.323395323E2,-2.645598450E0,-6.281687164E0,6.937623138E0
1.323495723E2,-2.653232574E0,-6.283633118E0,6.942113800E0
1.323596122E2,-2.658321991E0,-6.286626892E0,6.940467224E0
1.323696832E2,-2.669249268E0,-6.286626892E0,6.921606445E0
1.323797233E2,-2.670147400E0,-6.291566620E0,6.903793488E0
1.323897633E2,-2.659669189E0,-6.307583313E0,6.892716522E0
1.323998042E2,-2.664908295E0,-6.308930511E0,6.903194733E0
1.324098442E2,-2.667453003E0,-6.320007477E0,6.892417145E0
1.324198842E2,-2.663411407E0,-6.318360901E0,6.896309052E0
1.324299553E2,-2.662812653E0,-6.320606232E0,6.896907806E0
1.324399952E2,-2.664908295E0,-6.323300629E0,6.897506561E0
1.324500362E2,-2.648592224E0,-6.328689423E0,6.900200958E0
1.324600762E2,-2.653382263E0,-6.327940979E0,6.910529480E0
1.324701162E2,-2.657274170E0,-6.327342224E0,6.904392242E0
1.324801573E2,-2.639461212E0,-6.329886932E0,6.908433838E0
1.324902272E2,-2.632425842E0,-6.326893158E0,6.912325745E0
1.325002682E2,-2.634521484E0,-6.330785065E0,6.924450531E0
1.325103082E2,-2.635868683E0,-6.330934753E0,6.920708313E0
1.325203483E2,-2.640059967E0,-6.321055298E0,6.899003448E0
1.325303883E2,-2.641257477E0,-6.314468994E0,6.888824615E0
1.325404292E2,-2.646346893E0,-6.313121796E0,6.878047028E0
1.325505002E2,-2.632276154E0,-6.311026154E0,6.869514771E0
1.325605403E2,-2.623294830E0,-6.319109344E0,6.874304810E0
1.325705803E2,-2.619702301E0,-6.330485687E0,6.872358856E0
1.325806202E2,-2.611020355E0,-6.335724792E0,6.876999207E0
1.325906612E2,-2.594105530E0,-6.341712341E0,6.905440063E0
1.326007313E2,-2.584375763E0,-6.338568878E0,6.913523254E0
1.326107722E2,-2.578687592E0,-6.333629150E0,6.908733215E0
1.326208122E2,-2.591111755E0,-6.330785065E0,6.914720764E0
1.326308522E2,-2.589165802E0,-6.336323547E0,6.906936951E0
1.326408932E2,-2.594554596E0,-6.336323547E0,6.905290375E0
1.326509332E2,-2.606829071E0,-6.331234131E0,6.910379791E0
1.326610042E2,-2.610421600E0,-6.337221680E0,6.894961853E0
1.326710442E2,-2.612966309E0,-6.327342224E0,6.893914032E0
1.326810842E2,-2.608325958E0,-6.335575104E0,6.883286133E0
1.326911252E2,-2.612666931E0,-6.327791290E0,6.874604187E0
1.327011653E2,-2.614762573E0,-6.324647827E0,6.893614655E0
1.327112053E2,-2.612816620E0,-6.322552185E0,6.891069946E0
1.327212762E2,-2.623145142E0,-6.331533508E0,6.897356873E0
1.327313162E2,-2.631378021E0,-6.342311096E0,6.910379791E0
1.327413563E2,-2.637664948E0,-6.337071991E0,6.923253021E0
1.327513972E2,-2.642754364E0,-6.334227905E0,6.919211426E0
1.327614372E2,-2.649939423E0,-6.329138489E0,6.908733215E0
1.327714772E2,-2.658920746E0,-6.325545959E0,6.913822632E0
1.327815483E2,-2.650388489E0,-6.314768372E0,6.892267456E0
1.327915882E2,-2.654280396E0,-6.317013702E0,6.889273682E0
1.328016292E2,-2.642454987E0,-6.310726776E0,6.890620880E0
1.328116692E2,-2.637664948E0,-6.312223663E0,6.879094849E0
1.328217092E2,-2.642604675E0,-6.319109344E0,6.878196716E0
1.328317502E2,-2.642904053E0,-6.327641602E0,6.891369324E0
1.328418202E2,-2.640059967E0,-6.332880707E0,6.901548157E0
1.328518612E2,-2.630779266E0,-6.335126038E0,6.908433838E0
1.328619012E2,-2.634521484E0,-6.325246582E0,6.901997223E0
1.328719412E2,-2.633922729E0,-6.331832886E0,6.889123993E0
1.328819813E2,-2.639610901E0,-6.329886932E0,6.895111542E0
1.328920222E2,-2.637365570E0,-6.340215454E0,6.887477417E0
1.329020932E2,-2.637515259E0,-6.341263275E0,6.885232086E0
1.329121332E2,-2.628234558E0,-6.332731018E0,6.890770569E0
1.329221733E2,-2.619103546E0,-6.334227905E0,6.888974304E0
1.329322132E2,-2.615960083E0,-6.328240356E0,6.899602203E0
1.329422542E2,-2.609822845E0,-6.324647827E0,6.897656250E0
1.329523253E2,-2.606679382E0,-6.323450317E0,6.896159363E0
1.329623653E2,-2.601140900E0,-6.332581329E0,6.892417145E0
1.329724052E2,-2.593955841E0,-6.328988800E0,6.897656250E0
1.329824452E2,-2.591411133E0,-6.328689423E0,6.907835083E0
1.329924862E2,-2.600841522E0,-6.326893158E0,6.923702087E0
1.330025262E2,-2.599943390E0,-6.327791290E0,6.918612671E0
1.330125972E2,-2.611020355E0,-6.338419189E0,6.907984772E0
1.330226372E2,-2.617007904E0,-6.337071991E0,6.915768585E0
1.330326751E2,-2.620600433E0,-6.337071991E0,6.902296600E0
1.330427161E2,-2.613115997E0,-6.339017944E0,6.884932709E0
1.330527561E2,-2.616558838E0,-6.342460785E0,6.879992981E0
1.330627961E2,-2.613565063E0,-6.335425415E0,6.884932709E0
1.330728671E2,-2.606529694E0,-6.334676971E0,6.889573059E0
1.330829071E2,-2.601889343E0,-6.325995026E0,6.902595978E0
1.330929481E2,-2.614014130E0,-6.327940979E0,6.903793488E0
1.331029881E2,-2.622696075E0,-6.337670746E0,6.905589752E0
1.331130281E2,-2.622696075E0,-6.334527283E0,6.901398468E0
1.331230681E2,-2.627037048E0,-6.337221680E0,6.895410919E0
1.331331391E2,-2.625689850E0,-6.331683197E0,6.898704071E0
1.331431791E2,-2.618504791E0,-6.343807983E0,6.899602203E0
1.331532201E2,-2.621049500E0,-6.347400513E0,6.902745667E0
1.331632601E2,-2.626438293E0,-6.347699890E0,6.895859985E0
1.331733001E2,-2.621648254E0,-6.357429657E0,6.884034576E0
1.331833411E2,-2.627785492E0,-6.339467010E0,6.882388000E0
1.331934111E2,-2.627785492E0,-6.335874481E0,6.892117767E0
1.332034521E2,-2.631078644E0,-6.341412964E0,6.895560608E0
1.332134921E2,-2.634970551E0,-6.349945221E0,6.911876678E0
1.332235321E2,-2.648292847E0,-6.355483704E0,6.900500336E0
1.332335731E2,-2.637215881E0,-6.344706116E0,6.890171814E0
1.332436131E2,-2.639012146E0,-6.339766388E0,6.881040802E0
1.332536841E2,-2.628533936E0,-6.332880707E0,6.870562592E0
1.332637241E2,-2.620450745E0,-6.327791290E0,6.871610413E0
1.332737641E2,-2.615960083E0,-6.330485687E0,6.864125977E0
1.332838041E2,-2.609972534E0,-6.328839111E0,6.851552124E0
1.332938451E2,-2.604883118E0,-6.345604248E0,6.881040802E0
1.333039161E2,-2.595452728E0,-6.339467010E0,6.909930725E0
1.333139561E2,-2.594255219E0,-6.337820435E0,6.910529480E0
1.333239961E2,-2.598147125E0,-6.335425415E0,6.908433838E0
1.333340361E2,-2.589016113E0,-6.341263275E0,6.918462982E0
1.333440771E2,-2.585872650E0,-6.341113586E0,6.914571075E0
1.333541171E2,-2.600691833E0,-6.331234131E0,6.904990997E0
1.333641881E2,-2.606978760E0,-6.325845337E0,6.900051270E0
1.333742281E2,-2.611319733E0,-6.335874481E0,6.886579285E0
1.333842681E2,-2.611319733E0,-6.332581329E0,6.887028351E0
1.333943091E2,-2.603236542E0,-6.317762146E0,6.881938934E0
1.334043491E2,-2.613415375E0,-6.316864014E0,6.884333954E0
1.334143891E2,-2.611319733E0,-6.314019928E0,6.878047028E0
1.334244601E2,-2.609822845E0,-6.319857788E0,6.894363098E0
1.334345001E2,-2.613714752E0,-6.316414948E0,6.901099091E0
1.334445411E2,-2.625540161E0,-6.322402496E0,6.904541931E0
1.334545811E2,-2.631976776E0,-6.331533508E0,6.917415161E0
1.334646211E2,-2.625540161E0,-6.343209229E0,6.920408936E0
1.334746611E2,-2.635419617E0,-6.338419189E0,6.918462982E0
1.334847321E2,-2.636916504E0,-6.328689423E0,6.918163605E0
1.334947721E2,-2.637515259E0,-6.322103119E0,6.912625122E0
1.335048131E2,-2.630180511E0,-6.320606232E0,6.898853760E0
1.335148531E2,-2.623294830E0,-6.314918060E0,6.895560608E0
1.335248931E2,-2.622995453E0,-6.312073975E0,6.886579285E0
1.335349341E2,-2.625240784E0,-6.311026154E0,6.904841309E0
1.335450041E2,-2.623294830E0,-6.311475220E0,6.903943176E0
1.335550451E2,-2.621797943E0,-6.312822418E0,6.897057495E0
1.335650851E2,-2.630479889E0,-6.312223663E0,6.910529480E0
1.335751251E2,-2.627037048E0,-6.312523041E0,6.909930725E0
1.335851661E2,-2.623743896E0,-6.319708099E0,6.922654266E0
1.335952061E2,-2.623893585E0,-6.331383820E0,6.919061737E0
1.336052771E2,-2.637814636E0,-6.332581329E0,6.908583527E0
1.336153171E2,-2.642305298E0,-6.328539734E0,6.900949402E0
1.336253571E2,-2.633473663E0,-6.323899384E0,6.896309052E0
1.336353971E2,-2.625390472E0,-6.332880707E0,6.899901581E0
1.336454381E2,-2.621498566E0,-6.337970123E0,6.897207184E0
1.336554781E2,-2.610122223E0,-6.316265259E0,6.897955627E0
1.336655491E2,-2.611619110E0,-6.314319305E0,6.895560608E0
1.336755891E2,-2.621199188E0,-6.328240356E0,6.893015900E0
1.336856291E2,-2.609822845E0,-6.326593781E0,6.887327728E0
1.336956701E2,-2.606080627E0,-6.328988800E0,6.899452515E0
1.337057101E2,-2.617157593E0,-6.328988800E0,6.920408936E0
1.337157811E2,-2.614163818E0,-6.328988800E0,6.911876678E0
1.337258211E2,-2.611768799E0,-6.324947205E0,6.920408936E0
1.337358611E2,-2.616259460E0,-6.314019928E0,6.916067963E0
1.337459021E2,-2.608325958E0,-6.326593781E0,6.914571075E0
1.337559421E2,-2.610720978E0,-6.321354675E0,6.914720764E0
1.337659821E2,-2.621947632E0,-6.313720551E0,6.914271698E0
1.337760531E2,-2.615211639E0,-6.314019928E0,6.914271698E0
1.337860931E2,-2.615361328E0,-6.312672729E0,6.915618896E0
1.337961341E2,-2.624642029E0,-6.300847321E0,6.920259247E0
1.338061741E2,-2.621199188E0,-6.304140472E0,6.917564850E0
1.338162141E2,-2.613265686E0,-6.311325531E0,6.918762360E0
1.338262541E2,-2.620899811E0,-6.315816193E0,6.923103333E0
1.338363251E2,-2.614612885E0,-6.323899384E0,6.916666718E0
1.338463651E2,-2.603535919E0,-6.323899384E0,6.906338196E0
1.338564061E2,-2.609972534E0,-6.320456543E0,6.909331970E0
1.338664461E2,-2.618055725E0,-6.332132263E0,6.900051270E0
1.338764861E2,-2.626138916E0,-6.327791290E0,6.888674927E0
1.338865271E2,-2.624941406E0,-6.321953430E0,6.912026367E0
1.338965971E2,-2.630330200E0,-6.320755920E0,6.920708313E0
1.339066381E2,-2.626587982E0,-6.312373352E0,6.925947418E0
1.339166781E2,-2.620600433E0,-6.323899384E0,6.941215668E0
1.339267181E2,-2.621049500E0,-6.325695648E0,6.940467224E0
1.339367591E2,-2.624791718E0,-6.325396271E0,6.929989014E0
1.339467991E2,-2.624941406E0,-6.318660278E0,6.909182281E0
1.339568701E2,-2.633323975E0,-6.309229889E0,6.899602203E0
1.339669101E2,-2.631976776E0,-6.303242340E0,6.894961853E0
1.339769501E2,-2.630479889E0,-6.302344208E0,6.881938934E0
1.339869901E2,-2.630629578E0,-6.307433624E0,6.874304810E0
1.339970311E2,-2.626288605E0,-6.319259033E0,6.893315277E0
1.340070711E2,-2.613265686E0,-6.322252808E0,6.893764343E0
1.340171421E2,-2.620001678E0,-6.319558411E0,6.902296600E0
1.340271821E2,-2.611768799E0,-6.320007477E0,6.917115784E0
1.340372006E2,-2.606380005E0,-6.318211212E0,6.931036835E0
1.340472416E2,-2.614163818E0,-6.325096893E0,6.925348663E0
1.340572816E2,-2.614014130E0,-6.327940979E0,6.911876678E0
1.340673526E2,-2.620301056E0,-6.329737244E0,6.910529480E0
1.340773926E2,-2.624642029E0,-6.337521057E0,6.896309052E0
1.340874326E2,-2.636018372E0,-6.328240356E0,6.898255005E0
1.340974736E2,-2.627336426E0,-6.330785065E0,6.897656250E0
1.341075136E2,-2.611170044E0,-6.329587555E0,6.901847534E0
1.341175536E2,-2.612816620E0,-6.316115570E0,6.894662476E0
1.341276246E2,-2.621348877E0,-6.309229889E0,6.887776794E0
1.341376646E2,-2.623145142E0,-6.302793274E0,6.893464966E0
1.341477056E2,-2.621049500E0,-6.303092651E0,6.918912048E0
1.341577456E2,-2.627486115E0,-6.309678955E0,6.922504578E0
1.341677856E2,-2.623594208E0,-6.322402496E0,6.932084656E0
1.341778256E2,-2.623294830E0,-6.321504364E0,6.931186523E0
1.341878966E2,-2.626288605E0,-6.306385803E0,6.934928741E0
1.341979376E2,-2.625540161E0,-6.304589539E0,6.933132477E0
1.342079776E2,-2.616259460E0,-6.302044830E0,6.933431854E0
1.342180176E2,-2.630479889E0,-6.296656036E0,6.927743683E0
1.342280576E2,-2.618355103E0,-6.289021912E0,6.927893372E0
1.342380986E2,-2.615660706E0,-6.290668488E0,6.918762360E0
1.342481686E2,-2.618654480E0,-6.289770355E0,6.912774811E0
1.342582096E2,-2.618504791E0,-6.300547943E0,6.918163605E0
1.342682496E2,-2.619103546E0,-6.298901367E0,6.916517029E0
1.342782896E2,-2.614912262E0,-6.306236115E0,6.926246796E0
1.342883306E2,-2.624192963E0,-6.317013702E0,6.926097107E0
1.342983706E2,-2.623294830E0,-6.318959656E0,6.907086639E0
1.343084416E2,-2.630180511E0,-6.317612457E0,6.919361115E0
1.343184816E2,-2.635269928E0,-6.321354675E0,6.910080414E0
1.343285216E2,-2.632276154E0,-6.320606232E0,6.911876678E0
1.343385626E2,-2.626138916E0,-6.320456543E0,6.909781036E0
1.343486026E2,-2.629132690E0,-6.322103119E0,6.902446289E0
1.343586426E2,-2.622696075E0,-6.324049072E0,6.896458740E0
1.343687136E2,-2.620301056E0,-6.323001251E0,6.899751892E0
1.343787536E2,-2.611768799E0,-6.312523041E0,6.894363098E0
1.343887936E2,-2.605631561E0,-6.320306854E0,6.892117767E0
1.343988346E2,-2.615211639E0,-6.320755920E0,6.913373566E0
1.344088746E2,-2.622995453E0,-6.308631134E0,6.909631348E0
1.344189456E2,-2.616409149E0,-6.309828644E0,6.916517029E0
1.344289856E2,-2.636018372E0,-6.302942963E0,6.922953644E0
1.344390256E2,-2.631527710E0,-6.308780823E0,6.925648041E0
1.344490666E2,-2.632725220E0,-6.301446075E0,6.934629364E0
1.344591066E2,-2.628084869E0,-6.299649811E0,6.921157379E0
1.344691466E2,-2.633174286E0,-6.302044830E0,6.921606445E0
1.344792176E2,-2.630030823E0,-6.299350433E0,6.923253021E0
1.344892576E2,-2.620600433E0,-6.308930511E0,6.931336212E0
1.344992986E2,-2.625839539E0,-6.301745453E0,6.922205200E0
1.345093386E2,-2.625240784E0,-6.293961639E0,6.931186523E0
1.345193786E2,-2.625390472E0,-6.295009460E0,6.926396484E0
1.345294186E2,-2.620450745E0,-6.294560394E0,6.923702087E0
1.345394896E2,-2.625390472E0,-6.301146698E0,6.917115784E0
1.345495306E2,-2.630030823E0,-6.300398254E0,6.925498352E0
1.345595706E2,-2.628384247E0,-6.306385803E0,6.921456757E0
1.345696106E2,-2.615660706E0,-6.306834869E0,6.934180298E0
1.345796506E2,-2.622546387E0,-6.307433624E0,6.921905823E0
1.345896916E2,-2.614313507E0,-6.306685181E0,6.912774811E0
1.345997616E2,-2.625540161E0,-6.308930511E0,6.907984772E0
1.346098026E2,-2.638563080E0,-6.313271484E0,6.915020142E0
1.346198426E2,-2.632575531E0,-6.311924286E0,6.919959869E0
1.346298826E2,-2.634222107E0,-6.312373352E0,6.918013916E0
1.346399236E2,-2.623594208E0,-6.312822418E0,6.927144928E0
1.346499636E2,-2.620301056E0,-6.330485687E0,6.931785278E0
1.346600346E2,-2.621348877E0,-6.343209229E0,6.920259247E0
1.346700746E2,-2.624642029E0,-6.333329773E0,6.906936951E0
1.346801146E2,-2.620001678E0,-6.321354675E0,6.905889130E0
1.346901556E2,-2.628533936E0,-6.319558411E0,6.897805939E0
1.347001956E2,-2.637215881E0,-6.306535492E0,6.893614655E0
1.347102356E2,-2.643652496E0,-6.299949188E0,6.893764343E0
1.347203066E2,-2.637515259E0,-6.294410706E0,6.891668701E0
1.347303466E2,-2.628983002E0,-6.302044830E0,6.898255005E0
1.347403866E2,-2.624791718E0,-6.308032379E0,6.908583527E0
1.347504276E2,-2.622845764E0,-6.311026154E0,6.905739441E0
1.347604676E2,-2.627785492E0,-6.302044830E0,6.922654266E0
1.347705386E2,-2.609523468E0,-6.302044830E0,6.929390259E0
1.347805786E2,-2.608775024E0,-6.304140472E0,6.928043060E0
1.347906186E2,-2.610122223E0,-6.302793274E0,6.935677185E0
1.348006596E2,-2.608775024E0,-6.299649811E0,6.931635590E0
1.348106996E2,-2.613714752E0,-6.304589539E0,6.925348663E0
1.348207396E2,-2.613415375E0,-6.297254791E0,6.936575317E0
1.348308106E2,-2.613265686E0,-6.290219421E0,6.919810181E0
1.348408506E2,-2.612966309E0,-6.300697632E0,6.920408936E0
1.348508916E2,-2.617456970E0,-6.294111328E0,6.914122009E0
1.348609316E2,-2.628533936E0,-6.287674713E0,6.918313293E0
1.348709716E2,-2.634222107E0,-6.293362885E0,6.905889130E0
1.348810116E2,-2.638563080E0,-6.288123779E0,6.917564850E0
1.348910826E2,-2.642904053E0,-6.300098877E0,6.919959869E0
1.349011236E2,-2.628683624E0,-6.303691406E0,6.929539948E0
1.349111636E2,-2.630479889E0,-6.311475220E0,6.934779053E0
1.349212036E2,-2.640359344E0,-6.306236115E0,6.930737457E0
1.349312436E2,-2.632725220E0,-6.299649811E0,6.912176056E0
1.349412846E2,-2.631527710E0,-6.309678955E0,6.927743683E0
1.349513546E2,-2.630030823E0,-6.304290161E0,6.933282166E0
1.349613956E2,-2.629731445E0,-6.299500122E0,6.938970337E0
1.349714356E2,-2.620750122E0,-6.297853546E0,6.935976563E0
1.349814756E2,-2.628234558E0,-6.296506348E0,6.920408936E0
1.349915166E2,-2.630180511E0,-6.301446075E0,6.916067963E0
1.350015566E2,-2.622247009E0,-6.301895142E0,6.908583527E0
1.350116276E2,-2.627486115E0,-6.309678955E0,6.913822632E0
1.350216676E2,-2.630030823E0,-6.308930511E0,6.911128235E0
1.350317076E2,-2.630479889E0,-6.302643585E0,6.926097107E0
1.350417635E2,-2.635120239E0,-6.301895142E0,6.924899597E0
1.350518035E2,-2.622995453E0,-6.302942963E0,6.932084656E0
1.350618435E2,-2.633623352E0,-6.307583313E0,6.922055511E0
1.350719145E2,-2.637964325E0,-6.304589539E0,6.916517029E0
1.350819545E2,-2.637215881E0,-6.304589539E0,6.916966095E0
1.350919945E2,-2.628983002E0,-6.304290161E0,6.922803955E0
1.351020355E2,-2.619552612E0,-6.314918060E0,6.922803955E0
1.351120755E2,-2.608924713E0,-6.307433624E0,6.922953644E0
1.351221465E2,-2.610571289E0,-6.303392029E0,6.926995239E0
1.351321865E2,-2.605781250E0,-6.299500122E0,6.933731232E0
1.351422265E2,-2.612666931E0,-6.301745453E0,6.930737457E0
1.351522675E2,-2.624043274E0,-6.318510590E0,6.925498352E0
1.351623075E2,-2.617307281E0,-6.316714325E0,6.916966095E0
1.351723475E2,-2.621797943E0,-6.310577087E0,6.913373566E0
1.351824185E2,-2.625839539E0,-6.318211212E0,6.918013916E0
1.351924585E2,-2.619851990E0,-6.315816193E0,6.919361115E0
1.352024995E2,-2.630330200E0,-6.304739227E0,6.922354889E0
1.352125395E2,-2.619552612E0,-6.307433624E0,6.932234344E0
1.352225795E2,-2.618205414E0,-6.301745453E0,6.938670959E0
1.352326195E2,-2.624791718E0,-6.296506348E0,6.915169830E0
1.352426905E2,-2.617307281E0,-6.297404480E0,6.917265472E0
1.352527315E2,-2.622696075E0,-6.298003235E0,6.924899597E0
1.352627715E2,-2.630629578E0,-6.304888916E0,6.912774811E0
1.352728115E2,-2.632276154E0,-6.300398254E0,6.915169830E0
1.352828515E2,-2.624342651E0,-6.300398254E0,6.910230103E0
1.352928925E2,-2.641107788E0,-6.310726776E0,6.906787262E0
1.353029625E2,-2.638263702E0,-6.307882690E0,6.918612671E0
1.353130035E2,-2.641706543E0,-6.302044830E0,6.918462982E0
1.353230435E2,-2.645748138E0,-6.299500122E0,6.921756134E0
1.353330835E2,-2.643053741E0,-6.301745453E0,6.929090881E0
1.353431245E2,-2.638712769E0,-6.301446075E0,6.928492126E0
1.353531645E2,-2.633024597E0,-6.301146698E0,6.906637573E0
1.353632355E2,-2.623444519E0,-6.304739227E0,6.895710297E0
1.353732755E2,-2.634521484E0,-6.307433624E0,6.900799713E0
1.353833155E2,-2.638862457E0,-6.312223663E0,6.902296600E0
1.353933565E2,-2.648143158E0,-6.306834869E0,6.909331970E0
1.354033965E2,-2.655328217E0,-6.300997009E0,6.917415161E0
1.354134365E2,-2.648741913E0,-6.307882690E0,6.911876678E0
1.354235075E2,-2.644251251E0,-6.304739227E0,6.930587769E0
1.354335475E2,-2.646945648E0,-6.299949188E0,6.949747925E0
1.354435875E2,-2.641257477E0,-6.311624908E0,6.937323761E0
1.354536285E2,-2.636617126E0,-6.325995026E0,6.922654266E0
1.354636685E2,-2.638563080E0,-6.321055298E0,6.919959869E0
1.354737395E2,-2.640658722E0,-6.311624908E0,6.898853760E0
1.354837795E2,-2.640359344E0,-6.304290161E0,6.892267456E0
1.354938195E2,-2.645149384E0,-6.306236115E0,6.879094849E0
1.355038605E2,-2.654430084E0,-6.302344208E0,6.883884888E0
1.355139005E2,-2.660866699E0,-6.300847321E0,6.877298584E0
1.355239405E2,-2.663710785E0,-6.308032379E0,6.876550140E0
1.355340115E2,-2.672243042E0,-6.305188293E0,6.900949402E0
1.355440515E2,-2.660717010E0,-6.295757904E0,6.907984772E0
1.355540925E2,-2.651585999E0,-6.304439850E0,6.921157379E0
1.355641325E2,-2.648442535E0,-6.297703857E0,6.921756134E0
1.355741725E2,-2.631378021E0,-6.300098877E0,6.926995239E0
1.355842125E2,-2.622396698E0,-6.301146698E0,6.942113800E0
1.355942835E2,-2.630030823E0,-6.296356659E0,6.929390259E0
1.356043245E2,-2.624192963E0,-6.306685181E0,6.932384033E0
1.356143645E2,-2.628533936E0,-6.315965881E0,6.931336212E0
1.356244045E2,-2.644550629E0,-6.305188293E0,6.923552399E0
1.356344445E2,-2.647095337E0,-6.310128021E0,6.901847534E0
1.356444855E2,-2.654729462E0,-6.297554169E0,6.890321503E0
1.356545565E2,-2.655627594E0,-6.301296387E0,6.894812164E0
1.356645965E2,-2.650987244E0,-6.305787048E0,6.889123993E0
1.356746365E2,-2.652633820E0,-6.305936737E0,6.902895355E0
1.356846765E2,-2.656974792E0,-6.303392029E0,6.909481659E0
1.356947175E2,-2.656076660E0,-6.303092651E0,6.913373566E0
1.357047575E2,-2.655028839E0,-6.302942963E0,6.934329987E0
1.357148285E2,-2.655627594E0,-6.307283936E0,6.934629364E0
1.357248685E2,-2.655627594E0,-6.295458527E0,6.924300842E0
1.357349085E2,-2.650238800E0,-6.300098877E0,6.924300842E0
1.357449495E2,-2.645448761E0,-6.301296387E0,6.908882904E0
1.357549895E2,-2.639910278E0,-6.299799500E0,6.914720764E0
1.357650605E2,-2.647544403E0,-6.299949188E0,6.917864227E0
1.357751005E2,-2.645448761E0,-6.298452301E0,6.909781036E0
1.357851405E2,-2.649490356E0,-6.299799500E0,6.911726990E0
1.357951815E2,-2.649190979E0,-6.302493896E0,6.917564850E0
1.358052215E2,-2.661016388E0,-6.304888916E0,6.907535706E0
1.358152615E2,-2.658920746E0,-6.302044830E0,6.907984772E0
1.358253325E2,-2.652484131E0,-6.305188293E0,6.910529480E0
1.358353725E2,-2.666554871E0,-6.312223663E0,6.896608429E0
1.358454125E2,-2.655328217E0,-6.312822418E0,6.895859985E0
1.358554535E2,-2.654579773E0,-6.321204987E0,6.908733215E0
1.358654935E2,-2.662962341E0,-6.326144714E0,6.901548157E0
1.358755335E2,-2.656675415E0,-6.328390045E0,6.888824615E0
1.358856045E2,-2.652783508E0,-6.320755920E0,6.900200958E0
1.358956445E2,-2.645748138E0,-6.316864014E0,6.899003448E0
1.359056855E2,-2.646047516E0,-6.316265259E0,6.901548157E0
1.359157255E2,-2.656076660E0,-6.315965881E0,6.897356873E0
1.359257655E2,-2.661764832E0,-6.301146698E0,6.894662476E0
1.359358065E2,-2.657723236E0,-6.310876465E0,6.902296600E0
1.359458765E2,-2.663710785E0,-6.309379578E0,6.902895355E0
1.359559175E2,-2.664309540E0,-6.302194519E0,6.907086639E0
1.359659575E2,-2.668800201E0,-6.304140472E0,6.902446289E0
1.359759975E2,-2.666255493E0,-6.308182068E0,6.899901581E0
1.359860375E2,-2.668051758E0,-6.295608215E0,6.898554382E0
1.359960785E2,-2.668051758E0,-6.296656036E0,6.900350647E0
1.360061495E2,-2.671045532E0,-6.291865997E0,6.913074188E0
1.360161895E2,-2.664758606E0,-6.299051056E0,6.918163605E0
1.360262295E2,-2.670895844E0,-6.311175842E0,6.912325745E0
1.360362807E2,-2.663411407E0,-6.311175842E0,6.909032593E0
1.360463218E2,-2.665057983E0,-6.308930511E0,6.910828857E0
1.360563618E2,-2.660267944E0,-6.306385803E0,6.902446289E0
1.360664327E2,-2.668201447E0,-6.305188293E0,6.904841309E0
1.360764727E2,-2.664908295E0,-6.299799500E0,6.892716522E0
1.360865128E2,-2.658621368E0,-6.312523041E0,6.888824615E0
1.360965538E2,-2.652783508E0,-6.306385803E0,6.884483643E0
1.361065937E2,-2.657124481E0,-6.304140472E0,6.896458740E0
1.361166647E2,-2.653082886E0,-6.303242340E0,6.909032593E0
1.361267048E2,-2.658471680E0,-6.304888916E0,6.910679169E0
1.361367448E2,-2.659669189E0,-6.306385803E0,6.912026367E0
1.361467857E2,-2.665357361E0,-6.300997009E0,6.916966095E0
1.361568257E2,-2.661315765E0,-6.293811951E0,6.912625122E0
1.361668657E2,-2.659070435E0,-6.298003235E0,6.912924500E0
1.361769367E2,-2.665357361E0,-6.304140472E0,6.909930725E0
1.361869767E2,-2.661465454E0,-6.306236115E0,6.906038818E0
1.361970167E2,-2.666854248E0,-6.311624908E0,6.895859985E0
1.362070577E2,-2.664010162E0,-6.304739227E0,6.902296600E0
1.362170977E2,-2.661315765E0,-6.305787048E0,6.897506561E0
1.362271378E2,-2.649340668E0,-6.305936737E0,6.894063721E0
1.362372087E2,-2.637515259E0,-6.308331757E0,6.902745667E0
1.362472487E2,-2.646795959E0,-6.310577087E0,6.904242554E0
1.362572897E2,-2.654280396E0,-6.308631134E0,6.894213409E0
1.362673298E2,-2.663710785E0,-6.309678955E0,6.907236328E0
1.362773698E2,-2.668201447E0,-6.313720551E0,6.903494110E0
1.362874107E2,-2.665357361E0,-6.305487671E0,6.915618896E0
1.362974807E2,-2.661764832E0,-6.303541718E0,6.934030609E0
1.363075218E2,-2.656226349E0,-6.308182068E0,6.937174072E0
1.363175617E2,-2.655178528E0,-6.309529266E0,6.926995239E0
1.363276017E2,-2.642904053E0,-6.308182068E0,6.929689636E0
1.363376417E2,-2.647993469E0,-6.307583313E0,6.927593994E0
1.363476827E2,-2.655028839E0,-6.299949188E0,6.904841309E0
1.363577537E2,-2.659968567E0,-6.280190277E0,6.897955627E0
1.363677937E2,-2.672392731E0,-6.277795258E0,6.897356873E0
1.363778337E2,-2.667153625E0,-6.280489655E0,6.897506561E0
1.363878737E2,-2.666405182E0,-6.275849304E0,6.880741425E0
1.363979147E2,-2.669398956E0,-6.289620667E0,6.887627106E0
1.364079548E2,-2.672841797E0,-6.306236115E0,6.901248779E0
1.364180257E2,-2.656376038E0,-6.315067749E0,6.915618896E0
1.364280657E2,-2.656076660E0,-6.315816193E0,6.912924500E0
1.364381057E2,-2.649041290E0,-6.307583313E0,6.919660492E0
1.364481468E2,-2.645897827E0,-6.308930511E0,6.923402710E0
1.364581867E2,-2.636467438E0,-6.311026154E0,6.912475433E0
1.364682577E2,-2.635569305E0,-6.314169617E0,6.911128235E0
1.364782977E2,-2.637515259E0,-6.312373352E0,6.894063721E0
1.364883378E2,-2.642155609E0,-6.313121796E0,6.901548157E0
1.364983787E2,-2.650388489E0,-6.311924286E0,6.895261230E0
1.365084187E2,-2.652484131E0,-6.306834869E0,6.895261230E0
1.365184587E2,-2.651136932E0,-6.301296387E0,6.903643799E0
1.365285298E2,-2.659369812E0,-6.298601990E0,6.896309052E0
1.365385697E2,-2.656076660E0,-6.292165375E0,6.907535706E0
1.365486097E2,-2.655477905E0,-6.296356659E0,6.918313293E0
1.365586507E2,-2.655328217E0,-6.297404480E0,6.929989014E0
1.365686907E2,-2.649640045E0,-6.308331757E0,6.931934967E0
1.365787307E2,-2.646197205E0,-6.312073975E0,6.934329987E0
1.365888017E2,-2.637814636E0,-6.304739227E0,6.934629364E0
1.365988417E2,-2.635120239E0,-6.294560394E0,6.926995239E0
1.366088827E2,-2.645598450E0,-6.304589539E0,6.915469208E0
1.366189227E2,-2.648741913E0,-6.303841095E0,6.918013916E0
1.366289628E2,-2.645448761E0,-6.301146698E0,6.923402710E0
1.366390037E2,-2.637215881E0,-6.299649811E0,6.888974304E0
1.366490737E2,-2.644101562E0,-6.285878448E0,6.896758118E0
1.366591148E2,-2.649789734E0,-6.306236115E0,6.898105316E0
1.366691548E2,-2.650987244E0,-6.311924286E0,6.894363098E0
1.366791947E2,-2.648442535E0,-6.312972107E0,6.896608429E0
1.366892347E2,-2.643652496E0,-6.314618683E0,6.908284149E0
1.366992757E2,-2.638114014E0,-6.314468994E0,6.905440063E0
1.367093468E2,-2.636018372E0,-6.320157166E0,6.911726990E0
1.367193867E2,-2.640509033E0,-6.312073975E0,6.908583527E0
1.367294267E2,-2.629731445E0,-6.312672729E0,6.902146912E0
1.367394667E2,-2.640209656E0,-6.319408722E0,6.903643799E0
1.367495077E2,-2.630479889E0,-6.316864014E0,6.907984772E0
1.367595777E2,-2.622696075E0,-6.317013702E0,6.924450531E0
1.367696187E2,-2.619702301E0,-6.311624908E0,6.910679169E0
1.367796587E2,-2.619253235E0,-6.314019928E0,6.914421387E0
1.367896987E2,-2.612367554E0,-6.311924286E0,6.916217651E0
1.367997398E2,-2.610720978E0,-6.307882690E0,6.906936951E0
1.368097798E2,-2.611768799E0,-6.318959656E0,6.903494110E0
1.368198507E2,-2.621049500E0,-6.317313080E0,6.924600220E0
1.368298907E2,-2.621049500E0,-6.314918060E0,6.926845551E0
1.368399308E2,-2.618055725E0,-6.311325531E0,6.916816406E0
1.368499718E2,-2.617456970E0,-6.314918060E0,6.916517029E0
1.368600117E2,-2.622097321E0,-6.311325531E0,6.905290375E0
1.368700517E2,-2.626587982E0,-6.319109344E0,6.910080414E0
1.368801228E2,-2.642005920E0,-6.317313080E0,6.910679169E0
1.368901628E2,-2.651585999E0,-6.311624908E0,6.907685394E0
1.369002027E2,-2.648143158E0,-6.316115570E0,6.902595978E0
1.369102437E2,-2.652184753E0,-6.315217438E0,6.911128235E0
1.369202837E2,-2.642604675E0,-6.314319305E0,6.909032593E0
1.369303237E2,-2.645448761E0,-6.318510590E0,6.891668701E0
1.369403947E2,-2.653531952E0,-6.317612457E0,6.892417145E0
1.369504347E2,-2.651286621E0,-6.317013702E0,6.893464966E0
1.369604757E2,-2.631976776E0,-6.316864014E0,6.893165588E0
1.369705157E2,-2.635868683E0,-6.314918060E0,6.898853760E0
1.369805558E2,-2.641856232E0,-6.330934753E0,6.889423370E0
1.369905968E2,-2.638712769E0,-6.334527283E0,6.885232086E0
1.370006667E2,-2.633773041E0,-6.330335999E0,6.901997223E0
1.370107077E2,-2.624791718E0,-6.329437866E0,6.903344421E0
1.370207478E2,-2.622546387E0,-6.330335999E0,6.904092865E0
1.370307878E2,-2.620899811E0,-6.333928528E0,6.900200958E0
1.370408044E2,-2.624642029E0,-6.326444092E0,6.900650024E0
1.370508454E2,-2.619552612E0,-6.326593781E0,6.903494110E0
1.370609164E2,-2.618055725E0,-6.324198761E0,6.902446289E0
1.370709564E2,-2.607727203E0,-6.329138489E0,6.887028351E0
1.370809964E2,-2.612217865E0,-6.328539734E0,6.890770569E0
1.370910364E2,-2.605781250E0,-6.337670746E0,6.904242554E0
1.371010774E2,-2.596051483E0,-6.331683197E0,6.904092865E0
1.371111484E2,-2.584525452E0,-6.338568878E0,6.904541931E0
1.371211884E2,-2.581980743E0,-6.339167633E0,6.899751892E0
1.371312284E2,-2.584974518E0,-6.328539734E0,6.910080414E0
1.371412684E2,-2.593357086E0,-6.326444092E0,6.923253021E0
1.371513094E2,-2.621947632E0,-6.314319305E0,6.923402710E0
1.371613494E2,-2.621797943E0,-6.315965881E0,6.921456757E0
1.371714204E2,-2.623444519E0,-6.321204987E0,6.931785278E0
1.371814604E2,-2.643053741E0,-6.322701874E0,6.931036835E0
1.371915004E2,-2.637964325E0,-6.335425415E0,6.915319519E0
1.372015414E2,-2.633473663E0,-6.326893158E0,6.918313293E0
1.372115814E2,-2.637515259E0,-6.318959656E0,6.907086639E0
1.372216214E2,-2.630928955E0,-6.317762146E0,6.887327728E0
1.372316924E2,-2.628833313E0,-6.317612457E0,6.882388000E0
1.372417324E2,-2.628833313E0,-6.316265259E0,6.878496094E0
1.372517734E2,-2.632126465E0,-6.327342224E0,6.881789246E0
1.372618134E2,-2.620899811E0,-6.337670746E0,6.893165588E0
1.372718534E2,-2.630479889E0,-6.340065765E0,6.890321503E0
1.372818934E2,-2.625689850E0,-6.341562653E0,6.902595978E0
1.372919644E2,-2.622546387E0,-6.343807983E0,6.910828857E0
1.373020044E2,-2.626587982E0,-6.347101135E0,6.891219635E0
1.373120454E2,-2.629432068E0,-6.346352692E0,6.882687378E0
1.373220854E2,-2.627935181E0,-6.347849579E0,6.880591736E0
1.373321254E2,-2.637964325E0,-6.347250824E0,6.882238312E0
1.373421664E2,-2.633623352E0,-6.352190552E0,6.878346405E0
1.373522364E2,-2.633922729E0,-6.341862030E0,6.881789246E0
1.373622774E2,-2.627785492E0,-6.328689423E0,6.881190491E0
1.373723174E2,-2.625240784E0,-6.327491913E0,6.883884888E0
1.373823574E2,-2.615211639E0,-6.321654053E0,6.891668701E0
1.373923984E2,-2.609673157E0,-6.318510590E0,6.903045044E0
1.374024684E2,-2.614612885E0,-6.311175842E0,6.898255005E0
1.374125094E2,-2.618804169E0,-6.302344208E0,6.914571075E0
1.374225494E2,-2.618205414E0,-6.314918060E0,6.927743683E0
1.374325894E2,-2.617007904E0,-6.316265259E0,6.935078430E0
1.374426294E2,-2.618504791E0,-6.335425415E0,6.940018158E0
1.374526704E2,-2.623893585E0,-6.327342224E0,6.933431854E0
1.374627414E2,-2.605032806E0,-6.324797516E0,6.929539948E0
1.374727814E2,-2.608924713E0,-6.318959656E0,6.922953644E0
1.374828214E2,-2.614014130E0,-6.312223663E0,6.923552399E0
1.374928614E2,-2.612068176E0,-6.322552185E0,6.909182281E0
1.375029024E2,-2.616259460E0,-6.317462769E0,6.903045044E0
1.375129424E2,-2.624941406E0,-6.311624908E0,6.903643799E0
1.375230134E2,-2.633473663E0,-6.308930511E0,6.904990997E0
1.375330534E2,-2.624342651E0,-6.318510590E0,6.899003448E0
1.375430934E2,-2.629132690E0,-6.321204987E0,6.894961853E0
1.375531344E2,-2.625989227E0,-6.325995026E0,6.886130219E0
1.375631744E2,-2.618504791E0,-6.332281952E0,6.902296600E0
1.375732144E2,-2.615960083E0,-6.326893158E0,6.900350647E0
1.375832854E2,-2.622396698E0,-6.327491913E0,6.895560608E0
1.375933254E2,-2.629132690E0,-6.331234131E0,6.906188507E0
1.376033664E2,-2.634371796E0,-6.331982574E0,6.909032593E0
1.376134064E2,-2.627186737E0,-6.329288177E0,6.908134460E0
1.376234464E2,-2.625989227E0,-6.332132263E0,6.902745667E0
1.376334864E2,-2.621199188E0,-6.329288177E0,6.913822632E0
1.376435574E2,-2.625689850E0,-6.321654053E0,6.914122009E0
1.376535974E2,-2.616858215E0,-6.309229889E0,6.901248779E0
1.376636384E2,-2.609673157E0,-6.309379578E0,6.903643799E0
1.376736784E2,-2.623444519E0,-6.315367126E0,6.906787262E0
1.376837184E2,-2.618804169E0,-6.302493896E0,6.919361115E0
1.376937594E2,-2.611020355E0,-6.298901367E0,6.935228119E0
1.377038294E2,-2.620750122E0,-6.302344208E0,6.924300842E0
1.377138704E2,-2.622546387E0,-6.305188293E0,6.909781036E0
1.377239104E2,-2.624043274E0,-6.301745453E0,6.919810181E0
1.377339504E2,-2.621199188E0,-6.305936737E0,6.922055511E0
1.377439914E2,-2.627785492E0,-6.308631134E0,6.906188507E0
1.377540614E2,-2.627037048E0,-6.309678955E0,6.915918274E0
1.377641024E2,-2.623444519E0,-6.297254791E0,6.914421387E0
1.377741424E2,-2.629282379E0,-6.320157166E0,6.903344421E0
1.377841824E2,-2.624342651E0,-6.325695648E0,6.903344421E0
1.377942224E2,-2.622247009E0,-6.317313080E0,6.913523254E0
1.378042634E2,-2.620600433E0,-6.316564636E0,6.916367340E0
1.378143344E2,-2.619702301E0,-6.313870239E0,6.905739441E0
1.378243744E2,-2.609523468E0,-6.310726776E0,6.913373566E0
1.378344144E2,-2.617307281E0,-6.331234131E0,6.919660492E0
1.378444544E2,-2.616858215E0,-6.318061523E0,6.916816406E0
1.378544954E2,-2.606829071E0,-6.315516815E0,6.911726990E0
1.378645354E2,-2.623594208E0,-6.307134247E0,6.915618896E0
1.378746064E2,-2.629432068E0,-6.303691406E0,6.918013916E0
1.378846464E2,-2.619253235E0,-6.317013702E0,6.916217651E0
1.378946864E2,-2.614014130E0,-6.321204987E0,6.909930725E0
1.379047274E2,-2.608026581E0,-6.317462769E0,6.904242554E0
1.379147674E2,-2.603236542E0,-6.315816193E0,6.916367340E0
1.379248074E2,-2.598895569E0,-6.316414948E0,6.918762360E0
1.379348784E2,-2.609972534E0,-6.305787048E0,6.913972321E0
1.379449184E2,-2.622845764E0,-6.305936737E0,6.920708313E0
1.379549594E2,-2.623444519E0,-6.307583313E0,6.926246796E0
1.379649994E2,-2.623893585E0,-6.302643585E0,6.937772827E0
1.379750394E2,-2.632126465E0,-6.303841095E0,6.945107574E0
1.379850794E2,-2.630180511E0,-6.316714325E0,6.936275940E0
1.379951504E2,-2.640808411E0,-6.325845337E0,6.923702087E0
1.380051904E2,-2.649490356E0,-6.324049072E0,6.911726990E0
1.380152314E2,-2.649789734E0,-6.310427399E0,6.906936951E0
1.380252714E2,-2.640808411E0,-6.308032379E0,6.892417145E0
1.380353404E2,-2.645299072E0,-6.307733002E0,6.887477417E0
1.380454114E2,-2.640059967E0,-6.302344208E0,6.890321503E0
1.380554514E2,-2.634371796E0,-6.304589539E0,6.895859985E0
1.380654924E2,-2.639760590E0,-6.315816193E0,6.882537689E0
1.380755324E2,-2.631827087E0,-6.312972107E0,6.895410919E0
1.380855724E2,-2.622396698E0,-6.314169617E0,6.904242554E0
1.380956134E2,-2.619402924E0,-6.311175842E0,6.910379791E0
1.381056834E2,-2.617906036E0,-6.319408722E0,6.914271698E0
1.381157244E2,-2.617756348E0,-6.320456543E0,6.907086639E0
1.381257644E2,-2.614163818E0,-6.323300629E0,6.903045044E0
1.381358044E2,-2.616409149E0,-6.327491913E0,6.894512787E0
1.381458444E2,-2.621199188E0,-6.318360901E0,6.902895355E0
1.381558854E2,-2.614762573E0,-6.321803741E0,6.911277924E0
1.381659564E2,-2.615810394E0,-6.324647827E0,6.900500336E0
1.381759964E2,-2.615960083E0,-6.311475220E0,6.915768585E0
1.381860364E2,-2.613415375E0,-6.311924286E0,6.912924500E0
1.381960764E2,-2.614313507E0,-6.300847321E0,6.913074188E0
1.382061174E2,-2.622995453E0,-6.300697632E0,6.921756134E0
1.382161574E2,-2.635868683E0,-6.296656036E0,6.939120026E0
1.382262284E2,-2.642155609E0,-6.289470978E0,6.927294617E0
1.382362684E2,-2.651735687E0,-6.303092651E0,6.938521271E0
1.382463084E2,-2.648143158E0,-6.313271484E0,6.944957886E0
1.382563494E2,-2.656376038E0,-6.311475220E0,6.934180298E0
1.382663894E2,-2.643951874E0,-6.299500122E0,6.921756134E0
1.382764294E2,-2.642904053E0,-6.288872223E0,6.912625122E0
1.382865004E2,-2.646197205E0,-6.294710083E0,6.912026367E0
1.382965404E2,-2.645598450E0,-6.298901367E0,6.910679169E0
1.383065814E2,-2.637964325E0,-6.292614441E0,6.910230103E0
1.383166214E2,-2.641407166E0,-6.296356659E0,6.902146912E0
1.383266614E2,-2.647993469E0,-6.309080200E0,6.902745667E0
1.383367014E2,-2.644101562E0,-6.315067749E0,6.914271698E0
1.383467724E2,-2.648442535E0,-6.318211212E0,6.918313293E0
1.383568124E2,-2.633922729E0,-6.312972107E0,6.913074188E0
1.383668534E2,-2.634521484E0,-6.314468994E0,6.907835083E0
1.383768934E2,-2.634072418E0,-6.315816193E0,6.922354889E0
1.383869334E2,-2.636317749E0,-6.317612457E0,6.920408936E0
1.383970044E2,-2.620899811E0,-6.313421173E0,6.916367340E0
1.384070444E2,-2.617307281E0,-6.313870239E0,6.907236328E0
1.384170854E2,-2.619702301E0,-6.310876465E0,6.904242554E0
1.384271254E2,-2.611319733E0,-6.309080200E0,6.917564850E0
1.384371654E2,-2.599943390E0,-6.299649811E0,6.908882904E0
1.384472064E2,-2.592608643E0,-6.297853546E0,6.906787262E0
1.384572764E2,-2.588267670E0,-6.308331757E0,6.927444305E0
1.384673174E2,-2.587519226E0,-6.306385803E0,6.924749908E0
1.384773574E2,-2.593357086E0,-6.308032379E0,6.921756134E0
1.384873974E2,-2.596500549E0,-6.300697632E0,6.927144928E0
1.384974374E2,-2.602188721E0,-6.303392029E0,6.927294617E0
1.385074784E2,-2.602338409E0,-6.309828644E0,6.935527496E0
1.385175494E2,-2.610271912E0,-6.303990784E0,6.933132477E0
1.385275894E2,-2.623893585E0,-6.298901367E0,6.918163605E0
1.385376294E2,-2.623145142E0,-6.313421173E0,6.906637573E0
1.385476694E2,-2.621648254E0,-6.316714325E0,6.910978546E0
1.385577104E2,-2.621049500E0,-6.306236115E0,6.902146912E0
1.385677504E2,-2.628234558E0,-6.306236115E0,6.907835083E0
1.385778214E2,-2.623145142E0,-6.309828644E0,6.921606445E0
1.385878614E2,-2.620301056E0,-6.318660278E0,6.914122009E0
1.385979014E2,-2.629881134E0,-6.315516815E0,6.924001465E0
1.386079424E2,-2.628683624E0,-6.311624908E0,6.921905823E0
1.386179824E2,-2.630928955E0,-6.320306854E0,6.914720764E0
1.386280224E2,-2.636766815E0,-6.319857788E0,6.909481659E0
1.386380934E2,-2.644101562E0,-6.318660278E0,6.908583527E0
1.386481334E2,-2.644400940E0,-6.316564636E0,6.906188507E0
1.386581744E2,-2.640359344E0,-6.315965881E0,6.897805939E0
1.386682144E2,-2.647095337E0,-6.308930511E0,6.905140686E0
1.386782544E2,-2.642005920E0,-6.300847321E0,6.911427612E0
1.386883254E2,-2.631378021E0,-6.302942963E0,6.913523254E0
1.386983654E2,-2.627486115E0,-6.303691406E0,6.929390259E0
1.387084064E2,-2.633773041E0,-6.294410706E0,6.927444305E0
1.387184464E2,-2.633323975E0,-6.299500122E0,6.923253021E0
1.387284864E2,-2.634521484E0,-6.312672729E0,6.932683411E0
1.387385264E2,-2.637664948E0,-6.311475220E0,6.925198975E0
1.387485974E2,-2.628833313E0,-6.304888916E0,6.922055511E0
1.387586374E2,-2.623893585E0,-6.313121796E0,6.922803955E0
1.387686784E2,-2.629282379E0,-6.304888916E0,6.921456757E0
1.387787184E2,-2.643951874E0,-6.315965881E0,6.917115784E0
1.387887584E2,-2.632874908E0,-6.312073975E0,6.903194733E0
1.387987994E2,-2.636018372E0,-6.297404480E0,6.928641815E0
1.388088694E2,-2.637515259E0,-6.298302612E0,6.934479675E0
1.388189104E2,-2.631378021E0,-6.301446075E0,6.934329987E0
1.388289504E2,-2.620899811E0,-6.313870239E0,6.947352905E0
1.388389904E2,-2.629432068E0,-6.319558411E0,6.938072205E0
1.388490314E2,-2.631228333E0,-6.319857788E0,6.929689636E0
1.388590714E2,-2.631378021E0,-6.307733002E0,6.921456757E0
1.388691424E2,-2.641856232E0,-6.305038605E0,6.901697845E0
1.388791824E2,-2.644400940E0,-6.300847321E0,6.898105316E0
1.388892224E2,-2.632725220E0,-6.305787048E0,6.900799713E0
1.388992624E2,-2.639012146E0,-6.311026154E0,6.895710297E0
1.389093034E2,-2.637664948E0,-6.309229889E0,6.897955627E0
1.389193434E2,-2.637664948E0,-6.311325531E0,6.902745667E0
1.389294144E2,-2.630629578E0,-6.314918060E0,6.914720764E0
1.389394544E2,-2.625091095E0,-6.317013702E0,6.923402710E0
1.389494944E2,-2.624043274E0,-6.318211212E0,6.919959869E0
1.389595354E2,-2.625390472E0,-6.315965881E0,6.916367340E0
1.389695754E2,-2.624941406E0,-6.316265259E0,6.903344421E0
1.389796154E2,-2.630330200E0,-6.309080200E0,6.916367340E0
1.389896864E2,-2.627336426E0,-6.311325531E0,6.915020142E0
1.389997264E2,-2.629132690E0,-6.300547943E0,6.910379791E0
1.390097674E2,-2.630330200E0,-6.293662262E0,6.913672943E0
1.390198074E2,-2.629881134E0,-6.290219421E0,6.915618896E0
1.390298474E2,-2.627785492E0,-6.289920044E0,6.919810181E0
1.390398964E2,-2.626438293E0,-6.296805725E0,6.920558624E0
1.390499364E2,-2.631078644E0,-6.299350433E0,6.921307068E0
1.390599774E2,-2.640658722E0,-6.299949188E0,6.919510803E0
1.390700174E2,-2.633473663E0,-6.297703857E0,6.920408936E0
1.390800574E2,-2.642454987E0,-6.309229889E0,6.934629364E0
1.390900974E2,-2.629731445E0,-6.318061523E0,6.932533722E0
1.391001684E2,-2.626737671E0,-6.312223663E0,6.932833099E0
1.391102084E2,-2.629282379E0,-6.302194519E0,6.931336212E0
1.391202494E2,-2.632425842E0,-6.302194519E0,6.928941193E0
1.391302894E2,-2.628084869E0,-6.299500122E0,6.914720764E0
1.391403294E2,-2.627037048E0,-6.292464752E0,6.910379791E0
1.391503704E2,-2.628683624E0,-6.293662262E0,6.924600220E0
1.391604404E2,-2.618504791E0,-6.305787048E0,6.911128235E0
1.391704814E2,-2.624342651E0,-6.305188293E0,6.913074188E0
1.391805214E2,-2.624342651E0,-6.312223663E0,6.912774811E0
1.391905614E2,-2.628983002E0,-6.312073975E0,6.916666718E0
1.392006024E2,-2.624791718E0,-6.301595764E0,6.910978546E0
1.392106424E2,-2.620899811E0,-6.310726776E0,6.910978546E0
1.392207134E2,-2.627785492E0,-6.310277710E0,6.907236328E0
1.392307534E2,-2.635269928E0,-6.306385803E0,6.909631348E0
1.392407934E2,-2.637964325E0,-6.313720551E0,6.908882904E0
1.392508334E2,-2.630180511E0,-6.310277710E0,6.907835083E0
1.392608744E2,-2.629282379E0,-6.317313080E0,6.912176056E0
1.392709144E2,-2.625091095E0,-6.318211212E0,6.907835083E0
1.392809854E2,-2.615810394E0,-6.316115570E0,6.915918274E0
1.392910254E2,-2.615511017E0,-6.318211212E0,6.904092865E0
1.393010654E2,-2.611918488E0,-6.310577087E0,6.901248779E0
1.393111064E2,-2.614912262E0,-6.319708099E0,6.910379791E0
1.393211464E2,-2.612517242E0,-6.311924286E0,6.907984772E0
1.393312174E2,-2.609373779E0,-6.309678955E0,6.911427612E0
1.393412574E2,-2.611319733E0,-6.310277710E0,6.923253021E0
1.393512974E2,-2.612966309E0,-6.302044830E0,6.937024384E0
1.393613384E2,-2.621797943E0,-6.304439850E0,6.927743683E0
1.393713784E2,-2.628833313E0,-6.296805725E0,6.936425629E0
1.393814184E2,-2.632575531E0,-6.288722534E0,6.933431854E0
1.393914894E2,-2.638563080E0,-6.291865997E0,6.939120026E0
1.394015294E2,-2.634970551E0,-6.295009460E0,6.932384033E0
1.394115704E2,-2.647095337E0,-6.287674713E0,6.928192749E0
1.394216104E2,-2.649340668E0,-6.288722534E0,6.926995239E0
1.394316504E2,-2.638263702E0,-6.291416931E0,6.922354889E0
1.394416904E2,-2.634521484E0,-6.290818176E0,6.922354889E0
1.394517614E2,-2.631827087E0,-6.293063507E0,6.910379791E0
1.394618014E2,-2.639760590E0,-6.300997009E0,6.917115784E0
1.394718424E2,-2.644700317E0,-6.301595764E0,6.917415161E0
1.394818824E2,-2.640509033E0,-6.303691406E0,6.913223877E0
1.394919224E2,-2.647843781E0,-6.309229889E0,6.915618896E0
1.395019634E2,-2.639910278E0,-6.311624908E0,6.916966095E0
1.395120334E2,-2.638114014E0,-6.311475220E0,6.906487885E0
1.395220744E2,-2.642904053E0,-6.312373352E0,6.911277924E0
1.395321144E2,-2.632126465E0,-6.311475220E0,6.912475433E0
1.395421544E2,-2.633323975E0,-6.306236115E0,6.907835083E0
1.395521954E2,-2.626438293E0,-6.305337982E0,6.908583527E0
1.395622354E2,-2.625989227E0,-6.300847321E0,6.917864227E0
1.395723064E2,-2.632874908E0,-6.298452301E0,6.903793488E0
1.395823464E2,-2.632425842E0,-6.303841095E0,6.909631348E0
1.395923864E2,-2.620899811E0,-6.309229889E0,6.913074188E0
1.396024264E2,-2.624043274E0,-6.308032379E0,6.915319519E0
1.396124674E2,-2.621797943E0,-6.304439850E0,6.926546173E0
1.396225074E2,-2.627935181E0,-6.304439850E0,6.919660492E0
1.396325784E2,-2.640359344E0,-6.306086426E0,6.909331970E0
1.396426184E2,-2.640359344E0,-6.301745453E0,6.912625122E0
1.396526584E2,-2.641257477E0,-6.301296387E0,6.913373566E0
1.396626994E2,-2.640808411E0,-6.295458527E0,6.931934967E0
1.396727394E2,-2.640509033E0,-6.287824402E0,6.947502594E0
1.396828104E2,-2.627935181E0,-6.306086426E0,6.943311310E0
1.396928504E2,-2.627336426E0,-6.312523041E0,6.944508820E0
1.397028904E2,-2.629282379E0,-6.297853546E0,6.932833099E0
1.397129314E2,-2.636018372E0,-6.297254791E0,6.920558624E0
1.397229714E2,-2.633773041E0,-6.298901367E0,6.911128235E0
1.397330114E2,-2.640509033E0,-6.292165375E0,6.902146912E0
1.397430824E2,-2.637066193E0,-6.297703857E0,6.893315277E0
1.397531224E2,-2.633473663E0,-6.300547943E0,6.888974304E0
1.397631634E2,-2.629881134E0,-6.297853546E0,6.902745667E0
1.397732034E2,-2.626438293E0,-6.303242340E0,6.910978546E0
1.397832434E2,-2.624492340E0,-6.304589539E0,6.916367340E0
1.397932834E2,-2.619103546E0,-6.309529266E0,6.912774811E0
1.398033544E2,-2.621199188E0,-6.315965881E0,6.920259247E0
1.398133954E2,-2.626587982E0,-6.307583313E0,6.923702087E0
1.398234354E2,-2.623294830E0,-6.312972107E0,6.915469208E0
1.398334754E2,-2.628833313E0,-6.316564636E0,6.915918274E0
1.398435154E2,-2.628983002E0,-6.309529266E0,6.918013916E0
1.398535564E2,-2.630779266E0,-6.304140472E0,6.920558624E0
1.398636264E2,-2.622097321E0,-6.305188293E0,6.900949402E0
1.398736674E2,-2.628084869E0,-6.303242340E0,6.899602203E0
1.398837074E2,-2.633922729E0,-6.288572845E0,6.915618896E0
1.398937474E2,-2.633024597E0,-6.285130005E0,6.918163605E0
1.399037884E2,-2.635569305E0,-6.286177826E0,6.909781036E0
1.399138284E2,-2.634820862E0,-6.275549927E0,6.917415161E0
1.399238994E2,-2.635569305E0,-6.277346191E0,6.928043060E0
1.399339394E2,-2.643353119E0,-6.281238098E0,6.935527496E0
1.399439794E2,-2.638712769E0,-6.299649811E0,6.934779053E0
1.399540204E2,-2.649640045E0,-6.293063507E0,6.942263489E0
1.399640604E2,-2.639760590E0,-6.288872223E0,6.934329987E0
1.399741314E2,-2.637365570E0,-6.290518799E0,6.917115784E0
1.399841714E2,-2.640958099E0,-6.295757904E0,6.918163605E0
1.399942114E2,-2.637964325E0,-6.296656036E0,6.926246796E0
1.400042514E2,-2.644850006E0,-6.293811951E0,6.925049286E0
1.400142924E2,-2.637814636E0,-6.289321289E0,6.912475433E0
1.400243324E2,-2.639461212E0,-6.293512573E0,6.900799713E0
1.400344034E2,-2.639760590E0,-6.297853546E0,6.900949402E0
1.400444429E2,-2.644550629E0,-6.303092651E0,6.904092865E0
1.400544829E2,-2.640658722E0,-6.307882690E0,6.896907806E0
1.400645239E2,-2.633922729E0,-6.304290161E0,6.907386017E0
1.400745639E2,-2.631228333E0,-6.303541718E0,6.916067963E0
1.400846039E2,-2.633024597E0,-6.301446075E0,6.929989014E0
1.400946749E2,-2.645448761E0,-6.311774597E0,6.917864227E0
1.401047149E2,-2.646795959E0,-6.306236115E0,6.922953644E0
1.401147559E2,-2.639610901E0,-6.302643585E0,6.921756134E0
1.401247959E2,-2.629731445E0,-6.303990784E0,6.918013916E0
1.401348359E2,-2.628533936E0,-6.308182068E0,6.909781036E0
1.401448759E2,-2.622546387E0,-6.301296387E0,6.917265472E0
1.401549469E2,-2.623893585E0,-6.291416931E0,6.911128235E0
1.401649879E2,-2.621947632E0,-6.291267242E0,6.912325745E0
1.401750279E2,-2.616109772E0,-6.293362885E0,6.908284149E0
1.401850679E2,-2.624342651E0,-6.298452301E0,6.919510803E0
1.401951079E2,-2.628683624E0,-6.299500122E0,6.934180298E0
1.402051489E2,-2.627336426E0,-6.296506348E0,6.931635590E0
1.402152189E2,-2.626887360E0,-6.293213196E0,6.919660492E0
1.402252599E2,-2.634222107E0,-6.281238098E0,6.930438080E0
1.402352999E2,-2.641556854E0,-6.289920044E0,6.927893372E0
1.402453399E2,-2.641407166E0,-6.291117554E0,6.920408936E0
1.402553809E2,-2.637814636E0,-6.291566620E0,6.932533722E0
1.402654509E2,-2.639910278E0,-6.295458527E0,6.918313293E0
1.402754919E2,-2.641407166E0,-6.303392029E0,6.912176056E0
1.402855319E2,-2.636168060E0,-6.300248566E0,6.912924500E0
1.402955719E2,-2.632575531E0,-6.309080200E0,6.913074188E0
1.403056129E2,-2.630629578E0,-6.308331757E0,6.928342438E0
1.403156529E2,-2.641407166E0,-6.305487671E0,6.920109558E0
1.403257239E2,-2.640658722E0,-6.302344208E0,6.919061737E0
1.403357639E2,-2.633922729E0,-6.293213196E0,6.917265472E0
1.403458039E2,-2.634820862E0,-6.299500122E0,6.915618896E0
1.403558439E2,-2.642454987E0,-6.299799500E0,6.907685394E0
1.403658849E2,-2.644400940E0,-6.305787048E0,6.907984772E0
1.403759249E2,-2.632725220E0,-6.308032379E0,6.908583527E0
1.403859959E2,-2.635718994E0,-6.299949188E0,6.913373566E0
1.403960359E2,-2.633623352E0,-6.298003235E0,6.913822632E0
1.404060759E2,-2.626887360E0,-6.287225647E0,6.926246796E0
1.404161169E2,-2.618504791E0,-6.285728760E0,6.920708313E0
1.404261569E2,-2.625689850E0,-6.287525024E0,6.921307068E0
1.404361969E2,-2.636916504E0,-6.291716309E0,6.939718781E0
1.404462679E2,-2.639610901E0,-6.281537476E0,6.928342438E0
1.404563079E2,-2.642604675E0,-6.292764130E0,6.931336212E0
1.404663489E2,-2.631228333E0,-6.295009460E0,6.927144928E0
1.404763889E2,-2.626288605E0,-6.293512573E0,6.910978546E0
1.404864289E2,-2.623444519E0,-6.293512573E0,6.910529480E0
1.404964689E2,-2.624192963E0,-6.304739227E0,6.920708313E0
1.405065399E2,-2.634521484E0,-6.296356659E0,6.920858002E0
1.405165809E2,-2.644550629E0,-6.296356659E0,6.912625122E0
1.405266209E2,-2.643502808E0,-6.286028137E0,6.933731232E0
1.405366609E2,-2.633024597E0,-6.287375336E0,6.935078430E0
1.405467009E2,-2.643502808E0,-6.291865997E0,6.946754150E0
1.405567719E2,-2.636766815E0,-6.309828644E0,6.951993256E0
1.405668119E2,-2.629881134E0,-6.310128021E0,6.937922516E0
1.405768529E2,-2.638712769E0,-6.304290161E0,6.919959869E0
1.405868929E2,-2.637964325E0,-6.288722534E0,6.908583527E0
1.405969329E2,-2.652783508E0,-6.280190277E0,6.909930725E0
1.406069739E2,-2.649490356E0,-6.285130005E0,6.893764343E0
1.406170439E2,-2.647694092E0,-6.287225647E0,6.897656250E0
1.406270849E2,-2.653082886E0,-6.281537476E0,6.894063721E0
1.406371249E2,-2.650538177E0,-6.287075958E0,6.891968079E0
1.406471649E2,-2.645299072E0,-6.290369110E0,6.904242554E0
1.406572059E2,-2.637814636E0,-6.305787048E0,6.918163605E0
1.406672459E2,-2.640059967E0,-6.307882690E0,6.922953644E0
1.406773169E2,-2.642305298E0,-6.303691406E0,6.923702087E0
1.406873569E2,-2.644700317E0,-6.298452301E0,6.930288391E0
1.406973969E2,-2.642754364E0,-6.302493896E0,6.927294617E0
1.407074369E2,-2.650238800E0,-6.289620667E0,6.930887146E0
1.407174779E2,-2.643951874E0,-6.294710083E0,6.913672943E0
1.407275179E2,-2.637964325E0,-6.297105103E0,6.908882904E0
1.407375889E2,-2.643053741E0,-6.291566620E0,6.891069946E0
1.407476289E2,-2.637814636E0,-6.285728760E0,6.894812164E0
1.407576689E2,-2.637215881E0,-6.289321289E0,6.896309052E0
1.407677099E2,-2.636467438E0,-6.293811951E0,6.915768585E0
1.407777499E2,-2.637515259E0,-6.290668488E0,6.909331970E0
1.407877899E2,-2.649190979E0,-6.298302612E0,6.925049286E0
1.407978609E2,-2.648442535E0,-6.296656036E0,6.924300842E0
1.408079009E2,-2.643053741E0,-6.298003235E0,6.938221893E0
1.408179419E2,-2.630180511E0,-6.287824402E0,6.937323761E0
1.408279819E2,-2.636018372E0,-6.291117554E0,6.944957886E0
1.408380219E2,-2.639610901E0,-6.285728760E0,6.936275940E0
1.408480929E2,-2.649640045E0,-6.292913818E0,6.925348663E0
1.408581329E2,-2.637066193E0,-6.287974091E0,6.935976563E0
1.408681739E2,-2.629282379E0,-6.288123779E0,6.919361115E0
1.408782139E2,-2.632575531E0,-6.293811951E0,6.910379791E0
1.408882539E2,-2.638263702E0,-6.293063507E0,6.913523254E0
1.408982939E2,-2.642155609E0,-6.295458527E0,6.905739441E0
1.409083649E2,-2.643203430E0,-6.300997009E0,6.912774811E0
1.409184049E2,-2.643203430E0,-6.292315063E0,6.915020142E0
1.409284459E2,-2.641706543E0,-6.289770355E0,6.917115784E0
1.409384859E2,-2.637215881E0,-6.291416931E0,6.923402710E0
1.409485259E2,-2.631677399E0,-6.291117554E0,6.928342438E0
1.409585669E2,-2.644999695E0,-6.298901367E0,6.924600220E0
1.409686369E2,-2.636317749E0,-6.308481445E0,6.923103333E0
1.409786779E2,-2.638114014E0,-6.298003235E0,6.922354889E0
1.409887179E2,-2.644400940E0,-6.303691406E0,6.916816406E0
1.409987579E2,-2.640658722E0,-6.303841095E0,6.918612671E0
1.410087989E2,-2.637215881E0,-6.311175842E0,6.911277924E0
1.410188389E2,-2.637515259E0,-6.300098877E0,6.902446289E0
1.410289099E2,-2.638712769E0,-6.292165375E0,6.903194733E0
1.410389590E2,-2.638862457E0,-6.285878448E0,6.911876678E0
1.410489990E2,-2.639760590E0,-6.286926270E0,6.919660492E0
1.410590390E2,-2.636168060E0,-6.288722534E0,6.928342438E0
1.410690800E2,-2.639461212E0,-6.287375336E0,6.934180298E0
1.410791200E2,-2.639461212E0,-6.295308838E0,6.930288391E0
1.410891910E2,-2.647544403E0,-6.290369110E0,6.924749908E0
1.410992310E2,-2.647245026E0,-6.290518799E0,6.941814423E0
1.411092710E2,-2.640658722E0,-6.293362885E0,6.930587769E0
1.411193120E2,-2.648891602E0,-6.289021912E0,6.916217651E0
1.411293520E2,-2.642904053E0,-6.286776581E0,6.929989014E0
1.411394230E2,-2.643203430E0,-6.294111328E0,6.908433838E0
1.411494630E2,-2.653831329E0,-6.290818176E0,6.921756134E0
1.411595030E2,-2.649789734E0,-6.291267242E0,6.926845551E0
1.411695440E2,-2.641407166E0,-6.291267242E0,6.919510803E0
1.411795840E2,-2.646496582E0,-6.295009460E0,6.919510803E0
1.411896240E2,-2.640359344E0,-6.296206970E0,6.910230103E0
1.411996950E2,-2.641257477E0,-6.294560394E0,6.922354889E0
1.412097350E2,-2.643802185E0,-6.289171600E0,6.918163605E0
1.412197760E2,-2.644850006E0,-6.284231873E0,6.913523254E0
1.412298160E2,-2.642005920E0,-6.287824402E0,6.926995239E0
1.412398560E2,-2.639610901E0,-6.293362885E0,6.919959869E0
1.412498960E2,-2.641107788E0,-6.290967865E0,6.920408936E0
1.412599670E2,-2.645149384E0,-6.285579071E0,6.919061737E0
1.412700080E2,-2.642454987E0,-6.295608215E0,6.916966095E0
1.412800480E2,-2.634072418E0,-6.300248566E0,6.910529480E0
1.412900880E2,-2.636168060E0,-6.297254791E0,6.920708313E0
1.413001280E2,-2.639012146E0,-6.291865997E0,6.920109558E0
1.413101690E2,-2.639760590E0,-6.283782806E0,6.908284149E0
1.413202390E2,-2.636617126E0,-6.291566620E0,6.932084656E0
1.413302800E2,-2.634671173E0,-6.293362885E0,6.922205200E0
1.413403200E2,-2.633174286E0,-6.299200745E0,6.917265472E0
1.413503600E2,-2.624492340E0,-6.287674713E0,6.915469208E0
1.413604010E2,-2.632126465E0,-6.290219421E0,6.906038818E0
1.413704410E2,-2.628833313E0,-6.297254791E0,6.914122009E0
1.413805120E2,-2.633623352E0,-6.309828644E0,6.913223877E0
1.413905520E2,-2.642005920E0,-6.296057281E0,6.907835083E0
1.414005920E2,-2.647245026E0,-6.294410706E0,6.912625122E0
1.414106330E2,-2.642754364E0,-6.292614441E0,6.923702087E0
1.414206730E2,-2.635419617E0,-6.301895142E0,6.942862244E0
1.414307440E2,-2.634970551E0,-6.306984558E0,6.945107574E0
1.414407840E2,-2.636467438E0,-6.312073975E0,6.933282166E0
1.414508240E2,-2.632126465E0,-6.308780823E0,6.917864227E0
1.414608640E2,-2.634970551E0,-6.300847321E0,6.909182281E0
1.414709050E2,-2.642005920E0,-6.305038605E0,6.907236328E0
1.414809450E2,-2.651136932E0,-6.291865997E0,6.893015900E0
1.414910160E2,-2.651585999E0,-6.287075958E0,6.887028351E0
1.415010560E2,-2.643053741E0,-6.299350433E0,6.883435822E0
1.415110960E2,-2.637066193E0,-6.308930511E0,6.879244537E0
1.415211370E2,-2.626288605E0,-6.312523041E0,6.894662476E0
1.415311770E2,-2.623444519E0,-6.313570862E0,6.914421387E0
1.415412170E2,-2.632425842E0,-6.310876465E0,6.926396484E0
1.415512880E2,-2.624342651E0,-6.314169617E0,6.924450531E0
1.415613280E2,-2.615960083E0,-6.318959656E0,6.911277924E0
1.415713690E2,-2.624941406E0,-6.325695648E0,6.909631348E0
1.415814090E2,-2.638263702E0,-6.317313080E0,6.909930725E0
1.415914490E2,-2.648741913E0,-6.315367126E0,6.907835083E0
1.416014890E2,-2.639012146E0,-6.317911835E0,6.898255005E0
1.416115600E2,-2.642305298E0,-6.310876465E0,6.888974304E0
1.416216010E2,-2.631976776E0,-6.311624908E0,6.893914032E0
1.416316410E2,-2.634371796E0,-6.311475220E0,6.899153137E0
1.416416810E2,-2.630629578E0,-6.314019928E0,6.905440063E0
1.416517210E2,-2.631228333E0,-6.302194519E0,6.905140686E0
1.416617620E2,-2.634222107E0,-6.304290161E0,6.907685394E0
1.416718320E2,-2.641257477E0,-6.309678955E0,6.910679169E0
1.416818730E2,-2.650687866E0,-6.313121796E0,6.924151154E0
1.416919130E2,-2.642604675E0,-6.317762146E0,6.920708313E0
1.417019530E2,-2.645748138E0,-6.318959656E0,6.913523254E0
1.417119940E2,-2.639012146E0,-6.317911835E0,6.904392242E0
1.417220640E2,-2.638712769E0,-6.321953430E0,6.899302826E0
1.417321050E2,-2.641107788E0,-6.320456543E0,6.906787262E0
1.417421450E2,-2.630779266E0,-6.311774597E0,6.900949402E0
1.417521850E2,-2.626438293E0,-6.313271484E0,6.885980530E0
1.417622260E2,-2.625989227E0,-6.311774597E0,6.894213409E0
1.417722660E2,-2.624791718E0,-6.317163391E0,6.900500336E0
1.417823370E2,-2.636467438E0,-6.322402496E0,6.899302826E0
1.417923770E2,-2.637814636E0,-6.328988800E0,6.888824615E0
1.418024170E2,-2.640658722E0,-6.327641602E0,6.881489868E0
1.418124570E2,-2.640209656E0,-6.325845337E0,6.899602203E0
1.418224980E2,-2.641257477E0,-6.323150940E0,6.897506561E0
1.418325380E2,-2.638862457E0,-6.310277710E0,6.904841309E0
1.418426090E2,-2.637066193E0,-6.313570862E0,6.907835083E0
1.418526490E2,-2.636617126E0,-6.318061523E0,6.899003448E0
1.418626890E2,-2.635569305E0,-6.320905609E0,6.908433838E0
1.418727300E2,-2.622097321E0,-6.315666504E0,6.896758118E0
1.418827700E2,-2.617906036E0,-6.313421173E0,6.891668701E0
1.418928100E2,-2.611319733E0,-6.315217438E0,6.899602203E0
1.419028810E2,-2.607278137E0,-6.316265259E0,6.907386017E0
1.419129210E2,-2.593357086E0,-6.325695648E0,6.902296600E0
1.419229620E2,-2.599494324E0,-6.333329773E0,6.901997223E0
1.419330020E2,-2.605481873E0,-6.324049072E0,6.896009674E0
1.419430420E2,-2.603386230E0,-6.322851562E0,6.893464966E0
1.419530820E2,-2.607876892E0,-6.324049072E0,6.905739441E0
1.419631530E2,-2.612816620E0,-6.325096893E0,6.905889130E0
1.419731940E2,-2.617157593E0,-6.323749695E0,6.912924500E0
1.419832340E2,-2.622995453E0,-6.320306854E0,6.899602203E0
1.419932740E2,-2.620450745E0,-6.323150940E0,6.899153137E0
1.420033140E2,-2.619702301E0,-6.310577087E0,6.890920258E0
1.420133850E2,-2.624941406E0,-6.302942963E0,6.901697845E0
1.420234250E2,-2.623594208E0,-6.317163391E0,6.911277924E0
1.420334660E2,-2.623294830E0,-6.319109344E0,6.904541931E0
1.420435195E2,-2.633174286E0,-6.315816193E0,6.912625122E0
1.420535595E2,-2.634521484E0,-6.325545959E0,6.910230103E0
1.420636005E2,-2.638563080E0,-6.323450317E0,6.909631348E0
1.420736705E2,-2.637664948E0,-6.318809967E0,6.908733215E0
1.420837115E2,-2.638114014E0,-6.319857788E0,6.913972321E0
1.420937515E2,-2.654879150E0,-6.313570862E0,6.899003448E0
1.421037915E2,-2.648292847E0,-6.302793274E0,6.902895355E0
1.421138325E2,-2.641556854E0,-6.299649811E0,6.910679169E0
1.421238725E2,-2.644850006E0,-6.304888916E0,6.920109558E0
1.421339435E2,-2.646197205E0,-6.305787048E0,6.906038818E0
1.421439835E2,-2.638712769E0,-6.308481445E0,6.905589752E0
1.421540235E2,-2.635269928E0,-6.314319305E0,6.899751892E0
1.421640635E2,-2.627785492E0,-6.326893158E0,6.891219635E0
1.421741045E2,-2.619103546E0,-6.326893158E0,6.896309052E0
1.421841445E2,-2.624492340E0,-6.331084442E0,6.895710297E0
1.421942155E2,-2.627935181E0,-6.329587555E0,6.901697845E0
1.422042555E2,-2.621199188E0,-6.325545959E0,6.902446289E0
1.422142955E2,-2.618804169E0,-6.318959656E0,6.905889130E0
1.422243365E2,-2.624941406E0,-6.310277710E0,6.915918274E0
1.422343765E2,-2.631677399E0,-6.308182068E0,6.939120026E0
1.422444475E2,-2.624342651E0,-6.311924286E0,6.939269714E0
1.422544875E2,-2.625689850E0,-6.313720551E0,6.930737457E0
1.422645275E2,-2.618504791E0,-6.314019928E0,6.898554382E0
1.422745685E2,-2.612068176E0,-6.309678955E0,6.901099091E0
1.422846085E2,-2.624791718E0,-6.302194519E0,6.896907806E0
1.422946485E2,-2.623444519E0,-6.290818176E0,6.885980530E0
1.423047195E2,-2.621947632E0,-6.282136230E0,6.888076172E0
1.423147595E2,-2.625091095E0,-6.298452301E0,6.894662476E0
1.423248005E2,-2.626887360E0,-6.311325531E0,6.899901581E0
1.423348405E2,-2.618953857E0,-6.303092651E0,6.909331970E0
1.423448805E2,-2.618504791E0,-6.304140472E0,6.925348663E0
1.423549205E2,-2.612217865E0,-6.298003235E0,6.932234344E0
1.423649915E2,-2.612068176E0,-6.310726776E0,6.928791504E0
1.423750315E2,-2.611170044E0,-6.319259033E0,6.916966095E0
1.423850725E2,-2.625240784E0,-6.319408722E0,6.916367340E0
1.423951125E2,-2.635718994E0,-6.323899384E0,6.913972321E0
1.424051525E2,-2.628384247E0,-6.317612457E0,6.898853760E0
1.424151935E2,-2.633773041E0,-6.325845337E0,6.888525238E0
1.424252635E2,-2.637066193E0,-6.329437866E0,6.880591736E0
1.424353045E2,-2.635868683E0,-6.324198761E0,6.894363098E0
1.424453445E2,-2.634072418E0,-6.311774597E0,6.889423370E0
1.424553845E2,-2.634222107E0,-6.305337982E0,6.894961853E0
1.424654255E2,-2.642454987E0,-6.299200745E0,6.916067963E0
1.424754655E2,-2.643802185E0,-6.294261017E0,6.915618896E0
1.424855365E2,-2.646197205E0,-6.299799500E0,6.920558624E0
1.424955765E2,-2.641257477E0,-6.311026154E0,6.926995239E0
1.425056165E2,-2.632575531E0,-6.308481445E0,6.932683411E0
1.425156565E2,-2.629581757E0,-6.309529266E0,6.924749908E0
1.425256975E2,-2.621049500E0,-6.302194519E0,6.931934967E0
1.425357685E2,-2.620600433E0,-6.303092651E0,6.944957886E0
1.425458085E2,-2.626887360E0,-6.303092651E0,6.931934967E0
1.425558485E2,-2.628234558E0,-6.304290161E0,6.919361115E0
1.425658885E2,-2.632126465E0,-6.296206970E0,6.902595978E0
1.425759295E2,-2.635569305E0,-6.293961639E0,6.914571075E0
1.425859695E2,-2.625390472E0,-6.302493896E0,6.917564850E0
1.425960405E2,-2.624791718E0,-6.307882690E0,6.898704071E0
1.426060805E2,-2.636168060E0,-6.297703857E0,6.912026367E0
1.426161205E2,-2.631827087E0,-6.299500122E0,6.914122009E0
1.426261615E2,-2.633473663E0,-6.302493896E0,6.910529480E0
1.426362015E2,-2.632276154E0,-6.310277710E0,6.923552399E0
1.426462415E2,-2.638862457E0,-6.309080200E0,6.910978546E0
1.426563125E2,-2.643053741E0,-6.306984558E0,6.918163605E0
1.426663525E2,-2.639311523E0,-6.309978333E0,6.908284149E0
1.426763935E2,-2.634820862E0,-6.315217438E0,6.906038818E0
1.426864335E2,-2.634371796E0,-6.315067749E0,6.914421387E0
1.426964735E2,-2.629432068E0,-6.310277710E0,6.908134460E0
1.427065135E2,-2.627486115E0,-6.302044830E0,6.905290375E0
1.427165845E2,-2.623893585E0,-6.300248566E0,6.921756134E0
1.427266255E2,-2.627635803E0,-6.299350433E0,6.909481659E0
1.427366655E2,-2.631677399E0,-6.298601990E0,6.901997223E0
1.427467055E2,-2.634371796E0,-6.296206970E0,6.924600220E0
1.427567455E2,-2.638712769E0,-6.302194519E0,6.934779053E0
1.427668165E2,-2.636018372E0,-6.302643585E0,6.924600220E0
1.427768565E2,-2.631976776E0,-6.299649811E0,6.925947418E0
1.427868975E2,-2.636916504E0,-6.296506348E0,6.921307068E0
1.427969375E2,-2.630330200E0,-6.291416931E0,6.916067963E0
1.428069775E2,-2.628683624E0,-6.293213196E0,6.917714539E0
1.428170185E2,-2.629432068E0,-6.287525024E0,6.918612671E0
1.428270885E2,-2.627935181E0,-6.294560394E0,6.925498352E0
1.428371295E2,-2.631527710E0,-6.292315063E0,6.929390259E0
1.428471695E2,-2.635718994E0,-6.299649811E0,6.923552399E0
1.428572095E2,-2.632575531E0,-6.295907593E0,6.927294617E0
1.428672505E2,-2.635269928E0,-6.299649811E0,6.930887146E0
1.428772905E2,-2.637215881E0,-6.304439850E0,6.926995239E0
1.428873615E2,-2.637066193E0,-6.303990784E0,6.915020142E0
1.428974015E2,-2.636467438E0,-6.305936737E0,6.916067963E0
1.429074415E2,-2.635868683E0,-6.301146698E0,6.917115784E0
1.429174815E2,-2.632575531E0,-6.301745453E0,6.905739441E0
1.429275225E2,-2.636467438E0,-6.305787048E0,6.903344421E0
1.429375625E2,-2.634072418E0,-6.309529266E0,6.899153137E0
1.429476335E2,-2.628983002E0,-6.311774597E0,6.907236328E0
1.429576735E2,-2.620600433E0,-6.303392029E0,6.914122009E0
1.429677135E2,-2.609972534E0,-6.308182068E0,6.906487885E0
1.429777545E2,-2.619702301E0,-6.309229889E0,6.909631348E0
1.429877945E2,-2.622097321E0,-6.313421173E0,6.917864227E0
1.429978345E2,-2.626438293E0,-6.308780823E0,6.899901581E0
1.430079055E2,-2.642005920E0,-6.307433624E0,6.902895355E0
1.430179455E2,-2.633623352E0,-6.306535492E0,6.923851776E0
1.430279865E2,-2.639461212E0,-6.297703857E0,6.924151154E0
1.430380265E2,-2.638263702E0,-6.303242340E0,6.929989014E0
1.430480709E2,-2.637515259E0,-6.303990784E0,6.925947418E0
1.430581419E2,-2.623444519E0,-6.306984558E0,6.935677185E0
1.430681819E2,-2.619851990E0,-6.299649811E0,6.926546173E0
1.430782229E2,-2.634970551E0,-6.293362885E0,6.921606445E0
1.430882629E2,-2.638563080E0,-6.281088409E0,6.907236328E0
1.430983029E2,-2.637664948E0,-6.283184052E0,6.907086639E0
1.431083429E2,-2.630180511E0,-6.282585297E0,6.901248779E0
1.431184139E2,-2.624492340E0,-6.291117554E0,6.899602203E0
1.431284539E2,-2.623444519E0,-6.300098877E0,6.918462982E0
1.431384949E2,-2.624192963E0,-6.299350433E0,6.922504578E0
1.431485349E2,-2.620001678E0,-6.303392029E0,6.911128235E0
1.431585749E2,-2.623743896E0,-6.311175842E0,6.909032593E0
1.431686159E2,-2.616409149E0,-6.308032379E0,6.903643799E0
1.431786859E2,-2.625989227E0,-6.306984558E0,6.910828857E0
1.431887269E2,-2.618654480E0,-6.312672729E0,6.914421387E0
1.431987669E2,-2.626288605E0,-6.311026154E0,6.901548157E0
1.432088069E2,-2.636018372E0,-6.313870239E0,6.914421387E0
1.432188479E2,-2.642454987E0,-6.308331757E0,6.913822632E0
1.432288879E2,-2.643652496E0,-6.303691406E0,6.905290375E0
1.432389589E2,-2.640958099E0,-6.301895142E0,6.906038818E0
1.432489989E2,-2.631378021E0,-6.290967865E0,6.908733215E0
1.432590389E2,-2.642454987E0,-6.291416931E0,6.907984772E0
1.432690789E2,-2.646945648E0,-6.283483429E0,6.917415161E0
1.432791199E2,-2.639910278E0,-6.274651794E0,6.933282166E0
1.432891909E2,-2.636916504E0,-6.278244324E0,6.923851776E0
1.432992309E2,-2.631078644E0,-6.293512573E0,6.943760376E0
1.433092709E2,-2.632874908E0,-6.296955414E0,6.946005707E0
1.433193109E2,-2.633623352E0,-6.297703857E0,6.944209442E0
1.433293519E2,-2.639610901E0,-6.291865997E0,6.945856018E0
1.433393919E2,-2.640059967E0,-6.292764130E0,6.926246796E0
1.433494629E2,-2.629731445E0,-6.291267242E0,6.926097107E0
1.433595029E2,-2.627935181E0,-6.289021912E0,6.914122009E0
1.433695429E2,-2.633773041E0,-6.291416931E0,6.912625122E0
1.433795839E2,-2.633922729E0,-6.295458527E0,6.903494110E0
1.433896239E2,-2.633922729E0,-6.298302612E0,6.907535706E0
1.433996639E2,-2.633323975E0,-6.299350433E0,6.912774811E0
1.434097349E2,-2.633473663E0,-6.307733002E0,6.902296600E0
1.434197749E2,-2.624192963E0,-6.312073975E0,6.907685394E0
1.434298159E2,-2.630479889E0,-6.307882690E0,6.907086639E0
1.434398559E2,-2.632725220E0,-6.307283936E0,6.923103333E0
1.434498959E2,-2.636317749E0,-6.310726776E0,6.913074188E0
1.434599359E2,-2.632126465E0,-6.316115570E0,6.922055511E0
1.434700069E2,-2.627635803E0,-6.313421173E0,6.914421387E0
1.434800469E2,-2.623294830E0,-6.308331757E0,6.914421387E0
1.434900879E2,-2.620750122E0,-6.310427399E0,6.927294617E0
1.435001279E2,-2.620151367E0,-6.296805725E0,6.923552399E0
1.435101679E2,-2.618355103E0,-6.291566620E0,6.920109558E0
1.435202089E2,-2.617756348E0,-6.290818176E0,6.923253021E0
1.435302789E2,-2.622097321E0,-6.288872223E0,6.929989014E0
1.435403199E2,-2.620450745E0,-6.289920044E0,6.926695862E0
1.435503599E2,-2.625091095E0,-6.293063507E0,6.924749908E0
1.435603999E2,-2.630030823E0,-6.301296387E0,6.923552399E0
1.435704409E2,-2.628384247E0,-6.295458527E0,6.925648041E0
1.435805109E2,-2.623294830E0,-6.289171600E0,6.927444305E0
1.435905519E2,-2.627635803E0,-6.292464752E0,6.929090881E0
1.436005919E2,-2.629581757E0,-6.296955414E0,6.928043060E0
1.436106319E2,-2.625839539E0,-6.291416931E0,6.926546173E0
1.436206719E2,-2.627336426E0,-6.297853546E0,6.929539948E0
1.436307129E2,-2.630479889E0,-6.294410706E0,6.921307068E0
1.436407839E2,-2.631976776E0,-6.300997009E0,6.919211426E0
1.436508239E2,-2.632725220E0,-6.300697632E0,6.923253021E0
1.436608639E2,-2.625689850E0,-6.296356659E0,6.920259247E0
1.436709039E2,-2.641556854E0,-6.298003235E0,6.922205200E0
1.436809449E2,-2.640658722E0,-6.298751678E0,6.919660492E0
1.436909849E2,-2.640808411E0,-6.290069733E0,6.911277924E0
1.437010559E2,-2.650089111E0,-6.287075958E0,6.914421387E0
1.437110959E2,-2.642454987E0,-6.285130005E0,6.918462982E0
1.437211359E2,-2.651735687E0,-6.289171600E0,6.914720764E0
1.437311769E2,-2.652484131E0,-6.293362885E0,6.917115784E0
1.437412169E2,-2.651136932E0,-6.292165375E0,6.912325745E0
1.437512569E2,-2.633773041E0,-6.285429382E0,6.925498352E0
1.437613279E2,-2.626887360E0,-6.295159149E0,6.916367340E0
1.437713679E2,-2.631078644E0,-6.297853546E0,6.929989014E0
1.437814089E2,-2.632874908E0,-6.299500122E0,6.925648041E0
1.437914489E2,-2.632874908E0,-6.303092651E0,6.917564850E0
1.438014889E2,-2.633623352E0,-6.301446075E0,6.924600220E0
1.438115599E2,-2.626737671E0,-6.295757904E0,6.935078430E0
1.438215999E2,-2.626438293E0,-6.297105103E0,6.944508820E0
1.438316399E2,-2.632575531E0,-6.298751678E0,6.948999481E0
1.438416809E2,-2.628234558E0,-6.312223663E0,6.952592010E0
1.438517209E2,-2.625689850E0,-6.299500122E0,6.939718781E0
1.438617609E2,-2.632276154E0,-6.293662262E0,6.932533722E0
1.438718319E2,-2.637066193E0,-6.286327515E0,6.910230103E0
1.438818719E2,-2.640209656E0,-6.267766113E0,6.912774811E0
1.438919129E2,-2.637664948E0,-6.274352417E0,6.891668701E0
1.439019529E2,-2.633323975E0,-6.277645569E0,6.884633331E0
1.439119929E2,-2.637365570E0,-6.273454285E0,6.885232086E0
1.439220339E2,-2.645299072E0,-6.280938721E0,6.915169830E0
1.439321039E2,-2.634671173E0,-6.298003235E0,6.923253021E0
1.439421449E2,-2.628983002E0,-6.294410706E0,6.924450531E0
1.439521849E2,-2.633473663E0,-6.300098877E0,6.932084656E0
1.439622249E2,-2.633174286E0,-6.303841095E0,6.936126251E0
1.439722649E2,-2.623594208E0,-6.297404480E0,6.937323761E0
1.439823059E2,-2.632126465E0,-6.305787048E0,6.915469208E0
1.439923769E2,-2.628833313E0,-6.308182068E0,6.912026367E0
1.440024169E2,-2.630330200E0,-6.308481445E0,6.915319519E0
1.440124569E2,-2.628683624E0,-6.303691406E0,6.910828857E0
1.440224969E2,-2.632725220E0,-6.295608215E0,6.912625122E0
1.440325379E2,-2.632725220E0,-6.292614441E0,6.918462982E0
1.440425655E2,-2.623444519E0,-6.285130005E0,6.921157379E0
1.440526365E2,-2.628384247E0,-6.287375336E0,6.926396484E0
1.440626765E2,-2.639311523E0,-6.280489655E0,6.920259247E0
1.440727165E2,-2.645448761E0,-6.283782806E0,6.931186523E0
1.440827575E2,-2.655926971E0,-6.288423157E0,6.935228119E0
1.440927975E2,-2.654280396E0,-6.302793274E0,6.941065979E0
1.441028685E2,-2.646197205E0,-6.302493896E0,6.922654266E0
1.441129085E2,-2.638712769E0,-6.288423157E0,6.935078430E0
1.441229485E2,-2.641407166E0,-6.292015686E0,6.929090881E0
1.441329895E2,-2.639311523E0,-6.298152924E0,6.925348663E0
1.441430295E2,-2.634970551E0,-6.283483429E0,6.913672943E0
1.441530695E2,-2.630779266E0,-6.286327515E0,6.907535706E0
1.441631405E2,-2.622247009E0,-6.287375336E0,6.906936951E0
1.441731805E2,-2.623893585E0,-6.286626892E0,6.905889130E0
1.441832215E2,-2.632126465E0,-6.289920044E0,6.924600220E0
1.441932615E2,-2.642904053E0,-6.287824402E0,6.940167847E0
1.442033015E2,-2.643053741E0,-6.296805725E0,6.932384033E0
1.442133415E2,-2.629132690E0,-6.296206970E0,6.937922516E0
1.442234125E2,-2.635269928E0,-6.295458527E0,6.929539948E0
1.442334525E2,-2.631228333E0,-6.298901367E0,6.928342438E0
1.442434935E2,-2.634222107E0,-6.291416931E0,6.935377808E0
1.442535335E2,-2.643652496E0,-6.294410706E0,6.937323761E0
1.442635735E2,-2.639012146E0,-6.297554169E0,6.922205200E0
1.442736145E2,-2.630330200E0,-6.289920044E0,6.924151154E0
1.442836845E2,-2.629731445E0,-6.286626892E0,6.913223877E0
1.442937255E2,-2.643203430E0,-6.279591522E0,6.918612671E0
1.443037655E2,-2.636168060E0,-6.283932495E0,6.919660492E0
1.443138055E2,-2.630330200E0,-6.281687164E0,6.923402710E0
1.443238465E2,-2.634671173E0,-6.281687164E0,6.926396484E0
1.443339165E2,-2.629881134E0,-6.285878448E0,6.931934967E0
1.443439575E2,-2.628833313E0,-6.292764130E0,6.936874695E0
1.443539975E2,-2.635718994E0,-6.293362885E0,6.932833099E0
1.443640375E2,-2.630330200E0,-6.286177826E0,6.931635590E0
1.443740775E2,-2.631827087E0,-6.290518799E0,6.937473450E0
1.443841185E2,-2.644550629E0,-6.290668488E0,6.924300842E0
1.443941895E2,-2.640958099E0,-6.283184052E0,6.927893372E0
1.444042295E2,-2.645748138E0,-6.287974091E0,6.927893372E0
1.444142695E2,-2.644101562E0,-6.290518799E0,6.921007690E0
1.444243095E2,-2.648592224E0,-6.295907593E0,6.918912048E0
1.444343505E2,-2.639311523E0,-6.297404480E0,6.916666718E0
1.444443905E2,-2.635868683E0,-6.288123779E0,6.909331970E0
1.444544615E2,-2.638114014E0,-6.291716309E0,6.916067963E0
1.444645015E2,-2.640658722E0,-6.292464752E0,6.925348663E0
1.444745415E2,-2.641257477E0,-6.296057281E0,6.918912048E0
1.444845825E2,-2.643053741E0,-6.287225647E0,6.922055511E0
1.444946225E2,-2.647544403E0,-6.289021912E0,6.909032593E0
1.445046625E2,-2.652783508E0,-6.296506348E0,6.906188507E0
1.445147335E2,-2.639461212E0,-6.294560394E0,6.922953644E0
1.445247735E2,-2.639461212E0,-6.296656036E0,6.928192749E0
1.445348145E2,-2.645299072E0,-6.290369110E0,6.928342438E0
1.445448545E2,-2.632126465E0,-6.292315063E0,6.929989014E0
1.445548945E2,-2.643203430E0,-6.293362885E0,6.928492126E0
1.445649655E2,-2.648143158E0,-6.291566620E0,6.918013916E0
1.445750055E2,-2.647095337E0,-6.280339966E0,6.930737457E0
1.445850455E2,-2.639461212E0,-6.277645569E0,6.933132477E0
1.445950865E2,-2.636467438E0,-6.283034363E0,6.939419403E0
1.446051265E2,-2.641107788E0,-6.298003235E0,6.940467224E0
1.446151665E2,-2.632874908E0,-6.309828644E0,6.936575317E0
1.446252375E2,-2.627935181E0,-6.301895142E0,6.943910065E0
1.446352775E2,-2.634671173E0,-6.293063507E0,6.933431854E0
1.446453185E2,-2.633922729E0,-6.280339966E0,6.911427612E0
1.446553585E2,-2.631378021E0,-6.284231873E0,6.892417145E0
1.446653985E2,-2.647095337E0,-6.278094635E0,6.887926483E0
1.446754395E2,-2.638413391E0,-6.275100861E0,6.887627106E0
1.446855095E2,-2.636018372E0,-6.281537476E0,6.894512787E0
1.446955505E2,-2.638114014E0,-6.295308838E0,6.903344421E0
1.447055905E2,-2.629432068E0,-6.311026154E0,6.918013916E0
1.447156305E2,-2.624941406E0,-6.306984558E0,6.919810181E0
1.447256705E2,-2.622845764E0,-6.305487671E0,6.927444305E0
1.447357115E2,-2.609523468E0,-6.303691406E0,6.924151154E0
1.447457825E2,-2.617906036E0,-6.310427399E0,6.929989014E0
1.447558225E2,-2.622845764E0,-6.313570862E0,6.916517029E0
1.447658625E2,-2.622247009E0,-6.318959656E0,6.916966095E0
1.447759025E2,-2.626138916E0,-6.309529266E0,6.907984772E0
1.447859435E2,-2.629881134E0,-6.303691406E0,6.896907806E0
1.447960135E2,-2.632874908E0,-6.306535492E0,6.896758118E0
1.448060545E2,-2.633473663E0,-6.306236115E0,6.892566833E0
1.448160945E2,-2.638862457E0,-6.306086426E0,6.896159363E0
1.448261345E2,-2.638263702E0,-6.303990784E0,6.894812164E0
1.448361755E2,-2.649340668E0,-6.295009460E0,6.897805939E0
1.448462155E2,-2.653681641E0,-6.303392029E0,6.905290375E0
1.448562865E2,-2.650238800E0,-6.309229889E0,6.923103333E0
1.448663265E2,-2.648442535E0,-6.314618683E0,6.919810181E0
1.448763665E2,-2.645448761E0,-6.315067749E0,6.932234344E0
1.448864075E2,-2.642754364E0,-6.308331757E0,6.927444305E0
1.448964475E2,-2.643502808E0,-6.300697632E0,6.914271698E0
1.449064875E2,-2.640658722E0,-6.296955414E0,6.911277924E0
1.449165585E2,-2.640059967E0,-6.292913818E0,6.910679169E0
1.449265985E2,-2.640808411E0,-6.295907593E0,6.906338196E0
1.449366385E2,-2.630479889E0,-6.299949188E0,6.909781036E0
1.449466795E2,-2.625390472E0,-6.307134247E0,6.902446289E0
1.449567195E2,-2.626438293E0,-6.306685181E0,6.907086639E0
1.449667595E2,-2.623294830E0,-6.318061523E0,6.920708313E0
1.449768305E2,-2.626887360E0,-6.303242340E0,6.928791504E0
1.449868705E2,-2.624941406E0,-6.301446075E0,6.920259247E0
1.449969115E2,-2.624492340E0,-6.318809967E0,6.926695862E0
1.450069515E2,-2.627186737E0,-6.313570862E0,6.921606445E0
1.450169915E2,-2.633922729E0,-6.310277710E0,6.927444305E0
1.450270325E2,-2.630030823E0,-6.308032379E0,6.916067963E0
1.450371025E2,-2.621348877E0,-6.311325531E0,6.925797729E0
1.450471611E2,-2.626587982E0,-6.317762146E0,6.913672943E0
1.450572011E2,-2.620899811E0,-6.312223663E0,6.910230103E0
1.450672411E2,-2.611170044E0,-6.312223663E0,6.894812164E0
1.450772811E2,-2.615511017E0,-6.307583313E0,6.908733215E0
1.450873521E2,-2.612816620E0,-6.300398254E0,6.909182281E0
1.450973931E2,-2.605182495E0,-6.304888916E0,6.894213409E0
1.451074331E2,-2.609373779E0,-6.324498138E0,6.911876678E0
1.451174731E2,-2.616259460E0,-6.324049072E0,6.908433838E0
1.451275131E2,-2.615960083E0,-6.318660278E0,6.907386017E0
1.451375541E2,-2.613265686E0,-6.324049072E0,6.913373566E0
1.451476241E2,-2.627486115E0,-6.321204987E0,6.908284149E0
1.451576651E2,-2.624342651E0,-6.321803741E0,6.901697845E0
1.451677051E2,-2.626438293E0,-6.316414948E0,6.897955627E0
1.451777451E2,-2.621199188E0,-6.316714325E0,6.897656250E0
1.451877861E2,-2.633623352E0,-6.312972107E0,6.905739441E0
1.451978261E2,-2.629432068E0,-6.315067749E0,6.901548157E0
1.452078971E2,-2.634820862E0,-6.317163391E0,6.892716522E0
1.452179371E2,-2.639161835E0,-6.301446075E0,6.905589752E0
1.452279771E2,-2.632874908E0,-6.303990784E0,6.916666718E0
1.452380181E2,-2.637066193E0,-6.299500122E0,6.916517029E0
1.452480581E2,-2.635120239E0,-6.297703857E0,6.924450531E0
1.452580981E2,-2.627785492E0,-6.300997009E0,6.911128235E0
1.452681691E2,-2.632126465E0,-6.303841095E0,6.915020142E0
1.452782091E2,-2.633024597E0,-6.308631134E0,6.922354889E0
1.452882491E2,-2.618804169E0,-6.305637360E0,6.918013916E0
1.452982901E2,-2.619851990E0,-6.302044830E0,6.921007690E0
1.453083301E2,-2.624642029E0,-6.305936737E0,6.910679169E0
1.453184011E2,-2.627037048E0,-6.305337982E0,6.916517029E0
1.453284411E2,-2.622247009E0,-6.306236115E0,6.922504578E0
1.453384811E2,-2.620301056E0,-6.299350433E0,6.931036835E0
1.453485221E2,-2.629881134E0,-6.307134247E0,6.941215668E0
1.453585621E2,-2.631527710E0,-6.319408722E0,6.932833099E0
1.453686021E2,-2.632725220E0,-6.321953430E0,6.929989014E0
1.453786731E2,-2.639760590E0,-6.323150940E0,6.925198975E0
1.453887131E2,-2.633024597E0,-6.316864014E0,6.900200958E0
1.453987541E2,-2.639311523E0,-6.310876465E0,6.889123993E0
1.454087941E2,-2.633473663E0,-6.300697632E0,6.886429596E0
1.454188341E2,-2.629731445E0,-6.290668488E0,6.888974304E0
1.454288741E2,-2.625240784E0,-6.298003235E0,6.884333954E0
1.454389451E2,-2.604434052E0,-6.299799500E0,6.897955627E0
1.454489861E2,-2.607577515E0,-6.301296387E0,6.892566833E0
1.454590261E2,-2.607128448E0,-6.306834869E0,6.911277924E0
1.454690661E2,-2.608775024E0,-6.307283936E0,6.930887146E0
1.454791061E2,-2.607128448E0,-6.314319305E0,6.933731232E0
1.454891471E2,-2.605781250E0,-6.316864014E0,6.915469208E0
1.454992181E2,-2.615660706E0,-6.318809967E0,6.922354889E0
1.455092581E2,-2.628533936E0,-6.313720551E0,6.910978546E0
1.455192981E2,-2.628384247E0,-6.314768372E0,6.903494110E0
1.455293381E2,-2.626438293E0,-6.307882690E0,6.905739441E0
1.455393791E2,-2.631976776E0,-6.313121796E0,6.913972321E0
1.455494491E2,-2.630180511E0,-6.312073975E0,6.902446289E0
1.455594901E2,-2.630928955E0,-6.299949188E0,6.898853760E0
1.455695301E2,-2.622995453E0,-6.298601990E0,6.907386017E0
1.455795701E2,-2.631527710E0,-6.289770355E0,6.914122009E0
1.455896111E2,-2.644550629E0,-6.283932495E0,6.913972321E0
1.455996511E2,-2.646945648E0,-6.284830627E0,6.921606445E0
1.456097221E2,-2.643353119E0,-6.300098877E0,6.934329987E0
1.456197621E2,-2.641107788E0,-6.307882690E0,6.939718781E0
1.456298021E2,-2.649490356E0,-6.307882690E0,6.933880920E0
1.456398431E2,-2.641706543E0,-6.308032379E0,6.921606445E0
1.456498831E2,-2.629132690E0,-6.299200745E0,6.915319519E0
1.456599231E2,-2.630479889E0,-6.303691406E0,6.921307068E0
1.456699941E2,-2.621049500E0,-6.305487671E0,6.916816406E0
1.456800341E2,-2.624043274E0,-6.300248566E0,6.915469208E0
1.456900741E2,-2.627935181E0,-6.299949188E0,6.918462982E0
1.457001151E2,-2.622546387E0,-6.299649811E0,6.907535706E0
1.457101551E2,-2.626138916E0,-6.306834869E0,6.904691620E0
1.457201951E2,-2.637066193E0,-6.306685181E0,6.909032593E0
1.457302661E2,-2.633024597E0,-6.304290161E0,6.915618896E0
1.457403061E2,-2.644251251E0,-6.307882690E0,6.919361115E0
1.457503471E2,-2.628384247E0,-6.312523041E0,6.915169830E0
1.457603871E2,-2.624192963E0,-6.302793274E0,6.919510803E0
1.457704271E2,-2.627635803E0,-6.310128021E0,6.916367340E0
1.457804981E2,-2.630629578E0,-6.312972107E0,6.919810181E0
1.457905381E2,-2.627635803E0,-6.304140472E0,6.915918274E0
1.458005791E2,-2.626887360E0,-6.302643585E0,6.914421387E0
1.458106191E2,-2.625839539E0,-6.301895142E0,6.923253021E0
1.458206591E2,-2.621797943E0,-6.299799500E0,6.920858002E0
1.458306991E2,-2.616708527E0,-6.305637360E0,6.910379791E0
1.458407701E2,-2.618804169E0,-6.306535492E0,6.907685394E0
1.458508111E2,-2.616109772E0,-6.299500122E0,6.922055511E0
1.458608511E2,-2.613864441E0,-6.299799500E0,6.922055511E0
1.458708911E2,-2.615511017E0,-6.297853546E0,6.910828857E0
1.458809311E2,-2.622396698E0,-6.294111328E0,6.912026367E0
1.458909721E2,-2.619402924E0,-6.295907593E0,6.932384033E0
1.459010421E2,-2.622696075E0,-6.303092651E0,6.926546173E0
1.459110831E2,-2.626288605E0,-6.298152924E0,6.928492126E0
1.459211231E2,-2.630629578E0,-6.292464752E0,6.917864227E0
1.459311631E2,-2.637066193E0,-6.289620667E0,6.915469208E0
1.459412041E2,-2.642155609E0,-6.294111328E0,6.921905823E0
1.459512441E2,-2.636766815E0,-6.301595764E0,6.931485901E0
1.459613151E2,-2.641257477E0,-6.301745453E0,6.916666718E0
1.459713551E2,-2.637215881E0,-6.306834869E0,6.920708313E0
1.459813951E2,-2.627486115E0,-6.302344208E0,6.929240570E0
1.459914361E2,-2.638413391E0,-6.293662262E0,6.917714539E0
1.460014761E2,-2.637365570E0,-6.283184052E0,6.920259247E0
1.460115471E2,-2.640808411E0,-6.278543701E0,6.923103333E0
1.460215871E2,-2.643652496E0,-6.286926270E0,6.928941193E0
1.460316271E2,-2.639461212E0,-6.298452301E0,6.930138702E0
1.460416475E2,-2.640359344E0,-6.301595764E0,6.925947418E0
1.460516885E2,-2.632874908E0,-6.299200745E0,6.917115784E0
1.460617285E2,-2.627037048E0,-6.305188293E0,6.914870453E0
1.460717995E2,-2.614762573E0,-6.302044830E0,6.918313293E0
1.460818395E2,-2.624492340E0,-6.294410706E0,6.909930725E0
1.460918795E2,-2.628234558E0,-6.294859772E0,6.914870453E0
1.461019205E2,-2.633174286E0,-6.303392029E0,6.919660492E0
1.461119605E2,-2.620450745E0,-6.299200745E0,6.933581543E0
1.461220005E2,-2.618504791E0,-6.296656036E0,6.939718781E0
1.461320715E2,-2.617756348E0,-6.310577087E0,6.949448547E0
1.461421115E2,-2.621797943E0,-6.313870239E0,6.953340454E0
1.461521525E2,-2.617456970E0,-6.307283936E0,6.949149170E0
1.461621925E2,-2.627186737E0,-6.305637360E0,6.934479675E0
1.461722325E2,-2.626288605E0,-6.294261017E0,6.923702087E0
1.461822725E2,-2.637814636E0,-6.288423157E0,6.916217651E0
1.461923435E2,-2.622247009E0,-6.286327515E0,6.902895355E0
1.462023845E2,-2.626887360E0,-6.287075958E0,6.895111542E0
1.462124245E2,-2.630629578E0,-6.289171600E0,6.905440063E0
1.462224645E2,-2.622696075E0,-6.290369110E0,6.909781036E0
1.462325045E2,-2.616259460E0,-6.295608215E0,6.922654266E0
1.462425755E2,-2.612966309E0,-6.295757904E0,6.938521271E0
1.462526155E2,-2.617307281E0,-6.299200745E0,6.945706329E0
1.462626565E2,-2.612966309E0,-6.309229889E0,6.922354889E0
1.462726965E2,-2.610421600E0,-6.309828644E0,6.929989014E0
1.462827365E2,-2.617606659E0,-6.313720551E0,6.917415161E0
1.462927775E2,-2.627186737E0,-6.313121796E0,6.915169830E0
1.463028475E2,-2.631378021E0,-6.312672729E0,6.919061737E0
1.463128885E2,-2.632276154E0,-6.304439850E0,6.917564850E0
1.463229285E2,-2.632725220E0,-6.300098877E0,6.901248779E0
1.463329685E2,-2.631527710E0,-6.299350433E0,6.900350647E0
1.463430095E2,-2.628533936E0,-6.292913818E0,6.916217651E0
1.463530495E2,-2.630779266E0,-6.283782806E0,6.909781036E0
1.463631205E2,-2.639610901E0,-6.270759888E0,6.916217651E0
1.463731605E2,-2.648292847E0,-6.272256775E0,6.930587769E0
1.463832005E2,-2.638563080E0,-6.284531250E0,6.944808197E0
1.463932405E2,-2.643502808E0,-6.290668488E0,6.946155396E0
1.464032815E2,-2.640808411E0,-6.299649811E0,6.957681427E0
1.464133215E2,-2.629881134E0,-6.301146698E0,6.940467224E0
1.464233925E2,-2.630928955E0,-6.294859772E0,6.927893372E0
1.464334325E2,-2.635419617E0,-6.289770355E0,6.932533722E0
1.464434725E2,-2.633922729E0,-6.286926270E0,6.926396484E0
1.464535135E2,-2.627785492E0,-6.285878448E0,6.918313293E0
1.464635535E2,-2.631976776E0,-6.284082184E0,6.914720764E0
1.464736245E2,-2.633922729E0,-6.296955414E0,6.919660492E0
1.464836645E2,-2.636766815E0,-6.293811951E0,6.916217651E0
1.464937045E2,-2.642904053E0,-6.298751678E0,6.932683411E0
1.465037455E2,-2.636317749E0,-6.292315063E0,6.915618896E0
1.465137855E2,-2.627186737E0,-6.304439850E0,6.920259247E0
1.465238255E2,-2.619851990E0,-6.313121796E0,6.918462982E0
1.465338965E2,-2.625540161E0,-6.308631134E0,6.921456757E0
1.465439365E2,-2.636617126E0,-6.308032379E0,6.916816406E0
1.465539775E2,-2.634970551E0,-6.313720551E0,6.916816406E0
1.465640175E2,-2.625540161E0,-6.306385803E0,6.921456757E0
1.465740575E2,-2.618804169E0,-6.299200745E0,6.911726990E0
1.465840975E2,-2.615810394E0,-6.300997009E0,6.913822632E0
1.465941685E2,-2.613864441E0,-6.284980316E0,6.911128235E0
1.466042095E2,-2.613864441E0,-6.296506348E0,6.923253021E0
1.466142495E2,-2.615511017E0,-6.297554169E0,6.920109558E0
1.466242895E2,-2.610271912E0,-6.298901367E0,6.928043060E0
1.466343295E2,-2.619552612E0,-6.297254791E0,6.915618896E0
1.466443705E2,-2.617606659E0,-6.294560394E0,6.931785278E0
1.466544405E2,-2.619402924E0,-6.295757904E0,6.938221893E0
1.466644815E2,-2.625240784E0,-6.298452301E0,6.926845551E0
1.466745215E2,-2.611469421E0,-6.290818176E0,6.926995239E0
1.466845615E2,-2.609972534E0,-6.287525024E0,6.925797729E0
1.466946025E2,-2.621797943E0,-6.294410706E0,6.924300842E0
1.467046725E2,-2.627186737E0,-6.282285919E0,6.932234344E0
1.467147135E2,-2.627486115E0,-6.295757904E0,6.935228119E0
1.467247535E2,-2.626438293E0,-6.299799500E0,6.936425629E0
1.467347935E2,-2.632575531E0,-6.290069733E0,6.931336212E0
1.467448345E2,-2.630779266E0,-6.296506348E0,6.925648041E0
1.467548745E2,-2.633473663E0,-6.300248566E0,6.928043060E0
1.467649455E2,-2.633174286E0,-6.295009460E0,6.919959869E0
1.467749855E2,-2.632874908E0,-6.291267242E0,6.929989014E0
1.467850255E2,-2.626138916E0,-6.296955414E0,6.927743683E0
1.467950655E2,-2.627935181E0,-6.281387787E0,6.917864227E0
1.468051065E2,-2.619552612E0,-6.285279694E0,6.925498352E0
1.468151465E2,-2.636168060E0,-6.287075958E0,6.930438080E0
1.468252175E2,-2.638263702E0,-6.284830627E0,6.939269714E0
1.468352575E2,-2.632126465E0,-6.289470978E0,6.930887146E0
1.468452975E2,-2.631078644E0,-6.292464752E0,6.922953644E0
1.468553385E2,-2.625390472E0,-6.304290161E0,6.934928741E0
1.468653785E2,-2.629881134E0,-6.306984558E0,6.937922516E0
1.468754185E2,-2.640658722E0,-6.306984558E0,6.930737457E0
1.468854895E2,-2.637515259E0,-6.297404480E0,6.924450531E0
1.468955295E2,-2.644999695E0,-6.291267242E0,6.927893372E0
1.469055705E2,-2.645897827E0,-6.287075958E0,6.932384033E0
1.469156105E2,-2.646945648E0,-6.291716309E0,6.946305084E0
1.469256505E2,-2.634222107E0,-6.299350433E0,6.935228119E0
1.469357215E2,-2.636617126E0,-6.305787048E0,6.928791504E0
1.469457615E2,-2.649789734E0,-6.301296387E0,6.920558624E0
1.469558025E2,-2.647694092E0,-6.294710083E0,6.916666718E0
1.469658425E2,-2.642754364E0,-6.291865997E0,6.901697845E0
1.469758825E2,-2.644700317E0,-6.291416931E0,6.906637573E0
1.469859225E2,-2.640209656E0,-6.286926270E0,6.897805939E0
1.469959935E2,-2.624043274E0,-6.293961639E0,6.896309052E0
1.470060335E2,-2.623294830E0,-6.288572845E0,6.905440063E0
1.470160745E2,-2.619253235E0,-6.283483429E0,6.918462982E0
1.470261145E2,-2.607427826E0,-6.292315063E0,6.937024384E0
1.470361545E2,-2.606679382E0,-6.299799500E0,6.939419403E0
1.470462080E2,-2.602188721E0,-6.301595764E0,6.958429871E0
1.470562780E2,-2.596201172E0,-6.299649811E0,6.966662750E0
1.470663190E2,-2.601589966E0,-6.286477203E0,6.937772827E0
1.470763590E2,-2.610720978E0,-6.286626892E0,6.928043060E0
1.470863990E2,-2.625540161E0,-6.289620667E0,6.932084656E0
1.470964400E2,-2.614463196E0,-6.290668488E0,6.925797729E0
1.471064800E2,-2.609373779E0,-6.290069733E0,6.918912048E0
1.471165510E2,-2.609074402E0,-6.291716309E0,6.914122009E0
1.471265910E2,-2.626587982E0,-6.295608215E0,6.923702087E0
1.471366310E2,-2.619402924E0,-6.295159149E0,6.916966095E0
1.471466710E2,-2.624642029E0,-6.295757904E0,6.912475433E0
1.471567120E2,-2.639461212E0,-6.284231873E0,6.912774811E0
1.471667830E2,-2.641257477E0,-6.284381561E0,6.918163605E0
1.471768230E2,-2.637814636E0,-6.297105103E0,6.940018158E0
1.471868630E2,-2.637365570E0,-6.297554169E0,6.948700104E0
1.471969030E2,-2.642005920E0,-6.291566620E0,6.942712555E0
1.472069440E2,-2.643203430E0,-6.286028137E0,6.943161621E0
1.472169840E2,-2.637664948E0,-6.284980316E0,6.949448547E0
1.472270550E2,-2.632126465E0,-6.286477203E0,6.948101349E0
1.472370950E2,-2.631378021E0,-6.284231873E0,6.944658508E0
1.472471350E2,-2.633323975E0,-6.280339966E0,6.949149170E0
1.472571760E2,-2.635718994E0,-6.279591522E0,6.938371582E0
1.472672160E2,-2.639760590E0,-6.286626892E0,6.924151154E0
1.472772560E2,-2.649190979E0,-6.290668488E0,6.924300842E0
1.472873270E2,-2.649041290E0,-6.293362885E0,6.923851776E0
1.472973670E2,-2.641706543E0,-6.289770355E0,6.916517029E0
1.473074080E2,-2.651885376E0,-6.284231873E0,6.919361115E0
1.473174480E2,-2.650388489E0,-6.288872223E0,6.927893372E0
1.473274880E2,-2.660118256E0,-6.288722534E0,6.920558624E0
1.473375280E2,-2.661315765E0,-6.296805725E0,6.922055511E0
1.473475990E2,-2.656076660E0,-6.303242340E0,6.922504578E0
1.473576390E2,-2.650089111E0,-6.311325531E0,6.914421387E0
1.473676800E2,-2.645299072E0,-6.317013702E0,6.914870453E0
1.473777200E2,-2.637515259E0,-6.302194519E0,6.913223877E0
1.473877600E2,-2.623444519E0,-6.300248566E0,6.915918274E0
1.473978310E2,-2.623594208E0,-6.305188293E0,6.916966095E0
1.474078710E2,-2.616259460E0,-6.302643585E0,6.924600220E0
1.474179120E2,-2.614612885E0,-6.295907593E0,6.919510803E0
1.474279520E2,-2.606829071E0,-6.295757904E0,6.925947418E0
1.474379920E2,-2.606978760E0,-6.286626892E0,6.942263489E0
1.474480330E2,-2.610421600E0,-6.279591522E0,6.940317535E0
1.474581030E2,-2.614463196E0,-6.275250549E0,6.943760376E0
1.474681440E2,-2.609523468E0,-6.273603973E0,6.948251038E0
1.474781840E2,-2.606829071E0,-6.278543701E0,6.936275940E0
1.474882240E2,-2.615211639E0,-6.261778564E0,6.950047302E0
1.474982640E2,-2.621049500E0,-6.259084167E0,6.956783295E0
1.475083050E2,-2.627037048E0,-6.263874207E0,6.960974579E0
1.475183760E2,-2.629881134E0,-6.267317047E0,6.949897614E0
1.475284160E2,-2.625839539E0,-6.279591522E0,6.948999481E0
1.475384560E2,-2.619851990E0,-6.286626892E0,6.946155396E0
1.475484960E2,-2.619851990E0,-6.285429382E0,6.937174072E0
1.475585370E2,-2.627935181E0,-6.293512573E0,6.942562866E0
1.475685770E2,-2.617906036E0,-6.300847321E0,6.945706329E0
1.475786480E2,-2.616858215E0,-6.299350433E0,6.918762360E0
1.475886880E2,-2.628533936E0,-6.298152924E0,6.921456757E0
1.475987280E2,-2.627186737E0,-6.295907593E0,6.913822632E0
1.476087690E2,-2.640059967E0,-6.308631134E0,6.905290375E0
1.476188090E2,-2.640509033E0,-6.305787048E0,6.911577301E0
1.476288800E2,-2.641107788E0,-6.308780823E0,6.906936951E0
1.476389200E2,-2.639161835E0,-6.307733002E0,6.910529480E0
1.476489600E2,-2.632725220E0,-6.300697632E0,6.907984772E0
1.476590010E2,-2.646197205E0,-6.295757904E0,6.903943176E0
1.476690410E2,-2.645149384E0,-6.299350433E0,6.911277924E0
1.476790810E2,-2.648292847E0,-6.294261017E0,6.918462982E0
1.476891520E2,-2.641706543E0,-6.291716309E0,6.921756134E0
1.476991920E2,-2.636317749E0,-6.285579071E0,6.934928741E0
1.477092320E2,-2.635569305E0,-6.279142456E0,6.961573334E0
1.477192730E2,-2.633623352E0,-6.287075958E0,6.972350922E0
1.477293130E2,-2.622696075E0,-6.282734985E0,6.960974579E0
1.477393530E2,-2.626438293E0,-6.279142456E0,6.961124268E0
1.477494240E2,-2.628683624E0,-6.276298370E0,6.958579559E0
1.477594640E2,-2.631228333E0,-6.275699615E0,6.941215668E0
1.477695050E2,-2.629432068E0,-6.274352417E0,6.928043060E0
1.477795450E2,-2.631378021E0,-6.266269226E0,6.916966095E0
1.477895850E2,-2.641556854E0,-6.265221405E0,6.911427612E0
1.477996260E2,-2.641107788E0,-6.278094635E0,6.904990997E0
1.478096960E2,-2.643802185E0,-6.287075958E0,6.908134460E0
1.478197370E2,-2.641556854E0,-6.292614441E0,6.907386017E0
1.478297770E2,-2.638712769E0,-6.299799500E0,6.916966095E0
1.478398170E2,-2.625540161E0,-6.303541718E0,6.926396484E0
1.478498570E2,-2.616109772E0,-6.296206970E0,6.928342438E0
1.478599280E2,-2.621648254E0,-6.298003235E0,6.930887146E0
1.478699690E2,-2.617606659E0,-6.301745453E0,6.933581543E0
1.478800090E2,-2.629731445E0,-6.301296387E0,6.934629364E0
1.478900490E2,-2.641107788E0,-6.300997009E0,6.930138702E0
1.479000890E2,-2.635868683E0,-6.296206970E0,6.926396484E0
1.479101300E2,-2.628683624E0,-6.297404480E0,6.904541931E0
1.479202010E2,-2.631677399E0,-6.289021912E0,6.919211426E0
1.479302410E2,-2.627037048E0,-6.279441833E0,6.924450531E0
1.479402810E2,-2.632575531E0,-6.274801483E0,6.925947418E0
1.479503210E2,-2.635569305E0,-6.276448059E0,6.932982788E0
1.479603620E2,-2.644251251E0,-6.261628876E0,6.935677185E0
1.479704020E2,-2.652633820E0,-6.265520782E0,6.939718781E0
1.479804730E2,-2.647843781E0,-6.278843079E0,6.947352905E0
1.479905130E2,-2.653382263E0,-6.283034363E0,6.962172089E0
1.480005530E2,-2.643652496E0,-6.284082184E0,6.956932983E0
1.480105940E2,-2.646047516E0,-6.279591522E0,6.937772827E0
1.480206340E2,-2.657274170E0,-6.279441833E0,6.936275940E0
1.480306740E2,-2.648442535E0,-6.278094635E0,6.929689636E0
1.480407450E2,-2.639012146E0,-6.280339966E0,6.928342438E0
1.480507968E2,-2.636168060E0,-6.277645569E0,6.919959869E0
1.480608377E2,-2.639610901E0,-6.280789032E0,6.922953644E0
1.480708777E2,-2.636317749E0,-6.289321289E0,6.921606445E0
1.480809177E2,-2.635120239E0,-6.298003235E0,6.921007690E0
1.480909887E2,-2.629282379E0,-6.301895142E0,6.908882904E0
1.481010287E2,-2.627336426E0,-6.294261017E0,6.923402710E0
1.481110687E2,-2.623145142E0,-6.293512573E0,6.921307068E0
1.481211097E2,-2.622995453E0,-6.294859772E0,6.923402710E0
1.481311497E2,-2.627186737E0,-6.298302612E0,6.938521271E0
1.481411898E2,-2.626737671E0,-6.296356659E0,6.937772827E0
1.481512607E2,-2.639311523E0,-6.290967865E0,6.927444305E0
1.481613007E2,-2.636168060E0,-6.286776581E0,6.933132477E0
1.481713417E2,-2.627037048E0,-6.277645569E0,6.936575317E0
1.481813818E2,-2.631527710E0,-6.270011444E0,6.937174072E0
1.481914218E2,-2.639012146E0,-6.261778564E0,6.939120026E0
1.482014627E2,-2.631677399E0,-6.262227631E0,6.942413177E0
1.482115327E2,-2.635120239E0,-6.272705841E0,6.942413177E0
1.482215738E2,-2.642604675E0,-6.270161133E0,6.939569092E0
1.482316137E2,-2.633174286E0,-6.284680939E0,6.934629364E0
1.482416537E2,-2.628084869E0,-6.291566620E0,6.931934967E0
1.482516937E2,-2.640658722E0,-6.295159149E0,6.932833099E0
1.482617347E2,-2.651286621E0,-6.287225647E0,6.945406952E0
1.482718057E2,-2.646047516E0,-6.287375336E0,6.920858002E0
1.482818457E2,-2.655627594E0,-6.284830627E0,6.912625122E0
1.482918857E2,-2.665507050E0,-6.294710083E0,6.913822632E0
1.483019257E2,-2.667003937E0,-6.297703857E0,6.913074188E0
1.483119667E2,-2.669249268E0,-6.303392029E0,6.912026367E0
1.483220367E2,-2.663411407E0,-6.300248566E0,6.923702087E0
1.483320777E2,-2.655028839E0,-6.305038605E0,6.915768585E0
1.483421177E2,-2.650089111E0,-6.314918060E0,6.916217651E0
1.483521577E2,-2.642155609E0,-6.312523041E0,6.912625122E0
1.483621988E2,-2.631228333E0,-6.310128021E0,6.915918274E0
1.483722387E2,-2.621797943E0,-6.305487671E0,6.920858002E0
1.483823097E2,-2.616858215E0,-6.312073975E0,6.914720764E0
1.483923498E2,-2.624642029E0,-6.303541718E0,6.910230103E0
1.484023898E2,-2.619552612E0,-6.305787048E0,6.914870453E0
1.484124307E2,-2.614463196E0,-6.305487671E0,6.922354889E0
1.484224707E2,-2.614313507E0,-6.303841095E0,6.924600220E0
1.484325107E2,-2.605481873E0,-6.296656036E0,6.936275940E0
1.484425818E2,-2.607876892E0,-6.296356659E0,6.932982788E0
1.484526217E2,-2.610421600E0,-6.303541718E0,6.935527496E0
1.484626617E2,-2.613864441E0,-6.299649811E0,6.937473450E0
1.484727027E2,-2.617307281E0,-6.305337982E0,6.924600220E0
1.484827427E2,-2.623294830E0,-6.291865997E0,6.925947418E0
1.484927827E2,-2.635269928E0,-6.298751678E0,6.940467224E0
1.485028537E2,-2.630030823E0,-6.306535492E0,6.932384033E0
1.485128937E2,-2.634371796E0,-6.306984558E0,6.926396484E0
1.485229347E2,-2.635419617E0,-6.304140472E0,6.932982788E0
1.485329748E2,-2.631976776E0,-6.299949188E0,6.925198975E0
1.485430148E2,-2.630479889E0,-6.296506348E0,6.910828857E0
1.485530857E2,-2.643951874E0,-6.293662262E0,6.904392242E0
1.485631257E2,-2.645299072E0,-6.293811951E0,6.894512787E0
1.485731668E2,-2.626288605E0,-6.298302612E0,6.893464966E0
1.485832068E2,-2.621648254E0,-6.323300629E0,6.893015900E0
1.485932467E2,-2.624492340E0,-6.333180084E0,6.892117767E0
1.486032867E2,-2.623145142E0,-6.338568878E0,6.887776794E0
1.486133578E2,-2.601290588E0,-6.339616699E0,6.895261230E0
1.486233988E2,-2.599344635E0,-6.342460785E0,6.890471191E0
1.486334387E2,-2.600242767E0,-6.326593781E0,6.902595978E0
1.486434787E2,-2.590063934E0,-6.319259033E0,6.916067963E0
1.486535187E2,-2.587968292E0,-6.308331757E0,6.933581543E0
1.486635597E2,-2.588567047E0,-6.305337982E0,6.939569092E0
1.486736297E2,-2.602787476E0,-6.292165375E0,6.938670959E0
1.486836707E2,-2.608775024E0,-6.295009460E0,6.921905823E0
1.486937107E2,-2.622396698E0,-6.287375336E0,6.949747925E0
1.487037507E2,-2.622546387E0,-6.272855530E0,6.961573334E0
1.487137918E2,-2.630479889E0,-6.250851288E0,6.965465240E0
1.487238617E2,-2.627785492E0,-6.235133972E0,6.972650299E0
1.487339027E2,-2.609224091E0,-6.258635101E0,6.976991272E0
1.487439427E2,-2.618654480E0,-6.271658020E0,6.959328003E0
1.487539828E2,-2.629282379E0,-6.303841095E0,6.949448547E0
1.487640238E2,-2.646346893E0,-6.338419189E0,6.933282166E0
1.487740637E2,-2.666554871E0,-6.345304871E0,6.904092865E0
1.487841347E2,-2.666854248E0,-6.322402496E0,6.894961853E0
1.487941748E2,-2.671943665E0,-6.302044830E0,6.886878662E0
1.488042147E2,-2.688708801E0,-6.310876465E0,6.876250763E0
1.488142547E2,-2.695444794E0,-6.307882690E0,6.886579285E0
1.488242957E2,-2.681972809E0,-6.297853546E0,6.887178040E0
1.488343357E2,-2.681823120E0,-6.321654053E0,6.889573059E0
1.488444067E2,-2.689008179E0,-6.355483704E0,6.886130219E0
1.488544467E2,-2.672392731E0,-6.364465027E0,6.886728973E0
1.488644867E2,-2.669848022E0,-6.380182343E0,6.891219635E0
1.488745277E2,-2.652334442E0,-6.388714600E0,6.892267456E0
1.488845677E2,-2.614762573E0,-6.351292419E0,6.908134460E0
1.488946078E2,-2.571203156E0,-6.327791290E0,6.902895355E0
1.489046787E2,-2.543211365E0,-6.317313080E0,6.908433838E0
1.489147187E2,-2.544408875E0,-6.310577087E0,6.909631348E0
1.489247597E2,-2.538421326E0,-6.285429382E0,6.915768585E0
1.489347998E2,-2.531835022E0,-6.269562378E0,6.911277924E0
1.489448397E2,-2.516716461E0,-6.275100861E0,6.915319519E0
1.489549107E2,-2.528541870E0,-6.333928528E0,6.940916290E0
1.489649507E2,-2.530787201E0,-6.317911835E0,6.963369598E0
1.489749918E2,-2.522254944E0,-6.278094635E0,6.978188782E0
1.489850317E2,-2.529739380E0,-6.289770355E0,6.979236603E0
1.489950717E2,-2.536625061E0,-6.302643585E0,6.982829132E0
1.490051117E2,-2.534080353E0,-6.282136230E0,6.981182556E0
1.490151828E2,-2.538870392E0,-6.265520782E0,6.975793762E0
1.490252227E2,-2.535577240E0,-6.236181793E0,6.974296875E0
1.490352637E2,-2.531685333E0,-6.234385529E0,6.968459015E0
1.490452946E2,-2.537672882E0,-6.243366852E0,6.977140961E0
1.490553346E2,-2.540666656E0,-6.253845062E0,6.995702362E0
1.490653756E2,-2.550995178E0,-6.255940704E0,6.994055786E0
1.490754456E2,-2.569257202E0,-6.253545685E0,7.004683685E0
1.490854866E2,-2.568957825E0,-6.260281677E0,6.992109833E0
1.490955266E2,-2.576442261E0,-6.269113312E0,6.983727264E0
1.491055666E2,-2.588716736E0,-6.268963623E0,6.968009949E0
1.491156076E2,-2.593207397E0,-6.275400238E0,6.936126251E0
1.491256476E2,-2.608026581E0,-6.310876465E0,6.906338196E0
1.491357186E2,-2.619851990E0,-6.326444092E0,6.876101074E0
1.491457586E2,-2.628533936E0,-6.346203003E0,6.851701813E0
1.491557986E2,-2.626587982E0,-6.370153198E0,6.833290100E0
1.491658386E2,-2.630779266E0,-6.368207245E0,6.843169556E0
1.491758796E2,-2.641556854E0,-6.368656311E0,6.855893097E0
1.491859506E2,-2.650987244E0,-6.358477478E0,6.878645782E0
1.491959906E2,-2.652933197E0,-6.346053314E0,6.892566833E0
1.492060306E2,-2.664608917E0,-6.334676971E0,6.921007690E0
1.492160706E2,-2.665656738E0,-6.318510590E0,6.945107574E0
1.492261116E2,-2.662064209E0,-6.301595764E0,6.951394501E0
1.492361516E2,-2.648592224E0,-6.291117554E0,6.964118042E0
1.492462226E2,-2.639311523E0,-6.272855530E0,6.971452789E0
1.492562626E2,-2.628683624E0,-6.270759888E0,6.982230377E0
1.492663026E2,-2.617157593E0,-6.253545685E0,6.972500610E0
1.492763436E2,-2.620450745E0,-6.255491638E0,6.963818665E0
1.492863836E2,-2.620450745E0,-6.251899109E0,6.970255280E0
1.492964236E2,-2.601889343E0,-6.218069458E0,6.975494385E0
1.493064946E2,-2.585722961E0,-6.202950897E0,6.972949677E0
1.493165346E2,-2.567910004E0,-6.209537201E0,6.976242828E0
1.493265756E2,-2.559377747E0,-6.223009186E0,6.984026642E0
1.493366156E2,-2.549498291E0,-6.230044556E0,7.010072479E0
1.493466556E2,-2.530787201E0,-6.237379303E0,7.018455048E0
1.493566956E2,-2.523003387E0,-6.246660004E0,7.025191040E0
1.493667666E2,-2.528990936E0,-6.239624634E0,7.034621429E0
1.493768076E2,-2.536175995E0,-6.240522766E0,7.018604736E0
1.493868476E2,-2.545157318E0,-6.244863739E0,6.995702362E0
1.493968876E2,-2.550246735E0,-6.248456268E0,6.986421661E0
1.494069276E2,-2.559677124E0,-6.267915802E0,6.967261505E0
1.494169986E2,-2.570305023E0,-6.288423157E0,6.955735474E0
1.494270386E2,-2.580334167E0,-6.302194519E0,6.918612671E0
1.494370796E2,-2.596500549E0,-6.314169617E0,6.910230103E0
1.494471196E2,-2.612517242E0,-6.319708099E0,6.924151154E0
1.494571596E2,-2.624342651E0,-6.309678955E0,6.919810181E0
1.494672006E2,-2.648442535E0,-6.274651794E0,6.923851776E0
1.494772706E2,-2.659968567E0,-6.256090393E0,6.943760376E0
1.494873116E2,-2.664908295E0,-6.244414673E0,6.959627380E0
1.494973516E2,-2.662064209E0,-6.221961365E0,6.967261505E0
1.495073916E2,-2.673739929E0,-6.192472687E0,6.992858276E0
1.495174326E2,-2.668201447E0,-6.174210663E0,7.011419678E0
1.495274726E2,-2.668949890E0,-6.161487122E0,7.046297150E0
1.495375436E2,-2.663261719E0,-6.143823853E0,7.053631897E0
1.495475836E2,-2.666704559E0,-6.134543152E0,7.071295166E0
1.495576236E2,-2.655926971E0,-6.128555603E0,7.061116333E0
1.495676636E2,-2.675536194E0,-6.136638794E0,7.045099640E0
1.495777046E2,-2.674787750E0,-6.134692841E0,7.041956177E0
1.495877446E2,-2.667902069E0,-6.145470428E0,7.040908356E0
1.495978156E2,-2.665057983E0,-6.158044281E0,7.030879211E0
1.496078556E2,-2.650238800E0,-6.159840546E0,7.031328278E0
1.496178956E2,-2.646346893E0,-6.171665955E0,7.003785553E0
1.496279366E2,-2.644251251E0,-6.184838562E0,7.006030884E0
1.496379766E2,-2.648891602E0,-6.201304321E0,7.001390533E0
1.496480476E2,-2.653082886E0,-6.223458252E0,6.984775085E0
1.496580876E2,-2.645748138E0,-6.253246307E0,6.962172089E0
1.496681276E2,-2.646496582E0,-6.279890900E0,6.945706329E0
1.496781686E2,-2.650987244E0,-6.306834869E0,6.928342438E0
1.496882086E2,-2.646795959E0,-6.324049072E0,6.922803955E0
1.496982486E2,-2.637814636E0,-6.336173859E0,6.918313293E0
1.497083196E2,-2.637515259E0,-6.336622925E0,6.905440063E0
1.497183596E2,-2.623294830E0,-6.331533508E0,6.897207184E0
1.497284006E2,-2.623294830E0,-6.324498138E0,6.892417145E0
1.497384406E2,-2.625989227E0,-6.320007477E0,6.903494110E0
1.497484806E2,-2.611319733E0,-6.314618683E0,6.913223877E0
1.497585206E2,-2.600542145E0,-6.293362885E0,6.930587769E0
1.497685916E2,-2.584974518E0,-6.284531250E0,6.950047302E0
1.497786316E2,-2.581381989E0,-6.265371094E0,6.972201233E0
1.497886726E2,-2.566413116E0,-6.256240082E0,6.988367615E0
1.497987126E2,-2.562521210E0,-6.242319031E0,7.010072479E0
1.498087526E2,-2.558928680E0,-6.237828369E0,7.011868744E0
1.498187936E2,-2.543361053E0,-6.241869965E0,7.010222168E0
1.498288636E2,-2.538121948E0,-6.251599731E0,7.006779327E0
1.498389046E2,-2.542762299E0,-6.259982300E0,7.000941467E0
1.498489446E2,-2.530787201E0,-6.253994751E0,6.991361389E0
1.498589846E2,-2.522704010E0,-6.256389771E0,6.987170105E0
1.498690256E2,-2.521356812E0,-6.258335724E0,6.982978821E0
1.498790956E2,-2.529140625E0,-6.273005219E0,6.966363373E0
1.498891366E2,-2.523602142E0,-6.271957397E0,6.955286407E0
1.498991766E2,-2.532284088E0,-6.276597748E0,6.934928741E0
1.499092166E2,-2.546354828E0,-6.281687164E0,6.941664734E0
1.499192566E2,-2.572101288E0,-6.289920044E0,6.954238586E0
1.499292976E2,-2.596500549E0,-6.281687164E0,6.951843567E0
1.499393686E2,-2.605930939E0,-6.282285919E0,6.949897614E0
1.499494086E2,-2.604134674E0,-6.279591522E0,6.965016174E0
1.499594486E2,-2.615211639E0,-6.272556152E0,6.960525513E0
1.499694886E2,-2.621049500E0,-6.264622650E0,6.949298859E0
1.499795296E2,-2.621947632E0,-6.277346191E0,6.945257263E0
1.499895696E2,-2.619402924E0,-6.281238098E0,6.951843567E0
1.499996406E2,-2.618654480E0,-6.275849304E0,6.966363373E0
1.500096806E2,-2.623444519E0,-6.275250549E0,6.973099365E0
1.500197206E2,-2.621947632E0,-6.263724518E0,6.987918549E0
1.500297616E2,-2.631378021E0,-6.256240082E0,6.971901855E0
1.500398016E2,-2.628683624E0,-6.233637085E0,6.973847809E0
1.500498876E2,-2.627336426E0,-6.219416656E0,6.961273956E0
1.500599276E2,-2.628683624E0,-6.222410431E0,6.979685669E0
1.500699676E2,-2.622396698E0,-6.213429108E0,6.975793762E0
1.500800086E2,-2.619552612E0,-6.219865723E0,6.990612946E0
1.500900486E2,-2.601889343E0,-6.236481171E0,6.988217926E0
1.501000886E2,-2.596500549E0,-6.245163116E0,6.988816681E0
1.501101596E2,-2.598147125E0,-6.247258759E0,6.989565125E0
1.501201996E2,-2.598446503E0,-6.262826385E0,6.992558899E0
1.501302396E2,-2.598446503E0,-6.265820160E0,6.973249054E0
1.501402806E2,-2.588117981E0,-6.267317047E0,6.970554657E0
1.501503206E2,-2.578687592E0,-6.264323273E0,6.972650299E0
1.501603606E2,-2.591860199E0,-6.261479187E0,6.960675201E0
1.501704316E2,-2.593057709E0,-6.253246307E0,6.950646057E0
1.501804716E2,-2.601290588E0,-6.254443817E0,6.950945435E0
1.501905126E2,-2.615960083E0,-6.256090393E0,6.959926758E0
1.502005526E2,-2.618205414E0,-6.249055023E0,6.960525513E0
1.502105926E2,-2.631527710E0,-6.235882416E0,6.971901855E0
1.502206336E2,-2.637964325E0,-6.234984283E0,6.972799988E0
1.502307036E2,-2.633623352E0,-6.229296112E0,6.994355164E0
1.502407446E2,-2.633473663E0,-6.235882416E0,6.986271973E0
1.502507846E2,-2.630629578E0,-6.237978058E0,6.989864502E0
1.502608246E2,-2.629432068E0,-6.227948914E0,6.996899872E0
1.502708646E2,-2.628084869E0,-6.227799225E0,6.991960144E0
1.502809356E2,-2.630330200E0,-6.224206696E0,6.991960144E0
1.502909766E2,-2.621199188E0,-6.217321014E0,6.993457031E0
1.503010166E2,-2.622097321E0,-6.222260742E0,6.980434113E0
1.503110566E2,-2.631677399E0,-6.229146423E0,6.975045319E0
1.503210966E2,-2.626887360E0,-6.226002960E0,6.966812439E0
1.503311376E2,-2.623294830E0,-6.227799225E0,6.965016174E0
1.503412076E2,-2.628683624E0,-6.226152649E0,6.967411194E0
1.503512486E2,-2.620750122E0,-6.231242065E0,6.984326019E0
1.503612886E2,-2.632874908E0,-6.237379303E0,6.972500610E0
1.503713286E2,-2.634820862E0,-6.238427124E0,6.971452789E0
1.503813696E2,-2.638413391E0,-6.243965607E0,6.982679443E0
1.503914096E2,-2.642604675E0,-6.249803467E0,6.976392517E0
1.504014806E2,-2.651735687E0,-6.255491638E0,6.967560883E0
1.504115206E2,-2.645448761E0,-6.253845062E0,6.960375824E0
1.504215606E2,-2.639461212E0,-6.248755646E0,6.953490143E0
1.504316016E2,-2.636317749E0,-6.249055023E0,6.961573334E0
1.504416416E2,-2.634970551E0,-6.250402222E0,6.965315552E0
1.504516816E2,-2.621947632E0,-6.253246307E0,6.962172089E0
1.504617526E2,-2.623294830E0,-6.239025879E0,6.979086914E0
1.504717926E2,-2.625240784E0,-6.233786774E0,6.983876953E0
1.504818326E2,-2.633174286E0,-6.231840820E0,6.981631622E0
1.504918736E2,-2.632575531E0,-6.226601715E0,6.980583801E0
1.505019136E2,-2.629432068E0,-6.223458252E0,6.987020416E0
1.505119846E2,-2.629881134E0,-6.228547668E0,6.998247070E0
1.505220246E2,-2.632874908E0,-6.224955139E0,6.995552673E0
1.505320646E2,-2.622097321E0,-6.226601715E0,6.988517303E0
1.505421056E2,-2.611619110E0,-6.223308563E0,7.000043335E0
1.505521456E2,-2.610571289E0,-6.218518524E0,6.992708588E0
1.505621856E2,-2.615660706E0,-6.215824127E0,6.998396759E0
1.505722566E2,-2.612068176E0,-6.213878174E0,7.015311584E0
1.505822966E2,-2.598596191E0,-6.213129730E0,7.021897888E0
1.505923376E2,-2.599045258E0,-6.212530975E0,7.013215942E0
1.506023776E2,-2.604284363E0,-6.209537201E0,7.014862518E0
1.506124176E2,-2.603386230E0,-6.219416656E0,7.023394775E0
1.506224576E2,-2.598296814E0,-6.216422882E0,7.024143219E0
1.506325286E2,-2.595452728E0,-6.222709808E0,7.013515320E0
1.506425696E2,-2.596799927E0,-6.222859497E0,6.999594269E0
1.506526096E2,-2.596350861E0,-6.232589264E0,6.987170105E0
1.506626496E2,-2.608325958E0,-6.239325256E0,6.987170105E0
1.506726896E2,-2.602188721E0,-6.229146423E0,6.995402985E0
1.506827306E2,-2.600841522E0,-6.226002960E0,7.002138977E0
1.506928016E2,-2.603386230E0,-6.222111053E0,7.002887421E0
1.507028416E2,-2.603984985E0,-6.223757629E0,7.002588043E0
1.507128816E2,-2.607278137E0,-6.229745178E0,7.001839600E0
1.507229216E2,-2.606679382E0,-6.232589264E0,7.001091156E0
1.507329626E2,-2.614762573E0,-6.239624634E0,6.989415436E0
1.507430326E2,-2.616109772E0,-6.237229614E0,6.977590027E0
1.507530736E2,-2.619702301E0,-6.233936462E0,6.971003723E0
1.507631136E2,-2.621797943E0,-6.234834595E0,6.964118042E0
1.507731536E2,-2.615960083E0,-6.227948914E0,6.978637848E0
1.507831946E2,-2.601889343E0,-6.234235840E0,6.966812439E0
1.507932346E2,-2.597248993E0,-6.240522766E0,6.974147186E0
1.508033056E2,-2.599045258E0,-6.245312805E0,6.993307343E0
1.508133456E2,-2.593207397E0,-6.242618408E0,6.999893646E0
1.508233856E2,-2.586621094E0,-6.252797241E0,7.010222168E0
1.508334266E2,-2.574346619E0,-6.245911560E0,7.008725281E0
1.508434666E2,-2.573598175E0,-6.247408447E0,7.011120300E0
1.508535066E2,-2.575843506E0,-6.249354401E0,6.998097382E0
1.508635776E2,-2.575095062E0,-6.253545685E0,7.008874969E0
1.508736176E2,-2.580034790E0,-6.256689148E0,6.996001740E0
1.508836576E2,-2.583627319E0,-6.250252533E0,6.987619171E0
1.508936986E2,-2.590063934E0,-6.240223389E0,6.978188782E0
1.509037386E2,-2.586770782E0,-6.233936462E0,6.982380066E0
1.509138096E2,-2.581831055E0,-6.242019653E0,6.991211700E0
1.509238496E2,-2.579436035E0,-6.223308563E0,6.991361389E0
1.509338896E2,-2.587968292E0,-6.223009186E0,6.993157654E0
1.509439306E2,-2.585872650E0,-6.236930237E0,6.996301117E0
1.509539706E2,-2.595452728E0,-6.238876190E0,7.007378082E0
1.509640106E2,-2.599793701E0,-6.242319031E0,7.004533997E0
1.509740816E2,-2.602937164E0,-6.232140198E0,7.015311584E0
1.509841216E2,-2.609523468E0,-6.229146423E0,7.010072479E0
1.509941626E2,-2.607876892E0,-6.222560120E0,7.005432129E0
1.510042026E2,-2.592309265E0,-6.225853271E0,6.993457031E0
1.510142426E2,-2.601739655E0,-6.222560120E0,6.986421661E0
1.510242826E2,-2.597099304E0,-6.235583038E0,6.980583801E0
1.510343536E2,-2.591411133E0,-6.237379303E0,6.967261505E0
1.510443946E2,-2.582579498E0,-6.244564362E0,6.978188782E0
1.510544217E2,-2.579286346E0,-6.251749420E0,6.990912323E0
1.510644617E2,-2.581381989E0,-6.253395996E0,6.986870728E0
1.510745017E2,-2.576292572E0,-6.250402222E0,6.985822906E0
1.510845427E2,-2.568957825E0,-6.240223389E0,6.997798004E0
1.510946127E2,-2.556683350E0,-6.246660004E0,6.977140961E0
1.511046537E2,-2.560724945E0,-6.249204712E0,6.985373840E0
1.511146937E2,-2.559976501E0,-6.251599731E0,7.000492401E0
1.511247337E2,-2.560126190E0,-6.253545685E0,7.003336487E0
1.511347747E2,-2.557282104E0,-6.260581055E0,7.001240845E0
1.511448447E2,-2.561024323E0,-6.255641327E0,6.999594269E0
1.511548857E2,-2.559377747E0,-6.248755646E0,6.998995514E0
1.511649257E2,-2.554887085E0,-6.252048798E0,6.986421661E0
1.511749657E2,-2.556234283E0,-6.248306580E0,6.991810455E0
1.511850067E2,-2.550995178E0,-6.263874207E0,6.985074463E0
1.511950467E2,-2.543361053E0,-6.264173584E0,6.979386292E0
1.512051177E2,-2.540217590E0,-6.264922028E0,6.991062012E0
1.512151577E2,-2.526146851E0,-6.267317047E0,6.986721039E0
1.512251977E2,-2.529589691E0,-6.263874207E0,6.994205475E0
1.512352377E2,-2.534230042E0,-6.252497864E0,6.988966370E0
1.512452787E2,-2.550995178E0,-6.262377319E0,6.986271973E0
1.512553187E2,-2.547552338E0,-6.261628876E0,6.979086914E0
1.512653897E2,-2.544259186E0,-6.257736969E0,6.976542206E0
1.512754297E2,-2.550995178E0,-6.263425140E0,6.971752167E0
1.512854697E2,-2.569107513E0,-6.268364868E0,6.972350922E0
1.512955107E2,-2.566113739E0,-6.262227631E0,6.970255280E0
1.513055507E2,-2.568508759E0,-6.276747437E0,6.973698120E0
1.513155907E2,-2.574795685E0,-6.281537476E0,6.970255280E0
1.513256617E2,-2.566113739E0,-6.278992767E0,6.974596252E0
1.513357017E2,-2.571053467E0,-6.286776581E0,6.959777069E0
1.513457427E2,-2.564317474E0,-6.282884674E0,6.970554657E0
1.513557827E2,-2.555485840E0,-6.273753662E0,6.988068237E0
1.513658227E2,-2.554587708E0,-6.247109070E0,6.989864502E0
1.513758937E2,-2.561623077E0,-6.240373077E0,7.003935242E0
1.513859337E2,-2.571502533E0,-6.242468719E0,7.010072479E0
1.513959747E2,-2.576442261E0,-6.250701599E0,6.997648315E0
1.514060147E2,-2.588117981E0,-6.251300354E0,7.000791779E0
1.514160547E2,-2.582130432E0,-6.250402222E0,7.010671234E0
1.514260947E2,-2.579286346E0,-6.249204712E0,7.004084930E0
1.514361657E2,-2.580334167E0,-6.242917786E0,6.997049561E0
1.514462057E2,-2.574196930E0,-6.234235840E0,6.985822906E0
1.514562467E2,-2.564018097E0,-6.234834595E0,6.995253296E0
1.514662867E2,-2.565215607E0,-6.233038330E0,6.976542206E0
1.514763267E2,-2.572400665E0,-6.232289886E0,6.979236603E0
1.514863677E2,-2.563119965E0,-6.244414673E0,6.988966370E0
1.514964377E2,-2.555785217E0,-6.252647552E0,6.993307343E0
1.515064787E2,-2.553240509E0,-6.253545685E0,6.997648315E0
1.515165187E2,-2.549198914E0,-6.249354401E0,6.999893646E0
1.515265587E2,-2.543810120E0,-6.252348175E0,7.008276215E0
1.515365997E2,-2.556982727E0,-6.255940704E0,7.002737732E0
1.515466397E2,-2.564616852E0,-6.255940704E0,7.003935242E0
1.515567107E2,-2.565964050E0,-6.262527008E0,6.997348938E0
1.515667507E2,-2.571203156E0,-6.254443817E0,6.992109833E0
1.515767907E2,-2.574795685E0,-6.249653778E0,6.989265747E0
1.515868307E2,-2.580633545E0,-6.248456268E0,6.984775085E0
1.515968717E2,-2.565814362E0,-6.245312805E0,6.991062012E0
1.516069427E2,-2.560575256E0,-6.249055023E0,6.992409210E0
1.516169827E2,-2.555485840E0,-6.230493622E0,6.993457031E0
1.516270227E2,-2.564018097E0,-6.228697357E0,7.001091156E0
1.516370627E2,-2.571801910E0,-6.225404205E0,7.002438354E0
1.516471037E2,-2.572849731E0,-6.230343933E0,7.003186798E0
1.516571437E2,-2.575993195E0,-6.234235840E0,7.009473724E0
1.516672147E2,-2.577639771E0,-6.248306580E0,7.034172363E0
1.516772547E2,-2.572849731E0,-6.243965607E0,7.008725281E0
1.516872947E2,-2.577340393E0,-6.240522766E0,7.013066254E0
1.516973357E2,-2.571801910E0,-6.239325256E0,7.002138977E0
1.517073757E2,-2.573747864E0,-6.229296112E0,6.990313568E0
1.517174157E2,-2.577939148E0,-6.232738953E0,6.988517303E0
1.517274867E2,-2.582729187E0,-6.230044556E0,6.994804230E0
1.517375267E2,-2.572999420E0,-6.227499847E0,6.981931000E0
1.517475677E2,-2.571951599E0,-6.230343933E0,6.990762634E0
1.517576077E2,-2.583178253E0,-6.239175568E0,6.989565125E0
1.517676477E2,-2.569257202E0,-6.241570587E0,6.992109833E0
1.517777187E2,-2.570754089E0,-6.247558136E0,7.005282440E0
1.517877587E2,-2.570305023E0,-6.246809692E0,7.006180573E0
1.517977997E2,-2.565664673E0,-6.248605957E0,7.001689911E0
1.518078397E2,-2.566862183E0,-6.254443817E0,7.000791779E0
1.518178797E2,-2.564018097E0,-6.243965607E0,6.999594269E0
1.518279197E2,-2.564317474E0,-6.237528992E0,7.000492401E0
1.518379907E2,-2.565365295E0,-6.238876190E0,6.995103607E0
1.518480307E2,-2.553988953E0,-6.242917786E0,7.001240845E0
1.518580717E2,-2.556982727E0,-6.231242065E0,6.996450806E0
1.518681117E2,-2.551444244E0,-6.230343933E0,6.995702362E0
1.518781517E2,-2.556683350E0,-6.236331482E0,6.996151428E0
1.518881927E2,-2.562820587E0,-6.234235840E0,6.997049561E0
1.518982627E2,-2.558778992E0,-6.238726501E0,7.003037109E0
1.519083037E2,-2.554887085E0,-6.236032104E0,7.000492401E0
1.519183437E2,-2.550097046E0,-6.240073700E0,7.009324036E0
1.519283837E2,-2.544408875E0,-6.243516541E0,6.996750183E0
1.519384247E2,-2.547103271E0,-6.233786774E0,7.013515320E0
1.519484647E2,-2.550546112E0,-6.234385529E0,7.008874969E0
1.519585357E2,-2.550546112E0,-6.231242065E0,7.006030884E0
1.519685757E2,-2.552641754E0,-6.226751404E0,7.013814697E0
1.519786157E2,-2.564018097E0,-6.220314789E0,7.009174347E0
1.519886557E2,-2.563419342E0,-6.236481171E0,7.007677460E0
1.519986967E2,-2.564616852E0,-6.240373077E0,7.009324036E0
1.520087677E2,-2.558180237E0,-6.232888641E0,7.014563141E0
1.520188077E2,-2.562072144E0,-6.237828369E0,7.019203491E0
1.520288477E2,-2.566263428E0,-6.227799225E0,7.012766876E0
1.520388877E2,-2.569257202E0,-6.240822144E0,7.002138977E0
1.520489167E2,-2.566562805E0,-6.243067474E0,7.006629639E0
1.520589567E2,-2.557880859E0,-6.221212921E0,7.010970612E0
1.520690277E2,-2.560275879E0,-6.218817902E0,7.018604736E0
1.520790677E2,-2.570155334E0,-6.224955139E0,7.036118317E0
1.520891077E2,-2.564616852E0,-6.227948914E0,7.034172363E0
1.520991487E2,-2.574645996E0,-6.236181793E0,7.020251312E0
1.521091888E2,-2.575843506E0,-6.236181793E0,7.019053802E0
1.521192288E2,-2.582429810E0,-6.245163116E0,7.019053802E0
1.521292997E2,-2.581381989E0,-6.245761871E0,6.996151428E0
1.521393397E2,-2.579735413E0,-6.234684906E0,6.990463257E0
1.521493808E2,-2.589315491E0,-6.234834595E0,6.989116058E0
1.521594207E2,-2.595452728E0,-6.228697357E0,6.983427887E0
1.521694607E2,-2.586471405E0,-6.224655762E0,6.987469482E0
1.521795007E2,-2.570454712E0,-6.222111053E0,6.980134735E0
1.521895718E2,-2.567760315E0,-6.228847046E0,6.992708588E0
1.521996117E2,-2.562371521E0,-6.236032104E0,7.011120300E0
1.522096527E2,-2.557581482E0,-6.222560120E0,7.025340729E0
1.522196927E2,-2.550097046E0,-6.232140198E0,7.025191040E0
1.522297327E2,-2.556383972E0,-6.231840820E0,7.032376099E0
1.522398037E2,-2.562221832E0,-6.233637085E0,7.020251312E0
1.522498437E2,-2.567311249E0,-6.235583038E0,7.006929016E0
1.522598847E2,-2.563269653E0,-6.238576813E0,7.004084930E0
1.522699247E2,-2.562371521E0,-6.239774323E0,6.999893646E0
1.522799647E2,-2.564167786E0,-6.239774323E0,7.003336487E0
1.522900058E2,-2.557731171E0,-6.236780548E0,7.001689911E0
1.523000757E2,-2.550845490E0,-6.235133972E0,7.006479950E0
1.523101167E2,-2.547252960E0,-6.231541443E0,7.017556915E0
1.523201568E2,-2.554737396E0,-6.227200470E0,7.009324036E0
1.523301968E2,-2.567760315E0,-6.221811676E0,7.008575592E0
1.523402367E2,-2.564018097E0,-6.206992493E0,7.005881195E0
1.523502777E2,-2.557431793E0,-6.218069458E0,7.011569366E0
1.523603488E2,-2.556234283E0,-6.227200470E0,7.037016449E0
1.523703888E2,-2.549198914E0,-6.226302338E0,7.036417694E0
1.523804287E2,-2.558030548E0,-6.220464478E0,7.029532013E0
1.523904687E2,-2.554887085E0,-6.230194244E0,7.017257538E0
1.524005097E2,-2.554138641E0,-6.227948914E0,7.007078705E0
1.524105798E2,-2.555336151E0,-6.221212921E0,7.016509094E0
1.524206207E2,-2.564467163E0,-6.216572571E0,7.016060028E0
1.524306607E2,-2.557431793E0,-6.223158875E0,7.005132751E0
1.524407007E2,-2.564766541E0,-6.230493622E0,7.003785553E0
1.524507417E2,-2.564766541E0,-6.238726501E0,7.007228394E0
1.524607818E2,-2.562820587E0,-6.248306580E0,7.009473724E0
1.524708527E2,-2.571801910E0,-6.252048798E0,7.018604736E0
1.524808927E2,-2.574047241E0,-6.241271210E0,7.013814697E0
1.524909327E2,-2.571801910E0,-6.226751404E0,7.008575592E0
1.525009738E2,-2.570005646E0,-6.230044556E0,7.007378082E0
1.525110138E2,-2.573598175E0,-6.226152649E0,7.001390533E0
1.525210537E2,-2.579735413E0,-6.231242065E0,6.996450806E0
1.525311247E2,-2.586321716E0,-6.233487396E0,6.998995514E0
1.525411648E2,-2.585273895E0,-6.229296112E0,6.998247070E0
1.525512048E2,-2.587968292E0,-6.227948914E0,7.009922791E0
1.525612457E2,-2.589465179E0,-6.225104828E0,6.999743958E0
1.525712857E2,-2.583477631E0,-6.227499847E0,7.004833374E0
1.525813257E2,-2.578537903E0,-6.235583038E0,7.006030884E0
1.525913967E2,-2.576591949E0,-6.240672455E0,7.013215942E0
1.526014367E2,-2.568359070E0,-6.234235840E0,7.019652557E0
1.526114777E2,-2.568508759E0,-6.227948914E0,7.025191040E0
1.526215177E2,-2.568209381E0,-6.226002960E0,7.038513336E0
1.526315577E2,-2.572101288E0,-6.210285645E0,7.015760651E0
1.526416287E2,-2.560575256E0,-6.206842804E0,7.018305359E0
1.526516687E2,-2.565814362E0,-6.214177551E0,7.027586060E0
1.526617097E2,-2.552791443E0,-6.209986267E0,7.012168121E0
1.526717497E2,-2.552342377E0,-6.205345917E0,7.012467499E0
1.526817898E2,-2.568957825E0,-6.210734711E0,7.016060028E0
1.526918298E2,-2.561473389E0,-6.217321014E0,7.017856293E0
1.527019007E2,-2.574496307E0,-6.226002960E0,7.024741974E0
1.527119417E2,-2.577190704E0,-6.227649536E0,7.014114075E0
1.527219818E2,-2.570754089E0,-6.238876190E0,7.003037109E0
1.527320217E2,-2.571352844E0,-6.244714050E0,7.007527771E0
1.527420617E2,-2.561922455E0,-6.240522766E0,7.005731506E0
1.527521027E2,-2.551743622E0,-6.222260742E0,7.016658783E0
1.527621728E2,-2.557132416E0,-6.234086151E0,7.013814697E0
1.527722137E2,-2.552791443E0,-6.229445801E0,7.018155670E0
1.527822537E2,-2.557880859E0,-6.221063232E0,7.011120300E0
1.527922937E2,-2.572550354E0,-6.220763855E0,7.015012207E0
1.528023347E2,-2.574945374E0,-6.218069458E0,7.039411469E0
1.528123747E2,-2.576142883E0,-6.216273193E0,7.029382324E0
1.528224457E2,-2.580633545E0,-6.221362610E0,7.027286682E0
1.528324857E2,-2.567910004E0,-6.228697357E0,7.040459290E0
1.528425257E2,-2.562820587E0,-6.229445801E0,7.034322052E0
1.528525667E2,-2.565814362E0,-6.228248291E0,7.033872986E0
1.528626068E2,-2.571801910E0,-6.226901093E0,7.025340729E0
1.528726777E2,-2.573747864E0,-6.228547668E0,7.011868744E0
1.528827177E2,-2.572550354E0,-6.225104828E0,6.988666992E0
1.528927577E2,-2.567311249E0,-6.223458252E0,6.993606720E0
1.529027978E2,-2.568508759E0,-6.222111053E0,6.988966370E0
1.529128387E2,-2.575993195E0,-6.214626617E0,6.998546448E0
1.529228787E2,-2.563868408E0,-6.217919769E0,7.000642090E0
1.529329498E2,-2.555635529E0,-6.224805450E0,7.009922791E0
1.529429898E2,-2.561623077E0,-6.218967590E0,7.025789795E0
1.529530297E2,-2.557581482E0,-6.223308563E0,7.024292908E0
1.529630707E2,-2.555036774E0,-6.231242065E0,7.022197266E0
1.529731107E2,-2.559976501E0,-6.226751404E0,7.022047577E0
1.529831507E2,-2.567910004E0,-6.228996735E0,7.024442596E0
1.529932217E2,-2.572400665E0,-6.229595490E0,7.018604736E0
1.530032617E2,-2.577041016E0,-6.219566345E0,7.004983063E0
1.530133027E2,-2.584076385E0,-6.211632843E0,7.003635864E0
1.530233427E2,-2.571203156E0,-6.220165100E0,7.002138977E0
1.530333827E2,-2.580184479E0,-6.231391754E0,7.008575592E0
1.530434537E2,-2.587070160E0,-6.221961365E0,7.015161896E0
1.530535049E2,-2.582878876E0,-6.217021637E0,7.021149445E0
1.530635459E2,-2.587668915E0,-6.221212921E0,7.016509094E0
1.530735859E2,-2.596949615E0,-6.223458252E0,7.012766876E0
1.530836259E2,-2.596650238E0,-6.218219147E0,7.019502869E0
1.530936659E2,-2.604284363E0,-6.215674438E0,7.014263763E0
1.531037369E2,-2.603386230E0,-6.218518524E0,7.023843842E0
1.531137779E2,-2.596650238E0,-6.217770081E0,7.020401001E0
1.531238179E2,-2.600093079E0,-6.213728485E0,7.003336487E0
1.531338579E2,-2.593207397E0,-6.223308563E0,6.998845825E0
1.531438979E2,-2.591411133E0,-6.234086151E0,6.998995514E0
1.531539389E2,-2.588417358E0,-6.226002960E0,7.003486176E0
1.531640089E2,-2.583777008E0,-6.228697357E0,7.005731506E0
1.531740499E2,-2.584226074E0,-6.224057007E0,7.015012207E0
1.531840899E2,-2.578537903E0,-6.225853271E0,7.015311584E0
1.531941299E2,-2.581381989E0,-6.226751404E0,7.001240845E0
1.532041709E2,-2.578088837E0,-6.228697357E0,7.008725281E0
1.532142109E2,-2.584974518E0,-6.221961365E0,7.009922791E0
1.532242819E2,-2.580483856E0,-6.214626617E0,7.013964386E0
1.532343219E2,-2.573598175E0,-6.218668213E0,7.025640106E0
1.532443619E2,-2.572550354E0,-6.224655762E0,7.026837616E0
1.532544029E2,-2.571053467E0,-6.229146423E0,7.014563141E0
1.532644429E2,-2.563868408E0,-6.227499847E0,7.018455048E0
1.532745139E2,-2.562970276E0,-6.219716034E0,7.014563141E0
1.532845539E2,-2.560275879E0,-6.216273193E0,7.019353180E0
1.532945939E2,-2.555036774E0,-6.223458252E0,7.013215942E0
1.533046339E2,-2.553090820E0,-6.230643311E0,7.022047577E0
1.533146749E2,-2.564018097E0,-6.223907318E0,7.027436371E0
1.533247149E2,-2.560126190E0,-6.225703583E0,7.019502869E0
1.533347859E2,-2.562371521E0,-6.226002960E0,7.026538239E0
1.533448259E2,-2.563718719E0,-6.231990509E0,7.019802246E0
1.533548659E2,-2.567161560E0,-6.230643311E0,7.025041351E0
1.533649069E2,-2.571801910E0,-6.224356384E0,7.019802246E0
1.533749469E2,-2.561473389E0,-6.226452026E0,7.017556915E0
1.533849869E2,-2.569406891E0,-6.222560120E0,7.022047577E0
1.533950579E2,-2.568359070E0,-6.226152649E0,7.012916565E0
1.534050979E2,-2.569706268E0,-6.227948914E0,7.012467499E0
1.534151389E2,-2.577789459E0,-6.219266968E0,7.018455048E0
1.534251789E2,-2.589614868E0,-6.218219147E0,7.011120300E0
1.534352189E2,-2.580334167E0,-6.228847046E0,7.010671234E0
1.534452589E2,-2.576142883E0,-6.222111053E0,7.009174347E0
1.534553299E2,-2.589614868E0,-6.222111053E0,7.010671234E0
1.534653709E2,-2.584375763E0,-6.224356384E0,7.019652557E0
1.534754109E2,-2.582280121E0,-6.212680664E0,7.013515320E0
1.534854509E2,-2.597398682E0,-6.213129730E0,7.013365631E0
1.534954909E2,-2.581681366E0,-6.222560120E0,7.008276215E0
1.535055619E2,-2.576442261E0,-6.216422882E0,7.012467499E0
1.535156019E2,-2.570305023E0,-6.211034088E0,7.018155670E0
1.535256429E2,-2.572849731E0,-6.217470703E0,7.019802246E0
1.535356829E2,-2.567311249E0,-6.219266968E0,7.004833374E0
1.535457229E2,-2.570754089E0,-6.232738953E0,7.014263763E0
1.535557639E2,-2.573598175E0,-6.231840820E0,7.006929016E0
1.535658339E2,-2.581831055E0,-6.224655762E0,7.009324036E0
1.535758749E2,-2.585872650E0,-6.215375061E0,7.022496643E0
1.535859149E2,-2.589165802E0,-6.215075684E0,7.041058044E0
1.535959549E2,-2.580932922E0,-6.212980042E0,7.019203491E0
1.536059959E2,-2.569406891E0,-6.227948914E0,7.024442596E0
1.536160359E2,-2.570903778E0,-6.236930237E0,7.024891663E0
1.536261069E2,-2.576292572E0,-6.236032104E0,6.997947693E0
1.536361469E2,-2.589614868E0,-6.226452026E0,7.001390533E0
1.536461869E2,-2.588567047E0,-6.214776306E0,7.004983063E0
1.536562269E2,-2.587818604E0,-6.205645294E0,6.995702362E0
1.536662679E2,-2.576891327E0,-6.205944672E0,7.014862518E0
1.536763389E2,-2.577490082E0,-6.215824127E0,7.003037109E0
1.536863789E2,-2.568209381E0,-6.215674438E0,6.990762634E0
1.536964189E2,-2.570155334E0,-6.218817902E0,7.017407227E0
1.537064589E2,-2.568808136E0,-6.216722260E0,7.041956177E0
1.537164999E2,-2.565664673E0,-6.218817902E0,7.023544464E0
1.537265399E2,-2.561623077E0,-6.218817902E0,7.034621429E0
1.537366109E2,-2.573149109E0,-6.216722260E0,7.030130768E0
1.537466509E2,-2.575394440E0,-6.213728485E0,7.025789795E0
1.537566909E2,-2.581980743E0,-6.210285645E0,7.024592285E0
1.537667319E2,-2.592309265E0,-6.209686890E0,7.010371857E0
1.537767719E2,-2.586920471E0,-6.204597473E0,7.028184814E0
1.537868119E2,-2.581082611E0,-6.200406189E0,7.026687927E0
1.537968829E2,-2.579585724E0,-6.208489380E0,7.013215942E0
1.538069229E2,-2.569406891E0,-6.212231598E0,7.027136993E0
1.538169639E2,-2.562221832E0,-6.217021637E0,7.035220184E0
1.538270039E2,-2.558030548E0,-6.209686890E0,7.050189056E0
1.538370439E2,-2.556084595E0,-6.203699341E0,7.048692169E0
1.538470839E2,-2.542911987E0,-6.212530975E0,7.051087189E0
1.538571549E2,-2.550845490E0,-6.212830353E0,7.041207733E0
1.538671949E2,-2.543361053E0,-6.219416656E0,7.039860535E0
1.538772359E2,-2.540966034E0,-6.226601715E0,7.025490417E0
1.538872759E2,-2.549498291E0,-6.230942688E0,7.010820923E0
1.538973159E2,-2.556383972E0,-6.243067474E0,7.012766876E0
1.539073869E2,-2.549348602E0,-6.239774323E0,7.003935242E0
1.539174269E2,-2.555785217E0,-6.244115295E0,6.995253296E0
1.539274679E2,-2.565964050E0,-6.249204712E0,6.989116058E0
1.539375079E2,-2.577041016E0,-6.256838837E0,6.991361389E0
1.539475479E2,-2.584525452E0,-6.253994751E0,6.996301117E0
1.539575889E2,-2.583028564E0,-6.251000977E0,6.987918549E0
1.539676589E2,-2.592608643E0,-6.249953156E0,6.995103607E0
1.539776999E2,-2.588117981E0,-6.244115295E0,6.992259521E0
1.539877399E2,-2.577340393E0,-6.236780548E0,6.996001740E0
1.539977799E2,-2.576142883E0,-6.232589264E0,7.001689911E0
1.540078199E2,-2.570604401E0,-6.234086151E0,7.010820923E0
1.540178609E2,-2.578238525E0,-6.227649536E0,7.016209717E0
1.540279319E2,-2.586022339E0,-6.218069458E0,7.021448822E0
1.540379719E2,-2.585722961E0,-6.217919769E0,7.030130768E0
1.540480119E2,-2.577639771E0,-6.230942688E0,7.028633881E0
1.540580590E2,-2.575843506E0,-6.228397980E0,7.022496643E0
1.540681000E2,-2.576591949E0,-6.229296112E0,7.012317810E0
1.540781400E2,-2.562371521E0,-6.222111053E0,7.013814697E0
1.540882110E2,-2.561323700E0,-6.237379303E0,7.016509094E0
1.540982510E2,-2.563718719E0,-6.237828369E0,7.001689911E0
1.541082910E2,-2.559377747E0,-6.227948914E0,7.009773102E0
1.541183320E2,-2.556683350E0,-6.232738953E0,7.017407227E0
1.541283720E2,-2.550396423E0,-6.224206696E0,7.014114075E0
1.541384430E2,-2.559976501E0,-6.229595490E0,7.018904114E0
1.541484830E2,-2.555336151E0,-6.229894867E0,7.022646332E0
1.541585230E2,-2.559677124E0,-6.220015411E0,7.027286682E0
1.541685640E2,-2.565664673E0,-6.229595490E0,7.022346954E0
1.541786040E2,-2.559826813E0,-6.238576813E0,7.013515320E0
1.541886440E2,-2.560126190E0,-6.235283661E0,7.013814697E0
1.541987150E2,-2.560126190E0,-6.235583038E0,7.005432129E0
1.542087550E2,-2.559228058E0,-6.228397980E0,6.999294891E0
1.542187950E2,-2.555485840E0,-6.230194244E0,7.003336487E0
1.542288360E2,-2.558329926E0,-6.229894867E0,7.011419678E0
1.542388760E2,-2.555934906E0,-6.228248291E0,7.026388550E0
1.542489160E2,-2.548300781E0,-6.233337708E0,7.025640106E0
1.542589870E2,-2.544857941E0,-6.237379303E0,7.002588043E0
1.542690270E2,-2.555635529E0,-6.236630859E0,7.013066254E0
1.542790680E2,-2.564467163E0,-6.231691132E0,7.023993530E0
1.542891080E2,-2.565514984E0,-6.235433350E0,7.023544464E0
1.542991480E2,-2.568957825E0,-6.235133972E0,7.010521545E0
1.543092190E2,-2.560425568E0,-6.251000977E0,7.005881195E0
1.543192590E2,-2.558629303E0,-6.252198486E0,6.997648315E0
1.543293000E2,-2.553390198E0,-6.254743195E0,6.988666992E0
1.543393400E2,-2.546803894E0,-6.249055023E0,6.994504852E0
1.543493800E2,-2.548001404E0,-6.253096619E0,7.001240845E0
1.543594200E2,-2.550246735E0,-6.257587280E0,7.008126526E0
1.543694910E2,-2.544259186E0,-6.252497864E0,7.010820923E0
1.543795320E2,-2.549947357E0,-6.249504089E0,7.016359406E0
1.543895720E2,-2.558329926E0,-6.242319031E0,7.030430145E0
1.543996120E2,-2.563868408E0,-6.238277435E0,7.029382324E0
1.544096520E2,-2.557431793E0,-6.244115295E0,7.009324036E0
1.544196930E2,-2.553539886E0,-6.258335724E0,6.992109833E0
1.544297640E2,-2.557431793E0,-6.255192261E0,6.993906097E0
1.544398040E2,-2.554587708E0,-6.257138214E0,6.991810455E0
1.544498440E2,-2.541564789E0,-6.252497864E0,6.980434113E0
1.544598840E2,-2.537672882E0,-6.252048798E0,6.978787537E0
1.544699250E2,-2.530487823E0,-6.256838837E0,6.985673218E0
1.544799650E2,-2.523751831E0,-6.259682922E0,6.973548431E0
1.544900360E2,-2.516566772E0,-6.251749420E0,6.980284424E0
1.545000760E2,-2.499202881E0,-6.257437592E0,6.986721039E0
1.545101160E2,-2.503094788E0,-6.263874207E0,6.997498627E0
1.545201570E2,-2.502196655E0,-6.259383545E0,7.004983063E0
1.545301970E2,-2.494562531E0,-6.268963623E0,7.004384308E0
1.545402680E2,-2.505639496E0,-6.269861755E0,7.006629639E0
1.545503080E2,-2.517764282E0,-6.278094635E0,6.991810455E0
1.545603480E2,-2.528242493E0,-6.287225647E0,6.973997498E0
1.545703890E2,-2.545756073E0,-6.281387787E0,6.985673218E0
1.545804290E2,-2.553988953E0,-6.276148682E0,6.979985046E0
1.545904690E2,-2.557282104E0,-6.277795258E0,6.974895630E0
1.546005400E2,-2.551593933E0,-6.270759888E0,6.980434113E0
1.546105800E2,-2.553240509E0,-6.263724518E0,6.979835358E0
1.546206200E2,-2.562970276E0,-6.252497864E0,6.978937225E0
1.546306610E2,-2.564467163E0,-6.247258759E0,6.995402985E0
1.546407010E2,-2.574496307E0,-6.233637085E0,7.000043335E0
1.546507410E2,-2.568359070E0,-6.230044556E0,7.004833374E0
1.546608120E2,-2.563868408E0,-6.242917786E0,7.017107849E0
1.546708520E2,-2.558030548E0,-6.257736969E0,7.022197266E0
1.546808930E2,-2.558180237E0,-6.263874207E0,7.024891663E0
1.546909330E2,-2.562371521E0,-6.249354401E0,7.020999756E0
1.547009730E2,-2.558928680E0,-6.251150665E0,7.001091156E0
1.547110140E2,-2.550546112E0,-6.247857513E0,7.007976837E0
1.547210840E2,-2.554138641E0,-6.244564362E0,7.008575592E0
1.547311250E2,-2.560575256E0,-6.233786774E0,7.010970612E0
1.547411650E2,-2.561024323E0,-6.234385529E0,7.002737732E0
1.547512050E2,-2.555485840E0,-6.244714050E0,7.001839600E0
1.547612450E2,-2.550695801E0,-6.245312805E0,7.004533997E0
1.547713160E2,-2.543061676E0,-6.248755646E0,7.001989288E0
1.547813570E2,-2.545157318E0,-6.248456268E0,7.018754425E0
1.547913970E2,-2.542163544E0,-6.246510315E0,7.006929016E0
1.548014370E2,-2.535128174E0,-6.250551910E0,7.011419678E0
1.548114770E2,-2.533780975E0,-6.261628876E0,7.016808472E0
1.548215180E2,-2.530787201E0,-6.261778564E0,7.014263763E0
1.548315880E2,-2.523153076E0,-6.254743195E0,7.016359406E0
1.548416290E2,-2.531984711E0,-6.257437592E0,6.991062012E0
1.548516690E2,-2.521955566E0,-6.259233856E0,6.997798004E0
1.548617090E2,-2.521057434E0,-6.256689148E0,7.003935242E0
1.548717500E2,-2.516566772E0,-6.253096619E0,7.000043335E0
1.548817900E2,-2.508932648E0,-6.250701599E0,7.001240845E0
1.548918610E2,-2.517764282E0,-6.242319031E0,7.004384308E0
1.549019010E2,-2.523901520E0,-6.233637085E0,7.014413452E0
1.549119410E2,-2.520458679E0,-6.236181793E0,7.015760651E0
1.549219820E2,-2.522404633E0,-6.236780548E0,7.017706604E0
1.549320220E2,-2.521955566E0,-6.239025879E0,7.024592285E0
1.549420930E2,-2.528092804E0,-6.241420898E0,7.025191040E0
1.549521330E2,-2.537223816E0,-6.242768097E0,7.032076721E0
1.549621730E2,-2.530487823E0,-6.236780548E0,7.032974854E0
1.549722130E2,-2.535726929E0,-6.234984283E0,7.019802246E0
1.549822540E2,-2.545756073E0,-6.237379303E0,7.013365631E0
1.549922940E2,-2.548899536E0,-6.232738953E0,7.013365631E0
1.550023650E2,-2.542762299E0,-6.228098602E0,7.010820923E0
1.550124050E2,-2.556683350E0,-6.219117279E0,7.012317810E0
1.550224450E2,-2.565814362E0,-6.221212921E0,7.020850067E0
1.550324860E2,-2.569107513E0,-6.232289886E0,7.020101624E0
1.550425260E2,-2.571053467E0,-6.235583038E0,7.009922791E0
1.550525540E2,-2.562820587E0,-6.236780548E0,7.021149445E0
1.550626250E2,-2.560575256E0,-6.233188019E0,7.026388550E0
1.550726650E2,-2.553539886E0,-6.239624634E0,7.007677460E0
1.550827060E2,-2.557132416E0,-6.238876190E0,7.004683685E0
1.550927460E2,-2.550246735E0,-6.232439575E0,7.007827148E0
1.551027860E2,-2.553988953E0,-6.229745178E0,7.012168121E0
1.551128260E2,-2.552042999E0,-6.232289886E0,7.023095398E0
1.551228970E2,-2.551893311E0,-6.229595490E0,7.018005981E0
1.551329380E2,-2.552641754E0,-6.234834595E0,7.023245087E0
1.551429780E2,-2.554737396E0,-6.235583038E0,7.026238861E0
1.551530180E2,-2.552042999E0,-6.249504089E0,7.034322052E0
1.551630580E2,-2.553240509E0,-6.251150665E0,7.039411469E0
1.551731290E2,-2.556982727E0,-6.241720276E0,7.019053802E0
1.551831690E2,-2.551743622E0,-6.236481171E0,7.021448822E0
1.551932100E2,-2.559826813E0,-6.227350159E0,7.010671234E0
1.552032500E2,-2.561922455E0,-6.216871948E0,6.989864502E0
1.552132900E2,-2.546205139E0,-6.226152649E0,6.994055786E0
1.552233310E2,-2.551144867E0,-6.225104828E0,6.992409210E0
1.552334010E2,-2.548151093E0,-6.227499847E0,6.987619171E0
1.552434420E2,-2.548001404E0,-6.230044556E0,7.002138977E0
1.552534820E2,-2.536924438E0,-6.226452026E0,7.025939484E0
1.552635220E2,-2.531236267E0,-6.232289886E0,7.022496643E0
1.552735630E2,-2.532284088E0,-6.233637085E0,7.033124542E0
1.552836030E2,-2.531835022E0,-6.227050781E0,7.028933258E0
1.552936740E2,-2.534080353E0,-6.230044556E0,7.026687927E0
1.553037140E2,-2.536026306E0,-6.228996735E0,7.025640106E0
1.553137540E2,-2.546654205E0,-6.241720276E0,7.026089172E0
1.553237940E2,-2.536774750E0,-6.239325256E0,7.020550690E0
1.553338350E2,-2.543361053E0,-6.240672455E0,7.005731506E0
1.553439060E2,-2.547402649E0,-6.230343933E0,7.002438354E0
1.553539460E2,-2.540816345E0,-6.221811676E0,7.006629639E0
1.553639860E2,-2.545456696E0,-6.220913544E0,7.016209717E0
1.553740260E2,-2.548151093E0,-6.204597473E0,7.029532013E0
1.553840670E2,-2.548001404E0,-6.210285645E0,7.026089172E0
1.553941070E2,-2.554438019E0,-6.214925995E0,7.035369873E0
1.554041780E2,-2.550246735E0,-6.227649536E0,7.035519562E0
1.554142180E2,-2.550695801E0,-6.227050781E0,7.057972870E0
1.554242580E2,-2.546205139E0,-6.217021637E0,7.041357422E0
1.554342990E2,-2.544408875E0,-6.216273193E0,7.033723297E0
1.554443390E2,-2.542313232E0,-6.221362610E0,7.030430145E0
1.554543790E2,-2.544558563E0,-6.229445801E0,7.023245087E0
1.554644500E2,-2.552791443E0,-6.230343933E0,7.011419678E0
1.554744900E2,-2.552192688E0,-6.234235840E0,7.001989288E0
1.554845310E2,-2.551593933E0,-6.225104828E0,7.003037109E0
1.554945710E2,-2.562970276E0,-6.228547668E0,7.011120300E0
1.555046110E2,-2.559826813E0,-6.229595490E0,7.017856293E0
1.555146510E2,-2.554587708E0,-6.227350159E0,7.010671234E0
1.555247220E2,-2.548899536E0,-6.224506073E0,7.028933258E0
1.555347620E2,-2.556533661E0,-6.243067474E0,7.021598511E0
1.555448030E2,-2.559976501E0,-6.242468719E0,7.017107849E0
1.555548430E2,-2.553240509E0,-6.240073700E0,7.033872986E0
1.555648830E2,-2.565065918E0,-6.239175568E0,7.019652557E0
1.555749540E2,-2.560575256E0,-6.238876190E0,7.016509094E0
1.555849940E2,-2.556383972E0,-6.238726501E0,7.015760651E0
1.555950350E2,-2.560874634E0,-6.233637085E0,7.020101624E0
1.556050750E2,-2.551294556E0,-6.225553894E0,7.018005981E0
1.556151150E2,-2.544857941E0,-6.227499847E0,7.029232635E0
1.556251560E2,-2.548300781E0,-6.221512299E0,7.026687927E0
1.556352260E2,-2.546803894E0,-6.219566345E0,7.035968628E0
1.556452670E2,-2.549947357E0,-6.228996735E0,7.034621429E0
1.556553070E2,-2.542911987E0,-6.227649536E0,7.034322052E0
1.556653470E2,-2.552791443E0,-6.221661987E0,7.019203491E0
1.556753870E2,-2.557431793E0,-6.216123505E0,7.033274231E0
1.556854280E2,-2.554138641E0,-6.218518524E0,7.037615204E0
1.556954990E2,-2.557132416E0,-6.216572571E0,7.028035126E0
1.557055390E2,-2.558928680E0,-6.217770081E0,7.023245087E0
1.557155790E2,-2.562670898E0,-6.214925995E0,7.028334503E0
1.557256190E2,-2.558629303E0,-6.217919769E0,7.016209717E0
1.557356600E2,-2.554587708E0,-6.227499847E0,7.011120300E0
1.557457000E2,-2.561024323E0,-6.225104828E0,7.000342712E0
1.557557710E2,-2.564616852E0,-6.226152649E0,7.009024658E0
1.557658110E2,-2.564018097E0,-6.233637085E0,7.012317810E0
1.557758510E2,-2.561473389E0,-6.229595490E0,7.012617188E0
1.557858920E2,-2.555785217E0,-6.226601715E0,7.015610962E0
1.557959320E2,-2.557731171E0,-6.226751404E0,7.017556915E0
1.558060030E2,-2.559527435E0,-6.224955139E0,7.016509094E0
1.558160430E2,-2.558329926E0,-6.226901093E0,7.020101624E0
1.558260830E2,-2.561473389E0,-6.226452026E0,7.025041351E0
1.558361240E2,-2.562072144E0,-6.220015411E0,7.034322052E0
1.558461640E2,-2.557880859E0,-6.225404205E0,7.019502869E0
1.558562040E2,-2.552192688E0,-6.220614166E0,7.013515320E0
1.558662750E2,-2.554587708E0,-6.224506073E0,7.018005981E0
1.558763150E2,-2.561323700E0,-6.225703583E0,7.017856293E0
1.558863560E2,-2.562970276E0,-6.236331482E0,7.030579834E0
1.558963960E2,-2.568209381E0,-6.229146423E0,7.018754425E0
1.559064360E2,-2.571951599E0,-6.230044556E0,7.020999756E0
1.559164760E2,-2.562371521E0,-6.235732727E0,7.039411469E0
1.559265470E2,-2.551893311E0,-6.233936462E0,7.027586060E0
1.559365870E2,-2.547252960E0,-6.236331482E0,7.028334503E0
1.559466280E2,-2.543510742E0,-6.239474945E0,7.036567383E0
1.559566680E2,-2.557581482E0,-6.232589264E0,7.020850067E0
1.559667080E2,-2.568808136E0,-6.229745178E0,7.015161896E0
1.559767790E2,-2.581681366E0,-6.224057007E0,7.009324036E0
1.559868190E2,-2.579735413E0,-6.217620392E0,7.002588043E0
1.559968600E2,-2.584076385E0,-6.212381287E0,6.994953918E0
1.560069000E2,-2.578388214E0,-6.214027863E0,6.998995514E0
1.560169400E2,-2.569855957E0,-6.221661987E0,6.998845825E0
1.560269810E2,-2.560275879E0,-6.221661987E0,7.014114075E0
1.560370510E2,-2.555934906E0,-6.234385529E0,7.025191040E0
1.560470920E2,-2.547402649E0,-6.232439575E0,7.023095398E0
1.560571454E2,-2.545307007E0,-6.230792999E0,7.024292908E0
1.560671854E2,-2.549348602E0,-6.231541443E0,7.032226410E0
1.560772254E2,-2.554288330E0,-6.232289886E0,7.028484192E0
1.560872664E2,-2.559377747E0,-6.235433350E0,7.022945709E0
1.560973374E2,-2.558778992E0,-6.236780548E0,7.008126526E0
1.561073774E2,-2.567760315E0,-6.237079926E0,7.009922791E0
1.561174174E2,-2.568209381E0,-6.235133972E0,7.013215942E0
1.561274574E2,-2.567311249E0,-6.219865723E0,7.002288666E0
1.561374984E2,-2.565514984E0,-6.221212921E0,7.013814697E0
1.561475384E2,-2.556982727E0,-6.214776306E0,7.007078705E0
1.561576094E2,-2.563569031E0,-6.214476929E0,7.006629639E0
1.561676494E2,-2.560275879E0,-6.210135956E0,7.019951935E0
1.561776894E2,-2.569107513E0,-6.227948914E0,7.023993530E0
1.561877304E2,-2.562072144E0,-6.234235840E0,7.028334503E0
1.561977704E2,-2.554438019E0,-6.226901093E0,7.032675476E0
1.562078414E2,-2.552192688E0,-6.219716034E0,7.016209717E0
1.562178814E2,-2.555485840E0,-6.214776306E0,7.025340729E0
1.562279214E2,-2.557581482E0,-6.211932220E0,7.029681702E0
1.562379624E2,-2.557880859E0,-6.214626617E0,7.025789795E0
1.562480024E2,-2.566113739E0,-6.221961365E0,7.030430145E0
1.562580424E2,-2.576142883E0,-6.217770081E0,7.022346954E0
1.562681134E2,-2.572550354E0,-6.224206696E0,7.005581818E0
1.562781534E2,-2.568808136E0,-6.236032104E0,6.995552673E0
1.562881934E2,-2.572250977E0,-6.215674438E0,6.997498627E0
1.562982344E2,-2.568508759E0,-6.223607941E0,7.004683685E0
1.563082744E2,-2.572101288E0,-6.232289886E0,7.010970612E0
1.563183144E2,-2.562371521E0,-6.221362610E0,7.015161896E0
1.563283854E2,-2.554288330E0,-6.234984283E0,7.029232635E0
1.563384254E2,-2.558629303E0,-6.235433350E0,7.025191040E0
1.563484664E2,-2.561473389E0,-6.234235840E0,7.012467499E0
1.563585064E2,-2.567460938E0,-6.239924011E0,7.019353180E0
1.563685464E2,-2.567910004E0,-6.233337708E0,7.022496643E0
1.563786174E2,-2.571352844E0,-6.227799225E0,7.022796021E0
1.563886574E2,-2.568059692E0,-6.223907318E0,7.004833374E0
1.563986984E2,-2.564018097E0,-6.214626617E0,7.006479950E0
1.564087384E2,-2.560275879E0,-6.214177551E0,7.003785553E0
1.564187784E2,-2.565365295E0,-6.216572571E0,7.016658783E0
1.564288184E2,-2.562820587E0,-6.220314789E0,7.020401001E0
1.564388894E2,-2.563419342E0,-6.218518524E0,7.029681702E0
1.564489304E2,-2.553090820E0,-6.222260742E0,7.032974854E0
1.564589704E2,-2.558629303E0,-6.225254517E0,7.020550690E0
1.564690104E2,-2.564317474E0,-6.217470703E0,7.021748199E0
1.564790504E2,-2.558479614E0,-6.216273193E0,7.018155670E0
1.564890914E2,-2.560275879E0,-6.219566345E0,7.020251312E0
1.564991614E2,-2.559228058E0,-6.219865723E0,7.019353180E0
1.565092024E2,-2.559826813E0,-6.222410431E0,7.023394775E0
1.565192424E2,-2.561922455E0,-6.227799225E0,7.018754425E0
1.565292824E2,-2.568957825E0,-6.227050781E0,7.020850067E0
1.565393234E2,-2.571652222E0,-6.229595490E0,7.018904114E0
1.565493634E2,-2.567460938E0,-6.222709808E0,7.015311584E0
1.565594344E2,-2.568808136E0,-6.226002960E0,7.031328278E0
1.565694744E2,-2.572700043E0,-6.230194244E0,7.018455048E0
1.565795144E2,-2.574346619E0,-6.226751404E0,7.020700378E0
1.565895554E2,-2.571502533E0,-6.224805450E0,7.027436371E0
1.565995954E2,-2.566862183E0,-6.217620392E0,7.019652557E0
1.566096664E2,-2.567311249E0,-6.213578796E0,7.019951935E0
1.566197064E2,-2.556833038E0,-6.210734711E0,7.017257538E0
1.566297464E2,-2.562820587E0,-6.227649536E0,7.019802246E0
1.566397864E2,-2.571352844E0,-6.222859497E0,7.016808472E0
1.566498274E2,-2.549049225E0,-6.230493622E0,7.015760651E0
1.566598674E2,-2.557431793E0,-6.239924011E0,7.016209717E0
1.566699384E2,-2.557731171E0,-6.232888641E0,7.017407227E0
1.566799784E2,-2.553839264E0,-6.235732727E0,7.011569366E0
1.566900184E2,-2.563569031E0,-6.227050781E0,7.006779327E0
1.567000594E2,-2.560575256E0,-6.224805450E0,7.013215942E0
1.567100994E2,-2.562221832E0,-6.225404205E0,7.023544464E0
1.567201394E2,-2.562820587E0,-6.218368835E0,7.021748199E0
1.567302104E2,-2.564616852E0,-6.209237823E0,7.028184814E0
1.567402504E2,-2.566562805E0,-6.214027863E0,7.031178589E0
1.567502914E2,-2.565215607E0,-6.220464478E0,7.028484192E0
1.567603314E2,-2.567760315E0,-6.223158875E0,7.034920807E0
1.567703714E2,-2.567161560E0,-6.227948914E0,7.028783569E0
1.567804114E2,-2.570454712E0,-6.226452026E0,7.017257538E0
1.567904824E2,-2.581232300E0,-6.230044556E0,7.018155670E0
1.568005234E2,-2.573897552E0,-6.214776306E0,6.999444580E0
1.568105634E2,-2.571801910E0,-6.213429108E0,7.009922791E0
1.568206034E2,-2.561024323E0,-6.208190002E0,7.006779327E0
1.568306434E2,-2.556533661E0,-6.209537201E0,7.001989288E0
1.568407144E2,-2.539469147E0,-6.207291870E0,7.019502869E0
1.568507544E2,-2.530038757E0,-6.212231598E0,7.019652557E0
1.568607954E2,-2.509980469E0,-6.218219147E0,7.031927032E0
1.568708354E2,-2.510878601E0,-6.212680664E0,7.033872986E0
1.568808754E2,-2.509531403E0,-6.209686890E0,7.043153687E0
1.568909164E2,-2.507735138E0,-6.210734711E0,7.042554932E0
1.569009864E2,-2.532134399E0,-6.219266968E0,7.043153687E0
1.569110274E2,-2.553839264E0,-6.233038330E0,7.021897888E0
1.569210674E2,-2.572250977E0,-6.244564362E0,6.985673218E0
1.569311074E2,-2.588417358E0,-6.234834595E0,6.986421661E0
1.569411484E2,-2.594255219E0,-6.229894867E0,6.983427887E0
1.569511884E2,-2.597248993E0,-6.211632843E0,7.004234619E0
1.569612594E2,-2.618355103E0,-6.207142181E0,7.020999756E0
1.569712994E2,-2.623893585E0,-6.183341675E0,7.042554932E0
1.569813394E2,-2.608325958E0,-6.165229340E0,7.071145477E0
1.569913794E2,-2.613864441E0,-6.161487122E0,7.072642365E0
1.570014204E2,-2.632874908E0,-6.189029846E0,7.076983337E0
1.570114914E2,-2.660417633E0,-6.219416656E0,7.077282715E0
1.570215314E2,-2.667752380E0,-6.235583038E0,7.060667267E0
1.570315714E2,-2.662363586E0,-6.227350159E0,7.041806488E0
1.570416114E2,-2.664459229E0,-6.217620392E0,7.018155670E0
1.570516648E2,-2.650388489E0,-6.207441559E0,6.987768860E0
1.570617048E2,-2.663561096E0,-6.255491638E0,6.972201233E0
1.570717758E2,-2.652184753E0,-6.270909576E0,6.978637848E0
1.570818158E2,-2.629282379E0,-6.261928253E0,6.979386292E0
1.570918558E2,-2.597847748E0,-6.267766113E0,6.973398743E0
1.571018968E2,-2.579735413E0,-6.278394012E0,6.967560883E0
1.571119368E2,-2.578388214E0,-6.324049072E0,6.966662750E0
1.571219768E2,-2.534978485E0,-6.316714325E0,6.993007965E0
1.571320478E2,-2.519410858E0,-6.264173584E0,6.999444580E0
1.571420878E2,-2.501148834E0,-6.246061249E0,6.999743958E0
1.571521288E2,-2.472558289E0,-6.246959381E0,7.019652557E0
1.571621688E2,-2.455793152E0,-6.253845062E0,7.023245087E0
1.571722088E2,-2.450703735E0,-6.223907318E0,7.018754425E0
1.571822488E2,-2.443219299E0,-6.202052765E0,7.022346954E0
1.571923198E2,-2.467319183E0,-6.261628876E0,7.053182831E0
1.572023608E2,-2.477947083E0,-6.242768097E0,7.082521820E0
1.572124008E2,-2.486179962E0,-6.210734711E0,7.098388824E0
1.572224408E2,-2.491419067E0,-6.195017395E0,7.089856567E0
1.572324808E2,-2.482737122E0,-6.164181519E0,7.079977112E0
1.572425518E2,-2.507136383E0,-6.194568329E0,7.068002014E0
1.572525918E2,-2.509681091E0,-6.193071442E0,7.065606995E0
1.572626328E2,-2.527793427E0,-6.166875916E0,7.059170380E0
1.572726728E2,-2.537672882E0,-6.157744904E0,7.045848083E0
1.572827128E2,-2.550546112E0,-6.160588989E0,7.038213959E0
1.572927538E2,-2.554288330E0,-6.178252258E0,7.046446838E0
1.573028238E2,-2.509531403E0,-6.192173309E0,7.026238861E0
1.573128648E2,-2.515369263E0,-6.225553894E0,6.999145203E0
1.573229048E2,-2.512375488E0,-6.211034088E0,7.001091156E0
1.573329448E2,-1.946552124E0,-6.182144165E0,6.856791229E0
1.573429858E2,-2.326162720E0,-6.283333740E0,6.964118042E0
1.573530258E2,-2.823428650E0,-6.308631134E0,7.114106140E0
1.573630968E2,-3.025059357E0,-6.284531250E0,7.145989838E0
1.573731368E2,-2.524649963E0,-6.172264709E0,7.102280731E0
1.573831768E2,-2.393672333E0,-6.147117004E0,7.106621704E0
1.573932168E2,-2.536325684E0,-6.172414398E0,7.091203766E0
1.574032578E2,-2.514171753E0,-6.222709808E0,7.027136993E0
1.574133288E2,-2.523901520E0,-6.225404205E0,7.023843842E0
1.574233688E2,-2.516417084E0,-6.204597473E0,7.028334503E0
1.574334088E2,-2.505190430E0,-6.190826111E0,7.013515320E0
1.574434488E2,-2.492017822E0,-6.183641052E0,7.025191040E0
1.574534898E2,-2.489024048E0,-6.184239807E0,7.036567383E0
1.574635298E2,-2.491419067E0,-6.183042297E0,7.041357422E0
1.574736008E2,-2.493215332E0,-6.184838562E0,7.041656799E0
1.574836408E2,-2.504591675E0,-6.183191986E0,7.049889679E0
1.574936808E2,-2.509830780E0,-6.202052765E0,7.065606995E0
1.575037218E2,-2.516716461E0,-6.217021637E0,7.064559174E0
1.575137618E2,-2.522554321E0,-6.218518524E0,7.063960419E0
1.575238018E2,-2.542013855E0,-6.216572571E0,7.057074738E0
1.575338728E2,-2.555036774E0,-6.221961365E0,7.048542480E0
1.575439128E2,-2.584974518E0,-6.233487396E0,7.039710846E0
1.575539538E2,-2.612517242E0,-6.237528992E0,7.048093414E0
1.575639938E2,-2.629432068E0,-6.237079926E0,7.040608978E0
1.575740338E2,-2.648741913E0,-6.225104828E0,7.013964386E0
1.575840738E2,-2.663112030E0,-6.221811676E0,6.996151428E0
1.575941448E2,-2.671195221E0,-6.204298096E0,6.980434113E0
1.576041848E2,-2.666105804E0,-6.198609924E0,6.969357147E0
1.576142258E2,-2.664608917E0,-6.197113037E0,6.965315552E0
1.576242658E2,-2.651286621E0,-6.187532959E0,6.991361389E0
1.576343058E2,-2.641107788E0,-6.184539185E0,7.013515320E0
1.576443768E2,-2.630629578E0,-6.191873932E0,7.025191040E0
1.576544168E2,-2.632126465E0,-6.193520508E0,7.055128784E0
1.576644578E2,-2.630779266E0,-6.185587006E0,7.075336761E0
1.576744978E2,-2.626138916E0,-6.181844788E0,7.070546722E0
1.576845378E2,-2.611768799E0,-6.176156616E0,7.089257813E0
1.576945788E2,-2.615511017E0,-6.158343658E0,7.087162170E0
1.577046488E2,-2.616409149E0,-6.130351868E0,7.104675751E0
1.577146898E2,-2.612816620E0,-6.120771790E0,7.085515594E0
1.577247298E2,-2.615511017E0,-6.127956848E0,7.059619446E0
1.577347698E2,-2.605930939E0,-6.123466187E0,7.049889679E0
1.577448098E2,-2.603685608E0,-6.132148132E0,7.041806488E0
1.577548508E2,-2.592758331E0,-6.126909027E0,7.047794037E0
1.577649218E2,-2.585573273E0,-6.149512024E0,7.051835632E0
1.577749618E2,-2.586321716E0,-6.169270935E0,7.060816956E0
1.577850018E2,-2.581831055E0,-6.163882141E0,7.076085205E0
1.577950418E2,-2.577789459E0,-6.181994476E0,7.069798279E0
1.578050828E2,-2.574196930E0,-6.179898834E0,7.067552948E0
1.578151528E2,-2.561323700E0,-6.197711792E0,7.067103882E0
1.578251938E2,-2.615810394E0,-6.240223389E0,6.977590027E0
1.578352338E2,-3.015778656E0,-6.424490204E0,6.101611633E0
1.578452738E2,-2.346221008E0,-6.087091827E0,7.368876343E0
1.578553148E2,-2.588417358E0,-6.091881866E0,7.232958984E0
1.578653548E2,-2.721041565E0,-6.149062958E0,7.232659607E0
1.578754258E2,-2.591560822E0,-6.118975525E0,7.312443695E0
1.578854658E2,-2.525548096E0,-6.072272644E0,7.203170929E0
1.578955058E2,-2.644101562E0,-6.090983734E0,7.091353455E0
1.579055468E2,-2.690804443E0,-6.148913269E0,6.988367615E0
1.579155868E2,-2.629731445E0,-6.166875916E0,6.941814423E0
1.579256268E2,-2.658172302E0,-6.164929962E0,7.001689911E0
1.579356978E2,-2.653831329E0,-6.125412140E0,7.044949951E0
1.579457378E2,-2.679278412E0,-6.122268677E0,7.022496643E0
1.579557778E2,-2.693199463E0,-6.135441284E0,7.034322052E0
1.579658188E2,-2.686014404E0,-6.189478912E0,7.057374115E0
1.579758588E2,-2.642305298E0,-6.195616150E0,6.977290649E0
1.579858988E2,-2.619851990E0,-6.177803192E0,6.925797729E0
1.579959698E2,-2.514471130E0,-6.171965332E0,7.541168060E0
1.580060098E2,-2.619253235E0,-6.192772064E0,7.057224426E0
1.580160508E2,-2.717449036E0,-6.200705566E0,6.926695862E0
1.580260908E2,-2.538421326E0,-6.182443542E0,7.116052094E0
1.580361308E2,-2.616409149E0,-6.178252258E0,6.818620605E0
1.580462018E2,-2.647095337E0,-6.195915527E0,6.899901581E0
1.580562190E2,-2.650089111E0,-6.172713776E0,6.954537964E0
1.580662600E2,-2.590513000E0,-6.177503815E0,6.946903839E0
1.580763000E2,-2.759960632E0,-6.341263275E0,7.054380341E0
1.580863400E2,-2.690654755E0,-6.211034088E0,6.553671570E0
1.580963800E2,-2.373464355E0,-6.021228790E0,6.944658508E0
1.581064510E2,-2.628983002E0,-6.231691132E0,7.170239410E0
1.581164920E2,-2.505340118E0,-6.262077942E0,7.272177429E0
1.581265320E2,-2.487527161E0,-6.198460236E0,7.252717896E0
1.581365720E2,-2.498454437E0,-6.223009186E0,7.201823730E0
1.581466120E2,-2.555934906E0,-6.250402222E0,7.096143494E0
1.581566530E2,-2.578088837E0,-6.241271210E0,7.026538239E0
1.581667240E2,-2.557581482E0,-6.257138214E0,6.955885162E0
1.581767640E2,-2.586471405E0,-6.304589539E0,6.936874695E0
1.581868040E2,-2.656525726E0,-6.268963623E0,6.832092590E0
1.581968440E2,-2.617906036E0,-6.230643311E0,6.820267181E0
1.582068850E2,-2.622247009E0,-6.207890625E0,6.953041077E0
1.582169250E2,-2.630479889E0,-6.211034088E0,6.989116058E0
1.582269960E2,-2.614463196E0,-6.202501831E0,6.994953918E0
1.582370360E2,-2.640209656E0,-6.188580780E0,6.971153412E0
1.582470760E2,-2.708617401E0,-6.254144440E0,6.987020416E0
1.582571170E2,-2.518512726E0,-6.089486847E0,6.990762634E0
1.582671570E2,-2.728526001E0,-6.178851013E0,7.122488708E0
1.582772280E2,-2.762505341E0,-6.190077667E0,7.173831940E0
1.582872680E2,-2.712359619E0,-6.110592957E0,7.246281281E0
1.582973080E2,-2.318528595E0,-6.032904510E0,7.230414276E0
1.583073490E2,-2.674937439E0,-6.085445251E0,7.181915131E0
1.583173890E2,-3.146157532E0,-6.088139648E0,7.242389374E0
1.583274290E2,-2.667453003E0,-6.068680115E0,7.094945984E0
1.583375000E2,-2.493664398E0,-6.055357819E0,7.036268005E0
1.583475400E2,-2.554887085E0,-6.048172760E0,7.155719604E0
1.583575800E2,-2.597997437E0,-6.071823578E0,7.098089447E0
1.583676210E2,-2.587818604E0,-6.062991943E0,7.007827148E0
1.583776610E2,-2.558329926E0,-6.059998169E0,6.963818665E0
1.583877010E2,-2.567760315E0,-6.044879608E0,7.081324310E0
1.583977720E2,-2.500999146E0,-6.056106262E0,7.245682526E0
1.584078120E2,-2.598895569E0,-6.134543152E0,7.226971436E0
1.584178530E2,-2.622097321E0,-6.148314514E0,7.172335052E0
1.584278930E2,-2.471660156E0,-6.110443268E0,7.144043884E0
1.584379330E2,-2.646197205E0,-6.128854980E0,7.284751282E0
1.584480040E2,-2.512525177E0,-6.116131439E0,7.284302216E0
1.584580440E2,-2.488125916E0,-6.116730194E0,7.199578400E0
1.584680850E2,-2.493065643E0,-6.102210388E0,7.181765442E0
1.584781250E2,-2.454296265E0,-6.146069183E0,7.040010223E0
1.584881650E2,-2.661016388E0,-6.150559845E0,7.074438629E0
1.584982050E2,-2.532134399E0,-6.054609375E0,7.151678009E0
1.585082760E2,-2.497107239E0,-6.111640778E0,7.064708862E0
1.585183170E2,-2.558180237E0,-6.140081635E0,7.013665009E0
1.585283570E2,-2.622396698E0,-6.158044281E0,7.063062286E0
1.585383970E2,-2.625989227E0,-6.170618134E0,7.218289490E0
1.585484370E2,-2.575993195E0,-6.172115021E0,7.335944824E0
1.585584780E2,-2.673141174E0,-6.153703308E0,7.335046692E0
1.585685480E2,-2.767744446E0,-6.118376770E0,7.278763733E0
1.585785890E2,-2.563569031E0,-6.098168793E0,7.099436646E0
1.585886290E2,-2.544857941E0,-6.086044006E0,6.820865936E0
1.585986690E2,-2.561922455E0,-6.112538910E0,6.660399628E0
1.586087100E2,-2.582579498E0,-6.164331207E0,6.742578735E0
1.586187500E2,-2.626587982E0,-6.155499573E0,6.835984497E0
1.586288210E2,-2.574496307E0,-6.163433075E0,6.946604462E0
1.586388610E2,-2.574795685E0,-6.191873932E0,7.108867035E0
1.586489010E2,-2.515369263E0,-6.196813660E0,7.229067078E0
1.586589420E2,-2.615660706E0,-6.188281403E0,7.310647430E0
1.586689820E2,-2.762804718E0,-6.144272919E0,7.280410309E0
1.586790530E2,-2.758014679E0,-6.208938446E0,7.120991821E0
1.586890930E2,-2.700384521E0,-6.204298096E0,7.063960419E0
1.586991330E2,-2.741399231E0,-6.116281128E0,7.005581818E0
1.587091730E2,-2.689457245E0,-6.022276611E0,6.856791229E0
1.587192140E2,-2.483635254E0,-6.025120697E0,6.874903564E0
1.587292540E2,-2.487676849E0,-6.104605408E0,6.983876953E0
1.587393250E2,-2.581980743E0,-6.129453735E0,7.199428711E0
1.587493650E2,-2.328857117E0,-6.066584473E0,7.378306732E0
1.587594050E2,-2.300715637E0,-6.199957123E0,7.517816620E0
1.587694460E2,-2.753973083E0,-6.272107086E0,7.286098480E0
1.587794860E2,-2.873574371E0,-6.308331757E0,6.846013641E0
1.587895260E2,-2.543810120E0,-6.152056732E0,6.630012817E0
1.587995970E2,-9.086105347E-1,-5.741310883E0,6.981332245E0
1.588096370E2,-3.147355042E0,-6.418203278E0,7.832612000E0
1.588196780E2,-4.113446045E0,-6.444398804E0,6.999444580E0
1.588297180E2,-2.788700867E0,-6.052513733E0,6.415808258E0
1.588397580E2,-2.461331635E0,-6.184389496E0,6.834786987E0
1.588497980E2,-2.581531677E0,-6.188580780E0,7.056775360E0
1.588598690E2,-2.533182220E0,-6.205495605E0,7.112160187E0
1.588699100E2,-2.632276154E0,-6.270310822E0,7.250921631E0
1.588799500E2,-2.779270477E0,-6.234834595E0,7.192393341E0
1.588899900E2,-2.761008453E0,-6.215225372E0,7.044500885E0
1.589000300E2,-2.582878876E0,-6.104455719E0,7.013665009E0
1.589101010E2,-2.640209656E0,-6.117029572E0,7.056176605E0
1.589201410E2,-2.552342377E0,-6.172713776E0,6.897057495E0
1.589301820E2,-2.246079254E0,-6.162085876E0,6.824608154E0
1.589402220E2,-2.266436920E0,-6.129304047E0,6.703360291E0
1.589502620E2,-2.487227783E0,-6.158493347E0,6.811285858E0
1.589603030E2,-2.546504517E0,-6.275699615E0,6.957531738E0
1.589703730E2,-2.549797668E0,-6.212830353E0,7.139403534E0
1.589804140E2,-2.606978760E0,-6.183641052E0,7.412435760E0
1.589904540E2,-2.564467163E0,-6.158942413E0,7.431595917E0
1.590004940E2,-2.444416809E0,-6.171665955E0,7.158414001E0
1.590105350E2,-2.357896729E0,-6.258934479E0,6.953490143E0
1.590205750E2,-2.210902405E0,-6.217021637E0,6.845115509E0
1.590306460E2,-2.317630463E0,-6.201154633E0,6.651717682E0
1.590406860E2,-2.311343536E0,-6.116730194E0,6.613846436E0
1.590507260E2,-2.201621704E0,-6.132297821E0,6.711443481E0
1.590607836E2,-2.408491516E0,-6.270610199E0,7.116800537E0
1.590708246E2,-2.749482422E0,-6.187982025E0,7.244634705E0
1.590808646E2,-2.316283264E0,-5.946683807E0,7.285649414E0
1.590909356E2,-2.264940033E0,-6.112688599E0,7.130272522E0
1.591009756E2,-2.172133026E0,-6.039191437E0,6.833290100E0
1.591110156E2,-1.709744568E0,-5.991141357E0,6.660549316E0
1.591210566E2,-1.638792114E0,-6.043981476E0,6.750661926E0
1.591310966E2,-2.383942566E0,-5.970933380E0,7.282505951E0
1.591411676E2,-1.806293793E0,-5.996230774E0,7.173083496E0
1.591512076E2,-2.012564850E0,-6.400390320E0,7.140301666E0
1.591612476E2,-3.426674194E0,-6.181096344E0,7.895780640E0
1.591712886E2,-2.984793091E0,-5.974675598E0,7.901169434E0
1.591813286E2,-3.001558228E0,-6.017037506E0,7.830666046E0
1.591913686E2,-2.743345184E0,-5.883814545E0,7.439978485E0
1.592014396E2,-2.632575531E0,-5.913153534E0,7.102131042E0
1.592114796E2,-2.314187622E0,-5.910908203E0,6.941065979E0
1.592215206E2,-2.514620819E0,-6.116879883E0,6.890171814E0
1.592315606E2,-2.909499664E0,-6.092480621E0,7.042255554E0
1.592416006E2,-2.592159576E0,-6.094576263E0,7.006330261E0
1.592516406E2,-3.090323639E0,-6.120023346E0,7.074438629E0
1.592617116E2,-3.121458893E0,-6.030359802E0,7.139852600E0
1.592717516E2,-3.006947021E0,-5.913752289E0,7.247478790E0
1.592817926E2,-2.523452454E0,-5.849685516E0,7.173831940E0
1.592918326E2,-3.363355865E0,-5.861660614E0,7.156318359E0
1.593018726E2,-3.072211304E0,-5.725892944E0,7.190896454E0
1.593119436E2,-3.042273560E0,-5.887706451E0,7.129973145E0
1.593219836E2,-3.189118195E0,-5.824837189E0,7.109914856E0
1.593320246E2,-2.773432617E0,-5.782624969E0,6.996301117E0
1.593420646E2,-3.129991150E0,-5.851930847E0,6.997648315E0
1.593521046E2,-3.388653259E0,-5.805527344E0,7.142996063E0
1.593621456E2,-3.168910217E0,-5.793402557E0,7.168592834E0
1.593722156E2,-3.242856445E0,-5.796546021E0,7.117998047E0
1.593822566E2,-4.027824097E0,-5.724096680E0,7.125482483E0
1.593922966E2,-3.940256195E0,-5.626200256E0,7.199728088E0
1.594023366E2,-2.860850830E0,-5.662873993E0,7.124883728E0
1.594123766E2,-2.806364136E0,-5.786217499E0,6.816824341E0
1.594224176E2,-3.471431122E0,-5.869444427E0,6.740034027E0
1.594324886E2,-3.847000122E0,-5.755231934E0,7.111112366E0
1.594425286E2,-3.507955170E0,-5.786666565E0,7.245832214E0
1.594525686E2,-3.346141663E0,-5.974974976E0,7.114106140E0
1.594626086E2,-3.497476959E0,-5.878126373E0,7.117548981E0
1.594726496E2,-3.548670502E0,-5.701493683E0,7.174131317E0
1.594826896E2,-3.576662292E0,-5.656287689E0,7.046895905E0
1.594927606E2,-3.293451233E0,-5.698200531E0,7.089856567E0
1.595028006E2,-3.266656952E0,-5.714516602E0,6.894063721E0
1.595128406E2,-3.724405060E0,-5.645809479E0,7.054230652E0
1.595228816E2,-3.235372009E0,-5.686225433E0,7.105124817E0
1.595329216E2,-2.780617676E0,-5.884712677E0,6.960974579E0
1.595429926E2,-3.658092957E0,-5.878874817E0,7.110962677E0
1.595530326E2,-3.823648682E0,-5.748346252E0,7.162605286E0
1.595630726E2,-3.263962555E0,-5.727539520E0,6.951095123E0
1.595731136E2,-3.071911926E0,-5.699098663E0,6.880142670E0
1.595831536E2,-3.654799805E0,-5.624403992E0,6.983727264E0
1.595931936E2,-3.728296967E0,-5.485941925E0,7.098239136E0
1.596032646E2,-3.476819916E0,-5.610782318E0,6.799460449E0
1.596133046E2,-3.437601471E0,-5.698350220E0,6.867119751E0
1.596233456E2,-3.156935120E0,-5.755381622E0,6.991361389E0
1.596333856E2,-3.113824768E0,-5.823939056E0,6.971153412E0
1.596434256E2,-3.504811707E0,-5.814209290E0,7.123386841E0
1.596534656E2,-3.314557343E0,-5.805527344E0,7.071594543E0
1.596635366E2,-3.559597778E0,-5.773943024E0,7.220684509E0
1.596735766E2,-3.586242371E0,-5.641767883E0,7.066804504E0
1.596836176E2,-3.520828400E0,-5.666017456E0,7.070546722E0
1.596936576E2,-3.440445557E0,-5.608087921E0,6.994953918E0
1.597036976E2,-3.416345673E0,-5.575006714E0,7.125033417E0
1.597137386E2,-3.615880737E0,-5.473368073E0,7.078031158E0
1.597238086E2,-3.361260223E0,-5.434149628E0,6.859785004E0
1.597338496E2,-3.721710663E0,-5.528303833E0,6.894662476E0
1.597438896E2,-3.725153503E0,-5.552104340E0,6.930587769E0
1.597539296E2,-3.952530670E0,-5.654192047E0,7.033124542E0
1.597639706E2,-3.900438995E0,-5.591771851E0,6.872807922E0
1.597740406E2,-4.136797485E0,-5.605094147E0,7.143145752E0
1.597840816E2,-4.457879791E0,-5.371280365E0,7.286996613E0
1.597941216E2,-3.986360321E0,-5.306465149E0,7.029232635E0
1.598041616E2,-4.331392822E0,-5.208119659E0,7.091802521E0
1.598142016E2,-4.248016205E0,-5.162015533E0,7.217091980E0
1.598242426E2,-4.041146393E0,-5.211861877E0,7.127877502E0
1.598343136E2,-4.224964142E0,-5.188211060E0,7.064409485E0
1.598443536E2,-3.952680359E0,-5.239254913E0,7.049141235E0
1.598543936E2,-3.836521912E0,-5.415438538E0,7.009473724E0
1.598644336E2,-4.247417450E0,-5.275629272E0,6.952741699E0
1.598744746E2,-4.429289246E0,-5.117707672E0,6.992409210E0
1.598845146E2,-4.053570557E0,-5.130431213E0,7.030130768E0
1.598945856E2,-3.623664551E0,-5.383854218E0,7.153623962E0
1.599046256E2,-4.182003479E0,-5.296136627E0,7.162605286E0
1.599146656E2,-4.219575348E0,-5.172643433E0,7.020850067E0
1.599247066E2,-4.172573090E0,-5.269342346E0,6.977140961E0
1.599347466E2,-4.244124298E0,-5.326224060E0,7.001689911E0
1.599447866E2,-3.933370514E0,-5.406457214E0,7.107669525E0
1.599548576E2,-3.854334869E0,-5.384153595E0,7.161258087E0
1.599648976E2,-3.535198517E0,-5.349276123E0,7.279961243E0
1.599749386E2,-3.797303467E0,-5.306016083E0,7.315736847E0
1.599849786E2,-4.252506866E0,-5.143753510E0,7.180418243E0
1.599950186E2,-4.251459045E0,-5.137915649E0,7.083120575E0
1.600050896E2,-4.199067993E0,-5.260211334E0,7.103029175E0
1.600151296E2,-4.154610443E0,-5.272785187E0,7.142247620E0
1.600251696E2,-4.086352386E0,-5.303471375E0,7.181915131E0
1.600352106E2,-4.194277954E0,-5.215155029E0,7.205416260E0
1.600452506E2,-4.382885742E0,-5.118306427E0,7.112160187E0
1.600553009E2,-4.415368195E0,-5.033432922E0,7.066505127E0
1.600653719E2,-4.219725037E0,-5.145100708E0,7.007228394E0
1.600754119E2,-4.215833130E0,-5.165308685E0,7.053332520E0
1.600854529E2,-4.274062042E0,-5.057832184E0,7.092251587E0
1.600954929E2,-4.397704926E0,-4.942721558E0,7.082671509E0
1.601055329E2,-4.456682281E0,-4.954696655E0,7.004533997E0
1.601155739E2,-4.445455627E0,-5.019661560E0,7.076085205E0
1.601256439E2,-4.405189362E0,-5.062173157E0,7.119494934E0
1.601356849E2,-4.310436401E0,-5.069507904E0,7.114405518E0
1.601457249E2,-4.194876709E0,-5.113965454E0,7.143145752E0
1.601557649E2,-4.162244568E0,-5.168003082E0,7.105573883E0
1.601658049E2,-4.057013397E0,-5.186414795E0,7.108567657E0
1.601758759E2,-4.058959351E0,-5.246589661E0,7.104076996E0
1.601859169E2,-4.170776825E0,-5.073399811E0,7.117998047E0
1.601959569E2,-4.072581024E0,-5.065166931E0,7.199279022E0
1.602059969E2,-4.055516510E0,-5.122797089E0,7.171586609E0
1.602160369E2,-4.010460205E0,-5.170398102E0,7.131769409E0
1.602260779E2,-4.021537170E0,-5.193300476E0,7.176077271E0
1.602361479E2,-4.288432159E0,-5.052742767E0,7.043453064E0
1.602461889E2,-4.229903870E0,-5.000052338E0,7.059619446E0
1.602562289E2,-4.292773132E0,-4.985233154E0,7.093149719E0
1.602662689E2,-4.399501190E0,-4.937931519E0,7.087760925E0
1.602763099E2,-4.458478546E0,-4.922513580E0,7.080126801E0
1.602863499E2,-4.467609558E0,-4.885241089E0,7.069049835E0
1.602964209E2,-4.412823486E0,-4.947511597E0,7.065606995E0
1.603064609E2,-4.282444611E0,-5.086722107E0,7.062613220E0
1.603165009E2,-4.235891418E0,-5.107828217E0,7.103478241E0
1.603265419E2,-4.236490173E0,-5.036875763E0,7.102729797E0
1.603365819E2,-4.228257294E0,-5.034630432E0,7.060667267E0
1.603466219E2,-4.224814453E0,-5.060526581E0,7.077582092E0
1.603566929E2,-4.193529510E0,-5.061724091E0,7.075935516E0
1.603667329E2,-4.180207214E0,-5.069956970E0,7.101382599E0
1.603767729E2,-4.204157410E0,-5.107678528E0,7.128925323E0
1.603868139E2,-4.219725037E0,-5.115911407E0,7.131619720E0
1.603968539E2,-4.211791534E0,-5.110672302E0,7.165449371E0
1.604069249E2,-4.302652588E0,-5.074297943E0,7.189399567E0
1.604169649E2,-4.220922546E0,-5.088518372E0,7.159611511E0
1.604270049E2,-4.250261536E0,-5.102738800E0,7.174281006E0
1.604370459E2,-4.249812469E0,-5.088368683E0,7.171287231E0
1.604470859E2,-4.215533752E0,-5.050497437E0,7.168742523E0
1.604571259E2,-4.254153442E0,-5.006788330E0,7.122937775E0
1.604671969E2,-4.233197021E0,-4.981490936E0,7.109316101E0
1.604772369E2,-4.212240601E0,-4.950804749E0,7.126679993E0
1.604872779E2,-4.119882660E0,-5.043462067E0,7.055128784E0
1.604973179E2,-4.001628571E0,-5.237308960E0,7.029382324E0
1.605073579E2,-4.226910095E0,-5.063969421E0,7.137906647E0
1.605173979E2,-4.166735229E0,-4.948409729E0,7.149133301E0
1.605274689E2,-4.312232666E0,-4.996459808E0,7.135212250E0
1.605375099E2,-4.411775665E0,-4.940476227E0,7.234455872E0
1.605475499E2,-4.276157684E0,-4.972659302E0,7.197033691E0
1.605575899E2,-4.268972626E0,-5.043162689E0,7.189549255E0
1.605676299E2,-4.275858307E0,-5.098547516E0,7.201075287E0
1.605777009E2,-4.317172394E0,-5.058880005E0,7.165449371E0
1.605877409E2,-4.293072510E0,-5.090015259E0,7.188950500E0
1.605977819E2,-4.302203522E0,-5.100343781E0,7.189698944E0
1.606078219E2,-4.239334259E0,-5.057832184E0,7.190148010E0
1.606178619E2,-4.150868225E0,-5.102589111E0,7.152725830E0
1.606279029E2,-4.272864532E0,-5.070555725E0,7.108717346E0
1.606379729E2,-4.196972351E0,-5.053042145E0,7.064259796E0
1.606480139E2,-4.120631104E0,-5.207670593E0,7.069049835E0
1.606580539E2,-4.242028656E0,-5.224286041E0,7.123087463E0
1.606680939E2,-4.315076752E0,-5.076543274E0,7.067552948E0
1.606781349E2,-4.293820953E0,-5.090763702E0,7.107370148E0
1.606881749E2,-4.373006287E0,-4.985682220E0,7.128476257E0
1.606982459E2,-4.339176636E0,-5.023104401E0,7.087760925E0
1.607082859E2,-4.323010254E0,-5.038222961E0,7.091503143E0
1.607183259E2,-4.328249359E0,-4.910837860E0,7.089407501E0
1.607283659E2,-4.285139008E0,-4.904550934E0,7.074738007E0
1.607384069E2,-4.357288971E0,-4.964725800E0,7.065307617E0
1.607484469E2,-4.321663055E0,-4.917424164E0,7.043902130E0
1.607585179E2,-4.345762939E0,-4.913232880E0,7.004833374E0
1.607685579E2,-4.370910645E0,-4.911137238E0,7.012168121E0
1.607785979E2,-4.368815002E0,-4.921465759E0,6.982529755E0
1.607886389E2,-4.396208038E0,-4.921914825E0,6.982380066E0
1.607986789E2,-4.420756989E0,-4.876110077E0,6.961872711E0
1.608087499E2,-4.307742004E0,-4.934189301E0,6.988816681E0
1.608187899E2,-4.334685974E0,-5.004243622E0,7.039561157E0
1.608288299E2,-4.368515625E0,-4.967120819E0,7.021299133E0
1.608388709E2,-4.340224457E0,-4.979844360E0,6.982080688E0
1.608489109E2,-4.323609009E0,-5.034031677E0,7.088958435E0
1.608589509E2,-4.276007996E0,-5.115911407E0,7.094945984E0
1.608690219E2,-4.433181152E0,-4.994364166E0,7.213649139E0
1.608790619E2,-4.276007996E0,-4.995561676E0,7.192992096E0
1.608891029E2,-4.331692200E0,-5.002597046E0,7.216792603E0
1.608991429E2,-4.450694733E0,-4.941074982E0,7.139852600E0
1.609091829E2,-4.486620026E0,-4.945865021E0,7.072642365E0
1.609192229E2,-4.431983643E0,-5.007387085E0,7.095245361E0
1.609292939E2,-4.367617493E0,-5.047353973E0,7.091802521E0
1.609393349E2,-4.377946014E0,-4.996010742E0,7.082222443E0
1.609493749E2,-4.370012512E0,-5.005141754E0,7.105124817E0
1.609594149E2,-4.154610443E0,-5.150938568E0,7.134463806E0
1.609694549E2,-4.251758423E0,-5.220244446E0,7.093149719E0
1.609794959E2,-4.346062317E0,-5.009632416E0,7.080426178E0
1.609895659E2,-4.292922821E0,-5.098697205E0,7.058721313E0
1.609996069E2,-4.377796326E0,-5.025050354E0,7.125632172E0
1.610096469E2,-4.320764923E0,-4.930297394E0,7.144193573E0
1.610196869E2,-4.445006561E0,-4.927303619E0,7.183861084E0
1.610297279E2,-4.430337067E0,-4.899910583E0,7.166197815E0
1.610397979E2,-4.381239166E0,-5.023703156E0,7.128176880E0
1.610498389E2,-4.411625977E0,-4.970563660E0,7.096143494E0
1.610598841E2,-4.344415741E0,-4.984035645E0,7.097490692E0
1.610699241E2,-4.286785583E0,-5.158123627E0,7.071893921E0
1.610799651E2,-4.315376129E0,-5.250331879E0,7.081623688E0
1.610900051E2,-4.412524109E0,-5.116809540E0,7.031028900E0
1.611000761E2,-4.453239441E0,-4.996310120E0,7.101681976E0
1.611101161E2,-4.401447144E0,-4.963228912E0,7.088808746E0
1.611201561E2,-4.377646637E0,-4.985682220E0,7.122788086E0
1.611301961E2,-4.292773132E0,-4.891977081E0,7.120542755E0
1.611402371E2,-4.216431885E0,-5.106481018E0,7.136559448E0
1.611502771E2,-4.377347260E0,-5.030588837E0,7.088209991E0
1.611603481E2,-4.431684265E0,-5.076543274E0,7.055877228E0
1.611703881E2,-4.395459595E0,-5.199587402E0,7.085515594E0
1.611804281E2,-4.380640411E0,-5.404062195E0,7.108118591E0
1.611904691E2,-4.438869324E0,-5.485642548E0,7.095694427E0
1.612005091E2,-4.432582397E0,-5.570665741E0,7.079827423E0
1.612105801E2,-4.365072784E0,-5.605094147E0,7.081773376E0
1.612206201E2,-4.241429901E0,-5.704786835E0,7.085515594E0
1.612306601E2,-4.102818146E0,-5.873486023E0,7.156917114E0
1.612407011E2,-4.242477722E0,-5.881718903E0,7.050638123E0
1.612507411E2,-4.307292938E0,-5.907165985E0,6.940018158E0
1.612607811E2,-4.305646362E0,-6.047424316E0,6.888225861E0
1.612708521E2,-4.366270294E0,-6.069877625E0,6.997947693E0
1.612808921E2,-4.296814728E0,-5.979016571E0,6.974446564E0
1.612909331E2,-4.209097137E0,-5.648054810E0,7.127727814E0
1.613009731E2,-4.176015930E0,-5.520520020E0,7.419770508E0
1.613110131E2,-4.078568573E0,-5.597160645E0,7.584128723E0
1.613210531E2,-4.063450012E0,-5.704637146E0,7.738607483E0
1.613311241E2,-4.281995544E0,-5.943690033E0,7.681875458E0
1.613411641E2,-4.422253876E0,-6.136788483E0,7.479196930E0
1.613512051E2,-4.525090027E0,-6.271358643E0,7.318131866E0
1.613612451E2,-4.836292877E0,-6.531966705E0,6.994953918E0
1.613712851E2,-4.743186493E0,-6.709946594E0,6.724616089E0
1.613813261E2,-4.791985016E0,-6.833439789E0,6.685098267E0
1.613913961E2,-4.876858521E0,-6.850953369E0,6.687193909E0
1.614014371E2,-4.629722443E0,-6.561006317E0,6.624174957E0
1.614114771E2,-4.556524658E0,-6.336173859E0,6.695875854E0
1.614215171E2,-4.800517273E0,-6.289171600E0,6.520141296E0
1.614315581E2,-5.010829926E0,-6.300398254E0,6.448889465E0
1.614416281E2,-5.047054596E0,-6.489604797E0,6.473139038E0
1.614516691E2,-4.994064789E0,-6.847360840E0,6.548133087E0
1.614617091E2,-5.000202026E0,-6.838229828E0,6.641838226E0
1.614717491E2,-5.027295685E0,-6.710096283E0,6.708599396E0
1.614817891E2,-4.869074707E0,-6.472689972E0,6.592890015E0
1.614918301E2,-4.720284119E0,-6.185437317E0,6.416556702E0
1.615019011E2,-4.697830811E0,-6.272855530E0,6.097420349E0
1.615119411E2,-4.741390228E0,-6.599775696E0,5.593268738E0
1.615219811E2,-4.783153381E0,-7.014263763E0,5.241500244E0
1.615320211E2,-5.080884247E0,-7.279063110E0,5.142705688E0
1.615420621E2,-5.173092499E0,-7.206314392E0,5.288053436E0
1.615521021E2,-4.893174591E0,-7.385791168E0,5.492378540E0
1.615621731E2,-5.029541016E0,-7.834557953E0,6.033503265E0
1.615722131E2,-5.199886780E0,-7.906857605E0,6.245612183E0
1.615822531E2,-5.307063904E0,-7.426955566E0,6.191873932E0
1.615922941E2,-5.163961487E0,-7.333250427E0,5.909111938E0
1.616023341E2,-5.463488617E0,-7.621251526E0,5.613327026E0
1.616124051E2,-5.494324493E0,-7.820487213E0,5.576503601E0
1.616224451E2,-5.445226593E0,-7.741601257E0,5.567073212E0
1.616324851E2,-5.376070404E0,-7.496411133E0,5.998326416E0
1.616425261E2,-5.564827881E0,-7.272476807E0,6.090983734E0
1.616525661E2,-5.724994812E0,-7.241790619E0,6.167774048E0
1.616626061E2,-5.672903137E0,-7.348219299E0,5.716612244E0
1.616726771E2,-5.800138550E0,-7.627837830E0,5.242098999E0
1.616827171E2,-5.862409058E0,-7.858957214E0,5.023852844E0
1.616927571E2,-5.911057892E0,-7.784861298E0,4.538711700E0
1.617027981E2,-5.840404816E0,-7.522606659E0,4.317172394E0
1.617128381E2,-5.529501343E0,-7.378157043E0,4.122876434E0
1.617228781E2,-5.349575500E0,-7.230264587E0,4.085603943E0
1.617329491E2,-5.254822540E0,-7.035070496E0,4.305197296E0
1.617429891E2,-5.281018066E0,-6.948400726E0,4.698279877E0
1.617530301E2,-5.706583099E0,-7.005432129E0,5.336702271E0
1.617630701E2,-6.001320190E0,-7.111860809E0,5.477259979E0
1.617731101E2,-6.105503540E0,-7.219337311E0,5.561834106E0
1.617831511E2,-6.095624084E0,-7.464078369E0,5.499563599E0
1.617932211E2,-6.159990234E0,-7.712262268E0,5.745651855E0
1.618032621E2,-6.168821869E0,-7.926466827E0,6.066883850E0
1.618133021E2,-6.045029297E0,-7.573500824E0,6.097270660E0
1.618233421E2,-5.908513184E0,-7.029232635E0,6.168821869E0
1.618333821E2,-5.846542053E0,-6.659052429E0,5.987249451E0
1.618434531E2,-6.148015137E0,-6.488706665E0,5.755082245E0
1.618534941E2,-6.105952606E0,-6.251450043E0,5.442532196E0
1.618635341E2,-6.100264435E0,-5.878425751E0,5.290598145E0
1.618735741E2,-6.114933929E0,-5.386997681E0,5.375321960E0
1.618836141E2,-5.992488556E0,-4.806355133E0,5.364095306E0
1.618936551E2,-5.800886993E0,-4.575535126E0,5.321134644E0
1.619037251E2,-5.670059052E0,-4.683610382E0,5.222040710E0
1.619137661E2,-5.460345154E0,-4.318070526E0,5.232967987E0
1.619238061E2,-5.435796204E0,-3.796704712E0,5.407804413E0
1.619338461E2,-5.409001923E0,-3.451821899E0,5.317991180E0
1.619438871E2,-5.261558533E0,-2.568808136E0,5.243745575E0
1.619539271E2,-5.133574677E0,-1.239572296E0,5.479056244E0
1.619639981E2,-4.405638428E0,-8.343649292E-1,5.386698303E0
1.619740381E2,-4.101470947E0,-1.615440674E0,5.058580627E0
1.619840781E2,-4.501588898E0,-2.605930939E0,5.465434570E0
1.619941191E2,-4.913532257E0,-3.941902771E0,5.534441071E0
1.620041591E2,-5.068310394E0,-4.639601898E0,5.251978455E0
1.620142301E2,-4.662354584E0,-4.268673248E0,5.414091339E0
1.620242701E2,-3.947441254E0,-3.362008667E0,5.781726837E0
1.620343101E2,-3.927382965E0,-2.292632446E0,6.371350708E0
1.620443501E2,-3.882476349E0,-5.563929749E-1,6.834038544E0
1.620543747E2,-4.120182037E0,1.164877625E0,6.814129944E0
1.620644147E2,-4.791535950E0,1.816921692E0,6.567592621E0
1.620744857E2,-5.658083954E0,9.987231445E-1,6.194418640E0
1.620845257E2,-5.226381683E0,-4.980143738E-1,5.518723755E0
1.620945657E2,-4.758005676E0,-2.480042725E0,5.438490601E0
1.621046067E2,-5.027295685E0,-3.279530182E0,6.024671631E0
1.621146467E2,-4.672832794E0,-2.481988678E0,6.919660492E0
1.621246867E2,-4.177363129E0,-9.822573853E-1,8.294850769E0
1.621347577E2,-3.260370026E0,8.936416626E-1,9.029672699E0
1.621447977E2,-2.094294891E0,1.698368225E0,9.363777924E0
1.621548387E2,-2.540217590E0,1.390458527E0,9.544452209E0
1.621648787E2,-2.864742737E0,1.032852173E0,8.916657715E0
1.621749187E2,-2.380050659E0,5.530998230E-1,8.070317688E0
1.621849587E2,-2.288441162E0,1.303788757E-1,7.896678772E0
1.621950297E2,-2.071841583E0,2.579136658E-1,7.840545502E0
1.622050707E2,-1.855990448E0,7.536827087E-1,8.133037262E0
1.622151107E2,-1.477577362E0,1.275946655E0,8.639733582E0
1.622251507E2,-1.422641602E0,1.754800873E0,9.136251068E0
1.622351907E2,-1.578766937E0,2.254012756E0,9.356892242E0
1.622452617E2,-1.391356659E0,2.369422760E0,9.395960999E0
1.622553027E2,-1.535207520E0,2.358794861E0,9.662855988E0
1.622653427E2,-1.502725067E0,2.591411133E0,9.557924194E0
1.622753827E2,-1.523681488E0,2.637964325E0,9.536518707E0
1.622854227E2,-1.764680328E0,2.659519501E0,9.778415680E0
1.622954637E2,-1.967658234E0,2.749781799E0,1.058568695E1
1.623055337E2,-1.612297211E0,2.951113129E0,1.096499817E1
1.623155747E2,-1.727856903E0,2.548151093E0,1.087264023E1
1.623256147E2,-1.857936401E0,2.753074951E0,1.113534393E1
1.623356547E2,-1.810036011E0,2.996019745E0,1.086590424E1
1.623456957E2,-1.720522156E0,3.035088501E0,1.047416885E1
1.623557357E2,-1.250050507E0,3.334166565E0,1.050380722E1
1.623658067E2,-9.071136475E-1,3.949387207E0,1.047012726E1
1.623758467E2,-1.008752289E0,4.218377838E0,9.911189575E0
1.623858867E2,-1.052910461E0,3.811823273E0,9.272018738E0
1.623959277E2,-5.442681885E-1,3.324287109E0,8.958121490E0
1.624059677E2,7.439529419E-2,2.700234833E0,8.405470734E0
1.624160077E2,-3.719764709E-1,2.379002838E0,8.047265625E0
1.624260787E2,-1.005758514E0,3.010240173E0,7.687264252E0
1.624361187E2,-1.167272644E0,3.609893188E0,7.572303314E0
1.624461587E2,-1.263073425E0,4.079915771E0,7.646099854E0
1.624561997E2,-1.216220856E0,4.394112396E0,7.346273346E0
1.624662397E2,-1.037043457E0,4.418062592E0,7.015910339E0
1.624763107E2,-6.982978821E-1,4.461023254E0,6.753206635E0
1.624863507E2,1.347198486E-3,4.398603058E0,7.183861084E0
1.624963907E2,4.505630493E-1,4.146227875E0,8.350984039E0
1.625064317E2,1.150956573E0,4.204157410E0,8.472830658E0
1.625164717E2,1.648821259E0,4.396657104E0,8.838370514E0
1.625265117E2,1.862726440E0,4.373904419E0,9.036857758E0
1.625365827E2,1.528471527E0,4.417463837E0,8.976383514E0
1.625466227E2,1.120869141E0,4.621190186E0,8.930129700E0
1.625566637E2,1.015488281E0,4.870122528E0,8.843310242E0
1.625667037E2,1.013991394E0,5.184169464E0,8.818761292E0
1.625767437E2,1.160237274E0,5.473517761E0,8.749305725E0
1.625867837E2,1.309776306E0,5.583538971E0,8.608149261E0
1.625968547E2,1.261875916E0,5.425916748E0,8.520281982E0
1.626068957E2,1.188229065E0,5.079537048E0,8.661887512E0
1.626169357E2,1.059047699E0,4.508773956E0,8.560099182E0
1.626269757E2,9.015751648E-1,4.351002045E0,8.163124695E0
1.626370157E2,8.759783936E-1,4.751569061E0,7.850125580E0
1.626470867E2,1.050515442E0,5.076543274E0,7.725135498E0
1.626571267E2,1.023721161E0,5.326523438E0,7.850724335E0
1.626671677E2,8.942404175E-1,5.682782593E0,7.993377686E0
1.626772077E2,7.879614258E-1,5.825585632E0,8.099506989E0
1.626872477E2,7.435038757E-1,5.706433411E0,8.074359283E0
1.626972887E2,6.671626282E-1,5.517526245E0,7.917635193E0
1.627073587E2,8.175997925E-1,5.266498260E0,7.735314331E0
1.627173997E2,9.913883972E-1,5.042713623E0,7.688761139E0
1.627274397E2,1.005758514E0,4.980892181E0,7.767048340E0
1.627374797E2,9.282197571E-1,4.988526306E0,7.828720093E0
1.627475207E2,7.212002563E-1,4.803660736E0,8.081244965E0
1.627575607E2,7.280859375E-1,4.536466370E0,8.249195709E0
1.627676317E2,1.119372253E0,4.539759521E0,8.267008667E0
1.627776717E2,1.466500397E0,4.461322632E0,8.294850769E0
1.627877117E2,1.482816467E0,4.246818695E0,8.672365723E0
1.627977517E2,1.264720001E0,4.217180328E0,9.189540253E0
1.628077927E2,1.081950073E0,4.213737488E0,9.476194153E0
1.628178327E2,9.627978516E-1,4.165687408E0,9.664951630E0
1.628279037E2,8.018824768E-1,3.843706970E0,9.724378052E0
1.628379437E2,7.523355103E-1,3.613186340E0,9.888287201E0
1.628479837E2,7.509883118E-1,3.534749451E0,9.909243622E0
1.628580247E2,8.885522461E-1,3.607498169E0,9.939929810E0
1.628680647E2,9.229806519E-1,3.692221985E0,9.755064240E0
1.628781357E2,9.554631042E-1,3.608396301E0,9.394015045E0
1.628881757E2,1.085243225E0,3.469335480E0,9.241332550E0
1.628982157E2,1.107397156E0,3.455414429E0,9.322763214E0
1.629082567E2,1.091530151E0,3.607049103E0,9.434131622E0
1.629182967E2,1.026265869E0,3.835773468E0,9.442065125E0
1.629283367E2,9.650431824E-1,4.021237793E0,9.348809052E0
1.629384077E2,8.469387817E-1,4.095932465E0,9.102271729E0
1.629484477E2,7.444020081E-1,4.111200714E0,8.790919189E0
1.629584887E2,7.385641479E-1,4.115092621E0,8.541238403E0
1.629685287E2,8.235873413E-1,4.136647797E0,8.476722565E0
1.629785687E2,9.291178894E-1,4.096082153E0,8.533903656E0
1.629886087E2,8.785231018E-1,3.991449738E0,8.534652100E0
1.629986797E2,8.439450073E-1,3.909420319E0,8.566086731E0
1.630087197E2,7.985893250E-1,3.770958252E0,8.591084747E0
1.630187607E2,7.203021240E-1,3.535647583E0,8.601712646E0
1.630288007E2,7.349716187E-1,3.553011475E0,8.745862885E0
1.630388407E2,8.526269531E-1,3.810925140E0,8.929381256E0
1.630489117E2,8.921447754E-1,4.027973785E0,8.969946899E0
1.630589743E2,8.463400269E-1,4.164340210E0,8.813522186E0
1.630690153E2,7.458988953E-1,4.268074493E0,8.575666809E0
1.630790553E2,6.987469482E-1,4.295018463E0,8.297395477E0
1.630890953E2,8.222401428E-1,4.314328308E0,8.178842010E0
1.630991363E2,9.774673462E-1,4.351451111E0,8.282725983E0
1.631092063E2,9.954299927E-1,4.343517609E0,8.361611938E0
1.631192473E2,9.385482788E-1,4.256398773E0,8.416847076E0
1.631292873E2,8.255332947E-1,4.112996979E0,8.461154938E0
1.631393273E2,6.975494385E-1,3.982618103E0,8.452323303E0
1.631493673E2,5.539979553E-1,4.008963318E0,8.481961670E0
1.631594083E2,4.611909485E-1,4.235292664E0,8.532406769E0
1.631694793E2,4.568499756E-1,4.522994385E0,8.602910156E0
1.631795193E2,5.170248413E-1,4.761298828E0,8.653504944E0
1.631895593E2,5.560935974E-1,4.874912567E0,8.616082764E0
1.631995993E2,5.905220032E-1,4.890779572E0,8.556057587E0
1.632096403E2,5.842350769E-1,4.838238831E0,8.486602020E0
1.632196803E2,5.381309509E-1,4.810247040E0,8.438252563E0
1.632297513E2,4.683760071E-1,4.880750427E0,8.437953186E0
1.632397913E2,4.328997803E-1,5.036875763E0,8.476423187E0
1.632498313E2,4.402345276E-1,5.207071838E0,8.490643616E0
1.632598723E2,4.637356567E-1,5.344336395E0,8.523425446E0
1.632699123E2,4.842430115E-1,5.415887604E0,8.576714630E0
1.632799833E2,4.593946838E-1,5.406906281E0,8.558901672E0
1.632900233E2,3.888912964E-1,5.338648224E0,8.466843109E0
1.633000633E2,3.538641357E-1,5.271437988E0,8.411907349E0
1.633101043E2,3.121009827E-1,5.251978455E0,8.483907623E0
1.633201443E2,2.698887634E-1,5.227728882E0,8.531957703E0
1.633301843E2,2.588117981E-1,5.121150513E0,8.548273773E0
1.633402553E2,2.368075562E-1,4.982389069E0,8.477770386E0
1.633502953E2,1.980381775E-1,4.876259766E0,8.361312561E0
1.633603363E2,1.896556091E-1,4.863236847E0,8.302185516E0
1.633703763E2,2.221380615E-1,4.881947937E0,8.340505829E0
1.633804163E2,2.594105530E-1,4.920268250E0,8.418493652E0
1.633904563E2,2.779719543E-1,4.990172882E0,8.497678986E0
1.634005273E2,2.842588806E-1,5.010231171E0,8.543034668E0
1.634105673E2,2.860551453E-1,4.997657318E0,8.522227936E0
1.634206083E2,2.808160400E-1,4.944667511E0,8.457113342E0
1.634306483E2,2.739303589E-1,4.901407471E0,8.397088165E0
1.634406883E2,2.947370911E-1,4.900808716E0,8.373587036E0
1.634507593E2,2.817141724E-1,4.891677704E0,8.391399994E0
1.634607993E2,2.260299683E-1,4.923860779E0,8.395441589E0
1.634708403E2,1.800755310E-1,5.001998291E0,8.411607971E0
1.634808803E2,1.685494995E-1,5.061125336E0,8.440497894E0
1.634909203E2,1.770817566E-1,5.065615997E0,8.499175873E0
1.635009613E2,1.941462708E-1,5.033283234E0,8.547375641E0
1.635110313E2,1.514849854E-1,5.010680237E0,8.517437897E0
1.635210723E2,1.196012878E-1,5.016967163E0,8.515192566E0
1.635311123E2,1.052311707E-1,5.057383118E0,8.559650116E0
1.635411523E2,1.037342834E-1,5.113516388E0,8.633596344E0
1.635511923E2,1.023870850E-1,5.125491486E0,8.682245178E0
1.635612333E2,1.100212097E-1,5.102289734E0,8.667575684E0
1.635713043E2,1.022373962E-1,5.083129578E0,8.607999573E0
1.635813443E2,7.499404907E-2,5.086572418E0,8.467591553E0
1.635913843E2,1.089733887E-1,5.157674561E0,8.345295868E0
1.636014243E2,1.763333130E-1,5.214855652E0,8.278684387E0
1.636114653E2,2.582130432E-1,5.200485535E0,8.277486877E0
1.636215053E2,2.508782959E-1,5.144501953E0,8.288563843E0
1.636315763E2,1.863624573E-1,5.056934052E0,8.276738434E0
1.636416163E2,1.496887207E-1,4.965773621E0,8.255033569E0
1.636516563E2,1.428030396E-1,4.929698639E0,8.318052521E0
1.636616973E2,1.499880981E-1,4.924758911E0,8.393645325E0
1.636717373E2,1.200503540E-1,4.964576111E0,8.425978088E0
1.636818083E2,1.178050232E-1,4.972958679E0,8.475674744E0
1.636918483E2,1.366658020E-1,4.975204010E0,8.506660309E0
1.637018883E2,1.345701599E-1,4.970863037E0,8.457412720E0
1.637119293E2,1.555265808E-1,4.940027161E0,8.458759918E0
1.637219693E2,1.860630798E-1,4.914729767E0,8.492888947E0
1.637320093E2,1.848655701E-1,4.932542725E0,8.515791321E0
1.637420803E2,1.628613281E-1,4.983885956E0,8.531358948E0
1.637521203E2,1.853146362E-1,5.027295685E0,8.405919800E0
1.637621603E2,1.788780212E-1,5.161716156E0,8.275091858E0
1.637722013E2,1.838177490E-1,5.187612305E0,8.313711548E0
1.637822413E2,1.326242065E-1,5.144951019E0,8.525072021E0
1.637922813E2,3.233276367E-2,5.125790863E0,8.768914948E0