"Time (s)","X (rad/s)","Y (rad/s)","Z (rad/s)"
1.681592500E-1,-2.213555127E-1,1.347862370E-2,7.050177455E-2
1.781992500E-1,-2.240867466E-1,2.948039770E-2,9.305053949E-2
1.882392500E-1,-2.416353673E-1,4.600238428E-2,1.280514002E-1
1.982792500E-1,-2.671961188E-1,2.915685996E-2,1.530845761E-1
2.083202500E-1,-2.942674160E-1,1.676197723E-2,1.555317491E-1
2.183912500E-1,-2.979771197E-1,2.262325957E-2,1.391759813E-1
2.284312500E-1,-2.840852737E-1,2.399265766E-2,1.075868905E-1
2.384712500E-1,-2.485246062E-1,2.743004635E-2,8.104273677E-2
2.485112500E-1,-2.025014460E-1,2.966470271E-2,7.429748029E-2
2.585522500E-1,-1.710254848E-1,4.255197197E-2,7.924139500E-2
2.685922500E-1,-1.727472246E-1,7.283131778E-2,1.001056656E-1
2.786322500E-1,-2.241816968E-1,1.205162033E-1,1.321769357E-1
2.887032500E-1,-3.218949437E-1,1.861181110E-1,1.836411953E-1
2.987432500E-1,-4.479375482E-1,2.632040381E-1,2.411038876E-1
3.087842500E-1,-5.869745016E-1,3.619111776E-1,2.843102217E-1
3.188242500E-1,-7.143920660E-1,4.473919868E-1,2.792814672E-1
3.288642500E-1,-8.253886104E-1,5.113683343E-1,2.391596287E-1
3.389042500E-1,-9.065421820E-1,5.538251400E-1,1.929021627E-1
3.489452500E-1,-9.635788798E-1,6.695964932E-1,1.760235876E-1
3.590162500E-1,-1.023366928E0,8.312799931E-1,1.980177760E-1
3.690562500E-1,-1.125149369E0,9.918448925E-1,2.484175712E-1
3.790962500E-1,-1.297506213E0,1.225679159E0,3.022985756E-1
3.891362500E-1,-1.569155097E0,1.502061725E0,3.364427090E-1
3.991772500E-1,-1.941046119E0,1.817736983E0,3.729717433E-1
4.092172500E-1,-2.355724096E0,2.147914886E0,3.806214035E-1
4.192882500E-1,-2.767812729E0,2.395424843E0,3.386470079E-1
4.293282500E-1,-3.081806183E0,2.533794403E0,3.212893307E-1
4.393682500E-1,-3.292666912E0,2.595510483E0,3.785034418E-1
4.494092500E-1,-3.452583551E0,2.527158737E0,5.015753508E-1
4.594492500E-1,-3.590015650E0,2.305614471E0,6.561753154E-1
4.694892500E-1,-3.652200937E0,1.977426887E0,8.283627629E-1
4.795292500E-1,-3.606826067E0,1.685291290E0,9.771882892E-1
4.896002500E-1,-3.505625486E0,1.544399738E0,1.096572399E0
4.996412500E-1,-3.335634232E0,1.447320461E0,1.178628564E0
5.096812500E-1,-3.109315634E0,1.363008261E0,1.193687201E0
5.197212500E-1,-2.900393486E0,1.335963964E0,1.151412129E0
5.297612500E-1,-2.726404190E0,1.346120715E0,1.095952868E0
5.398022500E-1,-2.606995583E0,1.382394433E0,1.076955914E0
5.498422500E-1,-2.530653000E0,1.360899568E0,1.109276891E0
5.599132500E-1,-2.500766516E0,1.263120174E0,1.168543220E0
5.699532500E-1,-2.504539967E0,1.072794080E0,1.225916505E0
5.799932500E-1,-2.514466763E0,8.504903316E-1,1.251654387E0
5.900342500E-1,-2.409877777E0,7.583561540E-1,1.200881243E0
6.000742500E-1,-1.801147938E0,8.703802228E-1,9.670127630E-1
6.101142500E-1,-4.035778940E-1,1.160629392E0,5.263733268E-1
6.201852500E-1,1.244841933E0,1.319130182E0,3.434891999E-2
6.302252500E-1,1.900027514E0,1.110671520E0,-1.933127344E-1
6.402662500E-1,1.660448194E0,6.868397593E-1,-2.293072343E-1
6.503062500E-1,8.966495395E-1,5.163652301E-1,-1.478062421E-1
6.603462500E-1,6.749852002E-2,5.068271756E-1,-7.566079497E-2
6.703862500E-1,-5.632791519E-1,5.078029633E-1,-7.086976618E-2
6.804272500E-1,-8.455936313E-1,3.938509524E-1,-1.192858443E-1
6.904972500E-1,-7.938010097E-1,2.117208242E-1,-2.009593993E-1
7.005382500E-1,-6.024165154E-1,1.673858613E-1,-2.890028358E-1
7.105782500E-1,-3.410709202E-1,2.744979262E-1,-4.071918130E-1
7.206182500E-1,-1.314054877E-1,4.111146629E-1,-4.777886271E-1
7.306592500E-1,-6.927128136E-2,4.400014281E-1,-4.464482963E-1
7.406992500E-1,-1.225211695E-1,4.077076912E-1,-3.938238323E-1
7.507392500E-1,-2.309360504E-1,3.014494479E-1,-4.251559377E-1
7.608102500E-1,-3.544712961E-1,2.870645002E-2,-5.963166952E-1
7.708502500E-1,-4.972260594E-1,-4.591292441E-1,-7.900627255E-1
7.808912500E-1,-6.059799790E-1,-8.981392980E-1,-8.466686010E-1
7.909312500E-1,-8.290080428E-1,-6.459379792E-1,-7.601183057E-1
8.009712500E-1,-1.020056844E0,6.885375828E-2,-5.611611605E-1
8.110112500E-1,-1.162989140E0,4.074105024E-1,-3.963706195E-1
8.210822500E-1,-9.541873932E-1,-4.738969356E-2,-1.255181134E-1
8.311222500E-1,-5.797548890E-1,-7.262142897E-1,5.402740836E-2
8.411632500E-1,-1.356762350E-1,-1.291426301E0,1.108573973E-1
8.512032500E-1,3.295286596E-1,-1.469490170E0,2.004448622E-1
8.612432500E-1,8.291388154E-1,-1.249382973E0,6.288696527E-1
8.712842500E-1,1.366859078E0,-5.874640942E-1,1.070232987E0
8.813242500E-1,2.062393904E0,-8.261203766E-2,1.291673660E0
8.913952500E-1,2.765334129E0,-4.227456450E-1,1.360655069E0
9.014352500E-1,3.219629288E0,-2.270588130E-1,1.399544954E0
9.114752500E-1,3.198990583E0,9.410459399E-1,1.392681718E0
9.215057917E-1,2.200406075E0,2.666513443E0,1.252256274E0
9.315457917E-1,9.542080760E-1,3.100688457E0,9.732530713E-1
9.415857917E-1,4.810521379E-2,2.126012325E0,7.557939291E-1
9.516257917E-1,-5.914481282E-1,8.626472950E-1,6.983689666E-1
9.616967917E-1,-7.480994463E-1,1.070158556E-1,3.916834891E-1
9.717367917E-1,-4.547660649E-1,-2.183441222E-1,5.430310965E-3
9.817777917E-1,-1.736377925E-1,-5.847315192E-1,1.082779374E-2
9.918177917E-1,1.914562881E-1,-5.264557004E-1,-1.042836159E-1
1.001857792E0,3.002193570E-1,-5.228552222E-1,-2.817930877E-1
1.011898792E0,1.524741203E-1,-5.022359490E-1,-3.842813969E-1
1.021968792E0,-6.217677146E-2,-3.798448145E-1,-5.530654788E-1
1.032009792E0,-5.320297927E-2,1.987082958E-1,-6.310079694E-1
1.042049792E0,4.836810380E-2,6.264944077E-1,-6.558229923E-1
1.052089792E0,1.484268010E-1,7.312088013E-1,-6.371848583E-1
1.062130792E0,3.242602646E-1,8.090122938E-1,-5.848212242E-1
1.072170792E0,5.448189974E-1,9.098731279E-1,-5.005375147E-1
1.082210792E0,7.025482059E-1,1.039020896E0,-4.100345075E-1
1.092281792E0,7.702723742E-1,1.134479880E0,-3.612376750E-1
1.102321792E0,6.847612262E-1,1.095993757E0,-3.705745637E-1
1.112361792E0,4.583760202E-1,9.142949581E-1,-3.457539082E-1
1.122402792E0,2.246211767E-1,6.773971319E-1,-2.829881907E-1
1.132442792E0,1.139836088E-1,4.539959729E-1,-2.607486844E-1
1.142482792E0,1.041634381E-1,2.510112524E-1,-2.535202205E-1
1.152523792E0,1.173508763E-1,7.804480195E-2,-3.126535714E-1
1.162593792E0,5.170143023E-2,-3.072582185E-1,-3.788003325E-1
1.172634792E0,4.248137474E-1,-8.582300544E-1,-5.536882877E-1
1.182674792E0,2.172710449E-1,-1.001958251E0,-7.509686351E-1
1.192714792E0,-4.022798240E-1,-9.188266397E-1,-1.051074147E0
1.202755792E0,-7.643544674E-1,-1.260854006E0,-1.365929842E0
1.212795792E0,-1.025985003E0,-1.814588308E0,-1.481821299E0
1.222866792E0,-1.211460829E0,-2.395473719E0,-1.442261457E0
1.232906792E0,-1.315792322E0,-2.941976786E0,-1.480359793E0
1.242946792E0,-1.021142840E0,-3.223341465E0,-1.600003839E0
1.252986792E0,-6.363053322E-1,-2.539815187E0,-1.622133374E0
1.263027792E0,-2.133863866E-1,-1.128032804E0,-1.644301772E0
1.273067792E0,1.729213893E-1,3.516594470E-1,-1.642495275E0
1.283107792E0,4.223508537E-1,1.106380820E0,-1.547287464E0
1.293178792E0,4.834056795E-1,8.745436072E-1,-1.533863544E0
1.303218792E0,3.745866716E-1,7.948397100E-2,-1.609009862E0
1.313259792E0,6.140718609E-2,-9.071401954E-1,-1.572736979E0
1.323299792E0,-2.822546661E-1,-1.140101671E0,-1.186112285E0
1.333339792E0,-3.681339025E-1,-9.707536697E-1,-8.996696472E-1
1.343380792E0,-3.153288662E-1,-6.773888469E-1,-6.637918949E-1
1.353420792E0,-2.697674930E-1,-2.670790851E-1,-5.435336232E-1
1.363491792E0,-2.558463514E-1,-1.427061409E-1,-6.393927336E-1
1.373531792E0,-2.478542030E-1,-1.487057060E-1,-5.904217362E-1
1.383571792E0,-3.351233304E-1,-1.794911623E-1,-4.651342034E-1
1.393611792E0,-3.113839030E-1,-2.106288373E-1,-4.954090118E-1
1.403652792E0,-3.798982501E-1,-9.050296247E-2,-5.859580636E-1
1.413692792E0,-4.276774824E-1,8.918610215E-2,-6.551424265E-1
1.423763792E0,-4.718369842E-1,1.819607615E-1,-6.757689118E-1
1.433803792E0,-4.831151962E-1,5.868224427E-2,-6.674585342E-1
1.443843792E0,-4.544125497E-1,-5.738553032E-2,-6.746361256E-1
1.453884792E0,-4.720861018E-1,-6.680087000E-2,-6.732051969E-1
1.463924792E0,-5.464004278E-1,-2.167641371E-1,-6.396675706E-1
1.473964792E0,-5.494089723E-1,-1.428811252E-1,-5.773831606E-1
1.484005792E0,-4.952757359E-1,1.444710232E-2,-5.913649201E-1
1.494075792E0,-4.676566124E-1,-5.442970246E-2,-6.223832965E-1
1.504116792E0,-4.371283054E-1,-1.225752681E-1,-7.404011488E-1
1.514156792E0,-3.632605076E-1,-1.946031302E-1,-8.446553349E-1
1.524196792E0,-2.930382788E-1,-2.419148684E-1,-1.024425626E0
1.534236792E0,-2.011938393E-1,-2.761538029E-1,-1.172878504E0
1.544277792E0,-2.219051868E-2,-1.996090710E-1,-1.323641658E0
1.554317792E0,1.400998533E-1,-3.070420325E-1,-1.512151599E0
1.564388792E0,1.876078993E-1,-4.575118423E-1,-1.692468882E0
1.574428792E0,9.091091901E-2,-7.228524685E-1,-1.893820643E0
1.584468792E0,6.293886900E-2,-4.978360534E-1,-1.996327877E0
1.594509792E0,1.693491936E-1,-2.534721196E-1,-1.785330772E0
1.604549792E0,3.527128696E-1,3.158683330E-2,-1.704421997E0
1.614589792E0,5.750687122E-1,-2.204011977E-1,-1.662001610E0
1.624660792E0,7.064706087E-1,-4.687525034E-1,-1.540788412E0
1.634700792E0,7.664436698E-1,-4.205665886E-1,-1.312261820E0
1.644741792E0,5.573874116E-1,-4.232138991E-1,-1.030273557E0
1.654781792E0,-2.467263341E-1,-2.705924213E-1,-4.914335012E-1
1.664821792E0,-1.501235664E-1,4.082759023E-1,-2.188133448E-1
1.674861792E0,2.457952797E-1,3.343457580E-1,-1.590747619E-3
1.684902792E0,4.035579264E-1,1.422861591E-2,6.974794716E-2
1.694973792E0,4.117285013E-1,-5.727965385E-2,9.330920130E-2
1.705013792E0,3.551099896E-1,-4.726222903E-2,1.023250893E-1
1.715053792E0,2.663652301E-1,-3.290938959E-2,1.257846057E-1
1.725093792E0,1.889437288E-1,3.516134247E-2,1.672565192E-1
1.735134792E0,1.239772364E-1,2.161066234E-1,2.485958487E-1
1.745174792E0,1.132398099E-1,4.050533772E-1,3.659436703E-1
1.755214792E0,6.110470369E-2,3.197986484E-1,4.701267779E-1
1.765285792E0,7.633183151E-3,3.141616285E-1,5.460094213E-1
1.775325792E0,-2.519799955E-2,4.053234756E-1,6.089074016E-1
1.785366792E0,-1.264300346E-1,3.824825287E-1,7.184092999E-1
1.795406792E0,-2.275345623E-1,3.603511453E-1,8.716347814E-1
1.805446792E0,-2.988871336E-1,3.661855757E-1,1.041336298E0
1.815486792E0,-3.463896811E-1,3.547789752E-1,1.228044629E0
1.825557792E0,-3.028068542E-1,3.316682279E-1,1.398089290E0
1.835598792E0,1.528424323E-1,5.163216591E-1,1.397809863E0
1.845638792E0,5.486542583E-1,6.262135506E-1,1.327071786E0
1.855678792E0,5.907889605E-1,4.471769035E-1,1.205891252E0
1.865718792E0,3.472840190E-1,1.262203455E-1,9.823581576E-1
1.875759792E0,1.067779493E-2,-5.141090602E-2,7.030926943E-1
1.885799792E0,-1.510300040E-1,3.182053193E-2,4.572504759E-1
1.895870792E0,-1.701379120E-1,1.177413017E-1,2.704355717E-1
1.905910792E0,-1.299291551E-1,9.535010159E-2,1.158195660E-1
1.915950792E0,-6.360793114E-2,7.869096100E-2,-1.740773022E-2
1.925974625E0,-6.639523432E-3,1.194765046E-1,-2.123204805E-2
1.936014625E0,3.086577356E-2,2.025998831E-1,2.114470303E-2
1.946054625E0,2.251055464E-2,2.448321581E-1,3.922469914E-2
1.956094625E0,-1.042795368E-2,2.152353972E-1,3.873893619E-2
1.966165625E0,-3.893341124E-2,1.771288514E-1,3.944555670E-2
1.976206625E0,-4.260617495E-2,1.571370363E-1,4.586910084E-2
1.986246625E0,-3.686169535E-2,1.534769535E-1,8.545345068E-2
1.996286625E0,-3.001257591E-2,1.843147576E-1,1.228793859E-1
2.006326625E0,-1.714213192E-2,2.118437439E-1,1.512106806E-1
2.016367625E0,-8.904177696E-3,2.284107357E-1,1.617112607E-1
2.026437625E0,3.718892112E-3,2.379483879E-1,1.564357728E-1
2.036478625E0,5.082430318E-3,2.369347811E-1,1.366213262E-1
2.046518625E0,-9.554687887E-3,2.164212018E-1,1.118194610E-1
2.056558625E0,-2.947007492E-2,1.971463114E-1,9.053680301E-2
2.066599625E0,-5.039945245E-2,1.804532707E-1,7.559997588E-2
2.076639625E0,-6.243906915E-2,1.792335510E-1,8.111698180E-2
2.086679625E0,-6.032910198E-2,2.195840925E-1,9.876218438E-2
2.096750625E0,-4.595069587E-2,2.407631427E-1,1.252507716E-1
2.106790625E0,-2.945706993E-2,2.623440027E-1,1.461840719E-1
2.116831625E0,-1.415827498E-2,2.892611027E-1,1.603483558E-1
2.126871625E0,-1.040603220E-2,2.925772071E-1,1.747875214E-1
2.136911625E0,-1.358744502E-2,2.920626700E-1,1.855730563E-1
2.146951625E0,-2.356232889E-2,2.899039984E-1,1.936441213E-1
2.156992625E0,-3.871758282E-2,2.925541103E-1,2.044040859E-1
2.167062625E0,-5.654332042E-2,3.114943504E-1,2.086238265E-1
2.177103625E0,-7.107565552E-2,3.256565034E-1,2.149602920E-1
2.187143625E0,-8.195292950E-2,3.238321543E-1,2.185675800E-1
2.197183625E0,-8.916717023E-2,2.913575768E-1,2.304817587E-1
2.207224625E0,-8.558072150E-2,2.767708600E-1,2.562322915E-1
2.217264625E0,-8.444222063E-2,2.211288810E-1,2.874186933E-1
2.227335625E0,-7.877040654E-2,1.701896787E-1,3.158766627E-1
2.237375625E0,-7.314101607E-2,1.581191719E-1,3.430456817E-1
2.247415625E0,-7.204253227E-2,1.432883143E-1,3.768145442E-1
2.257456625E0,-7.482287288E-2,1.687305570E-1,3.906472623E-1
2.267496625E0,-8.781182766E-2,1.962043941E-1,3.863054514E-1
2.277536625E0,-1.021726578E-1,2.252943665E-1,3.614938557E-1
2.287576625E0,-1.258106679E-1,2.595634162E-1,2.960136235E-1
2.297647625E0,-1.477609724E-1,2.654447258E-1,2.162993699E-1
2.307687625E0,-1.589972377E-1,2.598922849E-1,1.375101656E-1
2.317728625E0,-1.596973836E-1,2.493245900E-1,6.929355115E-2
2.327768625E0,-1.585476846E-1,2.350876331E-1,2.773411758E-2
2.337808625E0,-1.519627422E-1,2.228085846E-1,7.507676259E-3
2.347849625E0,-1.419282854E-1,2.223774493E-1,2.568932436E-2
2.357889625E0,-1.333401203E-1,2.334910929E-1,6.686125696E-2
2.367960625E0,-1.250133067E-1,2.513724864E-1,1.167684272E-1
2.378000625E0,-1.195522249E-1,2.842856944E-1,1.510433108E-1
2.388040625E0,-1.244627833E-1,2.904656529E-1,1.641956866E-1
2.398081625E0,-1.512062401E-1,2.689190805E-1,1.400216520E-1
2.408121625E0,-1.779588014E-1,2.110313475E-1,7.074014097E-2
2.418161625E0,-1.932796985E-1,1.178968772E-1,-2.629799396E-2
2.428232625E0,-1.967057586E-1,2.291872166E-2,-5.581581593E-2
2.438272625E0,-1.802372932E-1,-3.183906525E-2,-5.663021281E-2
2.448312625E0,-1.633708328E-1,-5.663769320E-2,-4.113350809E-2
2.458353625E0,-1.462182105E-1,-3.051474690E-2,-1.823697798E-2
2.468393625E0,-1.290417463E-1,2.028165944E-2,1.718995161E-2
2.478433625E0,-1.140500158E-1,9.367144853E-2,6.060027331E-2
2.488474625E0,-1.059563234E-1,1.527380943E-1,1.018392593E-1
2.498544625E0,-1.019187048E-1,1.805058122E-1,1.340153217E-1
2.508585625E0,-1.032057330E-1,1.645480096E-1,1.526182145E-1
2.518625625E0,-9.989967942E-2,1.506369859E-1,1.591251194E-1
2.528665625E0,-9.817603230E-2,1.153254062E-1,1.429318637E-1
2.538706625E0,-9.271974117E-2,5.921766162E-2,1.185525060E-1
2.548746625E0,-1.019255593E-1,-6.705661304E-3,8.823851496E-2
2.558786625E0,-1.127164215E-1,-2.952229418E-2,6.182022765E-2
2.568857625E0,-1.129870117E-1,-2.376256883E-2,5.047151074E-2
2.578897625E0,-9.671057016E-2,1.524413005E-3,5.065100640E-2
2.588937625E0,-7.487643510E-2,3.836238757E-2,6.301337481E-2
2.598978625E0,-5.396103114E-2,7.066945732E-2,7.469347119E-2
2.609018625E0,-3.441478312E-2,8.403903246E-2,8.496502787E-2
2.619058625E0,-1.684084721E-2,8.998213708E-2,9.004979581E-2
2.629129625E0,-1.043383032E-2,8.094587177E-2,9.015373886E-2
2.639169625E0,-1.366983727E-2,6.611979008E-2,8.447561413E-2
2.649210625E0,-1.652364805E-2,5.023702234E-2,7.543215156E-2
2.659250625E0,-1.670740545E-2,4.279135168E-2,7.057268173E-2
2.669290625E0,-9.361723438E-3,4.232006148E-2,6.356106699E-2
2.679331625E0,-4.305690527E-5,4.101032019E-2,6.461461633E-2
2.689371625E0,7.754862309E-3,4.954003543E-2,6.376939267E-2
2.699442625E0,7.299762219E-4,5.531110615E-2,5.628404766E-2
2.709482625E0,-1.135389879E-2,5.317024887E-2,4.431417584E-2
2.719522625E0,-1.763070561E-2,4.846497625E-2,3.331798315E-2
2.729562625E0,-1.101962477E-2,3.747990727E-2,2.523478493E-2
2.739603625E0,1.837611198E-4,3.228195012E-2,2.088371292E-2
2.749643625E0,1.886335574E-2,2.440392599E-2,1.418219600E-2
2.759683625E0,3.665513545E-2,2.420445532E-2,1.166923717E-2
2.769754625E0,5.078356713E-2,2.726498060E-2,8.733758703E-3
2.779794625E0,5.983459204E-2,3.785184026E-2,9.949225001E-3
2.789835625E0,6.077754498E-2,4.322987050E-2,1.111167483E-2
2.799875625E0,6.157409400E-2,4.978977144E-2,1.260597445E-2
2.809915625E0,5.434156954E-2,4.932250082E-2,1.419821754E-2
2.819956625E0,5.509550869E-2,5.239632726E-2,1.983293332E-2
2.830026625E0,5.334609002E-2,5.814012885E-2,2.809504233E-2
2.840067625E0,5.338257551E-2,7.089321315E-2,3.834528103E-2
2.850107625E0,4.821901768E-2,7.353897393E-2,4.675040394E-2
2.860147625E0,3.688060492E-2,7.287025452E-2,5.183357745E-2
2.870187625E0,3.165581822E-2,7.359832525E-2,4.961358383E-2
2.880228625E0,2.853006497E-2,7.734246552E-2,4.036016390E-2
2.890268625E0,3.139959648E-2,8.239872009E-2,2.778632008E-2
2.900339625E0,3.232424706E-2,8.391618729E-2,1.637840457E-2
2.910379625E0,3.612884879E-2,8.240604401E-2,7.183915004E-3
2.920419625E0,3.563483059E-2,8.414082229E-2,4.792928696E-3
2.930446750E0,2.489947900E-2,7.914303988E-2,1.634997083E-3
2.940486750E0,1.581570320E-2,7.722689956E-2,-3.606370185E-3
2.950526750E0,4.536824301E-3,7.035271078E-2,-4.037122242E-3
2.960567750E0,4.418579862E-3,6.201195717E-2,-6.441956386E-3
2.970637750E0,9.606480598E-4,5.483780801E-2,-1.050721109E-2
2.980678750E0,-6.947722286E-4,4.651037604E-2,-1.384841278E-2
2.990718750E0,-4.991490394E-3,4.292577505E-2,-8.038730361E-3
3.000758750E0,-1.248056628E-2,4.990804940E-2,7.353807800E-3
3.010798750E0,-2.002094500E-2,5.373901874E-2,-1.420515589E-2
3.020839750E0,-2.421568893E-2,4.169167951E-2,-2.515793964E-2
3.030910750E0,-2.834410407E-2,4.234617576E-2,-2.700758539E-2
3.040950750E0,-2.741812356E-2,3.834317625E-2,-3.467082977E-2
3.050990750E0,-2.660483681E-2,2.349028923E-2,-4.498757049E-2
3.061030750E0,-3.279642016E-2,9.586159140E-4,-5.563781783E-2
3.071071750E0,-3.972924501E-2,-1.758456603E-2,-6.303042173E-2
3.081111750E0,-4.531975091E-2,-1.928126626E-2,-6.519850343E-2
3.091151750E0,-4.284147173E-2,-1.451032143E-2,-6.570018083E-2
3.101222750E0,-3.651965782E-2,2.496093512E-3,-6.417845190E-2
3.111262750E0,-3.011014499E-2,3.776818886E-2,-5.940133333E-2
3.121303750E0,-2.879188024E-2,5.979093537E-2,-5.869479850E-2
3.131343750E0,-3.251809627E-2,6.793260574E-2,-5.656273291E-2
3.141383750E0,-4.405836761E-2,5.494010448E-2,-5.771188438E-2
3.151423750E0,-5.594768375E-2,1.811606623E-2,-5.928249657E-2
3.161464750E0,-6.271743774E-2,-1.508503128E-2,-5.888302252E-2
3.171535750E0,-6.641171128E-2,-3.716719896E-2,-6.263033301E-2
3.181575750E0,-6.688468903E-2,-3.910677880E-2,-6.650096923E-2
3.191615750E0,-6.244736910E-2,-3.455242515E-2,-5.510708690E-2
3.201655750E0,-5.840469152E-2,-2.626599744E-2,-8.133469522E-2
3.211696750E0,-5.637694523E-2,-2.966961637E-2,-8.504003286E-2
3.221736750E0,-5.417264625E-2,-2.533612214E-2,-7.588914782E-2
3.231807750E0,-5.435435474E-2,-2.284539491E-2,-6.394641101E-2
3.241847750E0,-5.411174148E-2,-3.086577170E-2,-5.536436662E-2
3.251887750E0,-5.957014859E-2,-3.140809387E-2,-4.877126217E-2
3.261928750E0,-6.127057225E-2,-2.576299198E-2,-4.089762643E-2
3.271968750E0,-6.175511330E-2,-1.297334302E-2,-3.477425873E-2
3.282008750E0,-5.753000826E-2,2.776058391E-3,-3.443470597E-2
3.292048750E0,-5.222730339E-2,1.010414213E-2,-3.197188303E-2
3.302119750E0,-4.180129617E-2,1.533725113E-2,-3.390054405E-2
3.312160750E0,-3.602083027E-2,1.568475552E-2,-3.278865293E-2
3.322200750E0,-3.354808688E-2,1.377899759E-2,-3.386377171E-2
3.332240750E0,-3.321847320E-2,1.330190524E-2,-3.338913247E-2
3.342280750E0,-4.000500590E-2,2.213720605E-2,-2.689954266E-2
3.352321750E0,-4.906790704E-2,3.071140684E-2,-2.331419662E-2
3.362361750E0,-6.093095243E-2,2.893827297E-2,-1.779239997E-2
3.372432750E0,-6.826324016E-2,2.248066850E-2,-1.104103681E-2
3.382472750E0,-7.732570916E-2,2.546607144E-2,-1.476839650E-2
3.392512750E0,-7.421299070E-2,1.552613266E-2,2.002019808E-2
3.402553750E0,-7.470221817E-2,1.280864142E-2,9.884206578E-3
3.412593750E0,-7.669004053E-2,-7.855684496E-3,-1.525548380E-2
3.422633750E0,-8.036519587E-2,-2.692018822E-2,-6.551253051E-2
3.432704750E0,-7.471333444E-2,-3.769412637E-2,-8.376563340E-2
3.442744750E0,-6.846635789E-2,-3.188524023E-2,-8.301435411E-2
3.452785750E0,-6.918526441E-2,-2.252240479E-2,-7.301803678E-2
3.462825750E0,-7.206254452E-2,-2.213598043E-2,-6.286553293E-2
3.472865750E0,-7.363132387E-2,-2.341710776E-2,-5.836591870E-2
3.482905750E0,-7.762793452E-2,-2.585736103E-2,-5.704152584E-2
3.492946750E0,-7.842651010E-2,-3.011999652E-2,-6.175706536E-2
3.503016750E0,-7.289965451E-2,-4.065253213E-2,-6.766714901E-2
3.513057750E0,-6.485043466E-2,-4.617260769E-2,-7.462232560E-2
3.523097750E0,-6.034915894E-2,-4.302474856E-2,-7.916061580E-2
3.533137750E0,-5.276910588E-2,-3.891018778E-2,-7.680144161E-2
3.543178750E0,-4.625927284E-2,-3.113428876E-2,-7.535801083E-2
3.553218750E0,-4.188109189E-2,-2.426712960E-2,-7.229760289E-2
3.563258750E0,-3.794360906E-2,-2.617448568E-2,-6.703360379E-2
3.573329750E0,-3.825114667E-2,-3.002721258E-2,-6.092793867E-2
3.583369750E0,-3.426332772E-2,-2.997421473E-2,-5.979023874E-2
3.593410750E0,-2.961634472E-2,-3.669264913E-2,-6.135227159E-2
3.603450750E0,-2.906000987E-2,-4.350874573E-2,-6.427083164E-2
3.613490750E0,-2.272553556E-2,-3.819924593E-2,-5.941040814E-2
3.623530750E0,-1.959871687E-2,-3.987491131E-2,-6.455909461E-2
3.633571750E0,-1.397784986E-2,-3.356295079E-2,-5.974303931E-2
3.643641750E0,-1.767538302E-2,-2.661769465E-2,-5.388355255E-2
3.653682750E0,-1.886748523E-2,-2.140744589E-2,-5.100496113E-2
3.663722750E0,-1.988188177E-2,-1.938317716E-2,-5.047392473E-2
3.673762750E0,-2.095100097E-2,-2.036116086E-2,-4.828529805E-2
3.683803750E0,-2.283146046E-2,-1.516959537E-2,-4.505728185E-2
3.693843750E0,-2.704641409E-2,-6.722262129E-3,-3.418908641E-2
3.703914750E0,-3.632912785E-2,-8.339066990E-3,-4.715228826E-2
3.713954750E0,-3.653963283E-2,-1.652393676E-2,-1.769830100E-2
3.723994750E0,-2.649179101E-2,1.717383973E-2,6.560245156E-2
3.734035750E0,-3.365779668E-2,2.720113844E-3,8.257434517E-2
3.744075750E0,-4.889347404E-2,-3.020294756E-2,3.901435435E-2
3.754115750E0,-5.596426874E-2,-4.548737407E-2,-1.686741412E-2
3.764155750E0,-5.661727488E-2,-5.420709774E-2,-7.435334474E-2
3.774226750E0,-5.001989007E-2,-5.362356454E-2,-1.043711826E-1
3.784266750E0,-3.954568505E-2,-3.359446675E-2,-8.845160902E-2
3.794307750E0,-3.534745052E-2,-1.315627992E-2,-7.204680145E-2
3.804347750E0,-3.181343526E-2,-4.045339301E-3,-6.765791774E-2
3.814387750E0,-3.749495000E-2,1.388012990E-2,-5.244740844E-2
3.824428750E0,-3.082692996E-2,2.209864184E-2,-4.831151664E-2
3.834468750E0,-2.118192613E-2,1.333313435E-2,-4.639178887E-2
3.844539750E0,-1.835577935E-2,2.480754629E-3,-4.267374799E-2
3.854579750E0,-1.445330679E-2,-1.071767788E-2,-3.948244452E-2
3.864619750E0,-1.076189987E-2,-1.629540324E-2,-3.259551153E-2
3.874660750E0,-9.713694453E-3,-1.430538669E-2,-2.834369242E-2
3.884700750E0,-1.976678148E-3,-6.905526854E-3,-2.299979329E-2
3.894740750E0,-2.014003694E-4,-6.637714803E-3,-2.355993912E-2
3.904811750E0,3.112573177E-4,1.995453611E-3,-2.275326662E-2
3.914851750E0,7.371044718E-3,-5.085561424E-4,-1.942412928E-2
3.924890042E0,1.214848924E-2,-7.175512612E-3,-2.323484607E-2
3.934931042E0,1.471787877E-2,-9.203036316E-3,-2.270950936E-2
3.944971042E0,1.868412457E-2,-1.420578361E-2,-2.389781177E-2
3.955011042E0,1.973169856E-2,-8.057213388E-3,-1.911657490E-2
3.965052042E0,2.471394092E-2,-1.144422218E-2,-1.751202159E-2
3.975122042E0,2.872209437E-2,-1.151748002E-2,-1.103146654E-2
3.985163042E0,3.231602907E-2,-3.029186279E-3,-5.445220508E-3
3.995203042E0,4.020248353E-2,-1.631770283E-3,-2.744767698E-5
4.005243042E0,4.745959491E-2,-2.665610984E-3,4.860784858E-3
4.015284042E0,4.941163212E-2,3.758663312E-3,1.173882931E-2
4.025324042E0,5.052989721E-2,5.654834211E-3,1.746835373E-2
4.035364042E0,5.129103735E-2,2.065017819E-3,2.072947100E-2
4.045435042E0,4.941856861E-2,1.210941002E-3,2.430529706E-2
4.055475042E0,5.087184906E-2,-1.894719899E-4,2.628661320E-2
4.065515042E0,5.252140760E-2,-3.177006729E-3,2.609220147E-2
4.075556042E0,5.466394871E-2,-6.073978730E-3,2.833378129E-2
4.085596042E0,5.927680433E-2,-7.958165370E-3,3.215542063E-2
4.095636042E0,6.199679524E-2,-1.441124827E-3,3.617904708E-2
4.105707042E0,6.286312640E-2,3.543781117E-3,4.505908862E-2
4.115747042E0,6.717162579E-2,1.188368537E-2,5.127412826E-2
4.125788042E0,7.263296843E-2,1.712158881E-2,6.024072692E-2
4.135828042E0,7.548999786E-2,2.169273794E-2,6.509654969E-2
4.145868042E0,8.270130306E-2,1.940242201E-2,7.193768024E-2
4.155909042E0,8.828619123E-2,2.248072065E-2,7.649184763E-2
4.165949042E0,9.265217930E-2,2.192172222E-2,7.768893987E-2
4.176020042E0,9.631227702E-2,2.295360900E-2,7.852335274E-2
4.186060042E0,9.578070790E-2,2.443272807E-2,7.831509411E-2
4.196100042E0,9.886043519E-2,2.536836639E-2,7.865980268E-2
4.206140042E0,9.748864174E-2,2.585332841E-2,7.588585466E-2
4.216181042E0,9.912340343E-2,2.040707134E-2,7.278917730E-2
4.226221042E0,9.709087759E-2,1.813646220E-2,6.964984536E-2
4.236261042E0,9.751374274E-2,1.699805446E-2,6.838838756E-2
4.246332042E0,9.745302796E-2,2.218935452E-2,6.660779566E-2
4.256372042E0,9.033758938E-2,2.363491617E-2,6.746479869E-2
4.266413042E0,8.184716851E-2,3.256822377E-2,6.918653101E-2
4.276453042E0,7.295882702E-2,3.338187188E-2,6.826638430E-2
4.286493042E0,6.103532389E-2,3.807622567E-2,6.747862697E-2
4.296534042E0,5.552811921E-2,3.784979135E-2,6.822101772E-2
4.306604042E0,5.412782729E-2,3.448701650E-2,6.506890059E-2
4.316645042E0,5.774614215E-2,3.147250414E-2,5.998229608E-2
4.326685042E0,5.413728952E-2,2.927939408E-2,5.388099700E-2
4.336725042E0,5.031831563E-2,3.332021087E-2,4.623293132E-2
4.346765042E0,3.913011029E-2,3.416043520E-2,4.063469917E-2
4.356806042E0,2.504565194E-2,4.163636640E-2,3.852366656E-2
4.366846042E0,1.100946218E-2,4.436370730E-2,3.411906213E-2
4.376917042E0,-3.006929532E-3,4.330126196E-2,2.684841678E-2
4.386957042E0,-1.665749401E-2,4.002451152E-2,1.712335087E-2
4.396997042E0,-2.816605195E-2,2.672256902E-2,9.376479313E-3
4.407038042E0,-3.327506036E-2,2.050062642E-2,3.622985445E-3
4.417078042E0,-3.610877693E-2,1.172323339E-2,-2.252947539E-3
4.427118042E0,-3.792771325E-2,1.566524431E-2,-6.151815411E-3
4.437159042E0,-3.535138443E-2,2.319917083E-2,-6.263853051E-3
4.447229042E0,-3.477267921E-2,3.032525629E-2,-1.956189983E-3
4.457270042E0,-3.421324492E-2,3.728275001E-2,1.982235815E-3
4.467310042E0,-2.948480658E-2,4.227377474E-2,2.550554229E-3
4.477350042E0,-2.794078924E-2,3.844535351E-2,4.829217214E-3
4.487390042E0,-2.319157310E-2,3.338108584E-2,7.558957208E-3
4.497431042E0,-1.846481487E-2,3.829982504E-2,1.148824580E-2
4.507502042E0,-1.324608363E-2,4.081092030E-2,1.158065815E-2
4.517542042E0,-8.788444102E-3,4.459598660E-2,1.605068892E-2
4.527582042E0,-3.512818366E-4,4.485377669E-2,1.973277517E-2
4.537622042E0,7.066223770E-3,4.281539470E-2,2.198859863E-2
4.547663042E0,1.507621352E-2,4.073493183E-2,2.186369710E-2
4.557703042E0,2.807357535E-2,3.583707660E-2,1.787643135E-2
4.567743042E0,3.772460669E-2,3.284154832E-2,1.390645746E-2
4.577814042E0,4.597053677E-2,2.864531614E-2,6.543964148E-3
4.587854042E0,5.271153152E-2,2.961524017E-2,2.643232234E-3
4.597895042E0,6.008404493E-2,2.599919587E-2,-2.854320453E-3
4.607935042E0,6.018844247E-2,1.722913980E-2,-7.526570465E-3
4.617975042E0,5.836427212E-2,1.290457323E-2,-1.421637926E-2
4.628015042E0,5.741165578E-2,3.512404859E-3,-2.055097371E-2
4.638056042E0,5.387226492E-2,6.635542959E-4,-2.389840409E-2
4.648127042E0,4.500340298E-2,-3.084045835E-3,-2.341663837E-2
4.658167042E0,4.138572514E-2,-5.284562707E-3,-1.902670600E-2
4.668207042E0,3.592198342E-2,2.222089097E-3,-1.322713867E-2
4.678247042E0,3.703026101E-2,4.141662270E-3,-5.676667206E-3
4.688288042E0,3.631599993E-2,1.057825610E-2,-4.460667726E-3
4.698328042E0,4.015444592E-2,9.669866413E-3,-1.029984909E-3
4.708368042E0,4.432309419E-2,1.121822931E-2,-1.259016804E-3
4.718439042E0,4.488831386E-2,6.263436750E-3,-1.630670624E-3
4.728479042E0,4.621962458E-2,4.849564284E-3,-5.335393827E-3
4.738520042E0,4.517328367E-2,6.653750315E-3,-5.516037345E-3
4.748560042E0,4.285633564E-2,7.425975055E-4,-8.929943666E-3
4.758600042E0,4.482961074E-2,8.690264076E-4,-7.167159114E-3
4.768640042E0,4.555106163E-2,6.548749283E-3,-6.188713945E-3
4.778711042E0,4.350150377E-2,1.885350980E-2,4.789554514E-3
4.788752042E0,4.347008094E-2,2.227381058E-2,4.645477515E-3
4.798792042E0,4.253786057E-2,1.493267342E-2,9.899423458E-3
4.808832042E0,4.580422491E-2,1.796441525E-2,1.665719599E-2
4.818872042E0,3.337978199E-2,6.636882201E-3,5.111487582E-3
4.828913042E0,2.879941091E-2,7.232099771E-3,8.626860566E-3
4.838953042E0,3.011912107E-2,1.613309048E-2,1.651385427E-2
4.849024042E0,3.333275765E-2,2.327622287E-2,2.657048404E-2
4.859064042E0,3.839616105E-2,2.991645224E-2,3.071388416E-2
4.869104042E0,3.995677456E-2,3.584917635E-2,3.811534122E-2
4.879145042E0,3.436826169E-2,3.710731491E-2,4.529838637E-2
4.889185042E0,3.375414014E-2,4.504113644E-2,4.788538069E-2
4.899225042E0,2.753946930E-2,4.402766377E-2,4.998388514E-2
4.909265042E0,2.541267127E-2,4.720508307E-2,5.225529522E-2
4.919336042E0,1.494008489E-2,5.104993284E-2,5.102422088E-2
4.929363917E0,4.856025800E-3,4.871141165E-2,4.738608003E-2
4.939403917E0,-1.803573221E-3,4.236348718E-2,3.774504736E-2
4.949443917E0,-1.136432216E-2,3.600572050E-2,2.816885151E-2
4.959483917E0,-1.415363327E-2,2.754844911E-2,1.619841345E-2
4.969524917E0,-2.018702403E-2,2.230148949E-2,6.345516071E-3
4.979595917E0,-1.958422549E-2,1.374135725E-2,-4.828081001E-3
4.989635917E0,-1.898794062E-2,1.685219817E-2,-1.268973295E-2
4.999675917E0,-1.831641793E-2,1.889397390E-2,-1.668576710E-2
5.009715917E0,-1.810416579E-2,2.166446112E-2,-1.790815778E-2
5.019756917E0,-1.685713418E-2,2.521175705E-2,-2.105027623E-2
5.029796917E0,-3.109097481E-3,3.495011479E-3,5.821817555E-3
5.039836917E0,-1.815527119E-2,2.704835683E-2,-2.819318138E-2
5.049907917E0,-3.059436195E-2,9.375352412E-3,-3.015113808E-2
5.059947917E0,-3.228103369E-2,1.024819538E-2,-2.915996127E-2
5.069988917E0,-3.378359228E-2,9.815432131E-3,-3.120100684E-2
5.080028917E0,-3.103362955E-2,1.174778491E-2,-3.334511071E-2
5.090068917E0,-2.463751473E-2,1.387272030E-2,-3.581838682E-2
5.100108917E0,-2.428875491E-2,1.201260090E-2,-3.720939904E-2
5.110149917E0,-2.681769431E-2,8.066061884E-3,-4.174183309E-2
5.120220917E0,-2.878009528E-2,2.243183553E-3,-4.981793091E-2
5.130260917E0,-3.334528580E-2,-9.809751995E-3,-5.919199064E-2
5.140300917E0,-3.537147120E-2,-1.555213332E-2,-6.814856827E-2
5.150340917E0,-3.905781731E-2,-2.450674586E-2,-7.856978476E-2
5.160381917E0,-4.098935425E-2,-2.966437861E-2,-8.151743561E-2
5.170421917E0,-4.111532122E-2,-3.391931206E-2,-8.248655498E-2
5.180492917E0,-3.962790221E-2,-2.368700504E-2,-7.612967491E-2
5.190532917E0,-3.522756323E-2,-1.309028827E-2,-6.654947996E-2
5.200572917E0,-3.267008811E-2,-1.717310399E-3,-5.868621171E-2
5.210613917E0,-3.319100291E-2,5.403183401E-3,-5.073454231E-2
5.220653917E0,-3.686495870E-2,9.524885565E-3,-4.700261727E-2
5.230693917E0,-4.374496639E-2,4.472602159E-3,-4.629794508E-2
5.240733917E0,-4.694253951E-2,-8.120499551E-4,-4.938407987E-2
5.250804917E0,-4.525436461E-2,-3.970026039E-3,-5.199504271E-2
5.260845917E0,-3.904740512E-2,-1.710833982E-3,-5.032925308E-2
5.270885917E0,-3.498528153E-2,-3.824053332E-3,-4.869140685E-2
5.280925917E0,-3.082234226E-2,6.508035585E-3,-4.590019211E-2
5.290965917E0,-2.944335900E-2,4.573248327E-3,-4.187535867E-2
5.301006917E0,-3.299326822E-2,3.472957760E-3,-3.752141818E-2
5.311046917E0,-3.256423399E-2,-3.856328316E-3,-3.597731516E-2
5.321117917E0,-3.151118755E-2,-1.446338184E-2,-3.920629248E-2
5.331157917E0,-3.251866251E-2,-1.483302843E-2,-3.852798417E-2
5.341197917E0,-2.987582609E-2,-2.009848319E-2,-3.730820119E-2
5.351238917E0,-3.232194111E-2,-1.514899824E-2,-3.408630937E-2
5.361278917E0,-3.137378395E-2,-9.654668160E-3,-3.322289139E-2
5.371318917E0,-3.357009590E-2,-5.872447044E-3,-2.966783568E-2
5.381389917E0,-3.259827942E-2,-6.230320781E-3,-2.682747133E-2
5.391429917E0,-2.834414504E-2,-5.683840252E-3,-2.678859048E-2
5.401470917E0,-2.428904921E-2,-6.709706970E-3,-2.548482828E-2
5.411510917E0,-2.056621388E-2,-7.734225132E-3,-2.550506964E-2
5.421550917E0,-1.751417667E-2,-7.097927853E-3,-2.237841673E-2
5.431590917E0,-1.371704228E-2,-4.949822091E-3,-1.785583608E-2
5.441631917E0,-1.107105613E-2,1.750621945E-3,-1.274306234E-2
5.451701917E0,-9.237468243E-3,3.223350272E-3,-7.398897316E-3
5.461742917E0,-7.514303550E-3,9.279398248E-3,-6.503418088E-3
5.471782917E0,-7.150782272E-3,8.667137474E-3,-3.711626632E-3
5.481822917E0,-9.096372873E-3,9.849485010E-3,-2.546183765E-3
5.491863917E0,-9.480934590E-3,1.068411954E-2,-1.603424782E-3
5.501903917E0,-1.072889194E-2,4.744205624E-3,-4.263922572E-3
5.511943917E0,-1.243038476E-2,6.766077131E-3,-4.053000361E-3
5.522014917E0,-1.023920439E-2,5.926687270E-3,-3.270583227E-3
5.532054917E0,-8.769139647E-3,1.219017431E-3,-7.898486219E-4
5.542095917E0,-3.591816872E-3,1.054797322E-4,1.121539623E-3
5.552135917E0,2.292703837E-3,-2.304680645E-3,5.016146228E-3
5.562175917E0,9.784217924E-3,1.751255244E-3,9.298534133E-3
5.572215917E0,1.349453442E-2,3.593098372E-3,1.000746712E-2
5.582256917E0,1.662095636E-2,3.575187176E-3,1.478681434E-2
5.592326917E0,1.565103419E-2,4.863889888E-3,1.817435399E-2
5.602367917E0,1.036718488E-2,2.470575273E-3,1.843504049E-2
5.612407917E0,6.025698967E-3,-2.880247310E-3,2.283804491E-2
5.622447917E0,6.503442302E-3,-1.179709285E-2,2.549950406E-2
5.632488917E0,4.628843628E-3,-7.763735019E-3,2.600443922E-2
5.642528917E0,8.649474010E-3,8.152127266E-4,2.921268903E-2
5.652599917E0,1.063539274E-2,1.135999896E-2,3.337840736E-2
5.662639917E0,1.412968524E-2,1.290361769E-2,3.836541995E-2
5.672679917E0,1.499547902E-2,1.726880483E-2,3.633342683E-2
5.682720917E0,1.827867888E-2,2.476567775E-2,3.582059965E-2
5.692760917E0,1.752766594E-2,8.959818631E-3,3.522778302E-2
5.702800917E0,1.845188066E-2,-2.102311701E-4,3.141426295E-2
5.712840917E0,1.875867695E-2,1.163695008E-3,3.074181080E-2
5.722911917E0,1.872354001E-2,2.487441525E-3,3.084319830E-2
5.732951917E0,1.566383429E-2,9.987436235E-3,2.876380086E-2
5.742992917E0,1.522184815E-2,1.184208132E-2,2.915541083E-2
5.753032917E0,1.366736088E-2,1.273796894E-2,2.896819077E-2
5.763072917E0,9.930595756E-3,1.448488235E-2,2.539322339E-2
5.773113917E0,6.502041593E-3,8.872801438E-3,2.340011299E-2
5.783153917E0,6.197376177E-3,1.197431795E-2,2.330636978E-2
5.793224917E0,4.404003732E-3,7.354799658E-3,2.140700258E-2
5.803264917E0,4.739996046E-3,6.971551105E-3,2.108730190E-2
5.813304917E0,3.569004126E-3,9.855488315E-3,2.107744664E-2
5.823345917E0,5.215370096E-3,1.154260151E-2,1.821907610E-2
5.833385917E0,7.676663809E-3,1.014630683E-2,1.515484322E-2
5.843425917E0,5.373420194E-3,1.059325412E-2,1.209935918E-2
5.853496917E0,7.930055261E-3,1.013625599E-2,1.042662933E-2
5.863536917E0,5.306783132E-3,9.190237150E-3,8.583883755E-3
5.873576917E0,6.666593254E-3,1.159240864E-2,7.147108670E-3
5.883617917E0,5.787234753E-3,8.683819324E-3,6.527738646E-3
5.893657917E0,5.617325194E-3,8.059307933E-3,6.796984468E-3
5.903697917E0,4.876994528E-3,6.290495396E-3,6.521184463E-3
5.913738917E0,9.569483809E-3,3.890987486E-3,6.213056855E-3
5.923808917E0,8.417050354E-3,3.477536142E-3,7.320460863E-3
5.933833042E0,7.762711495E-3,3.371542320E-3,6.190481596E-3
5.943873042E0,6.866529584E-3,3.038862720E-3,4.956268240E-3
5.953913042E0,6.405004300E-3,5.026645958E-3,7.420491427E-3
5.963954042E0,1.406684518E-3,4.327015951E-3,8.349811658E-3
5.973994042E0,-4.666388035E-3,7.464751601E-3,9.547967464E-3
5.984034042E0,-9.347692132E-3,4.368294030E-3,1.195226982E-2
5.994105042E0,-1.410516351E-2,3.541117534E-3,1.490864437E-2
6.004145042E0,-1.548166759E-2,1.237175055E-2,1.861836389E-2
6.014185042E0,-1.759648509E-2,9.638549760E-3,2.154890634E-2
6.024226042E0,-1.882399060E-2,7.030174136E-3,2.205001563E-2
6.034266042E0,-1.281004027E-2,1.097724400E-2,2.497336641E-2
6.044306042E0,-1.041072793E-2,1.452587359E-2,2.583624981E-2
6.054377042E0,-8.214684203E-3,9.368130937E-3,2.618512325E-2
6.064417042E0,-6.820408627E-3,1.382084936E-2,2.332013845E-2
6.074458042E0,-5.716795102E-3,7.718481123E-3,2.528688312E-2
6.084498042E0,-8.795954287E-3,4.418399185E-3,2.138569765E-2
6.094538042E0,-9.266534820E-3,4.062600434E-3,2.451544441E-2
6.104579042E0,-9.333927184E-3,4.171358421E-3,2.406358905E-2
6.114619042E0,-1.234463044E-2,5.674447864E-3,2.222440951E-2
6.124690042E0,-1.331025176E-2,8.796153590E-3,2.406201325E-2
6.134730042E0,-1.362450607E-2,1.285747439E-2,2.123746462E-2
6.144770042E0,-1.430504024E-2,1.424576156E-2,2.068846300E-2
6.154810042E0,-1.483527385E-2,1.207501814E-2,1.909216493E-2
6.164851042E0,-1.418842189E-2,9.984917939E-3,1.865956374E-2
6.174891042E0,-1.218599081E-2,1.181211323E-2,1.928407513E-2
6.184931042E0,-1.144501567E-2,1.069370657E-2,1.967629790E-2
6.195002042E0,-1.230281964E-2,1.280559227E-2,1.997323893E-2
6.205042042E0,-8.121838793E-3,8.597394451E-3,2.211569063E-2
6.215083042E0,-4.749745131E-3,2.004952170E-2,2.157426998E-2
6.225123042E0,-5.193511024E-3,1.226683520E-2,2.457092144E-2
6.235163042E0,-3.628637642E-3,6.019249558E-4,2.016765065E-2
6.245204042E0,-2.270247787E-4,5.397306755E-3,2.117840387E-2
6.255244042E0,3.073696978E-3,9.106557816E-3,1.852136850E-2
6.265315042E0,4.318275489E-3,8.867792785E-3,1.693565957E-2
6.275355042E0,6.389948539E-3,1.205852628E-2,1.407915354E-2
6.285395042E0,7.691422477E-3,1.593007147E-2,1.241635811E-2
6.295435042E0,6.402985193E-3,9.924644604E-3,1.190476492E-2
6.305476042E0,4.331017844E-3,9.567456320E-3,1.166124735E-2
6.315516042E0,6.252222694E-3,1.155151054E-2,1.098267455E-2
6.325587042E0,6.137423217E-3,1.122298650E-2,1.086903829E-2
6.335627042E0,5.966980942E-3,1.262167841E-2,1.338412799E-2
6.345667042E0,7.779951207E-3,9.318420663E-3,1.538928505E-2
6.355708042E0,6.971149705E-3,1.190648042E-2,1.763273217E-2
6.365748042E0,7.535277866E-3,1.068591326E-2,1.781810820E-2
6.375788042E0,6.596246734E-3,9.523443878E-3,2.078779973E-2
6.385829042E0,4.042021930E-3,1.478548162E-2,2.039170638E-2
6.395899042E0,6.116624922E-3,1.032388769E-2,2.170757391E-2
6.405940042E0,9.660003707E-3,7.651312277E-3,2.312722057E-2
6.415980042E0,1.050955243E-2,1.433558017E-2,2.431792021E-2
6.426020042E0,1.278757676E-2,1.922257431E-2,2.570258081E-2
6.436060042E0,1.093188673E-2,1.472982205E-2,2.309294976E-2
6.446101042E0,1.475381479E-2,1.110425033E-2,2.298439480E-2
6.456141042E0,1.111114305E-2,9.151354432E-3,2.027675882E-2
6.466212042E0,1.329657808E-2,6.442828104E-3,1.958638616E-2
6.476252042E0,8.972935379E-3,4.198314622E-3,1.628406718E-2
6.486292042E0,6.422551349E-3,4.739575088E-4,1.567123272E-2
6.496333042E0,2.349246293E-3,-1.758838072E-3,1.604913548E-2
6.506373042E0,8.439030498E-4,7.288115099E-3,1.416818518E-2
6.516413042E0,1.368013211E-3,9.091075510E-3,1.254152600E-2
6.526484042E0,2.981551923E-3,5.345907062E-3,1.014945470E-2
6.536524042E0,1.148497686E-3,4.132837057E-3,7.829841226E-3
6.546565042E0,2.015960403E-3,2.877920866E-3,5.840746686E-3
6.556605042E0,-1.455204561E-3,2.278443426E-3,6.223975681E-3
6.566645042E0,-1.979650930E-3,1.902174205E-3,3.083555494E-3
6.576685042E0,-3.465961665E-3,-8.992049843E-4,2.732550725E-3
6.586726042E0,-5.810609087E-3,-3.542925231E-3,2.156242728E-3
6.596797042E0,-5.398618057E-3,-3.651581705E-3,-4.818846355E-4
6.606837042E0,-4.567584023E-3,-4.458486103E-3,-4.900214262E-3
6.616877042E0,-4.943355918E-3,-1.848801784E-2,-3.784349654E-3
6.626917042E0,-1.454615965E-3,-1.596387476E-3,-8.751410991E-3
6.636958042E0,4.202471115E-3,-3.756742924E-3,-1.454964560E-2
6.646998042E0,6.640045904E-3,2.927673981E-3,-1.317100786E-2
6.657038042E0,5.104999989E-3,3.106106073E-3,-1.356329210E-2
6.667109042E0,7.365185767E-3,8.165093139E-3,-1.038056705E-2
6.677149042E0,8.352952078E-3,1.507413387E-2,-6.221508607E-3
6.687190042E0,9.360145777E-3,1.985248178E-2,-3.479231964E-6
6.697230042E0,5.520400591E-3,1.999735832E-2,4.689543508E-3
6.707270042E0,3.520912491E-3,1.972161606E-2,5.699865520E-3
6.717310042E0,2.588805743E-3,1.010281034E-2,7.707622834E-3
6.727381042E0,-3.889560699E-3,-5.826136097E-3,8.242671378E-3
6.737422042E0,-5.046438426E-3,-1.701433212E-3,9.630710818E-3
6.747462042E0,-3.074798733E-3,1.483011618E-2,6.666630972E-3
6.757502042E0,-7.874090225E-4,1.605996117E-2,4.095082637E-3
6.767542042E0,2.699523233E-3,2.591456659E-2,5.305164494E-3
6.777583042E0,-3.388784826E-4,1.810458116E-2,3.117111046E-3
6.787623042E0,-5.068080500E-3,-3.745901398E-3,4.364022054E-3
6.797694042E0,-1.096085645E-2,-2.275501192E-2,9.022690356E-3
6.807734042E0,-1.149265841E-2,-1.741430163E-2,1.571166911E-3
6.817774042E0,-1.401360705E-2,-4.813289270E-3,5.032392801E-4
6.827815042E0,-8.584167808E-3,1.363960467E-2,-3.749359399E-3
6.837855042E0,-5.989184603E-3,1.631144434E-3,-6.584294606E-3
6.847895042E0,-6.551345810E-3,-1.207241416E-2,-4.409821238E-3
6.857935042E0,-4.605639726E-3,-5.118101835E-3,-4.348568618E-3
6.868006042E0,-2.437071875E-3,1.571325585E-3,-1.496242592E-3
6.878047042E0,7.928088307E-4,1.368418336E-2,1.615128480E-3
6.888087042E0,-1.838166267E-3,-7.642582059E-4,7.608299144E-3
6.898127042E0,-3.513295203E-3,3.031361848E-4,8.344663307E-3
6.908167042E0,3.005340695E-4,2.730784938E-3,9.858719073E-3
6.918208042E0,3.705918789E-3,3.124134615E-3,7.915144786E-3
6.928225167E0,6.988037378E-3,2.347202972E-3,6.487072445E-3
6.938296167E0,4.985339940E-3,4.874009639E-3,5.737925414E-3
6.948336167E0,4.104580730E-3,-3.330193460E-3,8.172221482E-3
6.958376167E0,4.680089653E-3,7.843099535E-3,9.062515572E-3
6.968417167E0,6.154415198E-3,1.531646214E-2,8.716039360E-3
6.978457167E0,6.877996959E-3,2.158021741E-2,1.112966053E-2
6.988497167E0,6.483790465E-3,2.112794295E-2,1.591765694E-2
6.998568167E0,6.027325056E-3,1.899448410E-2,1.793713123E-2
7.008608167E0,4.328761250E-3,1.075359806E-2,2.058671042E-2
7.018649167E0,1.864803955E-3,5.418220535E-3,2.034036815E-2
7.028689167E0,-2.636918798E-3,3.110716119E-3,1.946998574E-2
7.038729167E0,-5.866002291E-3,1.084879786E-2,2.097387239E-2
7.048769167E0,-7.028808817E-3,1.680176333E-2,2.150238305E-2
7.058810167E0,-1.121210307E-2,-8.374191821E-4,2.179400064E-2
7.068880167E0,-1.315194927E-2,-3.529307432E-3,1.917115785E-2
7.078921167E0,-9.339634329E-3,1.174285635E-2,1.697085425E-2
7.088961167E0,-6.840523332E-3,1.193004288E-2,1.420132816E-2
7.099001167E0,-6.206691265E-3,7.997618988E-3,1.098529436E-2
7.109042167E0,-5.693189800E-3,1.158565283E-3,9.319510311E-3
7.119082167E0,-7.079098374E-3,-3.875342198E-3,7.004691288E-3
7.129122167E0,-5.255606025E-3,-3.341057338E-3,4.141629208E-3
7.139193167E0,-4.324831069E-3,-4.792747088E-3,3.449739888E-3
7.149233167E0,-4.250386730E-3,-8.647215553E-3,3.288925858E-3
7.159274167E0,-6.249887869E-3,-6.116147153E-3,4.998675082E-3
7.169314167E0,-5.755130202E-3,4.456799477E-3,2.245397773E-3
7.179354167E0,-6.998294964E-3,4.861598834E-3,2.340472536E-3
7.189394167E0,-7.692566141E-3,4.570944235E-3,1.874071197E-3
7.199465167E0,-6.840087473E-3,5.512105301E-3,-5.526011810E-4
7.209505167E0,-6.254136562E-3,3.498289734E-3,-6.353231147E-4
7.219546167E0,-8.115420118E-3,6.661592051E-3,-7.924496313E-4
7.229586167E0,-9.905315936E-3,3.546126187E-3,-2.613069024E-3
7.239626167E0,-1.081984490E-2,2.467546612E-3,-2.075110562E-3
7.249667167E0,-1.085279696E-2,1.663766801E-3,-3.045013407E-3
7.259707167E0,-1.175321266E-2,2.145266160E-3,-4.318803549E-3
7.269778167E0,-1.306630671E-2,3.335608169E-3,-3.921950702E-3
7.279818167E0,-1.006439142E-2,1.924665645E-3,-2.653753385E-3
7.289858167E0,-8.660651743E-3,-3.684740514E-4,-5.016960669E-3
7.299899167E0,-3.392387182E-3,-1.844663173E-3,-5.828958470E-3
7.309939167E0,-2.649085596E-3,-1.646634191E-3,-6.181110162E-3
7.319979167E0,-1.338545233E-3,-4.643755034E-3,-5.776575767E-3
7.330019167E0,1.700837165E-3,-3.137325868E-3,-4.714712501E-3
7.340090167E0,-1.415368170E-4,-4.061975516E-3,-4.244664684E-3
7.350130167E0,4.001107998E-3,-2.698823810E-4,-1.943037496E-3
7.360171167E0,3.688719124E-3,2.763191238E-3,-1.977924956E-3
7.370211167E0,2.986500040E-3,2.325965092E-3,4.400613252E-4
7.380251167E0,2.428035252E-3,4.128925502E-3,1.748738578E-3
7.390292167E0,3.381517716E-3,-1.307416707E-3,1.218788326E-3
7.400362167E0,-3.734715283E-3,-7.381554693E-3,3.461436369E-3
7.410403167E0,-7.431479171E-3,-6.448131986E-3,3.632945009E-3
7.420443167E0,-8.668251336E-3,-7.750949822E-3,5.436970387E-3
7.430483167E0,-8.057713509E-3,-8.397105150E-3,7.461812813E-3
7.440524167E0,-1.093951985E-2,-3.859344870E-3,7.586448453E-3
7.450564167E0,-1.175956428E-2,-7.581617683E-4,8.785833605E-3
7.460604167E0,-1.077046618E-2,4.833411425E-3,1.115444954E-2
7.470675167E0,-7.246755064E-3,7.455913350E-3,1.403874997E-2
7.480715167E0,-7.580183446E-3,1.033558883E-2,1.693041064E-2
7.490755167E0,-3.098893911E-3,8.277103305E-3,1.996234246E-2
7.500796167E0,2.899344079E-3,6.138851866E-3,2.449530922E-2
7.510836167E0,1.105171628E-3,5.780123174E-3,2.407080121E-2
7.520876167E0,1.293905079E-4,9.143430740E-3,1.945660822E-2
7.530917167E0,-1.648016274E-3,2.541811764E-2,1.905881427E-2
7.540987167E0,-1.856276765E-3,4.522031546E-2,1.707369462E-2
7.551028167E0,2.397559583E-4,7.083334029E-2,1.965159178E-2
7.561068167E0,3.953534178E-3,8.171768486E-2,2.114269696E-2
7.571108167E0,2.319449559E-2,8.579985797E-2,2.339915186E-2
7.581149167E0,5.301657319E-2,7.583643496E-2,2.171816491E-2
7.591189167E0,6.627188623E-2,4.757582769E-2,2.080840617E-2
7.601229167E0,6.555975229E-2,2.122065052E-2,1.800036989E-2
7.611300167E0,5.456627905E-2,-9.952603839E-3,1.420397498E-2
7.621340167E0,3.818091750E-2,-1.824302413E-2,6.125541404E-3
7.631380167E0,2.549475431E-2,-5.093434826E-3,5.727685522E-3
7.641421167E0,1.851327717E-2,1.261498779E-2,1.264524646E-2
7.651461167E0,2.461160347E-2,4.151038080E-2,3.027119115E-2
7.661501167E0,6.913486123E-2,4.626572132E-2,1.180788130E-1
7.671572167E0,1.089661792E-1,1.315418482E-1,1.449642926E-1
7.681612167E0,1.309718788E-1,1.694817841E-1,1.410795450E-1
7.691653167E0,1.296448261E-1,1.959973276E-1,8.726515621E-2
7.701693167E0,1.312451065E-1,1.905548871E-1,7.572115213E-2
7.711733167E0,1.159594432E-1,1.340092272E-1,6.272456795E-2
7.721774167E0,9.710372984E-2,4.770098254E-2,3.400504589E-2
7.731814167E0,8.452045918E-2,-9.118602611E-3,7.151573896E-3
7.741885167E0,8.358462900E-2,-4.528352991E-2,-1.545386948E-2
7.751925167E0,1.059854105E-1,-5.299841613E-2,-3.013362177E-2
7.761965167E0,1.275479496E-1,-3.528972343E-2,-2.749709226E-2
7.772005167E0,1.538442224E-1,-4.240104929E-3,-2.362477407E-2
7.782046167E0,1.774148047E-1,2.955434471E-2,-1.219182462E-2
7.792086167E0,1.822634339E-1,5.317297950E-2,8.034556173E-3
7.802126167E0,1.805720627E-1,6.518943608E-2,2.038576454E-2
7.812197167E0,1.664448380E-1,6.015212834E-2,3.655205294E-2
7.822237167E0,1.422718763E-1,4.378407449E-2,5.499923602E-2
7.832278167E0,1.432310194E-1,1.527560502E-2,1.181835905E-1
7.842318167E0,1.359065324E-1,2.898316085E-2,1.399810314E-1
7.852358167E0,1.320985407E-1,8.481143042E-3,1.271327138E-1
7.862399167E0,1.240342185E-1,-1.059321500E-2,9.919029474E-2
7.872469167E0,1.117538363E-1,9.195772931E-3,6.498234719E-2
7.882510167E0,1.016905531E-1,1.135449857E-3,1.497430354E-2
7.892550167E0,9.485912323E-2,7.480081171E-3,2.126952447E-2
7.902590167E0,7.742553949E-2,1.739371568E-3,2.785232663E-2
7.912630167E0,5.797220021E-2,-1.947420463E-2,2.972274646E-2
7.922671167E0,4.297833517E-2,-2.439386025E-2,3.903955221E-2
7.932697000E0,2.978439070E-2,-2.452240698E-2,5.211962387E-2
7.942768000E0,9.991778061E-3,-2.358790487E-2,6.199702248E-2
7.952808000E0,-1.327609271E-2,-1.909943111E-2,6.803774834E-2
7.962848000E0,-3.144258261E-2,-1.437391806E-2,7.151024044E-2
7.972889000E0,-4.584322125E-2,-1.667278446E-2,6.612254679E-2
7.982929000E0,-5.442445725E-2,-1.644348726E-2,5.849338695E-2
7.992969000E0,-6.297297776E-2,-1.212406065E-2,5.375986546E-2
8.003010000E0,-7.197845727E-2,-1.871325448E-2,4.371841624E-2
8.013080000E0,-8.497820795E-2,-1.978550851E-2,3.704975545E-2
8.023121000E0,-9.883277118E-2,-1.696575433E-2,2.689885348E-2
8.033161000E0,-1.114322096E-1,-2.144231461E-2,1.506952196E-2
8.043201000E0,-1.228382587E-1,-2.222235315E-2,8.855035529E-3
8.053241000E0,-1.191931441E-1,-1.694219559E-2,4.949158523E-3
8.063282000E0,-1.059023812E-1,-7.376919501E-3,-1.000076998E-3
8.073353000E0,-9.804964066E-2,1.179762185E-4,-8.718037978E-3
8.083393000E0,-9.235607088E-2,-1.618482918E-2,-1.825961098E-2
8.093433000E0,-9.096448123E-2,-4.937541112E-2,-2.864120714E-2
8.103473000E0,-8.855032921E-2,-8.235892653E-2,-3.463385254E-2
8.113514000E0,-8.674819767E-2,-1.045430675E-1,-2.859700099E-2
8.123554000E0,-8.079124242E-2,-1.086536571E-1,-1.201509591E-2
8.133594000E0,-6.754665822E-2,-8.525706828E-2,1.045590267E-2
8.143665000E0,-5.682637542E-2,-4.303983599E-2,3.623716533E-2
8.153705000E0,-4.310694337E-2,-5.438047461E-3,5.119583383E-2
8.163746000E0,-4.084219411E-2,1.892428286E-2,5.371624976E-2
8.173786000E0,-5.283238739E-2,1.210960746E-2,3.973621130E-2
8.183826000E0,-6.524857879E-2,-1.388976909E-2,7.011819631E-3
8.193866000E0,-7.557699084E-2,-6.091845781E-2,-3.135478497E-2
8.203907000E0,-7.706995308E-2,-1.166919768E-1,-7.455818355E-2
8.213978000E0,-6.710767746E-2,-1.618998945E-1,-1.094903573E-1
8.224018000E0,-5.309492350E-2,-1.938911229E-1,-1.332278997E-1
8.234058000E0,-3.506731242E-2,-1.940384805E-1,-1.396673769E-1
8.244098000E0,-1.902922057E-2,-1.809961796E-1,-1.264525056E-1
8.254139000E0,-1.492219232E-2,-1.422059238E-1,-9.838638455E-2
8.264179000E0,-1.604364999E-2,-9.299869090E-2,-5.973485857E-2
8.274219000E0,-2.446421422E-2,-4.440412670E-2,-1.959362999E-2
8.284290000E0,-3.477650881E-2,1.376943663E-3,1.293741539E-2
8.294330000E0,-4.405076802E-2,3.217963874E-2,3.233718872E-2
8.304371000E0,-5.263094231E-2,5.041323602E-2,4.212590307E-2
8.314411000E0,-5.944389850E-2,4.635397717E-2,3.606977314E-2
8.324451000E0,-6.373691559E-2,3.527149931E-2,2.498064004E-2
8.334491000E0,-6.838334352E-2,1.373887621E-2,1.378106512E-2
8.344562000E0,-6.816630065E-2,-6.003668532E-3,2.660236321E-3
8.354603000E0,-6.421995163E-2,-1.897356287E-2,-7.874721196E-4
8.364643000E0,-5.909336731E-2,-2.111580968E-2,-3.381923772E-3
8.374683000E0,-5.298688263E-2,-2.278660424E-2,8.394114557E-4
8.384723000E0,-4.518409073E-2,-2.734274045E-2,3.669286380E-3
8.394764000E0,-3.946221620E-2,-2.649429627E-2,-1.408764510E-4
8.404804000E0,-3.933571279E-2,-2.495578863E-2,-5.654418841E-3
8.414875000E0,-4.136808217E-2,-2.188507840E-2,-1.395047363E-2
8.424915000E0,-4.454416782E-2,-1.469560899E-2,-2.104007453E-2
8.434955000E0,-4.472177476E-2,-4.570743069E-3,-2.619025856E-2
8.444996000E0,-4.725337774E-2,9.287016466E-3,-2.534204163E-2
8.455036000E0,-4.386372864E-2,2.473062463E-2,-2.005204186E-2
8.465076000E0,-4.069350660E-2,3.555078059E-2,-1.098317932E-2
8.475116000E0,-3.779045120E-2,3.374855593E-2,-4.441226833E-3
8.485187000E0,-3.386654705E-2,2.042263001E-2,-3.169300966E-3
8.495228000E0,-3.508485854E-2,2.294620499E-3,-1.005336735E-2
8.505268000E0,-3.653362393E-2,-2.204720490E-2,-1.759757102E-2
8.515308000E0,-4.205316305E-2,-4.179424793E-2,-3.161233291E-2
8.525348000E0,-4.686682671E-2,-4.624944925E-2,-4.242956266E-2
8.535389000E0,-5.366487801E-2,-4.982949793E-2,-5.041986331E-2
8.545459000E0,-5.476982147E-2,-3.738827631E-2,-5.309421197E-2
8.555500000E0,-5.310441554E-2,-2.522298507E-2,-5.217101425E-2
8.565540000E0,-4.671709239E-2,-1.710220799E-2,-4.723244905E-2
8.575580000E0,-3.543578088E-2,-9.604528546E-3,-4.417464510E-2
8.585621000E0,-2.488566749E-2,-8.872692473E-3,-3.706560284E-2
8.595661000E0,-1.426398754E-2,-7.104047574E-3,-3.465360403E-2
8.605701000E0,-8.553905413E-3,-1.266126521E-2,-2.663349174E-2
8.615772000E0,-4.571018741E-3,-1.035201270E-2,-1.865187474E-2
8.625812000E0,1.993141137E-3,-7.667013444E-3,-1.079395134E-2
8.635853000E0,1.435912121E-2,-6.082262844E-4,-3.820239101E-3
8.645893000E0,3.165794909E-2,1.923658699E-2,6.745319813E-3
8.655933000E0,4.604645073E-2,3.642909229E-2,2.070071362E-2
8.665973000E0,5.705808848E-2,4.535654187E-2,3.465062007E-2
8.676014000E0,6.810285896E-2,5.723176152E-2,4.416666925E-2
8.686084000E0,8.039148152E-2,6.538449228E-2,4.838538170E-2
8.696125000E0,9.567194432E-2,8.624605834E-2,5.347256735E-2
8.706165000E0,1.195027083E-1,1.065300256E-1,5.854429305E-2
8.716205000E0,1.508380175E-1,1.328455210E-1,6.728399545E-2
8.726246000E0,1.913534850E-1,1.673566401E-1,7.815368474E-2
8.736286000E0,2.313975096E-1,1.959271580E-1,8.778239787E-2
8.746326000E0,2.602344751E-1,2.118952125E-1,9.609226137E-2
8.756397000E0,2.697513998E-1,2.023218572E-1,9.650056809E-2
8.766437000E0,2.524349988E-1,1.704808474E-1,9.269784391E-2
8.776478000E0,2.192031145E-1,1.347532421E-1,8.667628467E-2
8.786518000E0,1.836557686E-1,1.313358694E-1,9.132830054E-2
8.796558000E0,1.514108032E-1,1.577652842E-1,1.079222113E-1
8.806598000E0,1.338059753E-1,2.110463530E-1,1.275313348E-1
8.816669000E0,1.383116096E-1,2.678672969E-1,1.395020932E-1
8.826709000E0,1.475554407E-1,2.917183042E-1,1.470068842E-1
8.836750000E0,1.514177620E-1,2.597810924E-1,1.839315146E-1
8.846790000E0,1.670086980E-1,2.062031031E-1,2.178665698E-1
8.856830000E0,1.680009961E-1,1.388709247E-1,1.969261318E-1
8.866871000E0,1.714668274E-1,1.107229069E-1,1.651703417E-1
8.876911000E0,1.698915958E-1,1.231799424E-1,1.204676628E-1
8.886982000E0,1.536622941E-1,1.461976469E-1,4.710583389E-2
8.897022000E0,1.418517381E-1,1.898037791E-1,5.676389113E-2
8.907062000E0,1.226399541E-1,1.917010099E-1,5.859108642E-2
8.917103000E0,1.061509997E-1,1.691767871E-1,5.245383084E-2
8.927143000E0,8.958134055E-2,1.367951483E-1,4.027732462E-2
8.937168042E0,7.861328125E-2,1.082718819E-1,4.043166712E-2
8.947208042E0,8.320856094E-2,1.064223051E-1,4.258083925E-2
8.957279042E0,9.529370815E-2,1.061276123E-1,3.036952578E-2
8.967319042E0,1.126511246E-1,1.105370000E-1,-1.248952467E-2
8.977360042E0,8.473777771E-2,7.506471872E-2,2.401364595E-2
8.987400042E0,7.721541077E-2,6.638014317E-2,1.558021177E-2
8.997440042E0,8.975760639E-2,5.188425630E-2,9.643539786E-2
9.007481042E0,9.339788556E-2,3.612686694E-2,1.397509128E-1
9.017551042E0,6.764613092E-2,4.787459970E-3,1.050345451E-1
9.027592042E0,3.693509102E-2,3.602353856E-3,-1.253070030E-2
9.037632042E0,1.717464067E-2,3.180714324E-3,-3.642468527E-2
9.047672042E0,-2.741277218E-3,-9.102317505E-3,-4.315209761E-2
9.057713042E0,-2.700285614E-2,-2.113755234E-2,-4.952510446E-2
9.067753042E0,-4.802878201E-2,-4.386896268E-2,-5.991169810E-2
9.077793042E0,-6.789094210E-2,-6.708130240E-2,-6.802663952E-2
9.087864042E0,-8.358547837E-2,-8.797833323E-2,-7.496950030E-2
9.097904042E0,-9.074509889E-2,-1.057250351E-1,-7.700591534E-2
9.107944042E0,-1.058172584E-1,-1.108241975E-1,-7.839768380E-2
9.117985042E0,-1.282390058E-1,-1.129850447E-1,-7.617769390E-2
9.128025042E0,-1.450424939E-1,-1.187718213E-1,-7.391906530E-2
9.138065042E0,-1.550455093E-1,-1.338711828E-1,-7.609884441E-2
9.148106042E0,-1.540668011E-1,-1.480860859E-1,-9.330179542E-2
9.158176042E0,-1.415692270E-1,-1.548878103E-1,-1.199471131E-1
9.168217042E0,-1.282773912E-1,-1.666701585E-1,-1.518286169E-1
9.178257042E0,-1.209970862E-1,-1.910144985E-1,-1.853972971E-1
9.188297042E0,-1.118965298E-1,-2.240020037E-1,-1.998518705E-1
9.198338042E0,-1.005303264E-1,-2.601206899E-1,-1.962310076E-1
9.208378042E0,-9.322394431E-2,-2.676952481E-1,-1.770096421E-1
9.218449042E0,-7.756198943E-2,-2.374297678E-1,-1.534439772E-1
9.228489042E0,-6.031695008E-2,-1.963542402E-1,-1.256176680E-1
9.238529042E0,-3.407125920E-2,-1.373764575E-1,-9.905008972E-2
9.248569042E0,-4.641467705E-3,-8.587545156E-2,-7.462251186E-2
9.258610042E0,1.406370383E-2,-6.000280380E-2,-5.067671463E-2
9.268650042E0,2.065316401E-2,-5.915751308E-2,-3.739153594E-2
9.278690042E0,1.859273575E-2,-7.480538636E-2,-3.543933854E-2
9.288761042E0,1.191379316E-2,-9.628698230E-2,-4.044235125E-2
9.298801042E0,4.202454351E-3,-1.254318953E-1,-4.918520153E-2
9.308842042E0,-4.528187215E-3,-1.461683363E-1,-5.765618384E-2
9.318882042E0,-1.125284843E-2,-1.544996500E-1,-5.944509059E-2
9.328922042E0,-2.101333439E-2,-1.522261053E-1,-5.748367310E-2
9.338963042E0,-2.828050964E-2,-1.349924654E-1,-5.218946934E-2
9.349003042E0,-2.736384980E-2,-1.060910374E-1,-4.379758239E-2
9.359074042E0,-2.911289036E-2,-8.456915617E-2,-3.700789809E-2
9.369114042E0,-2.798424289E-2,-6.281858683E-2,-2.928046882E-2
9.379154042E0,-2.708756737E-2,-3.662735969E-2,-1.932149567E-2
9.389194042E0,-3.111479990E-2,-2.057755180E-2,-1.451741811E-2
9.399235042E0,-3.407409415E-2,-8.013656363E-3,-1.154088695E-2
9.409275042E0,-3.721262887E-2,-1.920077950E-3,-1.015870646E-2
9.419315042E0,-3.598447889E-2,6.626252085E-3,-6.504172459E-3
9.429386042E0,-3.426168114E-2,-1.895863563E-3,-9.905828163E-3
9.439426042E0,-3.168997169E-2,-5.170400254E-3,-9.323169477E-3
9.449467042E0,-2.396227792E-2,-8.126242086E-3,-7.311151363E-3
9.459507042E0,-1.416999102E-2,-4.032784142E-3,-2.733669477E-3
9.469547042E0,-8.589604869E-3,-7.360937074E-3,1.286638435E-3
9.479588042E0,-3.339378163E-3,-6.121809594E-3,7.940568030E-3
9.489658042E0,-5.923176184E-3,6.498644128E-3,1.467330568E-2
9.499699042E0,-7.523346692E-3,1.378513314E-2,1.933805645E-2
9.509739042E0,-1.395834237E-2,2.722850628E-2,2.344944514E-2
9.519779042E0,-1.550671458E-2,3.543061018E-2,2.377389930E-2
9.529819042E0,-1.703936607E-2,3.653315827E-2,2.098051086E-2
9.539860042E0,-1.093699783E-2,2.901052684E-2,1.558095030E-2
9.549900042E0,-5.290830508E-3,1.801726222E-2,1.297744457E-2
9.559971042E0,5.410678685E-3,2.254845574E-3,1.172241941E-2
9.570011042E0,9.192101657E-3,-6.973006763E-3,1.119777653E-2
9.580051042E0,1.521722693E-2,-7.819836959E-3,8.655888028E-3
9.590092042E0,1.985778473E-2,-2.413352951E-3,9.163486771E-3
9.600132042E0,3.031306714E-2,9.770540521E-3,1.177461632E-2
9.610172042E0,3.837551922E-2,1.543082297E-2,1.489903685E-2
9.620213042E0,4.484972358E-2,2.396897972E-2,1.776816510E-2
9.630283042E0,5.068550631E-2,2.482651919E-2,1.872077771E-2
9.640324042E0,5.500049889E-2,1.604126394E-2,2.192842960E-2
9.650364042E0,5.862586200E-2,1.291444525E-2,2.419051901E-2
9.660404042E0,6.039429456E-2,3.883158788E-3,2.577175759E-2
9.670444042E0,6.146222353E-2,2.815496176E-3,2.622636035E-2
9.680485042E0,6.188527867E-2,-2.833955921E-3,2.365778573E-2
9.690556042E0,6.351353228E-2,-2.685617656E-3,2.262101695E-2
9.700596042E0,6.380075216E-2,1.364238560E-3,2.107013017E-2
9.710636042E0,6.374296546E-2,1.268098131E-3,2.078304067E-2
9.720676042E0,6.426814198E-2,7.441570982E-3,2.082644962E-2
9.730717042E0,6.412086636E-2,1.635614783E-3,2.113484405E-2
9.740757042E0,5.980769545E-2,1.904448494E-3,2.225863934E-2
9.750797042E0,5.477085710E-2,-2.296421677E-3,2.124450728E-2
9.760868042E0,5.075915903E-2,-5.493423901E-3,2.066787146E-2
9.770908042E0,4.332760721E-2,-9.206136689E-3,2.057173103E-2
9.780949042E0,3.672098368E-2,-7.822708227E-3,2.339046635E-2
9.790989042E0,3.545571491E-2,-7.519107312E-3,2.264824323E-2
9.801029042E0,3.108004481E-2,-4.154491238E-3,2.461113594E-2
9.811069042E0,2.220639214E-2,-3.719329834E-3,2.419781312E-2
9.821110042E0,1.755375229E-2,-3.105492331E-3,2.682223544E-2
9.831181042E0,1.350335032E-2,2.616308630E-3,2.553166822E-2
9.841221042E0,6.220657378E-3,-2.432137728E-3,2.522415482E-2
9.851261042E0,3.263750114E-3,-1.761820167E-3,2.239694260E-2
9.861301042E0,-1.820258796E-3,3.654245287E-3,2.219826914E-2
9.871342042E0,-5.153471604E-3,7.174145430E-3,1.586687006E-2
9.881382042E0,-7.273819298E-3,6.759017706E-3,1.239847299E-2
9.891453042E0,-1.101156697E-2,1.716854051E-3,8.708131500E-3
9.901493042E0,-1.271320693E-2,-3.613885492E-4,5.680072121E-3
9.911533042E0,-1.951359026E-2,-3.744135611E-3,4.837121232E-4
9.921574042E0,-2.298361436E-2,-4.968968220E-3,-1.971699530E-3
9.931621667E0,-2.605796605E-2,-5.112246610E-3,-4.360554740E-3
9.941661667E0,-2.875159867E-2,-6.024296395E-3,-5.480187014E-3
9.951701667E0,-2.811536752E-2,-1.084664837E-3,-7.426691707E-3
9.961772667E0,-2.875843458E-2,2.358518541E-4,-1.118207537E-2
9.971813667E0,-2.674721740E-2,8.822008967E-4,-1.236531790E-2
9.981853667E0,-2.322162688E-2,7.494315505E-3,-1.392634120E-2
9.991893667E0,-2.280484140E-2,3.897717223E-3,-1.391355786E-2
1.000193367E1,-2.030169219E-2,2.227248624E-3,-1.292719040E-2
1.001197467E1,-1.919834688E-2,-1.952050254E-3,-1.317992434E-2
1.002201467E1,-1.775814034E-2,-8.364189416E-4,-1.206087880E-2
1.003208567E1,-1.486328430E-2,-3.896923736E-3,-1.355517842E-2
1.004212567E1,-1.054408401E-2,-7.543202490E-3,-1.151632518E-2
1.005216567E1,-7.736314088E-3,-4.292814992E-3,-1.044599991E-2
1.006220667E1,-4.741590470E-3,-2.454433590E-3,-9.139719419E-3
1.007224667E1,-2.881105989E-3,-1.724196598E-3,-9.774085134E-3
1.008228667E1,1.847772859E-3,-9.194090962E-4,-3.672904801E-3
1.009232667E1,4.009993747E-3,-3.359131515E-3,-3.720308887E-3
1.010239767E1,4.162689671E-3,1.056410372E-3,-2.942809835E-3
1.011243867E1,5.793609656E-3,-5.822330713E-4,-1.002430799E-3
1.012247867E1,8.588610217E-3,-2.617252991E-3,1.661712769E-3
1.013251867E1,7.352903485E-3,-3.633249551E-3,3.063600510E-3
1.014255867E1,7.010843605E-3,-4.340772517E-3,1.642764779E-3
1.015259967E1,7.831096649E-3,-5.206566304E-3,2.957379329E-4
1.016266967E1,6.575260311E-3,-1.769302413E-3,8.751818677E-5
1.017271067E1,7.425340824E-3,2.734102309E-3,3.836617107E-4
1.018275067E1,6.054537371E-3,1.965824515E-3,2.430544235E-3
1.019279067E1,7.430326194E-3,1.094968989E-3,3.457725514E-3
1.020283167E1,5.222251639E-3,-1.946575940E-4,6.973962765E-3
1.021287167E1,4.562852904E-3,2.315904945E-3,1.040944085E-2
1.022291167E1,5.656555295E-4,1.216223463E-3,1.190390158E-2
1.023298267E1,1.763012260E-4,6.944948807E-3,1.332709473E-2
1.024302267E1,-2.521747723E-3,9.255241603E-3,1.349567343E-2
1.025306367E1,-1.784320921E-4,9.853919968E-3,1.388742402E-2
1.026310367E1,1.222473569E-3,1.354438625E-2,1.403357089E-2
1.027314367E1,2.474959008E-3,1.063355058E-2,1.658807695E-2
1.028318367E1,6.535066292E-3,1.160116307E-2,1.548095420E-2
1.029322467E1,5.714813247E-3,1.035773382E-2,1.538268290E-2
1.030329467E1,9.810926393E-3,7.917722687E-3,1.725929230E-2
1.031333567E1,5.327761173E-3,6.480414420E-3,1.779991388E-2
1.032337567E1,1.006687060E-3,7.068417966E-3,1.695903204E-2
1.033341567E1,-3.308964893E-3,3.510434180E-3,1.866265573E-2
1.034345667E1,-4.533136263E-3,-2.506226301E-4,1.641435362E-2
1.035349667E1,-5.707589909E-3,7.746927440E-4,1.633445919E-2
1.036356767E1,-5.964696407E-3,-3.882274032E-4,1.519964635E-2
1.037360767E1,-3.294875845E-3,-5.815749988E-3,1.238947921E-2
1.038364767E1,-3.110656515E-3,-7.344630547E-3,1.071672700E-2
1.039368867E1,3.141646273E-3,-4.336058162E-3,7.521465886E-3
1.040372867E1,7.886600681E-3,-6.343814544E-3,5.020757671E-3
1.041376867E1,8.372627199E-3,-6.267116405E-3,5.053514615E-3
1.042380867E1,9.890712798E-3,-6.526651792E-3,2.998824464E-3
1.043387967E1,1.161218062E-2,-6.344757043E-3,2.546885982E-3
1.044391967E1,8.572701365E-3,-1.064671203E-3,3.072143998E-3
1.045396067E1,8.509584703E-3,2.417411655E-3,2.510749735E-3
1.046400067E1,8.615155704E-3,-1.909505576E-3,4.275399260E-3
1.047404067E1,5.300052464E-3,-2.985423431E-3,7.794678095E-4
1.048408167E1,6.757843308E-3,-4.331184551E-3,-7.953591994E-4
1.049412167E1,6.763968617E-3,-7.063854486E-3,-3.386082361E-3
1.050419267E1,4.259991460E-3,-9.836427867E-3,-4.071868490E-3
1.051423267E1,7.322360761E-3,-1.234699041E-2,-6.112115923E-3
1.052427267E1,7.005819120E-3,-1.386294048E-2,-6.279324181E-3
1.053431367E1,5.365044810E-3,-1.612875797E-2,-5.749355070E-3
1.054435367E1,5.957926624E-3,-1.473533548E-2,-5.828611087E-3
1.055439367E1,8.291387931E-3,-9.255881421E-3,-5.345247686E-3
1.056446467E1,9.546971880E-3,-1.057496574E-2,-5.704896525E-3
1.057450467E1,1.013393234E-2,-7.678777911E-3,-6.680944934E-3
1.058454467E1,1.111774892E-2,-5.953450687E-3,-7.519908249E-3
1.059458567E1,1.342670899E-2,-7.439227775E-3,-7.575834636E-3
1.060462567E1,1.526678447E-2,-3.871861845E-3,-7.700628135E-3
1.061466567E1,1.791849360E-2,-2.058781683E-3,-6.595416460E-3
1.062470667E1,1.850507036E-2,-3.273843788E-3,-6.156468764E-3
1.063477667E1,2.083294094E-2,-6.380154751E-3,-7.486185059E-3
1.064481767E1,2.210424840E-2,-7.592284121E-3,-9.905871935E-3
1.065485767E1,2.152368054E-2,-1.146798208E-2,-1.066993363E-2
1.066489767E1,2.450623736E-2,-1.024599932E-2,-1.265538111E-2
1.067493867E1,2.789644152E-2,-1.373820193E-2,-1.835001819E-2
1.068497867E1,2.688791417E-2,-1.360727660E-2,-1.833305694E-2
1.069501867E1,2.077010088E-2,-1.466481853E-2,-2.050726116E-2
1.070508967E1,1.756055281E-2,-1.122026332E-2,-1.906610467E-2
1.071512967E1,1.201638486E-2,-5.382880569E-3,-1.727113314E-2
1.072516967E1,9.946093895E-3,-4.533171654E-3,-1.602245308E-2
1.073521067E1,9.168450721E-3,-6.519090384E-3,-1.455931365E-2
1.074525067E1,7.850368507E-3,-3.922901116E-3,-1.192538626E-2
1.075529067E1,6.899354048E-3,-1.470129937E-3,-1.113868877E-2
1.076533167E1,4.892067984E-3,-5.645224825E-3,-9.083632380E-3
1.077540167E1,6.817000918E-3,-2.914685756E-3,-9.776853025E-3
1.078544267E1,6.392576732E-3,-9.808391333E-4,-1.044803113E-2
1.079548267E1,6.863423623E-3,-1.663940027E-3,-1.001260430E-2
1.080552267E1,7.590924390E-3,-6.771573797E-3,-8.539100178E-3
1.081556367E1,8.121958934E-3,-1.711567864E-3,-9.486652911E-3
1.082560367E1,4.711676389E-3,-9.184032679E-4,-8.212634362E-3
1.083567467E1,5.966291763E-3,3.130435944E-4,-7.070404477E-3
1.084571467E1,4.915865138E-3,2.912599593E-3,-7.297062781E-3
1.085575467E1,5.604824983E-3,6.385894492E-3,-6.848053541E-3
1.086579467E1,4.704399034E-3,5.628326908E-3,-5.022373516E-3
1.087583567E1,4.862324335E-3,7.940750569E-3,-6.074854638E-3
1.088587567E1,4.533062689E-3,8.065896109E-3,-7.825206034E-3
1.089591567E1,5.015094765E-3,5.383294076E-3,-8.471821435E-3
1.090598667E1,3.903551027E-3,3.651766106E-3,-9.298094548E-3
1.091602667E1,6.301727146E-3,2.845894545E-3,-9.663746692E-3
1.092606767E1,4.623246379E-3,-9.214971215E-4,-9.835748002E-3
1.093608317E1,5.329783075E-3,9.472444654E-4,-1.084029302E-2
1.094612317E1,4.618400708E-3,2.837400883E-3,-1.151186600E-2
1.095616417E1,5.396310240E-3,1.421663910E-3,-1.307407580E-2
1.096620417E1,6.279889494E-3,1.247199252E-3,-1.095058676E-2
1.097627517E1,8.691648021E-3,5.335949361E-3,-1.043872721E-2
1.098631517E1,1.010636613E-2,3.192763776E-3,-1.250966825E-2
1.099635517E1,9.437380359E-3,3.512876108E-3,-1.358931419E-2
1.100639517E1,9.545152076E-3,-3.871768713E-4,-1.383692678E-2
1.101643617E1,9.640758857E-3,-1.187989488E-3,-1.603430137E-2
1.102647617E1,9.947607294E-3,-4.845420830E-3,-1.859633811E-2
1.103654717E1,1.142859180E-2,-4.823848605E-3,-1.903336309E-2
1.104658717E1,1.401250996E-2,-2.151014283E-3,-2.029760927E-2
1.105662717E1,1.468735468E-2,-3.410688601E-3,-2.238206565E-2
1.106666817E1,1.347807515E-2,-2.466805279E-3,-2.084824443E-2
1.107670817E1,1.070465893E-2,-2.657487988E-3,-2.097820677E-2
1.108674817E1,8.889747784E-3,-5.878348835E-3,-1.896750554E-2
1.109678917E1,7.473479025E-3,-2.009574324E-3,-1.764018647E-2
1.110685917E1,4.711322486E-3,-3.916176036E-3,-1.353037450E-2
1.111690017E1,3.974959254E-3,-5.527654663E-3,-1.181396656E-2
1.112694017E1,1.885891892E-3,-4.976770841E-3,-8.309451863E-3
1.113698017E1,3.052089363E-3,-4.768778570E-3,-7.051640656E-3
1.114702017E1,2.236383967E-3,-3.373748623E-3,-5.804650020E-3
1.115706117E1,1.105072908E-3,-2.589181066E-3,-4.274131730E-3
1.116710117E1,1.684182324E-3,-3.763888031E-3,-4.903573543E-3
1.117717217E1,2.286056988E-3,-3.295971081E-3,-4.461222328E-3
1.118721217E1,4.048644565E-3,-5.156268366E-3,-6.268404890E-3
1.119725217E1,6.730447523E-3,-2.460615709E-3,-5.656144116E-3
1.120729317E1,7.768888958E-3,-3.117395565E-3,-5.678758025E-3
1.121733317E1,7.899916731E-3,-3.123254515E-3,-5.255581811E-3
1.122737317E1,1.039109752E-2,-4.710171372E-3,-4.513787106E-3
1.123744417E1,5.721776746E-3,-4.831079394E-3,-3.636009060E-3
1.124748417E1,5.060427822E-3,-2.690667287E-3,-4.811014980E-3
1.125752517E1,3.706743009E-3,6.547961384E-4,-6.031807978E-3
1.126756517E1,2.232369035E-3,2.709887922E-4,-3.801252693E-3
1.127760517E1,-3.735348582E-4,-2.139732242E-4,-5.314460956E-3
1.128764517E1,1.874877140E-3,2.531189471E-3,-5.589953158E-3
1.129768617E1,-1.914002001E-3,3.769559786E-3,-5.236817989E-3
1.130775717E1,-3.972904757E-3,6.314313039E-3,-5.538204685E-3
1.131779717E1,-2.633335069E-3,6.800871342E-3,-4.624207970E-3
1.132783717E1,-4.537206143E-3,2.686351538E-3,-5.050480366E-3
1.133787717E1,-5.387021229E-3,2.085542306E-3,-6.272072438E-3
1.134791817E1,-4.212919623E-3,1.607917249E-3,-6.710900925E-3
1.135795817E1,-2.598777413E-3,-4.166178405E-4,-7.422497496E-3
1.136799817E1,-1.201767474E-3,9.079184383E-4,-6.622955669E-3
1.137806917E1,4.166178405E-5,-6.076879799E-4,-7.975308225E-3
1.138810917E1,1.202467829E-4,-1.364750788E-3,-9.679635055E-3
1.139815017E1,9.607411921E-4,2.770872787E-3,-8.010099642E-3
1.140819017E1,-9.779650718E-4,5.628660321E-3,-9.594656527E-3
1.141823017E1,-2.894377336E-3,1.324458048E-3,-7.757341489E-3
1.142827017E1,-3.879386932E-4,-2.536047250E-3,-5.584604107E-3
1.143831117E1,-4.638396204E-4,-7.472019643E-4,-3.770192619E-3
1.144838217E1,-1.702165231E-3,-1.156367362E-4,-4.097830504E-3
1.145842217E1,1.142091118E-3,5.605388433E-4,-2.623504493E-3
1.146846217E1,-1.144252717E-3,2.478174865E-4,-1.500547631E-3
1.147850217E1,-1.538934186E-3,-1.077903435E-3,-4.096064251E-3
1.148854317E1,-2.517966554E-3,-2.908222377E-4,-2.536710352E-3
1.149858317E1,-5.027521402E-4,-3.584086895E-3,-4.119959660E-3
1.150865417E1,-1.971431077E-3,-3.435066901E-3,-4.059845582E-3
1.151869417E1,-1.006301492E-3,-2.055549994E-3,-1.699752174E-3
1.152873417E1,-3.726407886E-4,-1.652324572E-3,-3.102051560E-3
1.153877517E1,-3.041926771E-3,-2.158153802E-4,-1.989382785E-3
1.154881517E1,1.884028316E-4,1.106323674E-3,-1.762415486E-4
1.155885517E1,-8.680745959E-4,1.777440310E-3,-9.498898289E-4
1.156889517E1,2.115629613E-4,1.210818067E-3,-2.009251039E-4
1.157896617E1,1.512249932E-3,2.561839297E-3,7.426328375E-4
1.158900717E1,1.230392605E-3,-4.858283326E-3,-1.380560920E-3
1.159904717E1,1.779803075E-3,-2.236934379E-3,-2.636773977E-3
1.160908717E1,2.872667275E-3,-4.755771719E-3,-3.677392611E-3
1.161912717E1,1.946153119E-3,9.681601077E-4,-1.147656003E-3
1.162916817E1,1.036417671E-3,-9.807404131E-4,-2.503204858E-3
1.163920817E1,1.099534333E-3,-1.297658309E-3,-1.044058939E-3
1.164927917E1,-2.640169114E-4,1.642571762E-3,1.978445565E-3
1.165931917E1,-1.216895878E-3,1.211140305E-3,6.932038814E-4
1.166935917E1,-1.173282042E-3,1.002024859E-3,-4.270274658E-4
1.167940017E1,-2.867318690E-3,2.471292391E-3,-3.337862669E-3
1.168944017E1,-2.897657454E-3,3.885762766E-3,-1.486068359E-3
1.169948017E1,-6.062742323E-4,-1.028835773E-3,-3.596623661E-3
1.170955117E1,-3.248777241E-3,3.119748086E-3,-3.405362135E-3
1.171959117E1,-8.442103863E-4,4.376787692E-4,-3.414683277E-3
1.172963217E1,4.081241786E-4,1.462019980E-3,-4.524955293E-4
1.173967217E1,-1.087773591E-3,3.264447674E-3,-2.099660691E-3
1.174971217E1,3.632977605E-4,4.286184907E-3,-8.471161127E-4
1.175975217E1,2.526316792E-3,2.409720793E-3,-1.126162824E-4
1.176979317E1,2.702269703E-3,1.356346533E-3,-7.426689263E-4
1.177986417E1,2.677235752E-3,-1.527590677E-3,-8.539890405E-4
1.178990417E1,4.456480965E-3,-5.914012901E-3,2.265494550E-4
1.179994417E1,4.696165211E-3,-1.236703247E-3,9.954040870E-4
1.180998417E1,2.322200686E-3,7.115993649E-4,3.886373015E-4
1.182002517E1,3.826887347E-3,-2.785397694E-3,3.013981506E-3
1.183006517E1,3.585169092E-3,-2.015791833E-4,3.845542902E-3
1.184010517E1,4.007279873E-3,-5.135884508E-3,3.014370333E-3
1.185017617E1,6.877515465E-3,-3.944803029E-4,3.041046672E-3
1.186021617E1,8.595255204E-3,-2.458747476E-4,5.255464930E-3
1.187025717E1,5.017437041E-3,-4.939232022E-4,4.508500453E-3
1.188029717E1,8.686474524E-3,-2.233766019E-3,7.307482883E-3
1.189033717E1,8.658660576E-3,3.262374550E-3,7.128565107E-3
1.190037717E1,8.042670786E-3,2.620574087E-4,7.582634687E-3
1.191044817E1,9.911879897E-3,9.147394449E-4,6.002740934E-3
1.192048917E1,8.913194761E-3,7.911697030E-4,4.591797944E-3
1.193051400E1,1.107104868E-2,3.917720169E-4,5.481522530E-3
1.194055400E1,8.292572573E-3,-1.741418615E-3,2.702780534E-3
1.195059400E1,8.864725009E-3,1.694513485E-3,4.973162897E-3
1.196063500E1,8.583495393E-3,-1.005133614E-3,5.312449299E-3
1.197067500E1,6.475401111E-3,-7.323659956E-4,3.465387272E-3
1.198074600E1,5.923859775E-3,-1.198153943E-3,2.673096955E-3
1.199078600E1,5.207214504E-3,-1.894405112E-3,3.593934234E-3
1.200082600E1,3.207180649E-3,-1.382546499E-3,3.553986782E-3
1.201086700E1,4.918548279E-3,-3.713275306E-3,2.881103894E-3
1.202090700E1,4.942516796E-3,-3.910082392E-3,1.347655663E-3
1.203094700E1,6.185565144E-3,-2.527995035E-3,3.862259910E-3
1.204098700E1,4.369023256E-3,-2.285912633E-3,2.245720942E-3
1.205105800E1,5.916053429E-3,-1.521892846E-4,1.691783546E-3
1.206109900E1,2.816665918E-3,-7.221046835E-4,3.842552193E-3
1.207113900E1,3.270148300E-3,4.990715533E-4,5.360893905E-3
1.208117900E1,2.410479821E-3,1.406144351E-3,6.442669779E-3
1.209121900E1,4.518807866E-3,-1.920387149E-5,7.236970123E-3
1.210126000E1,4.034112208E-3,4.444457591E-5,8.073735982E-3
1.211130000E1,3.269379959E-3,-3.379737958E-3,6.468330044E-3
1.212137100E1,2.870704047E-3,2.409707755E-3,8.016958833E-3
1.213141100E1,6.389125250E-3,1.385010779E-3,7.022487931E-3
1.214145100E1,6.012287922E-3,2.573579550E-3,7.591339294E-3
1.215149200E1,6.489556283E-3,-3.736004233E-3,5.397172645E-3
1.216153200E1,5.163568072E-3,-6.094537675E-4,4.447223153E-3
1.217157200E1,4.096004181E-3,-6.429504603E-3,4.352269694E-3
1.218164300E1,5.719200708E-3,-3.051817417E-3,3.236937802E-3
1.219168300E1,2.391749993E-3,-1.750085503E-3,4.667200148E-3
1.220172400E1,-2.538338304E-4,-3.820471466E-5,3.643481061E-3
1.221176400E1,7.327515632E-4,-3.257798962E-3,4.803603049E-3
1.222180400E1,2.585247159E-3,-4.739966244E-4,4.812924191E-3
1.223184400E1,2.148889005E-3,-1.373706385E-3,6.595157553E-3
1.224188500E1,2.987251617E-3,5.182027817E-4,7.355490234E-3
1.225195500E1,2.070830204E-3,3.503359854E-3,7.076381706E-3
1.226199600E1,3.588032909E-3,-8.101630956E-4,5.370893050E-3
1.227203600E1,3.258799203E-3,-2.321818843E-3,4.352656193E-3
1.228207600E1,3.152805381E-3,-7.652007043E-4,2.749432810E-3
1.229211700E1,3.076674417E-3,-1.940110698E-3,1.041644369E-3
1.230215700E1,2.975474112E-3,-2.143042162E-3,2.137268893E-3
1.231219700E1,3.263287246E-3,1.150947064E-4,5.041689612E-3
1.232226800E1,8.802907541E-4,-8.497685194E-4,4.387617577E-3
1.233230800E1,5.167163908E-4,-1.044981182E-4,5.014864262E-3
1.234234900E1,-9.658653289E-4,4.097171128E-3,3.141596448E-3
1.235238900E1,-7.950812578E-4,4.156781361E-3,3.865468083E-3
1.236242900E1,-9.141247720E-4,1.883506775E-3,3.635637229E-3
1.237246900E1,4.966259003E-4,2.954579890E-3,1.128562028E-3
1.238254000E1,-8.021481335E-5,1.158278435E-3,5.265249871E-3
1.239258000E1,-1.891003922E-3,-7.511340082E-4,7.084684446E-3
1.240262100E1,1.521305181E-3,9.069498628E-4,8.140628226E-3
1.241266100E1,2.746675164E-4,1.374702901E-3,7.998231798E-3
1.242270100E1,2.118640579E-3,3.070870414E-3,7.669065613E-3
1.243274200E1,1.715670340E-3,4.595611244E-4,6.207693834E-3
1.244278200E1,4.851276055E-3,2.752542496E-3,3.577555995E-3
1.245285300E1,6.661822088E-3,-3.281012177E-3,2.584147267E-3
1.246289300E1,6.085514091E-3,-1.602154225E-3,4.273656756E-3
1.247293300E1,4.745204002E-3,-2.802759409E-3,1.654461259E-3
1.248297400E1,3.842659295E-3,-3.057890572E-3,2.951953094E-3
1.249301400E1,3.523297608E-3,3.771670163E-5,3.276485484E-3
1.250305400E1,2.319016494E-3,-6.525740027E-4,3.514572047E-3
1.251309400E1,1.256444491E-3,-9.039994329E-4,6.022483110E-3
1.252316500E1,-2.738069743E-4,3.982521594E-5,4.928988870E-3
1.253320500E1,-1.032657921E-3,-1.610899344E-3,3.665900789E-3
1.254324600E1,2.549812198E-4,6.109755486E-4,4.724773578E-3
1.255328600E1,3.338666633E-3,-3.978552297E-3,3.498570062E-3
1.256332600E1,2.754635178E-3,-6.123166531E-4,5.618180148E-3
1.257336700E1,3.387517296E-3,1.392079517E-3,4.299598746E-3
1.258343700E1,4.624822177E-3,1.109784469E-3,5.316659808E-3
1.259347800E1,4.471127875E-3,2.759901807E-3,4.195724614E-3
1.260351800E1,4.429582506E-3,-4.851594567E-4,4.914777819E-3
1.261355800E1,2.949099988E-3,-2.389021218E-3,2.140016295E-3
1.262359900E1,3.429533914E-3,1.831024885E-3,1.985286595E-3
1.263363900E1,1.597214490E-3,-1.608237624E-3,1.931916806E-3
1.264367900E1,1.152199693E-3,1.584626734E-3,1.115657855E-3
1.265375000E1,2.565636300E-3,-2.594383433E-3,2.980790799E-3
1.266379000E1,1.949114725E-3,-1.056585461E-4,2.248155186E-3
1.267383000E1,1.181252301E-4,1.040518284E-3,4.445525701E-4
1.268387100E1,7.895082235E-4,9.475741535E-4,7.857034798E-4
1.269391100E1,2.083759755E-4,9.071193635E-4,7.803658955E-4
1.270395100E1,2.773799002E-3,2.776924521E-3,-1.132849022E-3
1.271399200E1,3.152585588E-3,1.178350300E-3,1.983520808E-3
1.272406200E1,4.410130903E-3,-1.936484128E-3,4.681822029E-4
1.273410300E1,2.508760430E-3,1.386873424E-3,1.228914247E-3
1.274414300E1,3.964710049E-3,6.582327187E-4,2.541852649E-3
1.275418300E1,2.213661559E-3,1.111697406E-3,3.383581527E-3
1.276422400E1,2.699155360E-3,3.111997619E-3,4.361493979E-3
1.277426400E1,-1.223606989E-3,5.670338869E-4,2.420074306E-3
1.278433500E1,-5.407724530E-4,-1.146178693E-3,2.354826778E-3
1.279437500E1,-1.362154260E-3,1.556878909E-3,3.217848251E-3
1.280441500E1,8.847005665E-5,8.277054876E-4,1.207960537E-3
1.281445500E1,2.814470790E-3,2.856332809E-3,1.272760099E-3
1.282449600E1,1.800871454E-3,-2.354407683E-3,1.582751982E-3
1.283453600E1,1.381358132E-3,-1.630075276E-3,1.722990186E-3
1.284457600E1,1.127558760E-3,-1.618357375E-3,1.596490038E-3
1.285464700E1,1.160753891E-3,-3.905237652E-3,9.380363044E-4
1.286468700E1,-1.288289204E-3,4.231985658E-4,1.824602485E-3
1.287472800E1,-1.087421551E-3,1.490106806E-3,1.691554440E-3
1.288476800E1,-1.281300560E-3,2.555904910E-3,1.998883206E-3
1.289480800E1,-2.078767866E-3,1.898281276E-3,2.494277200E-3
1.290484900E1,-2.152271569E-3,1.397874206E-3,3.648757702E-3
1.291488900E1,-2.063566819E-3,2.906354144E-3,4.587620962E-3
1.292496000E1,-1.435594633E-3,1.027226448E-3,2.530595288E-3
1.293500575E1,-2.528440207E-3,1.418236643E-4,1.233586576E-3
1.294504575E1,-1.198457554E-3,-2.787653357E-3,1.690584933E-3
1.295508575E1,-1.338122413E-3,-1.179315150E-4,1.882648212E-3
1.296512675E1,2.560466528E-4,-5.203355104E-4,2.563884947E-3
1.297516675E1,2.907309681E-4,-1.023523510E-4,1.602682052E-3
1.298520675E1,-1.495718956E-3,1.930970699E-3,2.291641897E-3
1.299527775E1,5.322154611E-4,-9.632185102E-4,2.715684939E-3
1.300531775E1,-2.329884097E-3,2.228312194E-3,2.572939731E-3
1.301535875E1,-1.827305183E-3,3.012493253E-3,4.012303893E-3
1.302539875E1,-6.070453674E-4,3.177076578E-3,4.453323781E-3
1.303543875E1,-3.605391830E-4,2.667417750E-3,3.110256512E-3
1.304547975E1,-1.834388822E-4,1.326249912E-3,1.007957151E-3
1.305554975E1,-5.022194237E-4,-6.964206696E-4,2.734573209E-4
1.306559075E1,-2.285204828E-3,2.458091825E-3,-4.048498231E-4
1.307563075E1,-1.044310629E-3,9.463224560E-4,-3.689476289E-4
1.308567075E1,-2.131678164E-3,-2.650277689E-3,1.441469183E-3
1.309571075E1,-3.317801282E-3,3.831069916E-4,-5.644862540E-5
1.310575175E1,-3.483716398E-3,3.530122340E-4,3.055721521E-3
1.311579175E1,-3.643684089E-3,-9.385030717E-4,4.679124802E-3
1.312586275E1,-4.600824788E-3,1.035697758E-3,5.602975376E-3
1.313590275E1,-3.641184419E-3,8.369572461E-4,2.802962437E-3
1.314594275E1,-2.911744639E-3,1.481175423E-3,3.318017814E-3
1.315598375E1,-1.200847328E-5,-3.928382881E-3,3.410901874E-3
1.316602375E1,2.730249427E-3,1.266645268E-3,3.394123632E-3
1.317606375E1,1.375564374E-3,-8.563790470E-4,3.061871743E-3
1.318610475E1,4.893333651E-3,1.998262480E-3,2.513526939E-3
1.319617475E1,1.824925654E-3,-1.744693145E-3,1.859927084E-3
1.320621575E1,4.118513316E-4,-6.115175784E-4,3.857298056E-3
1.321625575E1,-7.301103324E-4,2.157904208E-3,4.003505688E-3
1.322629575E1,-3.139473498E-3,-1.619756222E-4,3.019201104E-3
1.323633575E1,-3.780229017E-3,4.548393190E-5,4.297518637E-3
1.324637675E1,-3.589281812E-3,-6.203055382E-4,5.709792953E-3
1.325644775E1,-3.649542108E-3,9.797718376E-4,7.890630513E-3
1.326648775E1,-2.223687246E-3,8.309017867E-4,8.258945309E-3
1.327652775E1,-7.122792304E-4,6.402693689E-4,7.245189510E-3
1.328656775E1,-8.877813816E-4,2.564137802E-3,5.512802862E-3
1.329660875E1,8.456036448E-5,2.228919417E-3,6.188277155E-3
1.330664875E1,4.068383947E-3,2.406286076E-3,5.905982107E-3
1.331668875E1,5.591024645E-3,2.842875198E-3,6.121647544E-3
1.332675975E1,3.698049113E-3,4.138769582E-3,4.051839001E-3
1.333679975E1,2.689749002E-3,1.178685576E-3,5.495529156E-3
1.334684075E1,-3.257486969E-4,9.888019413E-4,4.134653602E-3
1.335688075E1,1.512598246E-4,-3.468645737E-3,2.522832016E-3
1.336692075E1,-1.663152128E-3,2.337578684E-3,2.115634736E-3
1.337696075E1,-3.638623282E-3,-1.823471859E-3,2.619169652E-3
1.338700175E1,-1.082522795E-3,-1.317204908E-3,9.341875557E-4
1.339707275E1,-1.945577562E-3,-1.024307683E-3,6.870710640E-4
1.340711275E1,-8.269585669E-5,-2.074126154E-3,-1.332137734E-3
1.341715275E1,3.740184940E-3,-1.604195684E-3,-7.096970221E-4
1.342719275E1,5.812657066E-3,-5.421265960E-4,-1.127813244E-3
1.343723375E1,5.018416792E-3,-1.509776339E-3,-1.192200929E-3
1.344727375E1,3.388828598E-3,8.066371083E-5,-3.970410675E-3
1.345734475E1,1.364453696E-3,-1.868959516E-3,-3.807728179E-3
1.346738475E1,2.272858284E-3,-7.292442024E-5,-1.638849615E-3
1.347742475E1,1.770434901E-3,-6.296932697E-4,-1.611202024E-3
1.348746575E1,-8.765235543E-5,-1.059262082E-3,-1.580575714E-3
1.349750575E1,-1.519929618E-3,-5.902463570E-3,-1.461544307E-3
1.350754575E1,8.811755106E-4,-8.443221450E-4,-6.050717202E-4
1.351758575E1,2.184417099E-4,4.539676011E-4,7.620621473E-4
1.352765675E1,2.160951495E-3,1.091795042E-3,7.745790062E-4
1.353769775E1,2.396127209E-3,-1.177938655E-3,-8.059134125E-4
1.354773775E1,3.884035163E-3,8.790865541E-4,-3.300065000E-4
1.355777775E1,3.899909556E-3,-4.379522055E-3,-5.289787659E-4
1.356781775E1,1.926773228E-3,-1.698639244E-4,-9.798519313E-4
1.357785875E1,3.778365441E-3,-3.767720424E-3,-1.992154634E-3
1.358789875E1,2.744260244E-3,4.864130169E-4,-2.030770527E-3
1.359796975E1,2.693201415E-3,-4.006124102E-3,-2.213942353E-4
1.360800975E1,2.791206352E-3,-1.941109076E-3,-2.008879092E-4
1.361804975E1,2.940437756E-3,3.657862544E-5,-7.192844059E-4
1.362809075E1,3.651604056E-4,1.044850796E-3,-2.022369066E-3
1.363813075E1,1.048204489E-3,1.598913223E-3,-4.278644046E-4
1.364817075E1,4.854926839E-3,-1.122837886E-3,-2.340546809E-3
1.365821075E1,2.622053958E-3,-7.376447320E-5,-2.601563465E-3
1.366828175E1,1.717644744E-3,-1.125179231E-3,-4.096395802E-3
1.367832275E1,2.595398575E-3,-9.372271597E-5,-2.289448632E-3
1.368836275E1,3.569848835E-3,-5.654402077E-3,-1.172252465E-3
1.369840275E1,2.102276310E-3,1.499138772E-3,-1.219802769E-3
1.370844275E1,1.051392406E-3,-7.102191448E-4,-3.800139297E-3
1.371848375E1,1.169040799E-3,-6.746500731E-5,-2.249047626E-3
1.372855375E1,3.616485745E-3,-1.916231588E-3,-3.993950784E-3
1.373859475E1,2.548867837E-3,-7.712803781E-4,-2.658537589E-3
1.374863475E1,3.609605134E-3,-5.507711321E-4,-2.601812128E-3
1.375867475E1,4.013757221E-3,-1.918129623E-3,-1.998026157E-3
1.376871575E1,4.766632803E-3,3.101360053E-4,-2.222530777E-3
1.377875575E1,3.354656510E-3,2.356484532E-3,-3.569811350E-3
1.378879575E1,4.580775276E-3,4.756525159E-3,-5.051061511E-3
1.379886675E1,5.502322689E-3,-1.735704020E-3,-4.655727651E-3
1.380890675E1,6.029361859E-3,-1.554874703E-3,-8.401730098E-3
1.381894775E1,4.223463126E-3,-3.268793225E-3,-8.104967885E-3
1.382898775E1,1.695857383E-3,-4.639522173E-3,-7.004550193E-3
1.383902775E1,3.752722405E-3,1.338552684E-4,-6.840996444E-3
1.384906775E1,2.287184820E-3,2.022569999E-3,-5.489442032E-3
1.385910875E1,2.081121318E-3,8.577480912E-4,-4.522870760E-3
1.386917875E1,-3.846995533E-4,4.217326641E-3,-4.727401305E-3
1.387921975E1,1.350179315E-3,-1.045320183E-3,-4.719024990E-3
1.388925975E1,1.869108528E-4,-1.589138061E-3,-7.159546018E-3
1.389929975E1,4.591076635E-3,1.120386645E-3,-8.399926126E-3
1.390934075E1,2.655757591E-3,-1.645889133E-4,-1.046627294E-2
1.391938075E1,1.372311264E-3,4.149155691E-3,-1.017183810E-2
1.392945175E1,3.765960224E-3,-3.714892082E-3,-1.238918584E-2
1.393946779E1,1.811915077E-3,-2.806075849E-3,-9.916113690E-3
1.394950779E1,-1.119958237E-3,2.841956913E-3,-1.025380287E-2
1.395954879E1,-1.179547980E-3,3.575403243E-4,-8.991620503E-3
1.396958879E1,-2.289820462E-3,-1.013223082E-4,-6.760424003E-3
1.397962879E1,-5.050081760E-3,1.979866996E-3,-5.869828165E-3
1.398966879E1,-2.436457202E-3,-1.730322838E-4,-2.796007553E-3
1.399973979E1,-3.990834579E-3,1.435888931E-3,-3.543077735E-3
1.400977979E1,-2.831825987E-3,1.659328118E-3,-4.136962816E-3
1.401982079E1,-2.619976178E-3,2.297602594E-3,-4.033854697E-3
1.402986079E1,3.345347941E-4,3.937045112E-3,-5.338803865E-3
1.403990079E1,8.556395769E-4,4.127245396E-3,-4.296200816E-3
1.404994179E1,7.858648896E-4,1.328796148E-3,-5.350280087E-3
1.405998179E1,2.324506640E-4,5.392599851E-4,-6.940367632E-3
1.407005279E1,4.565945826E-3,4.363026470E-3,-9.103386663E-3
1.408009279E1,3.667853773E-3,1.353440806E-3,-1.170958113E-2
1.409013279E1,1.786862500E-3,1.069281250E-3,-9.097819217E-3
1.410017379E1,1.511573792E-4,-8.264537901E-4,-1.127051190E-2
1.411021379E1,-1.516781747E-3,2.575851977E-5,-1.297413651E-2
1.412025379E1,-3.351002932E-3,4.726840183E-3,-1.449217275E-2
1.413032479E1,-3.238616511E-3,1.537172124E-3,-1.499977149E-2
1.414036479E1,-5.384689197E-3,1.384548843E-3,-1.533704810E-2
1.415040479E1,-4.436871037E-3,2.247411758E-3,-1.522732526E-2
1.416044579E1,-5.054954439E-3,2.902701497E-3,-1.690519415E-2
1.417048579E1,-5.307422951E-3,2.477951348E-4,-1.639200188E-2
1.418052579E1,-5.345975980E-3,3.189662471E-3,-1.784935221E-2
1.419056679E1,-4.931323230E-3,3.409907222E-3,-1.674360782E-2
1.420063679E1,-6.199158728E-3,5.358567461E-3,-1.734163612E-2
1.421067779E1,-6.141634658E-3,3.663465381E-3,-1.784151047E-2
1.422071779E1,-5.595194176E-3,3.520315513E-3,-1.857460663E-2
1.423075779E1,-4.712089896E-3,-3.423336893E-4,-1.863319613E-2
1.424079879E1,-5.156967789E-3,8.783563972E-4,-1.849413104E-2
1.425083879E1,-7.492294535E-3,2.102078870E-3,-1.817588322E-2
1.426087879E1,-4.294561222E-3,2.237848938E-3,-1.684986800E-2
1.427094979E1,-4.770467058E-3,2.232789993E-3,-1.584958658E-2
1.428098979E1,-6.844310090E-3,1.047274098E-3,-1.572034881E-2
1.429102979E1,-8.094131947E-3,5.592491478E-3,-1.488491613E-2
1.430107079E1,-8.292488754E-3,1.108039171E-3,-1.454605348E-2
1.431111079E1,-7.791813463E-3,3.030575812E-3,-1.388878562E-2
1.432115079E1,-8.945308626E-3,-1.988630742E-3,-1.332954783E-2
1.433122179E1,-8.793240413E-3,1.689992845E-3,-1.346297283E-2
1.434126179E1,-9.361643344E-3,4.212418571E-3,-1.322375983E-2
1.435130279E1,-9.178152308E-3,6.152797490E-3,-1.303574070E-2
1.436134279E1,-9.778248146E-3,2.787774429E-3,-1.247961354E-2
1.437138279E1,-1.155484281E-2,2.291360870E-3,-1.118505094E-2
1.438142379E1,-1.271067373E-2,3.981856629E-3,-9.977933951E-3
1.439146379E1,-1.069652475E-2,1.070490107E-3,-9.289506823E-3
1.440153479E1,-1.038431562E-2,1.320416108E-3,-9.599559009E-3
1.441157479E1,-1.145384088E-2,3.962805495E-3,-6.828007754E-3
1.442161479E1,-1.028320193E-2,6.045008078E-3,-6.606105249E-3
1.443165479E1,-9.919680655E-3,3.972003236E-3,-5.917678121E-3
1.444169579E1,-7.109940052E-3,6.518449634E-3,-4.676877521E-3
1.445173579E1,-5.593802780E-3,4.270741716E-3,-5.311509129E-3
1.446177579E1,-6.214121357E-3,3.165936098E-3,-5.527427420E-3
1.447184679E1,-7.679125294E-3,1.747535542E-3,-7.527461275E-3
1.448188679E1,-6.452785805E-3,1.184303313E-3,-6.532517262E-3
1.449192779E1,-8.297823370E-3,-2.399552613E-4,-5.738096312E-3
1.450196779E1,-8.203994483E-3,1.488827169E-3,-5.441214424E-3
1.451200779E1,-7.768567652E-3,4.198594019E-3,-5.614852533E-3
1.452204879E1,-7.846066728E-3,-2.653453499E-3,-4.109367728E-3
1.453208879E1,-8.117975667E-3,1.685634255E-3,-2.822528360E-3
1.454215979E1,-6.853934377E-3,2.126846462E-3,-3.153523896E-3
1.455219979E1,-5.880283192E-3,1.086348668E-3,-3.726902418E-3
1.456223979E1,-6.007386371E-3,1.156883314E-3,-4.722504877E-3
1.457227979E1,-5.871299654E-3,8.415654302E-4,-6.491110194E-3
1.458232079E1,-5.434898660E-3,1.946482807E-3,-5.200129468E-3
1.459236079E1,-4.160841927E-3,3.300048411E-5,-3.931133077E-3
1.460243179E1,-3.831427544E-3,1.993007958E-3,-4.297677428E-3
1.461247179E1,-5.519872531E-3,-8.158273995E-4,-8.579387213E-4
1.462251179E1,-3.472862765E-3,5.221489817E-3,5.397223285E-4
1.463255279E1,-1.958055422E-3,4.195906222E-3,2.374374075E-3
1.464259279E1,-2.353100106E-3,-1.374118030E-3,3.326740116E-4
1.465263279E1,2.398778684E-3,-1.349618658E-3,3.047234146E-3
1.466267379E1,4.750236869E-3,-1.745996997E-3,1.200383063E-3
1.467274379E1,6.012042053E-3,-3.600889817E-3,6.451138761E-4
1.468278479E1,5.156686530E-3,-1.187559217E-3,1.797744771E-3
1.469282479E1,4.873592407E-3,-6.775651127E-4,1.035015332E-3
1.470286479E1,2.291374840E-3,-5.088646896E-3,8.991025970E-4
1.471290479E1,5.601684563E-3,-3.066509031E-3,9.851227514E-4
1.472294579E1,5.870201625E-3,-5.804194137E-3,1.976197120E-3
1.473298579E1,6.551970728E-3,-3.075519577E-3,2.073935233E-3
1.474305679E1,5.029261112E-3,-4.117758013E-3,4.208398052E-3
1.475309679E1,5.479335785E-3,-7.617152296E-3,4.025438800E-3
1.476313679E1,7.892551832E-3,-2.498608083E-4,6.067590788E-3
1.477317779E1,7.605729625E-3,-9.761042893E-4,4.452649970E-3
1.478321779E1,9.786473587E-3,-1.951679587E-5,6.234978326E-3
1.479325779E1,7.516128942E-3,1.993961632E-4,7.163356058E-3
1.480332879E1,8.486757986E-3,6.920546293E-4,4.787696525E-3
1.481336879E1,8.239616640E-3,1.884883270E-3,3.381813876E-3
1.482340979E1,9.224648587E-3,-6.187967956E-4,2.544936258E-3
1.483344979E1,9.154341184E-3,-1.568747684E-3,5.488969036E-4
1.484348979E1,6.982997060E-3,-5.047135986E-3,1.746079652E-4
1.485352979E1,4.996545613E-3,-2.855886705E-3,1.264906139E-3
1.486357079E1,4.444540478E-3,-3.804736771E-3,1.558234915E-3
1.487364179E1,9.091943502E-4,-1.385521144E-3,1.523613930E-3
1.488368179E1,1.906788908E-3,-2.548234537E-3,-9.398191469E-4
1.489372179E1,3.718803637E-3,-1.039553434E-3,2.151938097E-4
1.490376179E1,2.943302505E-3,4.972573370E-4,1.730979769E-3
1.491380279E1,6.829120219E-3,9.380113333E-4,-2.537498949E-5
1.492384279E1,7.589546032E-3,-1.996500418E-3,2.102078171E-3
1.493388654E1,7.172761485E-3,-4.284307361E-4,4.177745897E-3
1.494395754E1,4.483173601E-3,-2.767613158E-3,2.847296419E-3
1.495399754E1,6.845929660E-3,-5.456341431E-3,3.547175322E-3
1.496403854E1,5.506704561E-3,-2.758882940E-3,4.822324961E-3
1.497407854E1,4.121594131E-3,-5.037217401E-3,4.677981604E-3
1.498411854E1,5.163491704E-3,-3.090406768E-3,4.796338733E-3
1.499415854E1,3.913404420E-3,-3.390545025E-3,5.444019567E-3
1.500422954E1,5.865246058E-3,-2.632969990E-3,6.168046966E-3
1.501427054E1,5.940080620E-3,-9.908657521E-4,4.719287157E-3
1.502431054E1,5.170341581E-3,-5.240590312E-3,5.254375748E-3
1.503435054E1,7.937366143E-3,-3.919396549E-3,3.267657943E-3
1.504439054E1,8.346693590E-3,-4.141503945E-3,4.807231016E-3
1.505443154E1,8.245494217E-3,-2.421028912E-4,4.541447386E-3
1.506447154E1,9.563129395E-3,-3.120208159E-3,2.699751873E-3
1.507454254E1,1.000867598E-2,-3.882138059E-3,4.103770480E-3
1.508458254E1,7.717455737E-3,-2.435173839E-3,4.940767307E-3
1.509462254E1,6.058572792E-3,-2.021118999E-4,5.514145829E-3
1.510466354E1,3.104359843E-3,1.024696976E-3,5.503147840E-3
1.511470354E1,2.085167915E-3,1.672111452E-3,5.824058782E-3
1.512474354E1,1.883379184E-3,1.256067306E-3,5.579874385E-3
1.513478354E1,3.079404123E-3,5.439389497E-4,5.231799558E-3
1.514485454E1,4.431134090E-3,-2.141883597E-3,4.150968511E-3
1.515489554E1,3.573861904E-3,-1.609783620E-3,4.111021291E-3
1.516493554E1,3.752293997E-3,-1.040324569E-4,3.308610991E-3
1.517497554E1,4.590657540E-3,-2.182098106E-3,3.178382292E-3
1.518501554E1,3.552460112E-3,-5.480069667E-4,4.444860853E-3
1.519505654E1,4.374844022E-3,1.342838630E-3,4.043256398E-3
1.520512654E1,9.541874751E-4,1.734178513E-4,3.107567783E-3
1.521516754E1,2.585639246E-3,1.118984073E-4,4.629564472E-3
1.522520754E1,1.610432751E-3,-1.490278170E-3,6.004298106E-3
1.523524754E1,2.073023468E-3,-1.544374973E-4,6.394451484E-3
1.524528854E1,1.045086421E-3,1.712311059E-3,8.099337108E-3
1.525532854E1,1.217659563E-3,-1.950867474E-3,9.992578998E-3
1.526536854E1,3.783404827E-4,1.723133028E-4,7.225767244E-3
1.527543954E1,3.533065319E-4,1.219468191E-3,6.528818049E-3
1.528547954E1,2.748899162E-3,1.544585451E-3,4.668360576E-3
1.529552054E1,1.447145827E-3,-1.981873065E-4,3.244634718E-3
1.530556054E1,2.314918675E-3,-2.985708416E-4,3.999498673E-3
1.531560054E1,1.519432291E-3,-3.766007721E-4,3.299886361E-3
1.532564054E1,5.260109901E-6,1.732299104E-3,5.563870538E-3
1.533568154E1,-2.698913217E-3,5.690380931E-5,6.731666625E-3
1.534575154E1,-5.519874394E-4,1.114951447E-3,6.352311000E-3
1.535579254E1,-6.883405149E-4,3.000734374E-3,7.233550772E-3
1.536583254E1,-1.257741824E-3,-9.805038571E-4,6.665671244E-3
1.537587254E1,8.991528302E-4,1.673603430E-3,4.416631535E-3
1.538591354E1,4.594318569E-3,-1.350518316E-3,3.664473072E-3
1.539595354E1,5.523495376E-3,-4.364685155E-3,2.954740543E-3
1.540602454E1,7.560705766E-3,-5.012746900E-3,-2.838735527E-4
1.541606454E1,6.885328330E-3,-5.796249025E-3,-7.813520497E-4
1.542610454E1,6.832754239E-3,-2.805884928E-3,-3.005998733E-4
1.543614554E1,4.244161770E-3,-5.209654570E-3,-6.649203133E-4
1.544618554E1,2.264196053E-3,-3.096943721E-3,9.485429619E-4
1.545622554E1,1.741417684E-3,-3.871391527E-3,5.922120763E-4
1.546626554E1,7.160902023E-4,-3.754380159E-3,2.019219100E-3
1.547633654E1,-1.548662782E-3,-3.532581031E-4,4.920466803E-3
1.548637654E1,-1.398326829E-3,4.806708544E-3,6.334291771E-3
1.549641754E1,-1.394065097E-3,1.977100968E-3,9.185206145E-3
1.550645754E1,9.364485741E-4,2.017589286E-3,8.895183913E-3
1.551649754E1,2.858185209E-3,2.046616748E-3,1.027629897E-2
1.552653854E1,2.527086996E-3,2.142898738E-3,9.394857101E-3
1.553657854E1,3.198736347E-3,-7.154718041E-4,5.828617606E-3
1.554664954E1,1.010018401E-3,1.493468881E-5,4.320250824E-3
1.555668954E1,3.405798227E-3,-1.297736540E-3,3.368437057E-3
1.556672954E1,2.600657754E-3,1.300400123E-3,2.844215138E-3
1.557677054E1,2.837945707E-3,-8.146837354E-4,3.445290728E-3
1.558681054E1,1.140798442E-3,-3.581321798E-3,3.320595250E-3
1.559685054E1,9.948574007E-4,6.770715117E-4,4.150702152E-3
1.560692154E1,-1.690395176E-3,1.165606081E-4,5.922861863E-3
1.561696154E1,-2.230750397E-3,-3.380421549E-4,4.525501281E-3
1.562700154E1,-2.487383783E-3,-5.268305540E-4,4.795664921E-3
1.563704254E1,-3.475682810E-3,1.842318103E-3,4.694731440E-3
1.564708254E1,-2.989688888E-3,1.001928002E-3,3.817300312E-3
1.565712254E1,-5.383603275E-3,-2.557653934E-3,5.046615377E-3
1.566716354E1,-5.573540926E-3,-1.413252205E-3,4.685470369E-3
1.567723354E1,-5.557561293E-3,-1.251865178E-3,4.304371774E-3
1.568727454E1,-4.315219820E-3,-2.893161029E-3,4.499310162E-3
1.569731454E1,-5.939748138E-3,-2.314455807E-3,3.903827397E-3
1.570735454E1,-2.839814872E-3,-7.103269920E-3,3.940404858E-3
1.571739554E1,-4.783906043E-4,-1.360429451E-3,3.967569210E-3
1.572743554E1,-1.070795581E-3,-3.727727570E-3,3.605519421E-3
1.573747554E1,1.561739482E-3,5.928799510E-5,4.271842074E-3
1.574754654E1,6.788782775E-5,-1.256966963E-3,5.529979244E-3
1.575758654E1,3.837384284E-4,2.101546153E-3,4.890554119E-3
1.576762654E1,5.998369306E-4,-3.180820495E-3,6.480854470E-3
1.577766754E1,-3.160238266E-4,-3.306788392E-3,6.302422378E-3
1.578770754E1,-2.150503919E-3,-6.679972634E-3,6.435460411E-3
1.579774754E1,-5.813688040E-4,-1.579752192E-3,4.565921612E-3
1.580778854E1,-1.106372103E-3,6.562080234E-4,4.559942987E-3
1.581785854E1,2.466259524E-3,-2.007968724E-4,5.366880912E-3
1.582789954E1,3.520717844E-3,-1.799738035E-3,7.760919631E-3
1.583793954E1,6.223991513E-4,-1.978436485E-3,7.625364698E-3
1.584797954E1,3.356099129E-3,3.538858145E-4,9.171766229E-3
1.585802054E1,-3.696624190E-4,3.368407488E-4,8.991204202E-3
1.586806054E1,1.330710948E-4,3.718219697E-3,8.805467747E-3
1.587813154E1,-3.362594172E-3,8.673053235E-4,8.874177001E-3
1.588817154E1,-1.582270488E-3,-4.488311708E-3,8.374568075E-3
1.589821154E1,-2.236876637E-3,-1.447249204E-3,8.617714979E-3
1.590825154E1,-1.845046878E-3,-1.073932275E-3,8.203087375E-3
1.591829254E1,3.999974579E-4,1.729311422E-3,8.169265464E-3
1.592833254E1,-1.005429775E-3,-2.995876595E-3,9.963942692E-3
1.593836325E1,3.328081220E-4,-2.041399479E-3,5.547622684E-3
1.594843425E1,-7.794983685E-4,9.568165988E-4,7.415150292E-3
1.595847425E1,1.047163270E-3,-2.804882824E-4,7.515018806E-3
1.596851525E1,-1.392472535E-3,5.577243865E-4,6.863018032E-3
1.597855525E1,-1.145597547E-3,1.645626500E-3,7.885405794E-3
1.598859525E1,1.490051858E-3,8.155796677E-4,5.568160675E-3
1.599863625E1,6.233155727E-5,1.062721014E-3,6.768980063E-3
1.600867625E1,-5.512665957E-4,-2.155061811E-4,7.119006943E-3
1.601874725E1,-4.085209221E-4,-1.525782049E-3,8.925428614E-3
1.602878725E1,-2.133278176E-3,2.340059727E-4,1.031974144E-2
1.603882725E1,-3.207597882E-3,2.077445388E-3,1.035809051E-2
1.604886725E1,-3.726547584E-3,2.399627119E-3,8.581527509E-3
1.605890825E1,-5.259197205E-3,7.260963321E-4,6.583357695E-3
1.606894825E1,-2.442011610E-3,2.328550443E-3,5.909430329E-3
1.607901925E1,-3.607677296E-3,-2.142228186E-5,5.270804279E-3
1.608905925E1,-8.439794183E-4,3.105867654E-3,5.930784624E-3
1.609909925E1,-2.448268235E-3,1.215554774E-3,6.712422706E-3
1.610914025E1,-2.620825544E-3,2.420911565E-3,8.077653125E-3
1.611918025E1,-3.319906071E-3,1.841140911E-3,8.265139535E-3
1.612922025E1,-3.384603187E-3,8.397959173E-4,6.330711301E-3
1.613926125E1,-4.980023950E-4,3.862749785E-3,3.934665117E-3
1.614933125E1,-2.087727189E-4,-2.493068576E-3,2.578940708E-3
1.615937225E1,9.885849431E-4,-3.444291651E-4,1.398894005E-3
1.616941225E1,2.693512477E-3,-1.452742144E-3,-1.260987250E-3
1.617945225E1,-2.354327589E-4,2.695247531E-4,-5.517875543E-4
1.618949225E1,4.685502499E-4,-1.749036834E-3,-1.772636548E-3
1.619953325E1,-1.045724377E-3,-2.571344376E-4,-4.871287092E-4
1.620957325E1,-1.721544191E-3,6.884057075E-4,-1.125547336E-3
1.621964425E1,-2.461636439E-3,-1.316156238E-3,7.887328975E-4
1.622968425E1,-3.260767087E-3,-1.937614754E-3,2.563669812E-3
1.623972425E1,-1.582441851E-3,7.497798651E-4,4.600721877E-3
1.624976525E1,-3.442207351E-3,3.074506298E-3,5.217748694E-3
1.625980525E1,-2.358833328E-3,-6.169006228E-4,8.470799774E-3
1.626984525E1,6.331205368E-4,3.076259047E-3,8.597888052E-3
1.627991625E1,-6.657037884E-4,4.487734288E-3,8.408537135E-3
1.628995625E1,3.392864019E-4,7.061958313E-4,9.156677872E-3
1.629999725E1,-2.434130758E-3,1.341093332E-3,6.662095431E-3
1.631003725E1,-1.513641328E-3,-7.591396570E-4,7.996104658E-3
1.632007725E1,-2.281330526E-4,-2.981461585E-4,6.834699772E-3
1.633011725E1,1.723445952E-3,2.774484456E-4,5.825718865E-3
1.634015825E1,8.533522487E-5,1.585327089E-3,5.034759641E-3
1.635022925E1,1.282419078E-3,-1.461502165E-3,4.965339322E-3
1.636026925E1,2.099629492E-4,-1.137129962E-3,3.034015186E-3
1.637030925E1,-6.598327309E-4,4.677772522E-4,2.196006011E-3
1.638034925E1,-6.009768695E-4,2.145836130E-3,3.219396458E-4
1.639039025E1,-1.547649503E-3,-2.789590508E-3,8.122559520E-4
1.640043025E1,-1.751381904E-3,-2.254992723E-4,1.511868322E-3
1.641047025E1,-2.625258639E-3,1.510320231E-3,-9.972954285E-5
1.642054125E1,-4.487872124E-3,3.108484671E-3,-9.527400252E-4
1.643058125E1,-1.874418929E-3,2.188922837E-3,1.563267317E-3
1.644062225E1,-3.869127482E-3,3.058444709E-3,1.317457529E-3
1.645066225E1,-4.313161597E-3,3.362189978E-3,2.474395093E-3
1.646070225E1,-4.532871768E-3,8.433721960E-4,3.641392337E-3
1.647074225E1,-4.108780995E-3,2.546405420E-3,2.675228054E-3
1.648081325E1,-1.177972183E-3,-7.529854774E-4,2.870437922E-3
1.649085425E1,-3.448594362E-3,1.013137400E-3,1.133701764E-3
1.650089425E1,-7.225815207E-4,-3.847572953E-4,1.712140394E-3
1.651093425E1,2.151820809E-4,-3.652067855E-3,1.004209742E-3
1.652097425E1,2.956092358E-4,-4.451282322E-3,2.332860837E-3
1.653101525E1,9.805951267E-4,1.668654382E-3,2.245779149E-3
1.654105525E1,8.231028914E-5,-1.704772934E-3,2.981344238E-3
1.655112625E1,9.278589860E-4,-6.482042372E-4,5.606188788E-4
1.656116625E1,-2.599116415E-4,-1.816265285E-3,-7.754890248E-4
1.657120625E1,9.587295353E-4,-1.655142754E-3,6.088180235E-4
1.658124725E1,1.953153871E-3,-1.556871459E-3,-3.504525812E-4
1.659128725E1,3.339623101E-3,1.940615475E-4,1.098223147E-3
1.660132725E1,2.943610772E-3,9.658448398E-4,-3.324270074E-4
1.661136725E1,3.177627921E-3,-6.605740637E-4,1.363088610E-3
1.662143825E1,3.030523658E-5,2.379771322E-4,1.507165609E-3
1.663147925E1,2.952308394E-3,-2.279512584E-3,2.886417089E-3
1.664151925E1,2.354694530E-3,1.433467492E-3,2.863730188E-4
1.665155925E1,2.377669327E-3,9.000729769E-4,1.194625860E-3
1.666159925E1,2.273272723E-3,-2.557775006E-3,-5.316351308E-4
1.667164025E1,2.717603929E-3,-1.042680815E-3,1.984591945E-4
1.668171025E1,8.640438318E-4,-8.674450219E-4,-9.701359086E-4
1.669175125E1,-4.108995199E-5,-1.532671973E-3,-1.327148522E-3
1.670179125E1,1.207399182E-3,-2.407710999E-4,-1.530614099E-3
1.671183125E1,2.743881196E-3,-6.877947599E-4,-2.875036560E-3
1.672187225E1,1.225346699E-3,2.842601389E-4,-3.213524353E-3
1.673191225E1,2.318375744E-3,-2.249622717E-3,-2.156309551E-3
1.674195225E1,2.842752263E-3,-6.786230952E-4,-1.593583496E-3
1.675202325E1,3.819965757E-3,-2.421941608E-4,-3.221809166E-3
1.676206325E1,2.340846695E-3,1.640660688E-3,-2.435910283E-3
1.677210425E1,3.060684539E-3,2.188656479E-3,-1.512683695E-3
1.678214425E1,3.067874350E-3,2.914367244E-3,-1.783527201E-3
1.679218425E1,4.302177578E-3,-2.263912931E-3,-3.055569017E-3
1.680222425E1,5.751735531E-3,-3.861543722E-3,-5.999960005E-3
1.681226525E1,5.872643553E-3,-1.025808975E-3,-4.339745268E-3
1.682233525E1,4.188726656E-3,-1.902788877E-3,-3.588467604E-3
1.683237625E1,4.343097098E-3,-2.770743333E-3,-3.152360208E-3
1.684241625E1,7.032090798E-3,-7.824264467E-4,-1.320638112E-3
1.685245625E1,5.364445038E-3,-9.762104601E-4,-2.749070525E-3
1.686249725E1,6.910143420E-3,-5.317274481E-4,-4.756028764E-3
1.687253725E1,6.821793504E-3,3.337338567E-4,-8.282821625E-3
1.688260825E1,8.947795257E-3,-2.662854269E-3,-8.970982395E-3
1.689264825E1,8.152923547E-3,-2.548666671E-3,-1.046844944E-2
1.690268825E1,6.052488461E-3,-7.454417646E-4,-9.404250421E-3
1.691272925E1,6.219762377E-3,-5.842103623E-3,-8.800689131E-3
1.692276925E1,4.816276953E-3,2.208366990E-3,-8.049410768E-3
1.693280925E1,3.027494997E-3,-4.820227623E-4,-9.651805274E-3
1.694280887E1,1.016808674E-3,3.000859171E-3,-7.560957223E-3
1.695287987E1,6.303898990E-4,1.326704398E-3,-6.550908089E-3
1.696291987E1,4.176031798E-4,5.610454828E-4,-9.272658266E-3
1.697296087E1,1.694942825E-3,-5.573593080E-4,-1.151829679E-2
1.698300087E1,2.619059756E-3,7.899329066E-4,-1.234174613E-2
1.699304088E1,2.297006547E-3,2.173151821E-3,-1.444709301E-2
1.700308187E1,3.338036127E-3,2.407509834E-3,-1.455042418E-2
1.701312187E1,1.005075872E-3,3.861242905E-3,-1.610766537E-2
1.702319287E1,1.907355152E-3,-3.050459549E-3,-1.513081789E-2
1.703323288E1,1.187336631E-3,1.560473815E-3,-1.700325496E-2
1.704327287E1,2.216381952E-3,1.756481826E-3,-1.598486118E-2
1.705331387E1,7.436536252E-4,-1.869145781E-3,-1.447751280E-2
1.706335387E1,-4.224479198E-5,-1.510417089E-3,-1.645890437E-2
1.707339387E1,-2.748182043E-3,2.760170028E-3,-1.508654654E-2
1.708346487E1,-2.988133579E-3,2.387061715E-3,-1.099912729E-2
1.709350487E1,-3.949182108E-3,1.532565802E-3,-1.059145574E-2
1.710354487E1,-3.079926595E-3,9.005982429E-4,-7.768771611E-3
1.711358587E1,-2.235963941E-3,8.342452347E-3,-9.649585001E-3
1.712362587E1,-4.014689475E-3,5.083009601E-3,-7.194683887E-3
1.713366588E1,-2.398243174E-3,4.735436291E-3,-6.559105124E-3
1.714370687E1,-5.210541189E-3,4.245148972E-3,-1.005583536E-2
1.715377687E1,-4.586296156E-3,5.068598315E-3,-8.818264119E-3
1.716381787E1,-8.434830233E-3,3.456320614E-3,-9.853967465E-3
1.717385788E1,-9.077357128E-3,2.743156627E-3,-9.764367715E-3
1.718389787E1,-1.059775613E-2,2.128232270E-3,-1.031084824E-2
1.719393887E1,-9.813642129E-3,4.389461130E-3,-1.076941565E-2
1.720397887E1,-9.512970224E-3,3.595573828E-3,-1.242270600E-2
1.721401887E1,-9.013088420E-3,2.960583195E-3,-1.275355835E-2
1.722408987E1,-7.323844358E-3,3.100665286E-3,-1.422122587E-2
1.723412987E1,-8.370110765E-3,3.389652818E-3,-1.410392858E-2
1.724416987E1,-4.925310612E-3,2.350486815E-3,-1.484641805E-2
1.725421087E1,-5.456710234E-3,-1.222884282E-3,-1.369862631E-2
1.726425087E1,-1.079538837E-3,3.219269216E-3,-1.314149331E-2
1.727429088E1,-4.028989002E-3,1.731626689E-3,-1.286026370E-2
1.728436187E1,-4.010614008E-3,-1.051556319E-4,-1.136862673E-2
1.729440187E1,-2.746850252E-3,1.556420699E-3,-1.148195844E-2
1.730444287E1,-4.146341234E-3,6.621312350E-4,-1.178635750E-2
1.731448288E1,-3.985846415E-3,1.617910340E-3,-1.112414896E-2
1.732452287E1,-5.976825953E-3,-1.040901989E-4,-9.549154900E-3
1.733456387E1,-6.437715143E-3,5.809925497E-4,-1.205871068E-2
1.734460387E1,-8.059579879E-3,-9.708311409E-4,-7.855709642E-3
1.735467488E1,-5.300028250E-3,3.857742995E-3,-8.990216069E-3
1.736471487E1,-6.105368957E-3,3.932360560E-4,-8.476226591E-3
1.737475487E1,-6.390854716E-3,9.936951101E-4,-7.515712641E-3
1.738479487E1,-6.183926016E-3,-1.409275457E-3,-8.023045026E-3
1.739483587E1,-5.119102076E-3,1.342067495E-3,-8.477262221E-3
1.740487587E1,-3.718545660E-3,1.788146794E-3,-8.445836604E-3
1.741491588E1,-4.701586440E-3,2.534968778E-3,-6.024525035E-3
1.742498687E1,-3.992920741E-3,3.945913166E-3,-7.553711999E-3
1.743502687E1,-5.474029109E-3,2.888858318E-3,-4.864832852E-3
1.744506787E1,-6.488958374E-3,-1.352226362E-3,-5.145263858E-3
1.745510788E1,-5.861232057E-3,3.861175850E-3,-5.521567073E-3
1.746514787E1,-6.209040061E-3,1.942634583E-3,-5.357782356E-3
1.747518887E1,-4.731625319E-3,-3.683045506E-4,-6.559076253E-3
1.748525888E1,-7.024073973E-3,2.719363198E-3,-6.384106353E-3
1.749529988E1,-6.343018264E-3,3.911511973E-3,-7.329322398E-3
1.750533987E1,-7.757423446E-3,2.442246303E-3,-7.289641071E-3
1.751537987E1,-8.350161836E-3,9.707920253E-4,-5.950042512E-3
1.752541987E1,-7.332568988E-3,2.191053703E-3,-6.289595738E-3
1.753546087E1,-1.267058775E-2,-2.028625458E-4,-6.021146663E-3
1.754550087E1,-1.247324795E-2,7.422938943E-4,-6.334600504E-3
1.755557187E1,-1.157709397E-2,2.864299342E-3,-6.270152051E-3
1.756561187E1,-1.085590944E-2,3.535415977E-3,-4.872791469E-3
1.757565187E1,-9.370306507E-3,3.042494878E-3,-4.692910239E-3
1.758569287E1,-5.599003285E-3,4.973020405E-3,-5.497185048E-3
1.759573288E1,-1.614751294E-3,3.582729027E-3,-4.496842623E-3
1.760577287E1,-3.536222503E-3,1.878570765E-3,-5.263300613E-3
1.761581387E1,-3.629315645E-3,-1.479281113E-3,-5.815434270E-3
1.762588388E1,-3.016788512E-3,-3.546159714E-3,-4.765349906E-3
1.763592488E1,-2.677086741E-3,-1.755312085E-3,-4.219607916E-3
1.764596487E1,-3.025429323E-3,-6.945747882E-4,-3.327981569E-3
1.765600487E1,-4.497166723E-3,4.806481302E-4,-2.173884772E-3
1.766604487E1,-3.632437438E-3,2.220552415E-4,3.979299800E-4
1.767608587E1,-3.405269235E-3,3.620248288E-3,1.334031112E-3
1.768615687E1,-4.422863945E-3,7.199537009E-3,2.183313249E-3
1.769619687E1,-4.192339256E-3,4.204699770E-3,6.539170281E-4
1.770623687E1,5.081389099E-4,1.195060089E-3,-6.247329293E-5
1.771627687E1,-1.461803913E-4,9.790789336E-4,-7.703402662E-4
1.772631787E1,2.021603286E-4,-2.224437892E-3,-2.821506932E-3
1.773635788E1,4.078503698E-4,-1.964159310E-4,-3.234177828E-3
1.774639787E1,-6.805732846E-5,-6.635356694E-4,-1.283412334E-3
1.775646887E1,2.407897264E-4,-4.121935926E-3,-8.534325752E-4
1.776650888E1,-1.793332398E-3,-1.421224326E-3,4.650984192E-4
1.777654988E1,-3.035435453E-3,2.082781866E-3,1.102749025E-3
1.778658987E1,8.213538677E-4,-6.612204015E-5,9.237845661E-4
1.779662987E1,1.068226993E-4,-1.275641844E-3,1.397916581E-3
1.780666987E1,6.049666554E-3,-2.303887159E-3,4.682070576E-4
1.781671087E1,7.057140581E-3,4.412978888E-4,3.385111340E-4
1.782678187E1,6.521845236E-3,-1.413859427E-3,7.009673282E-4
1.783682187E1,7.903303951E-3,-3.897496499E-3,8.741914644E-4
1.784686187E1,9.225563146E-3,-9.389910847E-4,1.456358470E-3
1.785690187E1,7.156198844E-3,-4.103748128E-3,3.637233167E-4
1.786694287E1,6.934091449E-3,-3.015846014E-3,2.273742342E-3
1.787698288E1,7.364106365E-3,-1.917405054E-3,1.211732393E-3
1.788705387E1,6.116415374E-3,-1.488104463E-3,2.877806081E-3
1.789709387E1,8.293376304E-3,-2.743221819E-3,3.633995540E-3
1.790713388E1,6.762591191E-3,-1.759450883E-3,5.340016447E-3
1.791717488E1,8.302157745E-3,-4.535727203E-5,5.295365117E-3
1.792721487E1,9.722687304E-3,-6.070174277E-4,6.188589148E-3
1.793725592E1,9.693227708E-3,4.233010113E-4,6.228566170E-3
1.794729592E1,1.039230637E-2,1.749554649E-3,8.196642622E-3
1.795736692E1,1.097226888E-2,-8.263532072E-4,6.561782211E-3
1.796740792E1,1.280692033E-2,-1.675901935E-3,5.429938436E-3
1.797744792E1,1.101964712E-2,-2.320228145E-3,6.773419678E-3
1.798748792E1,9.369019419E-3,-3.782836720E-3,4.072441719E-3
1.799752792E1,1.055662334E-2,-3.483023494E-3,2.725444036E-3
1.800756892E1,8.136343211E-3,-6.786675192E-3,2.742754528E-3
1.801760892E1,4.878057167E-3,-5.337883718E-3,1.290916931E-3
1.802767992E1,2.831150778E-3,-4.638005048E-3,2.522628987E-3
1.803771992E1,3.361913376E-3,-3.993429244E-3,2.909941599E-3
1.804775992E1,4.733974114E-3,-1.278869808E-3,2.050805837E-3
1.805780092E1,4.879920743E-3,-3.221735358E-3,2.462707926E-3
1.806784092E1,7.412320934E-3,-8.131731302E-4,4.016662017E-3
1.807788092E1,3.567781299E-3,-1.792684197E-3,4.124520347E-3
1.808795192E1,8.832052350E-3,-5.474769510E-3,4.088034853E-3
1.809799192E1,5.537364632E-3,-2.708043903E-3,5.505517591E-3
1.810803292E1,1.669122837E-3,-1.488050446E-3,6.535361987E-3
1.811807292E1,6.196130067E-3,-3.627308644E-3,6.400843151E-3
1.812811292E1,4.614744335E-3,-2.975632437E-3,6.108694710E-3
1.813815292E1,1.222950406E-3,-2.947486937E-3,5.814325530E-3
1.814819392E1,3.842967562E-3,-3.791708499E-3,7.861231454E-3
1.815826492E1,2.883066423E-3,-3.361554816E-3,5.502706859E-3
1.816830492E1,5.831718445E-3,-2.056073397E-3,7.106995210E-3
1.817834492E1,3.473427147E-3,-2.065675333E-3,7.641103119E-3
1.818838492E1,2.102964558E-3,-3.146918491E-3,1.034341287E-2
1.819842592E1,3.237191588E-3,3.015089780E-3,1.189923566E-2
1.820846592E1,-2.653971314E-4,-6.496869028E-4,1.222866867E-2
1.821850592E1,1.514777541E-4,-3.607095219E-3,1.252386346E-2
1.822857692E1,3.117973916E-3,-1.555129886E-3,1.285755821E-2
1.823861692E1,7.798094302E-4,1.075575128E-3,1.238336600E-2
1.824865792E1,7.822066545E-4,-1.505561173E-3,1.201851293E-2
1.825869792E1,2.257690765E-3,-2.613671124E-3,1.242529601E-2
1.826873792E1,3.062231466E-3,-4.011297598E-3,1.156722568E-2
1.827877792E1,4.537447356E-3,-2.799256705E-3,8.975020610E-3
1.828884892E1,2.571768127E-3,-4.756414331E-3,9.767844342E-3
1.829888992E1,2.136326395E-3,-1.115350053E-3,9.212845005E-3
1.830892992E1,2.124588937E-4,-3.841628321E-3,9.664251469E-3
1.831896992E1,1.897890121E-3,-4.763938487E-4,7.472172379E-3
1.832900992E1,-2.925600857E-4,-1.561898738E-3,7.506793365E-3
1.833905092E1,6.555393338E-5,1.914385706E-3,1.126554795E-2
1.834909092E1,-7.576290518E-4,4.294067621E-4,1.150469948E-2
1.835916192E1,5.878806114E-4,7.116422057E-4,1.047595125E-2
1.836920192E1,-8.214637637E-4,2.659743652E-3,9.436519817E-3
1.837924192E1,1.120161265E-3,2.311281860E-3,1.027254574E-2
1.838928292E1,-9.698867798E-4,8.579939604E-4,9.680790827E-3
1.839932292E1,2.030543983E-4,1.573439687E-3,9.905502200E-3
1.840936292E1,-1.404695213E-3,-3.691362217E-3,1.006715652E-2
1.841940292E1,1.463262364E-3,-2.628760412E-3,6.019151770E-3
1.842947392E1,1.285096630E-3,-6.929095834E-4,7.331823464E-3
1.843951492E1,1.390926540E-3,-3.263531253E-3,7.772780489E-3
1.844955492E1,-8.872523904E-5,7.613040507E-4,8.726723492E-3
1.845959492E1,7.798522711E-5,-2.455525100E-4,8.864765987E-3
1.846963492E1,1.895325258E-3,2.474600449E-3,1.037797425E-2
1.847967592E1,1.216296107E-3,3.012847155E-3,1.244763751E-2
1.848974592E1,-3.392565995E-4,2.621628344E-3,8.475266397E-3
1.849978692E1,1.131782308E-3,-1.643987373E-3,8.353442885E-3
1.850982692E1,1.476662233E-3,1.888908446E-5,5.764051341E-3
1.851986692E1,-2.071985975E-3,-3.036092967E-4,6.506537553E-3
1.852990792E1,4.297886044E-4,-2.871162258E-3,6.618922576E-3
1.853994792E1,9.233625606E-4,-5.895979702E-4,7.118648849E-3
1.854998792E1,-1.663897187E-3,-5.107689649E-4,7.107463665E-3
1.856005892E1,-2.523737028E-3,6.694942713E-4,8.170889691E-3
1.857009892E1,-7.253047079E-4,6.561782211E-4,5.674175918E-3
1.858013992E1,-1.144330949E-3,2.035733312E-3,7.842233405E-3
1.859017992E1,-8.894652128E-4,3.235220909E-3,7.260333281E-3
1.860021992E1,2.735277638E-3,-2.681646496E-3,4.933322314E-3
1.861025992E1,3.630099818E-3,-1.284740865E-4,6.330949254E-3
1.862030092E1,4.520848393E-3,-5.134169012E-3,5.518563557E-3
1.863037092E1,5.225520581E-3,-5.829520524E-3,5.319891963E-3
1.864041192E1,5.766058341E-3,-2.212878317E-3,4.520910792E-3
1.865045192E1,2.783051692E-3,-2.008080482E-3,2.619680250E-3
1.866049192E1,1.468602568E-4,-1.088842750E-3,3.706019837E-3
1.867053292E1,1.043279655E-3,-3.533357754E-3,3.392832121E-3
1.868057292E1,1.287508756E-3,-1.695046201E-3,5.224193912E-3
1.869064392E1,-8.348748088E-5,-2.258837223E-3,5.847107153E-3
1.870068392E1,4.700087011E-4,-1.798341051E-3,7.865101099E-3
1.871072392E1,6.313975900E-4,-1.014307141E-3,9.872059338E-3
1.872076492E1,-3.638803959E-3,-1.717973500E-4,1.057332661E-2
1.873080492E1,-5.729719996E-4,4.008831456E-3,1.184551883E-2
1.874084492E1,-2.606756985E-3,2.313643694E-3,1.467063837E-2
1.875088492E1,-1.097809523E-3,2.697939053E-3,1.356356218E-2
1.876095592E1,-1.013901085E-3,1.729462296E-3,1.365924906E-2
1.877099592E1,-2.779576927E-3,9.086765349E-4,1.154842786E-2
1.878103692E1,-1.264965162E-3,7.045958191E-4,1.092794910E-2
1.879107692E1,5.912575871E-4,-2.737538889E-3,1.076123491E-2
1.880111692E1,-2.138648182E-3,-5.024820566E-4,8.504942060E-3
1.881115792E1,-2.185087651E-4,-1.901974902E-3,7.534486242E-3
1.882119792E1,5.808807909E-4,-4.402711987E-3,5.335396156E-3
1.883126892E1,-5.751978606E-4,-3.597372212E-3,7.081097923E-3
1.884130892E1,-4.143480211E-3,-2.110682428E-3,3.107071389E-3
1.885134892E1,-3.549328074E-3,-1.532243565E-3,5.840273574E-3
1.886138992E1,-2.888863906E-3,-2.615084872E-3,5.485008005E-3
1.887142992E1,-4.633501172E-3,-9.447503835E-4,6.888493896E-3
1.888146992E1,-4.144279286E-3,-2.245172858E-3,5.370492116E-3
1.889154092E1,-2.534663305E-3,7.871035486E-4,5.605116487E-3
1.890158092E1,-1.636559144E-3,-8.575469255E-4,4.895324819E-3
1.891162092E1,-3.300767392E-3,-8.471589535E-4,6.051669363E-3
1.892166192E1,-1.523731276E-3,-1.545064151E-4,4.759652540E-3
1.893170192E1,-3.061708063E-3,-2.424586564E-3,3.053365741E-3
1.894174929E1,-4.837233573E-3,-7.843935862E-3,5.348653998E-3
1.895179029E1,-2.277934924E-3,-2.466747537E-3,7.220590021E-3
1.896186029E1,-2.719838172E-3,-2.871211618E-3,6.220540032E-3
1.897190129E1,-2.323824912E-3,-2.621140331E-3,6.891124416E-3
1.898194129E1,-3.757851198E-3,-1.778936014E-3,7.592010312E-3
1.899198129E1,-1.602821052E-3,-7.626172155E-3,7.184546907E-3
1.900202229E1,-1.871274784E-3,-3.875476308E-3,7.901650853E-3
1.901206229E1,-1.920277253E-3,-3.508226015E-3,6.492039189E-3
1.902210229E1,-1.421725377E-3,-2.339530736E-3,6.420752034E-3
1.903217329E1,-2.368856221E-4,-5.115876906E-3,6.495853420E-3
1.904221329E1,-1.618899405E-3,-4.747959785E-3,8.248010650E-3
1.905225329E1,1.228552312E-3,-5.020134151E-3,7.213904522E-3
1.906229429E1,-4.692189395E-5,-5.865273066E-3,6.503965706E-3
1.907233429E1,-2.346826717E-3,-7.317494601E-3,5.234436132E-3
1.908237429E1,-4.471056163E-4,-2.637222409E-3,5.311785266E-3
1.909244529E1,-7.357914001E-4,-4.219673574E-3,5.424170755E-3
1.910248529E1,-1.369880512E-3,-1.975057647E-3,5.786977708E-3
1.911252629E1,-2.775497735E-3,-2.509288490E-3,6.175266579E-3
1.912256629E1,-2.771148458E-3,-5.152895115E-3,6.607972551E-3
1.913260629E1,-1.882186159E-3,-2.402648330E-3,6.111026742E-3
1.914264729E1,-3.224331886E-3,-2.832631581E-3,7.754937280E-3
1.915268729E1,-2.694362774E-3,-1.467496157E-3,5.484059453E-3
1.916275829E1,-4.234571010E-3,-3.302275203E-3,6.409304682E-3
1.917279829E1,-3.498472273E-3,-1.187324524E-4,5.621009041E-3
1.918283829E1,-2.997267991E-3,-1.033714041E-3,5.198721774E-3
1.919287829E1,-1.211885363E-3,-2.251312137E-3,5.620566197E-3
1.920291929E1,-2.429114655E-3,-5.719679408E-3,4.537662491E-3
1.921295929E1,8.662799373E-4,-6.879027933E-4,3.461212618E-3
1.922299929E1,1.218606718E-3,2.081949264E-3,4.352220334E-3
1.923307029E1,-1.659709960E-4,-4.125879146E-3,3.152200254E-3
1.924311029E1,-1.063978299E-3,-4.542029463E-3,2.781840274E-3
1.925315129E1,-9.151082486E-4,-5.408888683E-3,3.028182779E-3
1.926319129E1,-1.652346924E-3,-2.493437380E-3,4.598075058E-3
1.927323129E1,-2.341574058E-3,-5.447414704E-3,4.779170267E-3
1.928327229E1,-2.053696662E-3,-5.561873317E-3,6.980905309E-3
1.929334229E1,-3.752527758E-3,-6.071601994E-3,6.378498394E-3
1.930338329E1,-3.051942214E-3,-2.947214991E-3,7.076928392E-3
1.931342329E1,-2.058317885E-3,-4.345375113E-3,6.157604977E-3
1.932346329E1,-2.596098930E-3,2.750381827E-5,3.181139240E-3
1.933350329E1,-2.955893055E-3,2.496112138E-4,1.483374042E-3
1.934354429E1,-1.997597516E-3,-1.934681088E-3,1.996682491E-3
1.935358429E1,-3.314264119E-3,-5.782682449E-3,3.937061410E-3
1.936365529E1,-6.393045187E-4,-2.779683098E-3,4.775545560E-3
1.937369529E1,-2.533877268E-3,-4.022314213E-3,5.320427939E-3
1.938373529E1,-3.506278619E-3,-7.833968848E-4,4.560507368E-3
1.939377629E1,-2.116108313E-3,-2.577569336E-3,5.079291295E-3
1.940381629E1,5.435124040E-4,-7.149670273E-4,5.132963881E-3
1.941385629E1,1.233804040E-3,-1.737087965E-3,4.161975347E-3
1.942389729E1,2.601556480E-4,-1.609342173E-3,3.283040831E-3
1.943396729E1,1.948866062E-3,-1.145152375E-3,1.486738678E-3
1.944400829E1,2.312817611E-3,-5.150863901E-3,3.349509323E-3
1.945404829E1,1.097884029E-3,-4.771895707E-3,1.488492126E-3
1.946408829E1,-3.155507147E-5,-1.453764737E-3,2.965034219E-3
1.947412829E1,1.342901960E-3,-7.261876017E-4,8.382337983E-4
1.948416929E1,4.393663257E-4,-4.043054767E-3,6.674709730E-4
1.949424029E1,-1.709006727E-3,-4.549055360E-3,8.685396169E-4
1.950428029E1,-2.285446972E-4,-4.811008461E-3,1.750930678E-3
1.951432029E1,-2.668946981E-4,-6.795596331E-3,1.329085790E-3
1.952436029E1,-3.151595592E-6,-3.873275593E-3,2.302055713E-3
1.953440129E1,1.907274127E-4,-3.228524700E-3,3.740695538E-3
1.954444129E1,-7.023960352E-4,-1.330249012E-3,4.886403214E-3
1.955448129E1,-1.078700647E-3,-2.590723336E-3,4.937802441E-3
1.956455229E1,-3.934707493E-4,-1.465190202E-3,2.740520285E-3
1.957459229E1,-1.186560839E-3,-3.015149385E-3,4.382891580E-3
1.958463329E1,2.284241840E-3,-1.325245947E-3,7.609496242E-5
1.959467329E1,1.332070678E-4,-1.577714458E-3,1.781849656E-3
1.960471329E1,9.938487783E-4,-2.169771120E-3,1.725540264E-3
1.961475329E1,1.374148764E-3,-6.250798702E-3,3.035549074E-3
1.962479429E1,1.293533482E-3,-5.182054825E-3,1.685182331E-3
1.963486529E1,3.963150084E-4,-3.392410465E-3,8.063392015E-4
1.964490529E1,-1.565715298E-3,-2.847811207E-3,1.475735568E-3
1.965494529E1,-2.794496715E-3,-3.796163015E-3,1.157221617E-3
1.966498529E1,-7.111933082E-4,-2.142990008E-3,1.681657042E-3
1.967502629E1,-6.845630705E-4,-1.168567687E-4,1.403623028E-3
1.968506629E1,-3.599561751E-5,-2.709327266E-3,3.057120834E-3
1.969513729E1,1.871772110E-4,-6.853602827E-5,1.806766726E-3
1.970517729E1,-3.265533596E-4,7.018167526E-4,6.753710331E-4
1.971521729E1,-9.223017842E-4,-3.559906036E-4,-4.221176496E-4
1.972525829E1,-7.133744657E-5,-1.665616408E-3,-1.234441064E-3
1.973529829E1,-1.493673772E-4,-3.716783598E-3,3.674502950E-4
1.974533829E1,3.048889339E-4,1.057714224E-3,-3.650333383E-6
1.975537829E1,2.838503569E-4,4.528611898E-3,-2.337474580E-4
1.976544929E1,1.478985883E-3,3.456389531E-3,-9.079101728E-4
1.977549029E1,4.450540990E-3,3.554128110E-3,-2.572999510E-4
1.978553029E1,5.055352114E-3,7.430462167E-3,-3.014387097E-3
1.979557029E1,7.931565866E-3,1.221696101E-2,-1.676947577E-3
1.980561029E1,9.448684752E-3,1.314879023E-2,-3.574841423E-3
1.981565129E1,9.806614369E-3,8.445646614E-3,-4.463271704E-3
1.982569129E1,9.661993012E-3,6.777504459E-3,-4.214166664E-3
1.983576229E1,7.347440347E-3,5.371354520E-3,-4.973700270E-3
1.984580229E1,7.785351016E-3,6.295586005E-3,-5.301060621E-3
1.985584229E1,4.382364452E-3,3.612983972E-3,-6.349547300E-3
1.986588329E1,2.790670842E-3,2.936558798E-3,-4.769638646E-3
1.987592329E1,1.072132960E-3,2.952270210E-3,-4.857257009E-3
1.988596329E1,1.210900955E-3,1.193987206E-3,-3.547343193E-3
1.989603429E1,1.589601859E-3,6.207387894E-3,-2.662641229E-3
1.990607429E1,-9.751133621E-5,-4.659611732E-4,-2.955855103E-3
1.991611529E1,1.484407112E-3,3.975125030E-3,-1.915624482E-3
1.992615529E1,2.543458715E-3,6.202794611E-5,4.125685664E-4
1.993615900E1,-9.535383433E-4,1.336883754E-3,-9.573614807E-4
1.994619900E1,-6.481651217E-4,-5.060583353E-4,-5.209857482E-4
1.995624000E1,-1.288387924E-3,2.116356045E-3,6.649199058E-4
1.996631000E1,-3.089742735E-3,-3.085307777E-3,3.349454491E-4
1.997635100E1,-5.477001891E-3,-3.445633687E-3,7.911449648E-4
1.998639100E1,-7.189424708E-3,-1.213310286E-3,3.517788835E-3
1.999643100E1,-4.514278844E-3,4.676766694E-4,3.520984435E-3
2.000647200E1,-5.841681734E-3,-3.968285397E-3,4.502859898E-3
2.001651200E1,-5.381755531E-3,-1.357588917E-3,1.898288494E-3
2.002655200E1,-3.989983350E-3,-3.550667316E-4,4.082429223E-3
2.003662300E1,-4.478938878E-3,1.924864948E-3,3.709852695E-3
2.004666300E1,-2.214282751E-3,1.316189766E-3,6.912273820E-4
2.005670400E1,-2.281127498E-3,-2.055903897E-3,3.284879960E-3
2.006674400E1,-2.440029755E-3,-1.878688112E-3,2.558044391E-3
2.007678400E1,-9.555853903E-4,-4.589930177E-5,8.610780933E-4
2.008682400E1,2.523842268E-3,-8.226446807E-4,2.755330643E-4
2.009689500E1,-2.000868320E-3,-1.833846793E-3,6.526366924E-4
2.010693500E1,1.464433037E-3,-1.022296026E-3,5.712353159E-4
2.011697600E1,2.574172802E-3,-1.753333956E-3,3.137076274E-4
2.012701600E1,2.032040618E-3,-1.696757972E-3,9.782263078E-6
2.013705600E1,4.447793588E-3,1.174662262E-3,2.039110987E-3
2.014709700E1,5.561447702E-3,1.141017303E-3,2.689562971E-4
2.015713700E1,7.874136791E-3,-1.536792144E-3,-1.076206332E-3
2.016720800E1,6.661409512E-3,4.141479731E-4,-2.641303930E-3
2.017724800E1,6.799894385E-3,-1.180553809E-3,-3.077529604E-3
2.018728800E1,5.389035679E-3,-4.658179358E-3,-1.863362268E-3
2.019732900E1,3.399387933E-3,-3.014476039E-3,1.840759069E-4
2.020736900E1,1.782414503E-3,8.147526532E-4,1.161125489E-3
2.021740900E1,-1.194732264E-3,1.705579460E-3,1.990966499E-3
2.022744900E1,-9.980052710E-6,1.617047936E-3,2.321788808E-3
2.023752000E1,-8.209124207E-4,9.896066040E-4,1.873578876E-3
2.024756000E1,1.000065356E-3,-2.123663202E-3,2.535257954E-3
2.025760100E1,2.831521444E-3,-1.840036362E-3,2.031121636E-3
2.026764100E1,8.571349084E-3,-2.120936289E-3,1.370486862E-4
2.027768100E1,4.200036637E-3,-2.160882577E-3,-3.043830860E-3
2.028772200E1,5.891409703E-3,-6.757117808E-4,-2.078261459E-3
2.029779200E1,1.851128414E-3,-1.645103097E-3,-1.931254985E-3
2.030783300E1,1.694796607E-3,9.601600468E-4,-1.471941825E-3
2.031787300E1,-4.855338484E-4,-5.509164184E-4,-1.348104910E-3
2.032791300E1,-2.377167344E-3,2.043748274E-3,-8.480662364E-4
2.033795400E1,-8.903238922E-4,5.989838392E-4,-5.692332634E-4
2.034799400E1,-1.276481897E-3,-1.817910001E-3,-1.410903060E-4
2.035803400E1,1.562713645E-3,-2.613930032E-3,2.464280231E-3
2.036810500E1,4.527028650E-4,-1.405343413E-3,2.518980065E-3
2.037814500E1,2.459127456E-3,-4.045601934E-3,1.881152857E-3
2.038818500E1,2.877955325E-3,1.812577248E-4,4.079496721E-4
2.039822600E1,5.081721582E-3,2.044139430E-3,-1.108986908E-3
2.040826600E1,5.790194497E-3,-2.813289873E-3,-1.578462194E-3
2.041830600E1,6.784618832E-3,-1.870265231E-3,-3.091670340E-3
2.042834700E1,8.463045582E-3,-1.809490845E-3,-2.804471413E-3
2.043841700E1,1.098932046E-2,-1.354273409E-4,-4.638057668E-3
2.044845800E1,7.735729218E-3,1.014424488E-3,-6.373990327E-3
2.045849800E1,9.778372943E-3,-3.618989140E-4,-7.504235953E-3
2.046853800E1,1.117627788E-2,-3.427524120E-3,-8.115530945E-3
2.047857900E1,8.541346528E-3,-2.212056890E-3,-1.002821326E-2
2.048861900E1,8.050955832E-3,1.917388290E-4,-7.493167650E-3
2.049869000E1,7.661601529E-3,5.731042475E-4,-8.119011298E-3
2.050873000E1,5.454297177E-3,-1.236157492E-3,-8.841833100E-3
2.051877000E1,6.360038184E-3,9.596180171E-4,-7.485485636E-3
2.052881000E1,6.164475344E-3,-1.454655081E-3,-7.798348088E-3
2.053885100E1,6.620408036E-3,-4.016615450E-3,-1.056084502E-2
2.054889100E1,6.981978193E-3,6.419401616E-4,-1.089901011E-2
2.055893100E1,5.989683792E-3,-9.876471013E-4,-1.067849994E-2
2.056900200E1,4.111178219E-3,-1.826304942E-4,-1.039110962E-2
2.057904200E1,3.185196780E-3,1.550555229E-3,-8.841948584E-3
2.058908300E1,4.501064308E-3,3.108844161E-3,-8.272831328E-3
2.059912300E1,8.181482553E-5,4.522714764E-3,-9.440361522E-3
2.060916300E1,2.002842724E-3,8.850730956E-5,-1.075114589E-2
2.061920400E1,1.718949527E-3,3.133298829E-3,-8.159889840E-3
2.062924400E1,2.981724218E-3,4.540720955E-3,-7.747473195E-3
2.063931500E1,-7.746648043E-4,2.000864595E-3,-9.674536996E-3
2.064935500E1,-6.223283708E-4,2.800529823E-3,-9.874631651E-3
2.065939500E1,8.207745850E-5,-3.809168935E-3,-1.002829615E-2
2.066943500E1,-1.286789775E-3,3.177467734E-4,-1.056882646E-2
2.067947600E1,-5.347132683E-4,-1.532085240E-3,-1.499340218E-2
2.068951600E1,2.110166475E-3,-1.769950613E-3,-1.583253965E-2
2.069958700E1,6.685964763E-4,-2.391798422E-3,-1.766292937E-2
2.070962700E1,1.846779138E-3,-7.295347750E-4,-1.875598170E-2
2.071966700E1,3.580497578E-3,-4.308024421E-3,-2.022365108E-2
2.072970800E1,3.840868361E-3,-9.521003813E-4,-1.937467046E-2
2.073974800E1,2.675735392E-3,-5.570820533E-3,-2.230201662E-2
2.074978800E1,3.281603567E-3,-5.110552534E-3,-2.263987809E-2
2.075982900E1,4.066436552E-3,-4.066859372E-3,-2.050775103E-2
2.076989900E1,5.591891706E-3,-3.564690240E-3,-2.184234373E-2
2.077994000E1,2.156680450E-3,-1.901280135E-3,-2.140718326E-2
2.078998000E1,9.275441989E-4,-7.325392216E-4,-1.952187344E-2
2.080002000E1,6.875935942E-4,-1.303521916E-3,-1.818150468E-2
2.081006000E1,6.716325879E-5,-1.348052174E-4,-1.637008041E-2
2.082010100E1,-2.316365018E-3,-2.814744599E-3,-1.407150645E-2
2.083014100E1,-2.977982163E-3,-6.427913904E-4,-1.293880586E-2
2.084021200E1,-4.277396947E-4,3.843836486E-3,-1.159071364E-2
2.085025200E1,-1.503229141E-4,1.024074852E-3,-1.057431195E-2
2.086029200E1,1.510423608E-3,3.850221634E-3,-8.520215750E-3
2.087033300E1,3.123146482E-3,7.651507854E-3,-7.922013290E-3
2.088037300E1,7.178874686E-3,7.420878857E-3,-5.524635315E-3
2.089041300E1,5.964201875E-3,5.633601919E-3,-5.018090829E-3
2.090048400E1,4.915715195E-3,1.002728380E-2,-5.174152087E-3
2.091052400E1,1.272432506E-3,9.183818474E-3,-2.668086672E-3
2.092056500E1,3.871973604E-4,4.902252927E-3,-5.592503585E-3
2.093060500E1,-1.079414040E-3,3.009734675E-3,-6.266788580E-3
2.094065975E1,-1.380085945E-3,4.185786471E-3,-6.035359576E-3
2.095069975E1,-9.064879268E-4,4.140367731E-3,-7.016260643E-3
2.096074075E1,6.296243519E-4,5.412293598E-3,-6.193876266E-3
2.097081175E1,5.009975284E-4,2.609951422E-3,-6.189798936E-3
2.098085175E1,3.012357280E-3,4.617443308E-3,-7.072636858E-3
2.099089175E1,1.662401482E-3,4.305586219E-3,-6.670233328E-3
2.100093175E1,3.780946136E-3,7.734939456E-3,-1.037149411E-2
2.101097275E1,2.250598744E-3,5.461525172E-3,-8.847033605E-3
2.102101275E1,1.349118538E-3,1.005894132E-2,-1.005131565E-2
2.103105275E1,-2.505457029E-3,1.067699492E-2,-1.092213672E-2
2.104112375E1,-1.498781145E-3,6.183443591E-3,-1.274480484E-2
2.105116375E1,-7.384002209E-3,5.679443479E-3,-1.087293401E-2
2.106120475E1,-6.382122636E-3,5.043214187E-3,-1.166096330E-2
2.107124475E1,-7.995018736E-3,3.534527496E-3,-1.187148131E-2
2.108128475E1,-5.254624411E-3,6.502354518E-3,-1.359401364E-2
2.109132475E1,-5.363103002E-3,1.858482137E-3,-1.188527048E-2
2.110139575E1,-6.055790931E-3,3.212166950E-3,-1.306691580E-2
2.111143675E1,-6.338091567E-3,7.299333811E-5,-1.330668200E-2
2.112147675E1,-4.071209580E-3,-6.838776171E-4,-1.237590704E-2
2.113151675E1,-7.173970342E-3,1.842591912E-3,-1.226934604E-2
2.114155675E1,-4.436241463E-3,2.444200218E-3,-1.223951858E-2
2.115159775E1,-4.630021751E-3,3.825496882E-3,-9.952212684E-3
2.116163775E1,-4.643069580E-3,3.149585798E-3,-9.934635833E-3
2.117170875E1,-6.246294826E-3,1.259855926E-4,-8.447339758E-3
2.118174875E1,-4.461977631E-3,-1.800280064E-3,-7.504580542E-3
2.119178875E1,-3.345053643E-3,-2.666767687E-4,-7.322766352E-3
2.120182975E1,-5.199678242E-3,-3.015592694E-3,-4.680111539E-3
2.121186975E1,-1.786388457E-3,-4.847317003E-3,-2.443451202E-3
2.122190975E1,-4.347285256E-3,-8.308894001E-3,-1.003213576E-3
2.123194975E1,-1.757184044E-3,-9.431634098E-4,3.727268195E-4
2.124202075E1,-5.755387247E-4,-1.775134355E-3,1.031060237E-3
2.125206175E1,-1.346079633E-3,3.356132656E-3,9.901046287E-4
2.126210175E1,2.081412822E-4,2.744404599E-3,4.076712066E-4
2.127214175E1,2.480801195E-4,3.058439121E-3,7.063152152E-4
2.128218175E1,2.544790506E-3,2.854442224E-3,7.381447358E-5
2.129222275E1,-8.786972612E-4,-6.097741425E-4,-1.253997034E-4
2.130229275E1,1.905299723E-5,8.938461542E-4,1.168630319E-3
2.131233375E1,-4.480648786E-4,-1.702735201E-3,7.276107790E-4
2.132237375E1,-8.315593004E-4,-3.644712269E-3,-1.654586755E-3
2.133241375E1,-1.144595444E-4,6.458349526E-5,-7.965394761E-4
2.134245475E1,2.268270589E-3,-1.365799457E-3,-2.844244009E-3
2.135249475E1,-7.772333920E-4,-3.942024894E-3,-3.221672494E-3
2.136253475E1,-2.677701414E-4,2.049282193E-5,-8.128433838E-4
2.137260575E1,-1.346096396E-4,-1.690750942E-3,-1.800528029E-3
2.138264575E1,-2.271797508E-3,-1.160249114E-3,-1.006323146E-4
2.139268675E1,-2.159141004E-3,-8.950717747E-4,-2.276262501E-3
2.140272675E1,1.210570335E-4,-6.709434092E-5,-4.109316040E-3
2.141276675E1,5.164388567E-4,-3.047238104E-3,-5.333275185E-4
2.142280675E1,1.105740666E-4,-6.755690090E-3,-6.771382177E-4
2.143287775E1,2.605606802E-3,-4.670332186E-3,-1.301962184E-3
2.144291775E1,3.270065412E-3,-7.637422532E-4,-3.904669546E-3
2.145295875E1,2.328898758E-3,-2.657622099E-4,3.028708161E-4
2.146299875E1,3.320127726E-3,-1.580031589E-3,7.409607642E-4
2.147303875E1,3.254617564E-3,-8.155182004E-4,1.849009655E-3
2.148307975E1,3.474328667E-3,5.453582853E-4,2.382440958E-3
2.149311975E1,2.999396063E-3,4.098471254E-4,3.777380800E-3
2.150319075E1,3.821247257E-3,-2.012031153E-3,2.349660266E-3
2.151323075E1,6.397147663E-3,6.945058703E-5,5.163047463E-3
2.152327075E1,4.840264097E-3,-1.570524648E-3,5.649074446E-3
2.153331175E1,6.836744025E-3,1.020161435E-3,5.508876406E-3
2.154335175E1,7.470310666E-3,-9.953193367E-4,5.659078714E-3
2.155339175E1,9.532490745E-3,-2.212263644E-5,5.489003845E-3
2.156343175E1,8.951389231E-3,-1.930544153E-3,4.761694465E-3
2.157350275E1,8.719250560E-3,-6.684362888E-4,4.198284820E-3
2.158354275E1,9.698495269E-3,-9.438078851E-4,2.947930945E-3
2.159358375E1,1.000138372E-2,-2.984054387E-3,2.861507703E-3
2.160362375E1,9.399243630E-3,-2.655953169E-3,3.266308224E-3
2.161366375E1,1.144871861E-2,-1.440450549E-3,2.704359824E-3
2.162370475E1,9.083565325E-3,2.038171515E-3,2.236975124E-3
2.163377475E1,1.009841077E-2,-1.869486645E-3,2.761222655E-3
2.164381575E1,8.631275035E-3,-3.117443062E-3,3.773490200E-3
2.165385575E1,4.903915338E-3,-3.442805260E-3,3.932307940E-3
2.166389575E1,4.116685130E-3,-2.102436498E-3,6.040466484E-3
2.167393675E1,1.982959919E-3,-4.065353423E-4,7.417853456E-3
2.168397675E1,-3.544986248E-5,2.656897530E-3,1.000511460E-2
2.169401675E1,-5.887635052E-4,2.982223406E-3,9.767754003E-3
2.170408775E1,-2.638066188E-3,3.406198695E-3,1.108175702E-2
2.171412775E1,-4.503527656E-3,5.589429289E-3,1.206407323E-2
2.172416775E1,-3.492059186E-3,-8.311867714E-4,1.026590727E-2
2.173420875E1,-2.947879955E-3,2.866799012E-3,8.690828457E-3
2.174424875E1,-2.961726859E-3,3.891050816E-3,1.007220987E-2
2.175428875E1,-3.534311429E-3,3.564236686E-3,8.306017146E-3
2.176432975E1,-2.666652203E-3,4.566833377E-5,8.494835347E-3
2.177439975E1,-6.205104291E-3,5.307849497E-4,9.391183034E-3
2.178444075E1,-8.887706324E-3,1.341983676E-3,1.117763110E-2
2.179448075E1,-1.170746237E-2,4.670022056E-3,1.110431552E-2
2.180452075E1,-1.406675763E-2,4.822887480E-3,1.074612048E-2
2.181456175E1,-1.361694932E-2,5.822904408E-3,1.096183620E-2
2.182460175E1,-1.329763606E-2,4.781074822E-3,1.070803683E-2
2.183467275E1,-1.292106882E-2,5.515459925E-3,9.434967302E-3
2.184471275E1,-1.159108616E-2,1.873055473E-3,8.303656243E-3
2.185475275E1,-1.210356317E-2,9.280629456E-5,7.786967792E-3
2.186479275E1,-1.228732243E-2,-3.301035613E-4,5.725414492E-3
2.187483375E1,-1.045178063E-2,-5.022548139E-4,4.891772289E-3
2.188487375E1,-1.144593768E-2,-2.333978191E-3,4.514135886E-3
2.189491375E1,-1.222091913E-2,-5.908645689E-4,3.341107629E-3
2.190498475E1,-1.427821070E-2,-4.693730734E-3,3.733923659E-3
2.191502475E1,-1.322289184E-2,-5.100809969E-3,4.337467719E-3
2.192506575E1,-1.434328407E-2,-6.554611027E-4,7.191044744E-3
2.193507879E1,-1.349178143E-2,-4.161655903E-3,6.836126093E-3
2.194511879E1,-1.520765387E-2,-2.088118345E-3,6.166341249E-3
2.195515979E1,-1.555963978E-2,-3.563323058E-3,5.276207812E-3
2.196519979E1,-1.437213831E-2,-5.848848261E-3,4.291105084E-3
2.197527079E1,-1.404394209E-2,-3.812867217E-3,4.785662983E-3
2.198531079E1,-1.250090636E-2,-7.661667652E-3,3.760079155E-3
2.199535079E1,-1.038928889E-2,-6.864354946E-3,8.228937513E-4
2.200539079E1,-1.282714680E-2,-5.245686509E-3,8.790864958E-4
2.201543179E1,-1.240423508E-2,-7.231228054E-3,3.926071804E-4
2.202547179E1,-1.117704995E-2,-4.929990508E-3,4.804932047E-3
2.203554279E1,-1.470476016E-2,-6.276939064E-3,1.887136139E-3
2.204558279E1,-1.316997968E-2,-1.774597913E-3,8.189422078E-4
2.205562279E1,-1.551196910E-2,3.183633089E-3,1.260775607E-3
2.206566379E1,-1.527627744E-2,-4.113689065E-4,-2.374705626E-3
2.207570379E1,-1.597269066E-2,-1.741234213E-3,-1.602842472E-3
2.208574379E1,-1.286265254E-2,-2.836864442E-4,-6.017602282E-4
2.209578479E1,-1.471239515E-2,-3.847221844E-3,-2.160660224E-3
2.210585479E1,-1.395845413E-2,-3.167316318E-3,-1.430421602E-3
2.211589579E1,-1.241932623E-2,-2.130094916E-3,1.919871895E-3
2.212593579E1,-1.201532409E-2,-5.867928267E-4,-2.442126861E-4
2.213597579E1,-1.205580309E-2,-1.529362053E-3,1.894478337E-3
2.214601579E1,-1.080278493E-2,-9.546522051E-4,3.716879524E-3
2.215605679E1,-1.050957292E-2,2.767991275E-3,4.537492990E-3
2.216609679E1,-1.092476025E-2,-1.550856978E-3,4.756937735E-3
2.217616779E1,-7.876150310E-3,-4.991367459E-4,5.368248094E-3
2.218620779E1,-8.389873430E-3,-1.280775294E-3,6.437507458E-3
2.219624779E1,-6.212297827E-3,1.041088253E-4,6.870781537E-3
2.220628879E1,-3.959795460E-3,-9.137503803E-4,1.030439511E-2
2.221632879E1,-5.201537162E-3,-4.862751812E-4,8.518594317E-3
2.222636879E1,-3.355966881E-3,8.120145649E-4,1.216339692E-2
2.223643979E1,-4.857720807E-3,3.804303706E-4,1.225136034E-2
2.224647979E1,-3.574343398E-3,3.047976643E-4,1.183004770E-2
2.225652079E1,-3.458768129E-3,-3.477185965E-4,1.452065445E-2
2.226656079E1,-3.173809499E-3,3.926387057E-3,1.412890386E-2
2.227660079E1,-1.887766644E-3,3.283062950E-3,1.285348088E-2
2.228664079E1,-6.965342909E-4,5.425309762E-3,1.367160399E-2
2.229668179E1,1.501108520E-3,3.518966958E-3,1.270196680E-2
2.230675279E1,2.512576990E-3,-2.057692036E-3,1.182525419E-2
2.231679279E1,1.970711164E-3,-9.216368198E-5,1.321643218E-2
2.232683279E1,2.305470407E-3,2.189099789E-3,1.231947914E-2
2.233687279E1,4.331868142E-3,1.304544508E-3,1.179981884E-2
2.234691379E1,2.153668553E-3,-6.741825491E-4,1.386350207E-2
2.235695379E1,3.992403857E-3,3.370637074E-3,1.347148698E-2
2.236702479E1,1.661606133E-3,3.286747262E-3,1.652799733E-2
2.237706479E1,4.541453905E-3,4.243366420E-4,1.583984494E-2
2.238710479E1,7.932189852E-3,3.105076030E-3,1.374367159E-2
2.239714579E1,7.956072688E-3,-4.249513149E-4,1.335738599E-2
2.240718579E1,8.113198914E-3,-3.160275519E-4,1.255257893E-2
2.241722579E1,9.010954760E-3,-1.674389467E-3,9.333695285E-3
2.242726579E1,6.010371260E-3,-5.507477559E-3,1.023091376E-2
2.243733679E1,6.594135426E-3,-1.895431429E-3,9.061253630E-3
2.244737779E1,5.708901212E-3,-1.757213846E-3,8.276153356E-3
2.245741779E1,4.597389139E-3,-6.268641911E-3,6.441256031E-3
2.246745779E1,3.831996582E-3,-9.726788849E-4,8.746488020E-3
2.247749779E1,6.788723171E-3,-3.946902230E-3,8.411326446E-3
2.248753879E1,7.978357375E-3,-3.094957210E-3,6.035254803E-3
2.249757879E1,5.455459468E-3,7.714238018E-4,3.199123545E-3
2.250764979E1,8.197982796E-3,-1.626752317E-3,4.944559187E-3
2.251768979E1,7.453271188E-3,-4.314115271E-3,7.191448007E-3
2.252772979E1,6.785350852E-3,-1.807548106E-3,1.029829215E-2
2.253777079E1,7.737430744E-3,5.408059806E-4,1.146677323E-2
2.254781079E1,3.932572901E-3,-6.237942725E-4,1.352779288E-2
2.255785079E1,4.221525975E-3,1.792561263E-3,1.200615894E-2
2.256792179E1,4.994925112E-4,9.432788938E-4,1.349939313E-2
2.257796179E1,-2.638604492E-4,6.861239672E-5,1.209794078E-2
2.258800279E1,3.195320256E-3,1.178883016E-3,1.133308094E-2
2.259804279E1,2.838546410E-3,1.798685640E-3,8.885732852E-3
2.260808279E1,3.854808398E-3,-1.615751535E-3,9.090264328E-3
2.261812279E1,1.968225464E-3,-1.549754292E-3,7.901446894E-3
2.262816379E1,2.049451694E-3,3.527030349E-3,6.339502987E-3
2.263823379E1,2.820879221E-3,2.005357295E-3,6.081289612E-3
2.264827479E1,-1.983994618E-3,1.347823068E-3,5.399520509E-3
2.265831479E1,-2.508638427E-3,3.910917789E-3,5.454478320E-3
2.266835479E1,-1.979468390E-3,3.908256069E-3,5.680047907E-3
2.267839579E1,-3.452019766E-3,4.244333133E-3,6.614284124E-3
2.268843579E1,-3.349220380E-3,5.017714575E-3,5.542361643E-3
2.269847579E1,-1.353092492E-3,2.504769713E-3,6.721876562E-3
2.270854679E1,-1.263611019E-3,2.272276208E-3,6.800972391E-3
2.271858679E1,-1.879418269E-3,2.472918481E-3,6.991198286E-3
2.272862779E1,1.304123551E-3,3.741914406E-3,6.439924240E-3
2.273866779E1,4.125200212E-5,3.858635202E-3,8.334857412E-3
2.274870779E1,7.986649871E-5,8.599162102E-4,6.845618133E-3
2.275874779E1,2.533332445E-3,9.158421308E-4,6.769870408E-3
2.276881879E1,3.283545375E-3,3.595516086E-3,6.525924895E-3
2.277885879E1,2.701393329E-3,2.717429772E-3,7.143777329E-3
2.278889979E1,1.284325495E-3,3.785889596E-3,6.612476893E-3
2.279893979E1,1.209758222E-3,3.391934559E-3,7.035825402E-3
2.280897979E1,9.194742888E-4,1.670466736E-3,4.728728905E-3
2.281902079E1,4.021096975E-4,4.484578967E-4,5.075414665E-3
2.282906079E1,1.698802225E-3,-5.185361952E-4,4.981138743E-3
2.283913179E1,-6.559640169E-4,-5.859239958E-3,4.858367145E-3
2.284917179E1,5.267448723E-4,-4.527126439E-3,2.103593200E-3
2.285921179E1,8.069109172E-4,-5.862851627E-3,2.094882075E-3
2.286925279E1,2.048211172E-3,-3.594105132E-3,2.111127367E-3
2.287929279E1,1.609940082E-3,-1.048080623E-3,2.934157848E-3
2.288933279E1,1.384370960E-3,3.608990461E-3,6.260978989E-3
2.289937279E1,1.068877056E-3,-1.428121701E-3,3.422714770E-3
2.290944379E1,4.036203027E-4,-4.475452006E-4,4.676264711E-3
2.291948379E1,-1.644974574E-3,2.431873232E-3,4.346432630E-3
2.292952479E1,-2.150708809E-3,-1.010596752E-4,2.496600617E-3
2.293957088E1,-2.089811489E-3,-5.418871529E-3,2.795937005E-3
2.294961087E1,-1.129742712E-3,-9.133350104E-4,4.459637566E-4
2.295965187E1,-1.417716965E-3,-2.989606932E-3,1.919396163E-4
2.296972188E1,-9.532608092E-4,-2.720361575E-3,-3.223167732E-4
2.297976287E1,2.378884703E-3,-3.506910987E-3,-1.146642957E-3
2.298980287E1,-2.171657979E-4,-1.364929602E-3,-1.187389251E-3
2.299984287E1,3.461904824E-3,-3.461826593E-3,-3.003701568E-3
2.300988387E1,1.881584525E-3,-1.769121736E-3,-2.776898909E-4
2.301992387E1,1.214284450E-3,6.998181343E-4,3.188945702E-4
2.302996388E1,2.962649800E-3,-1.689037308E-3,6.962267798E-5
2.304003487E1,2.793715335E-3,-4.380034283E-3,1.350801031E-4
2.305007487E1,4.943951964E-3,3.294130787E-3,-9.189990815E-4
2.306011487E1,2.564949915E-3,2.320818603E-3,-1.420376706E-3
2.307015588E1,8.336286992E-4,-1.173248515E-3,7.114837645E-4
2.308019588E1,2.252561040E-3,-6.335005164E-4,1.603679266E-5
2.309023587E1,5.821730010E-3,5.007404834E-4,7.646513986E-4
2.310027687E1,2.522428520E-3,4.654377699E-4,-4.047933908E-5
2.311034688E1,2.575691789E-3,7.562544197E-4,-1.650360180E-3
2.312038787E1,5.034413189E-3,1.257108524E-3,-2.052458702E-3
2.313042787E1,3.908162937E-3,2.042742446E-3,-7.429823163E-4
2.314046787E1,3.732122481E-3,5.945023149E-4,-6.970284157E-4
2.315050887E1,3.903629258E-3,-1.290794462E-4,-1.773478230E-3
2.316054887E1,2.294996753E-3,-2.447312698E-3,-9.296893841E-4
2.317061987E1,1.541055739E-3,8.470173925E-4,-4.244877200E-4
2.318065987E1,1.144245267E-3,-1.723539084E-3,2.956034616E-3
2.319069987E1,2.499558032E-4,1.388080418E-4,2.573604695E-3
2.320073987E1,4.344210029E-4,3.783427179E-3,2.309380565E-3
2.321078088E1,1.586237922E-3,-2.323538065E-4,2.662249375E-3
2.322082088E1,5.808237009E-3,-2.196924761E-3,6.080003805E-4
2.323086087E1,5.770686083E-3,2.092421055E-4,9.334387141E-4
2.324093187E1,1.033756416E-2,-1.198463142E-3,1.705069561E-3
2.325097188E1,8.937274106E-3,-2.628048882E-3,1.651806291E-3
2.326101287E1,4.084460437E-3,-6.546080112E-5,2.957497723E-3
2.327105287E1,1.800799742E-3,-2.215225250E-4,4.644343629E-3
2.328109287E1,-5.102911964E-3,2.465173602E-3,8.073656820E-3
2.329113387E1,-7.720001042E-3,6.360048428E-3,8.832657710E-3
2.330120387E1,-1.066270471E-2,1.053979248E-2,1.128040906E-2
2.331124487E1,-1.214075834E-2,1.588502154E-2,1.132301986E-2
2.332128487E1,-1.184461638E-2,1.799405552E-2,1.075799204E-2
2.333132487E1,-1.214981452E-2,1.902442984E-2,1.171007194E-2
2.334136487E1,-1.337495446E-2,1.479448937E-2,1.193686016E-2
2.335140588E1,-1.615209691E-2,1.182346791E-2,1.295924746E-2
2.336144588E1,-2.058572881E-2,8.006092161E-3,1.630471088E-2
2.337151687E1,-2.957416512E-2,4.886198789E-3,1.626583003E-2
2.338155687E1,-4.214259982E-2,-1.479312778E-4,1.682307571E-2
2.339159688E1,-5.365597457E-2,-1.850223169E-3,1.712800749E-2
2.340163787E1,-5.830577016E-2,-1.418400835E-2,1.741610467E-2
2.341167787E1,-5.984534323E-2,-9.181792848E-3,1.674631983E-2
2.342171787E1,-5.512249470E-2,-1.010871772E-2,1.806119643E-2
2.343175887E1,-4.506080598E-2,-3.600218333E-3,2.058720402E-2
2.344182887E1,-3.338514641E-2,-1.085966453E-2,2.061726153E-2
2.345186987E1,-2.181850746E-2,-1.085620280E-2,1.435244270E-2
2.346190987E1,-1.049865410E-2,-4.673249088E-3,8.323235437E-3
2.347194987E1,6.131194532E-4,-5.594640970E-4,5.728783552E-3
2.348198987E1,9.713143110E-3,-6.424058229E-4,1.743553788E-3
2.349203088E1,1.798572019E-2,5.606967956E-3,-7.401102921E-4
2.350210187E1,2.395342104E-2,-1.466810703E-3,2.633123659E-4
2.351214187E1,2.836494707E-2,-3.051658161E-3,7.165823481E-4
2.352218187E1,3.200841695E-2,-4.226911813E-3,2.063609194E-3
2.353222188E1,3.157538921E-2,-6.229075603E-3,1.838838449E-3
2.354226287E1,2.840702049E-2,-1.257187501E-2,4.656441975E-3
2.355230287E1,2.439443581E-2,-1.459694281E-2,2.020178828E-3
2.356234287E1,1.833894476E-2,-1.964102127E-2,-3.334618174E-3
2.357241388E1,1.456923969E-2,-1.740396582E-2,-9.826871566E-3
2.358245387E1,9.752910584E-3,-1.360130869E-2,-1.271410100E-2
2.359249487E1,6.064432673E-3,-7.520512678E-3,-2.088893950E-2
2.360253487E1,2.199210227E-3,-5.407590419E-3,-2.461468428E-2
2.361257487E1,1.187492162E-4,-3.198869526E-4,-2.840835787E-2
2.362261487E1,-2.690263093E-3,-1.521185040E-4,-3.207593039E-2
2.363265588E1,-6.364893168E-3,1.836996526E-3,-3.534629196E-2
2.364272687E1,-8.071359247E-3,1.045012847E-3,-3.490009531E-2
2.365276687E1,-8.344067261E-3,1.653278247E-3,-3.487319872E-2
2.366280687E1,-1.014241017E-2,6.236283109E-3,-3.149282932E-2
2.367284688E1,-2.874378115E-3,6.651736796E-3,-3.077990189E-2
2.368288787E1,-2.975929528E-4,1.023345068E-2,-2.311427705E-2
2.369292787E1,7.282296196E-3,1.539785042E-2,-1.849369332E-2
2.370299888E1,1.647108421E-2,2.175857686E-2,-1.035720948E-2
2.371303888E1,2.904040739E-2,2.686998062E-2,-1.452664612E-3
2.372307887E1,4.029937088E-2,3.044224344E-2,8.392686024E-3
2.373311987E1,5.395312607E-2,3.536456823E-2,1.602876931E-2
2.374315987E1,6.193799898E-2,3.787196428E-2,2.569016628E-2
2.375319987E1,6.907659769E-2,3.723280504E-2,3.033391945E-2
2.376323987E1,6.798105687E-2,3.218527511E-2,3.080599569E-2
2.377331087E1,6.645239890E-2,2.524294704E-2,2.874018066E-2
2.378335187E1,5.909337848E-2,1.348786242E-2,2.198794670E-2
2.379339187E1,5.141521990E-2,8.471800014E-3,1.289112121E-2
2.380343187E1,4.655247182E-2,-1.829141751E-3,6.899185944E-3
2.381347188E1,4.111748934E-2,-8.560547605E-3,-3.049851395E-3
2.382351287E1,3.548366576E-2,-1.045021880E-2,-9.439097717E-3
2.383355287E1,3.423197567E-2,-1.814142801E-2,-1.598701254E-2
2.384362388E1,3.039614111E-2,-2.132246643E-2,-2.094760537E-2
2.385366388E1,2.561736479E-2,-2.224498615E-2,-2.469627187E-2
2.386370387E1,1.777727902E-2,-1.987266541E-2,-2.263803035E-2
2.387374487E1,1.352900546E-2,-2.160558291E-2,-2.260154486E-2
2.388378487E1,5.303745158E-3,-1.155332755E-2,-1.995803416E-2
2.389382487E1,-2.451114357E-3,-6.038187072E-3,-1.767543890E-2
2.390389587E1,-9.205073118E-3,-6.514983252E-3,-1.711119711E-2
2.391393587E1,-1.471701823E-2,-7.100878283E-3,-1.672317460E-2
2.392397687E1,-1.717964187E-2,-6.770646200E-3,-1.860043593E-2
2.393401687E1,-1.747312397E-2,1.514447853E-3,-1.896209270E-2
2.394403300E1,-1.923009381E-2,2.787139267E-3,-1.928672567E-2
2.395407300E1,-2.028843388E-2,1.952238381E-3,-2.134987526E-2
2.396411400E1,-1.646395773E-2,4.199389368E-4,-2.069531009E-2
2.397418500E1,-1.362422667E-2,2.058316022E-3,-1.992432401E-2
2.398422500E1,-1.151411794E-2,2.412091941E-3,-2.182880975E-2
2.399426500E1,-5.045298487E-3,-3.456183709E-3,-2.602302097E-2
2.400430500E1,-2.598917112E-3,-9.372830391E-6,-2.982049622E-2
2.401434600E1,7.574651390E-4,-3.156430088E-3,-3.413002566E-2
2.402438600E1,2.715859562E-3,-6.057808176E-3,-3.359532356E-2
2.403445700E1,7.011778653E-4,-1.320972759E-2,-3.500147164E-2
2.404449700E1,1.071268693E-3,-1.517258491E-2,-3.461073339E-2
2.405453700E1,4.416464828E-3,-2.027626708E-2,-3.453749418E-2
2.406457800E1,8.470689878E-3,-2.239415795E-2,-3.318774328E-2
2.407461800E1,1.794328727E-2,-2.077069506E-2,-3.265351057E-2
2.408465800E1,2.506786212E-2,-2.270418033E-2,-3.019353189E-2
2.409469800E1,3.205839545E-2,-2.150202915E-2,-2.841480635E-2
2.410476900E1,3.564052284E-2,-2.330523729E-2,-2.603727207E-2
2.411481000E1,3.890422359E-2,-1.765481010E-2,-2.468385361E-2
2.412485000E1,3.988267109E-2,-1.459343731E-2,-2.239556797E-2
2.413489000E1,3.904537112E-2,-9.980309755E-3,-2.088502422E-2
2.414493000E1,3.688732535E-2,-5.536203273E-3,-1.892977208E-2
2.415497100E1,3.015405312E-2,-4.693046212E-3,-1.989356987E-2
2.416501100E1,2.546928823E-2,-5.544662476E-3,-2.263652720E-2
2.417508200E1,2.176003717E-2,-7.822464220E-3,-2.167459391E-2
2.418512200E1,1.900384389E-2,-9.083778597E-3,-2.351601608E-2
2.419516200E1,1.633935235E-2,-1.096396986E-2,-2.583802678E-2
2.420520300E1,1.672444493E-2,-1.260207966E-2,-2.904234268E-2
2.421524300E1,1.616571285E-2,-1.172749884E-2,-2.874406800E-2
2.422528300E1,1.895830408E-2,-5.979597569E-3,-2.964821085E-2
2.423535400E1,1.900650747E-2,-5.041898228E-3,-2.920799144E-2
2.424539400E1,2.102385089E-2,-3.867178224E-3,-2.817122266E-2
2.425543500E1,2.107551694E-2,-1.831723377E-3,-2.943648957E-2
2.426547500E1,2.338749357E-2,-1.251921058E-4,-2.650886215E-2
2.427551500E1,2.087986097E-2,1.592338085E-4,-2.232956327E-2
2.428555500E1,1.715383492E-2,3.027930856E-3,-2.321184427E-2
2.429559600E1,1.312846784E-2,3.650577739E-3,-1.874226145E-2
2.430566600E1,9.448597208E-3,2.219829708E-3,-1.805338077E-2
2.431570700E1,8.238190785E-3,-2.194626257E-3,-1.724138297E-2
2.432574700E1,2.981466241E-3,-6.165876985E-4,-1.598176360E-2
2.433578700E1,2.403560095E-3,-1.962816343E-3,-1.585393399E-2
2.434582800E1,-1.728685573E-3,-1.860991120E-3,-1.668609306E-2
2.435586800E1,-1.324418932E-3,-2.582175657E-3,-1.738117635E-2
2.436590800E1,3.681983799E-4,-3.310854547E-3,-1.874536090E-2
2.437597900E1,-5.692355335E-4,-2.557445318E-3,-1.650910638E-2
2.438601900E1,3.286932595E-3,-2.583002672E-3,-1.321277861E-2
2.439606000E1,-8.066128939E-4,-2.319626510E-4,-1.131687500E-2
2.440610000E1,-1.124242321E-3,-1.720957458E-3,-7.918667048E-3
2.441614000E1,-3.145048395E-3,1.104654744E-3,-6.563649978E-3
2.442618000E1,-4.435792565E-3,4.213955253E-4,-3.143940819E-3
2.443625100E1,-5.012100562E-3,6.110128015E-4,-2.877358347E-3
2.444629100E1,-5.803501233E-3,4.036353901E-3,-7.749220240E-4
2.445633200E1,-4.387764260E-3,2.299971879E-3,-2.201843774E-3
2.446637200E1,-4.154115915E-3,4.536878318E-3,-2.937465906E-3
2.447641200E1,-2.020390704E-3,3.902247176E-3,-4.481300246E-3
2.448645300E1,-6.912983954E-4,1.301616430E-4,-4.192750435E-3
2.449649300E1,1.100469381E-4,4.196465015E-4,-8.224776015E-3
2.450656400E1,8.718911558E-4,-1.040205359E-3,-9.585305117E-3
2.451660400E1,9.685633704E-4,-3.247699700E-3,-1.034883317E-2
2.452664400E1,8.217319846E-4,-1.981886104E-3,-1.011887193E-2
2.453668500E1,-1.416655257E-3,2.666208893E-4,-8.249599487E-3
2.454672500E1,2.334133722E-3,4.044117406E-3,-7.471184712E-3
2.455676500E1,8.012186736E-4,4.041187465E-3,-2.603725297E-3
2.456683600E1,2.518985420E-4,7.457870990E-3,-2.631292737E-4
2.457687600E1,1.327550039E-3,8.455086499E-4,2.184049459E-3
2.458691600E1,3.560793586E-3,1.231288537E-3,1.960523892E-3
2.459695700E1,2.407644875E-3,2.927910537E-4,3.073192667E-3
2.460699700E1,3.659507260E-3,-5.000684410E-3,1.335971989E-3
2.461703700E1,2.154022455E-3,-2.989998087E-3,3.927890793E-5
2.462707800E1,7.935213856E-3,-3.040124662E-3,1.519753132E-3
2.463714800E1,2.939656377E-3,-2.654232085E-3,3.003933001E-3
2.464718900E1,6.220669486E-3,-1.756688580E-3,2.329331124E-3
2.465722900E1,8.613253012E-3,1.096090302E-3,4.530966282E-3
2.466726900E1,7.777545601E-3,1.469261944E-3,8.717695251E-3
2.467731000E1,1.078611799E-2,3.452783450E-3,1.240111329E-2
2.468735000E1,9.967206046E-3,1.089762896E-3,1.392429974E-2
2.469739000E1,9.864408523E-3,3.095390275E-3,1.352056488E-2
2.470746100E1,9.056668729E-3,-2.541318536E-4,1.331007667E-2
2.471750100E1,7.612703368E-3,-2.959445119E-4,8.495081216E-3
2.472754100E1,4.405544139E-3,-2.577499487E-3,5.552569870E-3
2.473758200E1,4.097416066E-3,8.379667997E-5,4.543231800E-3
2.474762200E1,2.144337632E-3,-2.817736007E-3,1.158900326E-3
2.475766200E1,3.729185089E-3,-1.718383282E-3,1.405509189E-3
2.476773300E1,2.507420257E-3,-1.304088160E-3,-1.327117439E-3
2.477777300E1,2.739114687E-3,-2.150174230E-3,-1.796632772E-3
2.478781400E1,3.585030325E-3,2.931790426E-3,-1.416801009E-3
2.479785400E1,3.256396390E-3,-1.983072609E-3,-1.294029178E-3
2.480789400E1,4.222411662E-3,2.771206200E-4,-1.258592354E-3
2.481793500E1,8.504242636E-3,1.998055726E-3,-1.600542106E-3
2.482797500E1,6.103043444E-3,3.738161176E-4,8.275894797E-4
2.483804600E1,4.521657713E-3,3.288911656E-3,1.307757339E-3
2.484808600E1,5.207517184E-3,2.503596246E-3,2.284307033E-3
2.485812600E1,4.229604267E-3,3.912940621E-3,1.094406703E-3
2.486816600E1,2.891452983E-3,4.666654393E-3,2.298802370E-3
2.487820700E1,4.588685930E-3,-1.324925572E-3,1.391995931E-3
2.488824700E1,1.065137796E-3,1.290142536E-3,-1.207429916E-3
2.489828700E1,1.901370473E-3,-1.333070919E-3,8.463999839E-4
2.490835800E1,4.489078186E-3,-5.070596002E-3,-1.832851674E-3
2.491839800E1,3.694390878E-3,-4.303605296E-3,-1.598759904E-3
2.492843900E1,5.544477142E-3,-3.498722799E-3,-8.198161377E-4
2.493848475E1,6.892303005E-3,-8.190497756E-4,4.699527635E-4
2.494852475E1,8.854354732E-3,-8.586961776E-4,1.433725003E-3
2.495856575E1,6.900393404E-3,2.623654902E-3,2.382609295E-3
2.496863575E1,6.689027883E-3,-2.671399154E-3,1.378808403E-3
2.497867675E1,8.130330592E-3,1.396579668E-3,1.623286633E-3
2.498871675E1,4.932854325E-3,3.627613187E-4,9.035581024E-5
2.499875675E1,5.669217557E-3,-1.368559897E-3,2.467759652E-3
2.500879675E1,2.185093239E-3,-2.414535731E-3,2.511537168E-4
2.501883775E1,1.731291413E-3,-2.269925550E-3,-9.612245776E-5
2.502887775E1,-8.707158267E-4,-1.141652465E-3,7.459002663E-4
2.503894875E1,-1.857949421E-3,-9.094253182E-4,-9.571911651E-4
2.504898875E1,-4.826877266E-4,-4.408156499E-3,-2.451827051E-3
2.505902875E1,4.741866142E-4,-3.336766735E-3,-3.925886936E-3
2.506906975E1,1.582580619E-3,-3.048333339E-3,-4.114834592E-3
2.507910975E1,2.050231211E-3,-3.143941052E-3,-5.971590057E-3
2.508914975E1,2.349319868E-3,-5.955117755E-3,-5.985477939E-3
2.509922075E1,2.437204123E-3,3.726035357E-5,-3.685305826E-3
2.510926075E1,-6.083957851E-5,-2.157388255E-3,-2.469208324E-3
2.511930175E1,-1.993235201E-4,1.185411587E-3,-2.324066125E-3
2.512934175E1,3.872737288E-4,-1.655956730E-3,-2.142675687E-3
2.513938175E1,-7.994305342E-4,9.704511613E-4,-6.683496758E-4
2.514942175E1,-6.875786930E-4,6.229095161E-4,1.596271177E-4
2.515946275E1,1.271177083E-3,3.026679158E-3,1.745273359E-3
2.516953375E1,3.923059441E-3,1.205971465E-3,5.145829637E-4
2.517957375E1,3.471121192E-3,1.670718193E-4,4.141817917E-4
2.518961375E1,5.075776018E-3,-4.161149263E-5,-2.059558406E-3
2.519965375E1,1.375846565E-3,6.145909429E-4,-6.843019510E-4
2.520969475E1,2.548166551E-3,-5.426891148E-4,-4.567963770E-4
2.521973475E1,2.435248345E-3,-4.561375827E-4,-1.801160048E-3
2.522977475E1,1.532704569E-3,-7.575396448E-4,8.272111299E-4
2.523984575E1,-1.189876348E-4,2.298437059E-3,2.514357329E-4
2.524988575E1,1.207977533E-3,9.841229767E-4,2.396053169E-4
2.525992675E1,-1.221356913E-3,6.150081754E-4,4.073844757E-4
2.526996675E1,-1.248000190E-3,1.474684104E-3,3.788406961E-3
2.528000675E1,1.664432697E-3,1.408370212E-3,3.538335906E-3
2.529004675E1,9.504463524E-4,5.614757538E-5,3.805381712E-3
2.530011775E1,1.137400046E-3,9.488388896E-4,2.610421507E-3
2.531015875E1,7.225573063E-4,-3.966726363E-4,3.947508521E-3
2.532019875E1,3.905834630E-3,-1.275515184E-3,1.892347122E-3
2.533023875E1,4.880825058E-3,-8.679274470E-4,1.382017974E-3
2.534027875E1,4.341268912E-3,-1.976335421E-3,-4.904505331E-4
2.535031975E1,4.847090691E-3,-3.024898469E-4,-8.032604819E-4
2.536035975E1,1.002284698E-3,-1.969363540E-3,1.838861732E-3
2.537043075E1,2.233814448E-3,-2.016786486E-3,3.011996159E-3
2.538047075E1,3.986973315E-3,2.812322229E-3,3.962392220E-4
2.539051075E1,2.312299795E-3,-1.517828554E-3,2.414034680E-3
2.540055175E1,4.893701524E-3,-1.612138003E-4,7.357104332E-4
2.541059175E1,4.790281877E-3,-1.206083223E-3,-1.154278289E-3
2.542063175E1,5.023574457E-3,-2.257233486E-3,-1.319127972E-3
2.543067175E1,3.031346947E-3,-3.612266853E-3,-2.781190211E-3
2.544074275E1,2.401510254E-3,-4.558487795E-3,-1.858937554E-3
2.545078375E1,-1.008212566E-3,-2.527873963E-3,-1.787019428E-3
2.546082375E1,-2.371486276E-3,-2.750781365E-3,-1.579559175E-3
2.547086375E1,-3.530779853E-3,-3.778417595E-3,7.343048346E-4
2.548090375E1,-5.387179554E-4,-1.111261547E-3,2.084398875E-5
2.549094475E1,-2.404075116E-3,4.420734942E-3,4.816585570E-4
2.550101475E1,-1.875437796E-3,-9.788237512E-4,4.969383008E-5
2.551105575E1,3.015813418E-3,-1.719873399E-3,-1.879555406E-3
2.552109575E1,4.999868572E-3,-2.366755158E-3,-2.601538319E-3
2.553113575E1,4.296446219E-3,-2.268662676E-3,-1.879205694E-3
2.554117675E1,3.718806431E-3,2.138867974E-3,-2.766304417E-3
2.555121675E1,2.317443490E-3,-3.265147097E-3,-1.868581166E-3
2.556125675E1,1.546458341E-3,-3.167143092E-3,-1.363379415E-3
2.557132775E1,2.052200027E-3,-3.408007324E-4,-1.298636431E-3
2.558136775E1,2.657536417E-3,-1.123769209E-3,-5.462935078E-4
2.559140875E1,1.109349541E-3,1.032415777E-3,1.966623589E-3
2.560144875E1,2.326147631E-3,-3.252644092E-4,1.295773312E-3
2.561148875E1,2.095421776E-3,-1.551356167E-3,3.508452326E-3
2.562152875E1,4.696530290E-3,-6.948839873E-4,3.395268228E-3
2.563159975E1,4.000835121E-3,1.652309671E-3,2.231117338E-3
2.564163975E1,2.841827460E-3,1.246975735E-3,2.675865078E-3
2.565168075E1,4.967016168E-3,1.120939851E-5,1.770430477E-3
2.566172075E1,4.287644289E-3,8.232891560E-7,-1.628445170E-5
2.567176075E1,5.601827055E-3,1.498276368E-3,1.780971070E-3
2.568180175E1,5.898769014E-3,-4.196094349E-3,-1.358363312E-3
2.569184175E1,5.057664588E-3,-9.852405638E-4,-4.364587949E-4
2.570191275E1,4.427027889E-3,-9.359717369E-4,7.457184256E-4
2.571195275E1,3.647955135E-3,1.577511430E-4,-7.741206791E-4
2.572199275E1,2.466576174E-3,2.272833139E-3,1.710874727E-3
2.573203375E1,1.039744355E-3,2.761365846E-3,1.049822080E-3
2.574207375E1,-4.449672997E-4,6.196046248E-3,1.036772621E-3
2.575211375E1,2.810973674E-4,3.334259614E-3,1.129295444E-3
2.576215375E1,-1.447424293E-4,6.583146751E-4,1.049400656E-3
2.577222475E1,-2.385601401E-4,4.563856870E-3,-7.274259406E-5
2.578226475E1,-6.998144090E-5,1.683648676E-3,-7.540575461E-5
2.579230575E1,3.487467766E-4,1.602798700E-3,1.303398283E-3
2.580234575E1,1.939453185E-3,4.598854110E-3,1.922316849E-3
2.581238575E1,1.017208211E-3,1.613648608E-3,2.460569143E-3
2.582242675E1,1.153029501E-3,3.260547295E-3,3.179089865E-3
2.583249675E1,1.633891836E-3,2.593791112E-3,4.454308189E-3
2.584253775E1,1.303393394E-3,6.281737238E-3,6.534236483E-3
2.585257775E1,2.493917942E-3,4.328683019E-3,8.532084525E-3
2.586261775E1,3.164768219E-3,5.784900859E-3,1.104131434E-2
2.587265875E1,1.347436570E-3,5.703333765E-3,1.068980712E-2
2.588269875E1,3.133085556E-3,9.306591004E-3,1.084187347E-2
2.589273875E1,3.896958195E-3,4.348168150E-3,1.237806678E-2
2.590280975E1,4.879131913E-3,7.103741169E-3,1.228778530E-2
2.591284975E1,4.097136669E-3,6.904432550E-3,1.285615936E-2
2.592288975E1,5.865476094E-3,3.940068185E-3,1.283964794E-2
2.593293075E1,7.178233936E-3,2.482302487E-3,1.439264789E-2
2.594295087E1,9.923686273E-3,6.022442132E-3,1.392686088E-2
2.595299087E1,1.101125032E-2,6.648024544E-3,1.266224217E-2
2.596306188E1,9.985934012E-3,1.678034663E-3,1.349021867E-2
2.597310187E1,7.347610779E-3,2.894027159E-3,1.172336098E-2
2.598314287E1,5.745186470E-3,1.422630623E-3,1.048499160E-2
2.599318287E1,4.612285644E-3,3.029171377E-3,8.879039437E-3
2.600322287E1,2.319836058E-3,-9.344108403E-4,6.549572106E-3
2.601326388E1,7.432457060E-4,2.680048347E-4,5.262732971E-3
2.602330388E1,-3.963224590E-4,-1.506458968E-3,4.293874837E-3
2.603337487E1,-2.477927133E-3,-6.178766489E-4,3.519876394E-3
2.604341487E1,-1.604409888E-3,-3.457872197E-3,8.298175526E-4
2.605345488E1,-8.344072849E-4,-5.352267064E-3,-1.726801274E-4
2.606349488E1,-2.855304629E-4,-3.688856028E-3,-2.661404200E-3
2.607353587E1,-7.336623967E-4,-4.924109206E-3,-3.623159137E-3
2.608357587E1,-6.305985153E-4,-1.958146691E-3,-2.367478795E-3
2.609361587E1,-3.043239936E-3,2.292474732E-3,-1.119632041E-3
2.610368688E1,-3.462953493E-3,2.714319155E-3,-1.921392686E-5
2.611372687E1,-2.871815115E-3,9.422712028E-4,-8.165762993E-4
2.612376787E1,-3.335472196E-3,3.985997289E-3,-6.538571324E-4
2.613380787E1,-2.508999780E-3,-6.328132004E-4,-2.060763072E-3
2.614384787E1,-5.144996569E-3,-2.573990263E-3,-6.146664964E-4
2.615388888E1,-3.264809027E-3,1.047309488E-3,-1.460485219E-4
2.616395887E1,-2.368655056E-3,-1.284554601E-3,8.169505163E-4
2.617399987E1,-3.195401281E-3,-1.387646422E-3,1.463855151E-3
2.618403987E1,-2.595657483E-3,-7.642004639E-4,3.083856078E-3
2.619407988E1,5.537178367E-4,2.241518348E-3,5.126056261E-3
2.620411988E1,-8.156802505E-4,1.780258492E-3,3.837618977E-3
2.621416087E1,9.576221928E-4,1.076951623E-3,2.629731316E-3
2.622420087E1,3.251136281E-3,6.979834288E-4,1.581511111E-3
2.623427188E1,4.156171344E-3,4.233140498E-4,1.704327995E-3
2.624431188E1,4.036329687E-3,-4.672111012E-3,1.434283331E-3
2.625435187E1,4.724851809E-3,-2.149391919E-3,6.526896614E-4
2.626439287E1,3.689681180E-3,-2.496935427E-3,2.695068019E-3
2.627443287E1,-6.573069841E-4,2.027086914E-3,2.037477214E-3
2.628447287E1,-3.063473850E-3,-9.849481285E-4,5.829019472E-3
2.629451388E1,-3.494460136E-3,2.581682056E-4,6.052081008E-3
2.630458387E1,-5.528848618E-3,1.392940059E-3,7.310424466E-3
2.631462487E1,-4.426572472E-3,1.085219905E-3,7.276137359E-3
2.632466487E1,-2.850247547E-3,3.007223830E-3,9.835168719E-3
2.633470488E1,-4.001464695E-4,5.512868986E-3,7.945456542E-3
2.634474488E1,2.322402783E-3,5.900092423E-3,1.016573422E-2
2.635478587E1,2.844914794E-3,5.084367469E-3,9.608334862E-3
2.636485687E1,2.261682414E-3,7.768034935E-3,1.081714313E-2
2.637489688E1,3.025305457E-3,3.661338240E-3,8.735927753E-3
2.638493688E1,3.051404841E-3,3.071714193E-3,9.430480190E-3
2.639497687E1,2.144967206E-3,2.332329750E-3,7.415702567E-3
2.640501787E1,1.626982354E-3,1.204481348E-3,7.785349153E-3
2.641505787E1,6.460435688E-4,1.284331083E-3,6.236483343E-3
2.642509787E1,2.798587084E-4,1.243317500E-3,5.787740462E-3
2.643516887E1,-2.401150763E-3,-7.933750749E-5,3.958483692E-3
2.644520887E1,5.672089756E-4,-4.756152630E-4,6.338817067E-3
2.645524987E1,2.153031528E-4,2.433126792E-3,4.913879558E-3
2.646528987E1,-2.412702888E-3,1.046685502E-3,3.067243844E-3
2.647532988E1,3.941189498E-4,1.332603395E-3,3.097636392E-3
2.648536988E1,-1.244522631E-3,9.142216295E-4,4.016693216E-3
2.649544087E1,-3.091394901E-4,2.895481884E-4,2.908107825E-3
2.650548187E1,1.185160130E-3,4.693493247E-5,2.169879153E-3
2.651552188E1,-1.321163028E-3,-3.241468221E-4,2.703776816E-3
2.652556188E1,6.955116987E-6,-1.562250778E-3,2.010555938E-3
2.653560187E1,-1.080663875E-3,2.364236861E-4,2.904713620E-3
2.654564287E1,-2.246063203E-3,-2.775078639E-3,2.691128291E-3
2.655568287E1,-1.644540578E-3,-2.054739743E-3,2.497937763E-3
2.656575387E1,-8.836761117E-4,-7.657706738E-4,3.190093208E-3
2.657579387E1,-2.504594624E-3,-1.237351447E-3,3.019369440E-3
2.658583387E1,-3.529377282E-3,-5.947314203E-4,3.859596560E-3
2.659587487E1,-3.187494352E-3,6.619337946E-4,3.135510720E-3
2.660591487E1,-1.774953678E-3,6.265137345E-4,4.028202035E-3
2.661595488E1,-4.842057824E-4,-2.850289457E-3,3.002507845E-3
2.662599488E1,-3.445906565E-3,-3.310483880E-3,2.633660100E-3
2.663606587E1,-6.726607680E-4,1.206740737E-3,3.845540341E-3
2.664610687E1,-2.763241529E-3,3.415159881E-5,3.631688654E-3
2.665614688E1,-1.119192690E-3,-2.406449988E-3,4.395928700E-3
2.666618688E1,-2.811631188E-3,-2.866644412E-3,4.043858964E-3
2.667622687E1,-1.689940691E-4,-6.039943546E-4,3.126796335E-3
2.668626787E1,1.081360504E-3,-1.983245835E-3,3.318011295E-3
2.669633788E1,2.089124173E-4,-3.633554094E-3,1.857636031E-3
2.670637887E1,-1.639587805E-3,4.498716444E-4,1.823813887E-3
2.671641887E1,-1.273036003E-3,-2.721725963E-3,2.732364228E-3
2.672645887E1,-1.205125824E-3,-1.001324505E-3,2.721178811E-3
2.673649987E1,-1.681569964E-3,-7.446501404E-4,-3.058711300E-4
2.674653987E1,-3.040315583E-3,9.501855820E-4,1.559140510E-3
2.675657988E1,-2.226630226E-3,-2.186380327E-3,2.424190170E-4
2.676665087E1,-2.446211874E-5,9.186007082E-4,4.099318176E-4
2.677669087E1,-1.412050799E-3,2.565532923E-4,-1.050024177E-3
2.678673187E1,-2.587303519E-3,-9.629074484E-4,2.925542649E-3
2.679677188E1,-4.985133186E-3,-4.049527459E-3,1.615012297E-3
2.680681188E1,-4.561956972E-3,-2.827668563E-3,-9.093981353E-4
2.681685187E1,-5.226759240E-3,-1.387085766E-3,1.037193928E-3
2.682692287E1,-5.228623748E-3,2.165038139E-3,1.033998094E-3
2.683696288E1,-5.077101290E-3,1.244464889E-3,2.174330875E-3
2.684700387E1,-3.424875438E-3,2.668183297E-4,3.438533284E-3
2.685704387E1,-3.498552367E-3,2.252640203E-3,3.936589696E-3
2.686708387E1,-1.417824998E-3,2.525081858E-3,2.021776745E-3
2.687712487E1,-2.525746822E-5,2.379139885E-3,1.101121888E-3
2.688716487E1,-8.143521845E-4,1.158613712E-3,1.388477045E-3
2.689723587E1,3.759376705E-5,-1.242309809E-4,3.182382323E-3
2.690727587E1,-3.492426127E-3,4.829514772E-3,5.049524829E-3
2.691731587E1,4.945881665E-4,-6.121844053E-4,5.021194927E-3
2.692735687E1,-3.414133564E-3,2.377213910E-3,6.900321692E-3
2.693739688E1,-5.873484537E-3,6.170645356E-4,6.205676589E-3
2.694742875E1,-5.185857415E-3,-3.525931388E-4,7.345776074E-3
2.695746875E1,-3.719143569E-4,-2.323072404E-4,7.402005605E-3
2.696753975E1,2.129171044E-4,-3.902316093E-4,4.542036913E-3
2.697757975E1,3.539897501E-3,-1.758584753E-3,2.328702249E-3
2.698762075E1,3.378775902E-3,-3.596432507E-3,1.524427673E-3
2.699766075E1,5.318021402E-3,-1.860193908E-3,6.319289678E-4
2.700770075E1,5.734805949E-3,-1.034347340E-3,1.850505359E-4
2.701774175E1,2.011243254E-3,-2.247095108E-5,9.880671278E-4
2.702781175E1,9.398534894E-4,-2.205729485E-3,2.912200987E-3
2.703785275E1,-3.313817084E-3,2.414979041E-3,2.686557826E-3
2.704789275E1,-1.750806347E-3,-4.676263779E-4,4.259686917E-3
2.705793275E1,-2.019962296E-3,1.140566543E-3,4.926851951E-3
2.706797375E1,-4.694685340E-4,2.994660288E-3,4.267186858E-3
2.707801375E1,-1.733679324E-3,2.995332703E-3,6.304305978E-3
2.708805375E1,-3.642633557E-3,2.345521003E-3,5.670739803E-3
2.709812475E1,-2.347808331E-3,1.181658357E-3,5.523633212E-3
2.710816475E1,9.007155895E-4,3.013115376E-3,5.593408365E-3
2.711820475E1,1.779009588E-3,2.212930471E-3,4.410127178E-3
2.712824575E1,2.242133021E-3,5.252128467E-3,5.027980544E-3
2.713828575E1,1.189210452E-3,4.242900759E-3,3.830834525E-3
2.714832575E1,-9.519699961E-4,1.096375287E-3,2.272086451E-3
2.715839675E1,-2.330914140E-5,1.892568544E-3,1.330164494E-3
2.716843675E1,-1.665148884E-3,3.042593598E-4,1.076631481E-3
2.717847775E1,6.311181933E-4,3.277787939E-3,1.780182822E-3
2.718851775E1,-5.731638521E-4,-4.610233009E-4,-1.010010950E-3
2.719855775E1,-3.068720922E-3,7.513538003E-4,-1.774126664E-3
2.720859875E1,-3.290563822E-3,1.540981233E-3,-2.335787285E-3
2.721863875E1,-2.545760944E-3,-1.631960273E-3,-4.135928582E-3
2.722870975E1,-1.019770280E-3,1.089790836E-3,-2.524449490E-3
2.723874975E1,-1.581722870E-3,-8.189175278E-4,-4.132973030E-3
2.724878975E1,-2.259496599E-3,-1.467663795E-3,-4.250684753E-3
2.725882975E1,-1.847036183E-4,-9.155310690E-4,-3.727811622E-3
2.726887075E1,-1.722412184E-3,7.164534181E-4,-3.276938340E-3
2.727891075E1,-5.008317530E-4,-9.577199817E-4,-2.269135788E-3
2.728895075E1,-8.246712387E-4,-3.708499484E-3,-1.072844025E-3
2.729902175E1,-1.462033018E-3,-1.766961068E-4,2.960483544E-4
2.730906175E1,-9.549669921E-4,9.389035404E-4,2.840065281E-5
2.731910275E1,3.374535590E-4,-1.523900777E-3,1.650230261E-3
2.732914275E1,-1.163482666E-4,-1.531625167E-3,2.951184520E-3
2.733918275E1,-7.301047444E-4,-3.455203027E-3,2.234773710E-3
2.734922375E1,2.147853374E-4,-1.198612154E-4,1.738892985E-3
2.735929375E1,-1.016445458E-5,-3.914821893E-3,1.537936274E-3
2.736933475E1,1.671887003E-3,-3.796044737E-3,1.304377103E-3
2.737937475E1,5.233492702E-4,-2.918482758E-3,2.693326212E-3
2.738941475E1,-1.381784678E-4,-4.965121858E-3,5.247140653E-4
2.739945475E1,-3.003207967E-3,-1.592760906E-3,1.207015943E-3
2.740949575E1,-1.892669126E-3,2.918368205E-3,6.623995141E-4
2.741953575E1,-1.320188865E-3,-6.678067148E-4,1.638301415E-3
2.742960675E1,-1.352146268E-3,6.145052612E-4,4.095188342E-4
2.743964675E1,-1.800362021E-3,2.934327349E-3,2.594541060E-3
2.744968675E1,-3.417488188E-4,1.945761964E-3,2.741281176E-3
2.745972775E1,-1.577846706E-5,1.691697165E-3,3.314926056E-3
2.746976775E1,1.166664995E-3,-1.610090956E-3,8.083588909E-4
2.747980775E1,-1.374511048E-3,3.234051168E-3,1.348650432E-3
2.748987875E1,5.964934826E-4,-2.305323258E-3,4.168103333E-4
2.749991875E1,6.550773978E-4,-1.329336315E-3,1.983301772E-4
2.750995975E1,-3.420891240E-3,-1.026535407E-3,9.882238228E-4
2.751999975E1,-1.187115908E-3,4.053972661E-4,1.317014452E-3
2.753003975E1,-7.160026580E-4,2.733040601E-4,-7.181732217E-4
2.754007975E1,-1.622648910E-3,8.607283235E-5,5.713444552E-4
2.755012075E1,-2.356883138E-3,2.303155139E-3,1.020619762E-3
2.756019175E1,1.519173384E-4,3.753468394E-3,2.013861435E-3
2.757023175E1,2.741552889E-4,2.516962588E-3,2.537705237E-3
2.758027175E1,1.055797562E-3,2.083187923E-3,1.939128852E-3
2.759031175E1,7.980037481E-4,1.372922212E-3,3.244876629E-3
2.760035275E1,-1.274837181E-3,4.744175822E-4,3.213036340E-3
2.761039275E1,2.765710466E-3,-5.202721804E-4,2.647380810E-3
2.762043275E1,1.640708186E-3,5.734357983E-4,1.063755946E-3
2.763050375E1,-7.883608341E-4,-3.169105388E-3,2.155391849E-4
2.764054375E1,-1.823708415E-3,-2.139151096E-3,2.380367601E-3
2.765058475E1,-2.483373508E-3,-2.089615911E-3,7.374635898E-4
2.766062475E1,-2.586070448E-3,-2.046711743E-4,2.267863601E-3
2.767066475E1,-2.173280343E-3,2.144504339E-3,2.257210901E-3
2.768070475E1,-1.555254683E-3,7.608234882E-4,2.445183927E-3
2.769077575E1,-1.947538927E-3,-1.542277634E-3,1.359679387E-3
2.770081675E1,1.653424464E-3,-2.796500921E-4,8.014603518E-4
2.771085675E1,7.247794420E-4,-1.753710210E-3,3.183629597E-4
2.772089675E1,9.005311877E-4,1.070685685E-4,-1.311627915E-3
2.773093675E1,1.836366020E-3,7.606092840E-4,-6.224018289E-4
2.774097775E1,-6.885454059E-5,-4.967531189E-3,1.526132110E-5
2.775101775E1,-2.062497661E-3,2.706404775E-4,1.473342068E-3
2.776108875E1,-3.664037213E-3,7.732287049E-4,8.124551387E-4
2.777112875E1,-3.530079499E-3,1.003326848E-3,2.311548451E-3
2.778116875E1,-2.326773480E-3,9.445827454E-4,2.591924043E-3
2.779120975E1,-1.807190478E-3,1.211334020E-4,-1.873508445E-4
2.780124975E1,2.117566764E-4,-3.667026758E-4,1.596802496E-3
2.781128975E1,3.277586773E-3,-2.904429100E-3,-7.172181504E-4
2.782136075E1,4.454271868E-3,-1.083511859E-3,-5.915014772E-4
2.783140075E1,2.459031530E-3,-3.608721308E-3,3.374091466E-4
2.784144175E1,2.493282780E-3,-1.959117129E-3,-1.414200757E-3
2.785148175E1,1.765174791E-3,-3.614854068E-4,-6.171166897E-4
2.786152175E1,1.657158136E-3,-2.464269288E-3,-1.949054655E-3
2.787156175E1,8.158646524E-4,-1.680925488E-4,-6.723352126E-4
2.788160275E1,7.880795747E-4,1.920031384E-3,-1.359681482E-4
2.789167375E1,1.811459661E-4,9.849965572E-4,1.963401679E-3
2.790171375E1,7.019340992E-4,1.809481531E-3,7.288714405E-4
2.791175375E1,1.002071425E-3,5.388874561E-4,2.266047988E-3
2.792179375E1,2.397868782E-3,2.557784319E-5,1.948316698E-3
2.793183475E1,3.737439401E-3,2.673825249E-3,2.563773189E-3
2.794185762E1,1.397070475E-3,-1.186534762E-3,2.580379834E-3
2.795189762E1,4.569694400E-3,1.666173339E-4,1.025892794E-3
2.796196863E1,2.855048515E-3,1.224210486E-3,1.555741881E-3
2.797200863E1,3.193802200E-3,3.661800176E-3,-2.059391700E-4
2.798204962E1,3.135413863E-3,3.007408231E-4,-2.130889334E-4
2.799208962E1,1.820611767E-3,4.421183839E-3,8.571776561E-5
2.800212962E1,1.998425461E-3,2.717776224E-3,-5.308757536E-4
2.801216962E1,8.039977401E-4,-9.544566274E-4,1.423713402E-4
2.802224062E1,4.913248122E-4,-1.170653850E-4,-1.259144396E-3
2.803228162E1,-5.486384034E-4,2.025181428E-3,-2.136123367E-3
2.804232162E1,6.005149335E-4,-1.742925495E-3,-4.119450692E-3
2.805236162E1,1.445535570E-3,-1.956280321E-4,-3.250993788E-3
2.806240163E1,1.726425253E-3,-4.375399090E-3,-2.943570493E-3
2.807244263E1,1.796466298E-3,-2.820912749E-3,-5.309256725E-3
2.808248262E1,3.110458143E-3,-1.281980425E-3,-5.046340637E-3
2.809255362E1,4.334713332E-3,-6.995480508E-4,-5.684700329E-3
2.810259363E1,2.312927507E-3,7.707998157E-5,-4.132500384E-3
2.811263363E1,1.554459333E-3,3.457926214E-4,-3.204122186E-3
2.812267462E1,3.820564598E-4,2.360476181E-3,-3.810797352E-3
2.813271462E1,2.144003287E-3,2.073105425E-4,-3.490419127E-3
2.814275462E1,1.096310094E-3,1.086635515E-3,-3.439389402E-3
2.815282562E1,6.353165954E-4,-2.127215266E-4,-8.507968159E-4
2.816286562E1,-2.860240638E-4,-1.164469868E-4,-2.176600043E-3
2.817290662E1,-1.950232312E-3,-7.308386266E-4,-5.167596042E-3
2.818294662E1,4.671066999E-4,2.303831279E-4,-5.826764274E-3
2.819298662E1,5.110502243E-4,2.638412639E-3,-6.625446025E-3
2.820302663E1,-9.279139340E-5,-1.576792449E-3,-8.156379685E-3
2.821306763E1,1.821754500E-3,-4.388824105E-3,-6.857823115E-3
2.822313762E1,1.553203911E-3,-3.476373851E-3,-8.720323443E-3
2.823317862E1,2.527814358E-4,2.237703651E-3,-9.509418160E-3
2.824321863E1,1.657754183E-4,3.296846524E-3,-8.873717859E-3
2.825325863E1,-3.836341202E-4,-7.703341544E-4,-7.305382285E-3
2.826329962E1,-2.387221903E-4,5.104122683E-3,-7.191845216E-3
2.827333962E1,-1.604391262E-3,9.597111493E-4,-4.598458763E-3
2.828337962E1,-1.104615629E-3,2.166971564E-3,-6.109686103E-3
2.829345062E1,-3.823656589E-4,4.537984729E-3,-5.995702930E-3
2.830349062E1,-2.402514219E-4,3.221688792E-3,-6.341696251E-3
2.831353162E1,1.317165792E-3,1.385172829E-3,-7.510025054E-3
2.832357162E1,-2.288073301E-4,6.345259026E-3,-6.524226628E-3
2.833361162E1,2.497737296E-3,2.092190087E-3,-7.680837065E-3
2.834365163E1,1.543350518E-3,1.795087010E-3,-5.153551698E-3
2.835372262E1,-1.178933308E-3,1.817438751E-4,-6.183928810E-3
2.836376262E1,-4.545375705E-4,8.524358273E-4,-6.783199497E-3
2.837380362E1,-2.266818658E-3,-7.734242827E-4,-6.943787914E-3
2.838384363E1,-3.238607198E-3,3.136096522E-3,-7.808516733E-3
2.839388363E1,-2.535799518E-3,2.514779568E-3,-6.487322506E-3
2.840392462E1,-1.065228134E-3,2.478614450E-3,-7.107455283E-3
2.841396462E1,-3.771798685E-3,2.696994692E-3,-7.713324390E-3
2.842403563E1,-3.458864987E-3,-1.281131059E-3,-8.053734899E-3
2.843407562E1,-3.780575469E-3,1.605203375E-3,-6.184461527E-3
2.844411562E1,-1.311285421E-3,5.938483402E-3,-7.740442641E-3
2.845415662E1,-3.502000123E-3,4.754440859E-3,-8.352969773E-3
2.846419662E1,4.911497235E-4,5.439730361E-3,-8.622910827E-3
2.847423662E1,-1.130448654E-3,5.728948861E-3,-8.282825351E-3
2.848430762E1,-1.763477921E-3,3.670914099E-3,-8.549039252E-3
2.849434762E1,-1.565871760E-3,3.835231066E-3,-9.941073135E-3
2.850438762E1,-2.526171505E-3,-3.382526338E-4,-1.026367117E-2
2.851442862E1,-3.891307861E-3,-1.406179741E-3,-8.837282658E-3
2.852446863E1,-2.336326987E-3,1.732876524E-3,-8.508129045E-3
2.853450863E1,-4.303071648E-3,4.752367735E-3,-9.269792587E-3
2.854454962E1,-5.932215601E-3,4.683338106E-3,-8.555642329E-3
2.855461962E1,-5.973760039E-3,3.929663450E-3,-9.694675915E-3
2.856466063E1,-8.188076317E-3,3.362098709E-3,-1.119894627E-2
2.857470062E1,-6.650634110E-3,-7.865950465E-6,-1.199922618E-2
2.858474062E1,-6.245311350E-3,1.005355269E-3,-9.899794124E-3
2.859478162E1,-7.379552349E-3,-1.159794629E-3,-8.586057462E-3
2.860482162E1,-8.706361055E-3,1.928459853E-3,-8.828019723E-3
2.861486162E1,-1.018841006E-2,1.464270055E-3,-8.773158304E-3
2.862493262E1,-1.035128720E-2,8.093994111E-4,-6.673532072E-3
2.863497262E1,-9.205063805E-3,2.999050543E-3,-7.755042054E-3
2.864501262E1,-7.723215967E-3,3.525447100E-3,-7.826616056E-3
2.865505362E1,-4.516502842E-3,-3.915298730E-4,-8.760852739E-3
2.866509363E1,-4.949701950E-3,-3.793835640E-4,-1.118028536E-2
2.867513363E1,-1.825815067E-3,3.203632310E-3,-1.036535762E-2
2.868520462E1,-1.951597631E-3,2.530330792E-3,-9.015777148E-3
2.869524462E1,-6.802044809E-4,1.764141023E-3,-8.277548477E-3
2.870528563E1,-2.749573439E-3,1.539262012E-3,-7.245251909E-3
2.871532562E1,-1.682445407E-3,-6.993915886E-4,-7.133665495E-3
2.872536562E1,-1.117860898E-3,-4.451125860E-4,-6.025095470E-3
2.873540662E1,-1.775395125E-3,8.356012404E-4,-5.748659372E-3
2.874544662E1,-5.481509492E-3,-8.822344244E-4,-4.893216770E-3
2.875551762E1,-2.997579053E-3,-2.583462745E-3,-2.459619893E-3
2.876555762E1,-3.549858928E-3,-1.089332625E-3,-9.392568609E-4
2.877559762E1,-3.724031150E-3,2.150136977E-3,-1.516363816E-3
2.878563762E1,-1.133374870E-3,3.569448367E-3,-3.241327358E-4
2.879567862E1,-5.932152271E-5,2.863444388E-3,1.005583676E-3
2.880571863E1,2.085577697E-3,1.551724970E-3,5.883275298E-4
2.881578962E1,2.391574904E-3,1.249454916E-3,4.168199375E-4
2.882582962E1,1.970619895E-3,4.385704175E-3,3.528494271E-4
2.883586962E1,-2.698972821E-4,3.568911925E-3,-1.552375965E-3
2.884591063E1,2.258241177E-3,2.996599302E-3,-1.982742921E-3
2.885595062E1,1.144773327E-3,4.207538441E-3,-1.326448983E-4
2.886599062E1,1.036116853E-3,4.483174533E-3,-4.013578291E-4
2.887603162E1,-5.338154733E-5,2.429611981E-3,-1.991264988E-3
2.888610163E1,-7.799006999E-4,5.183264613E-3,-3.489396302E-3
2.889614262E1,2.716297284E-3,2.209579572E-3,-2.437181305E-3
2.890618262E1,1.659493893E-3,3.359168768E-3,-5.314692855E-3
2.891622262E1,1.729534939E-3,-3.118437715E-3,-4.512548447E-3
2.892626262E1,4.330078140E-3,-8.143298328E-4,-4.606376402E-3
2.893630362E1,3.589453176E-3,6.048679352E-4,-3.050291212E-3
2.894633050E1,1.232578419E-3,-3.360896371E-3,-1.605645870E-3
2.895640150E1,1.626992598E-3,-9.731054306E-4,-1.498320373E-3
2.896644150E1,-9.703934193E-4,-1.357190311E-3,7.044547237E-5
2.897648150E1,-1.666275784E-3,-1.102058217E-3,-9.527410148E-4
2.898652250E1,6.961990148E-4,2.206265926E-4,-2.670061076E-5
2.899656250E1,5.816835910E-4,-1.161022112E-3,-3.798357793E-4
2.900660250E1,1.100732014E-3,-3.612461500E-3,-3.769063042E-4
2.901667350E1,2.223787829E-3,9.399466217E-4,6.918202853E-4
2.902671350E1,3.774371929E-3,-1.822181046E-3,1.404428622E-3
2.903675450E1,4.515795968E-3,-1.424303278E-3,-1.963975374E-4
2.904679450E1,5.871422589E-3,-2.710077912E-3,4.773861729E-4
2.905683450E1,4.159276374E-3,-7.435590960E-3,1.532794558E-4
2.906687450E1,3.812020645E-3,-4.058010876E-3,-3.486810310E-4
2.907691550E1,4.394453950E-3,-5.780276842E-3,2.063217107E-4
2.908698650E1,2.848178148E-3,-2.031384036E-3,-4.313345707E-4
2.909702650E1,2.813024446E-3,-2.295303158E-3,3.338704119E-5
2.910706650E1,4.076718353E-3,-5.573241971E-3,4.009512486E-5
2.911710650E1,2.947804518E-3,1.714620739E-4,-8.568575140E-4
2.912714750E1,2.030267380E-3,6.178077310E-4,4.305105540E-4
2.913718750E1,3.003120422E-3,-1.236816868E-3,-1.742932945E-4
2.914725850E1,4.250607453E-3,-5.596689880E-4,-1.315131900E-3
2.915729850E1,3.290005960E-3,-3.645207733E-3,-1.572925947E-3
2.916733850E1,5.170111544E-3,-5.014054477E-4,-1.824701671E-3
2.917737950E1,2.711481415E-3,-1.453751698E-3,-1.317369519E-3
2.918741950E1,4.862001166E-3,-5.380585790E-4,-2.265511081E-3
2.919745950E1,2.266750671E-3,3.200136125E-4,7.835419965E-4
2.920749950E1,2.867748030E-3,1.536544412E-3,-7.600308745E-4
2.921757050E1,2.472002059E-3,-6.547048688E-4,-5.022368859E-4
2.922761150E1,-1.066457480E-4,3.712549806E-4,-2.622167813E-3
2.923765150E1,1.682998613E-3,-2.996312454E-3,-1.267417800E-3
2.924769150E1,-1.451838762E-4,-2.157416195E-3,-1.677007065E-3
2.925773150E1,-1.600068063E-3,-2.812184393E-4,5.336828763E-4
2.926777250E1,-2.836119384E-3,1.036511734E-3,2.107339911E-3
2.927781250E1,-1.209460199E-3,5.214568228E-4,2.045554575E-3
2.928788350E1,1.889355481E-4,3.354851156E-3,5.630285013E-3
2.929792350E1,1.847818494E-3,2.431800589E-3,3.637441434E-3
2.930796350E1,3.716580570E-3,-3.554833122E-3,3.497406607E-3
2.931800450E1,3.082748502E-3,-1.133752987E-3,1.130655641E-3
2.932804450E1,3.979131579E-3,-3.346825019E-3,-3.894692345E-4
2.933808450E1,1.572964713E-3,-4.686661065E-3,9.450407233E-4
2.934815550E1,4.140678793E-4,-2.953007817E-3,7.105745026E-4
2.935819550E1,-1.636033878E-3,-6.082488224E-3,-1.166033326E-4
2.936823650E1,-3.864202648E-3,4.940815270E-4,3.577559837E-4
2.937827650E1,-4.807228222E-3,1.542035490E-3,6.962437765E-4
2.938831650E1,-3.095997497E-3,-6.124507636E-4,7.287384360E-4
2.939835650E1,-2.279737964E-3,1.441910863E-3,2.258191817E-3
2.940839750E1,1.598540694E-3,1.094732434E-4,1.446353504E-3
2.941846750E1,6.296889856E-3,2.457316965E-3,4.221018753E-4
2.942850850E1,3.641010262E-3,-1.775935292E-3,1.004481455E-3
2.943854850E1,5.001353100E-3,3.351531923E-4,-1.185169676E-3
2.944858850E1,4.910749383E-3,-2.620540559E-3,1.471377211E-3
2.945862950E1,2.441733144E-3,4.792900756E-3,1.639688853E-3
2.946866950E1,2.835515887E-3,1.647548750E-3,1.512340154E-3
2.947874050E1,1.454933546E-3,-3.795953467E-3,1.445228583E-3
2.948878050E1,7.112659514E-4,-1.794843003E-3,8.998191333E-4
2.949882050E1,1.209277660E-3,-2.684338950E-3,3.486015135E-3
2.950886150E1,7.282197475E-5,-1.324588433E-3,3.170056734E-3
2.951890150E1,2.553556114E-3,5.084648728E-4,4.290448502E-3
2.952894150E1,3.193232231E-3,-1.305777580E-3,2.775165252E-3
2.953898150E1,4.181797616E-3,2.165919170E-3,3.652410582E-3
2.954905250E1,3.998609260E-3,-1.442147419E-3,4.787175916E-3
2.955909250E1,6.348050199E-3,-8.783563972E-4,5.492380820E-3
2.956913350E1,8.169652894E-3,-9.641107172E-4,5.776274018E-3
2.957917350E1,4.536301829E-3,1.405037940E-3,4.707547370E-3
2.958921350E1,2.525853924E-3,-3.788328730E-3,2.508954844E-3
2.959925450E1,2.476851456E-3,-1.225301996E-3,2.202158794E-3
2.960929450E1,1.060526818E-3,-5.276724696E-4,7.582372054E-4
2.961936550E1,-4.921294749E-5,-4.839971662E-4,2.456535120E-3
2.962940550E1,6.431527436E-5,5.778074265E-4,2.379307989E-3
2.963944550E1,2.174470574E-4,-5.436502397E-4,-4.865194787E-4
2.964948650E1,-1.995561644E-3,2.392489463E-3,-1.599984011E-3
2.965952650E1,-8.168462664E-4,2.333367243E-3,-2.105984604E-3
2.966956650E1,1.188144088E-4,-1.231700182E-3,-2.221619943E-3
2.967963750E1,2.762533724E-3,-6.372835487E-4,-1.951309154E-3
2.968967750E1,2.145609818E-3,-3.204640932E-3,-1.642595278E-3
2.969971750E1,2.801812254E-3,1.293173060E-3,-1.278008567E-3
2.970975850E1,-1.894073561E-3,-1.410348341E-3,-2.153607784E-4
2.971979850E1,-5.076322705E-4,-1.185044646E-3,-8.467962616E-4
2.972983850E1,-1.514768228E-3,1.422241330E-4,1.105467323E-3
2.973987950E1,8.583739400E-4,3.174599260E-4,1.494288677E-3
2.974994950E1,5.265995860E-4,-2.418868244E-4,4.629011964E-4
2.975999050E1,8.725449443E-4,1.975335181E-4,7.198962849E-4
2.977003050E1,2.059258521E-3,-3.136169165E-3,7.921752986E-4
2.978007050E1,3.507219255E-3,-8.098967373E-4,1.616956317E-3
2.979011150E1,1.663853414E-3,-2.676759847E-3,1.767957234E-3
2.980015150E1,2.534174360E-3,-3.187973052E-4,2.672366798E-3
2.981022250E1,3.083335236E-3,2.592395991E-3,2.062449465E-3
2.982026250E1,1.736042090E-3,-1.407671720E-3,4.149302375E-3
2.983030250E1,-2.544969320E-4,-2.175033092E-3,4.560548346E-3
2.984034250E1,1.634657383E-5,-6.152205169E-4,4.364539869E-3
2.985038350E1,1.074697822E-3,-8.367467672E-4,3.342790529E-3
2.986042350E1,2.161532640E-3,2.440538257E-3,3.689267673E-3
2.987046350E1,2.903863788E-4,5.381945521E-4,5.203701556E-3
2.988053450E1,3.594837151E-3,-1.351583749E-3,3.880376928E-3
2.989057450E1,3.888959996E-3,4.801850766E-3,4.321821034E-3
2.990061550E1,2.964043990E-3,-4.694182426E-3,5.526102148E-3
2.991065550E1,1.040631905E-3,-1.923967153E-3,3.687452991E-3
2.992069550E1,3.132810816E-3,-4.542652518E-3,2.026971895E-3
2.993073650E1,2.891862765E-3,-3.040935844E-3,1.308348030E-3
2.994080650E1,4.727046937E-3,-2.943997271E-3,1.803962281E-3
2.995084375E1,9.168777615E-4,-1.774508506E-3,2.279280918E-3
2.996088375E1,1.948586665E-3,-2.117523924E-3,1.827608794E-3
2.997092375E1,1.602142118E-3,-1.882584766E-3,1.977544511E-3
2.998096375E1,1.398943365E-3,1.889515668E-3,2.530683065E-3
2.999100475E1,6.043892354E-4,2.403836697E-3,2.554866485E-3
3.000104475E1,-2.391135320E-3,5.444176495E-4,3.995370585E-3
3.001111575E1,1.964680851E-4,2.222217619E-3,3.841174999E-3
3.002115575E1,1.739237458E-3,7.817130536E-4,2.345277229E-3
3.003119575E1,1.310368069E-3,-2.967633307E-3,7.374731358E-4
3.004123675E1,1.437134109E-3,-9.436309338E-4,1.956135500E-3
3.005127675E1,2.075071447E-3,-5.319270305E-3,2.052967902E-3
3.006131675E1,6.082020700E-4,-3.697853535E-4,2.855112078E-3
3.007135775E1,1.587878913E-3,-2.893022262E-3,4.120594356E-3
3.008142775E1,9.087733924E-4,-1.710057259E-4,2.681687940E-3
3.009146875E1,-2.211220562E-4,3.515668213E-4,1.284167636E-3
3.010150875E1,9.485371411E-4,-1.920642331E-3,-2.498132526E-4
3.011154875E1,-2.399329096E-4,-2.664042637E-3,-4.447039973E-4
3.012158875E1,-2.927705646E-5,1.867592335E-3,-9.437803528E-4
3.013162975E1,-3.023916855E-3,-1.860514283E-3,1.654240652E-3
3.014170075E1,-2.716587856E-3,-1.087399200E-3,1.793790259E-3
3.015174075E1,-1.493407413E-3,-1.228589565E-3,5.242476240E-3
3.016178075E1,-2.701951191E-3,3.610514104E-4,7.314947899E-3
3.017182075E1,-4.337640479E-3,6.501451135E-4,7.035634946E-3
3.018186175E1,-8.188057691E-4,4.604673013E-3,4.955972545E-3
3.019190175E1,-4.971753806E-4,1.706831157E-3,3.330272157E-3
3.020194175E1,7.864683867E-4,-3.866795450E-4,2.846641932E-3
3.021201275E1,3.823518753E-3,-1.753773540E-3,3.174926969E-4
3.022205275E1,4.098356701E-3,-2.911983058E-3,-6.215379108E-4
3.023209375E1,3.688230179E-3,-2.796135843E-3,-2.254321938E-3
3.024213375E1,4.045359790E-3,-1.606158912E-5,7.084448007E-4
3.025217375E1,1.822108403E-3,-4.188125022E-3,2.770079300E-4
3.026221375E1,-8.173510432E-4,-3.452826291E-3,1.732425531E-3
3.027228475E1,-1.799114048E-3,-6.436184049E-4,1.766837202E-3
3.028232575E1,-2.810848877E-3,-1.535777003E-3,3.070188221E-3
3.029236575E1,-3.426928073E-3,-4.632607102E-3,4.010871053E-3
3.030240575E1,-3.304421902E-3,-2.791378647E-4,3.608733648E-3
3.031244575E1,-3.103379160E-3,4.104284570E-3,7.226850837E-3
3.032248675E1,7.853675634E-4,5.273945630E-3,7.782386616E-3
3.033252675E1,-2.552792430E-4,2.650445327E-3,7.478252519E-3
3.034259775E1,7.119793445E-4,3.214502707E-3,6.199136376E-3
3.035263775E1,3.126915544E-4,1.715086401E-3,5.775053985E-3
3.036267775E1,2.412861213E-3,2.056503668E-3,3.634404857E-3
3.037271875E1,7.501393557E-4,-3.879461437E-4,1.902393531E-3
3.038275875E1,2.079589292E-3,-5.866177380E-4,1.009435626E-3
3.039279875E1,1.165516675E-3,-3.224406391E-4,2.487754915E-3
3.040283875E1,8.509978652E-4,-4.660730250E-3,1.761311432E-4
3.041290975E1,-5.762800574E-4,-3.884258680E-3,-1.167645794E-3
3.042295075E1,-5.376636982E-4,-6.608478725E-5,-2.526923083E-3
3.043299075E1,2.282712609E-3,-1.424457878E-3,-3.699034685E-3
3.044303075E1,1.601476222E-3,-3.502255306E-3,-3.268667730E-3
3.045307075E1,9.031705558E-4,4.120543599E-5,-2.944080625E-3
3.046311175E1,4.512332380E-4,-2.243518829E-3,-1.768028829E-3
3.047318175E1,7.647406310E-4,-9.226631373E-4,-1.921644784E-3
3.048322275E1,1.998050138E-3,2.256086096E-3,3.055568086E-4
3.049326275E1,-2.651475370E-5,-8.994713426E-5,1.084801741E-3
3.050330275E1,-7.029566914E-4,2.460828051E-3,2.575639170E-3
3.051334375E1,-1.219945028E-3,4.384722561E-4,2.180261072E-3
3.052338375E1,-1.589592546E-3,1.632368192E-3,1.655351953E-3
3.053342375E1,-1.442816108E-3,4.701875150E-5,4.130233545E-3
3.054349475E1,-5.650371313E-4,-4.400722682E-4,4.906544928E-3
3.055353475E1,5.089491606E-4,1.823436469E-4,4.245921504E-3
3.056357575E1,5.699340254E-4,2.533115447E-3,4.856850486E-3
3.057361575E1,1.535414718E-3,-1.151846722E-3,3.208993934E-3
3.058365575E1,2.321845852E-3,-1.092724502E-3,3.272111062E-3
3.059369575E1,4.918010905E-3,-1.087680459E-3,2.403117949E-3
3.060376675E1,2.055645920E-3,5.401670933E-5,2.929891227E-3
3.061380675E1,5.610216409E-3,2.978295088E-4,2.319444437E-3
3.062384775E1,2.479137853E-3,-3.506496549E-3,1.592401415E-3
3.063388775E1,3.118380904E-3,-3.386327997E-3,3.676696913E-3
3.064392775E1,2.754326910E-3,-8.952077478E-4,3.573898925E-3
3.065396875E1,1.649196260E-3,8.417665958E-4,2.251478611E-3
3.066400875E1,-5.692169070E-4,-1.414196566E-3,3.539915895E-3
3.067407975E1,7.989499718E-4,2.308782190E-3,1.961249160E-3
3.068411975E1,-1.599492505E-3,-6.337445229E-4,1.661377260E-3
3.069415975E1,-8.311625570E-4,1.917876303E-3,5.741152563E-4
3.070420075E1,-7.006675005E-4,1.075251028E-3,2.387994435E-3
3.071424075E1,-2.420114353E-3,-1.502348110E-3,2.157202922E-3
3.072428075E1,-2.673380077E-3,3.348600119E-3,2.001674147E-3
3.073435175E1,-1.721797511E-3,1.016922295E-3,1.631123247E-3
3.074439175E1,-3.453118727E-3,1.711025834E-4,1.997041516E-3
3.075443175E1,-3.436302766E-3,1.495860517E-3,1.941217342E-3
3.076447275E1,-4.284519702E-3,1.882551238E-3,2.289292403E-3
3.077451275E1,-3.606893122E-3,-1.140553504E-4,2.407275140E-3
3.078455275E1,-3.130452707E-3,-1.417674124E-3,3.430589568E-4
3.079459375E1,-4.496295005E-3,-1.562179998E-3,1.960876863E-3
3.080466375E1,-2.460042015E-3,-4.428531975E-4,2.169668674E-3
3.081470475E1,-1.510892063E-3,7.691513747E-4,-1.364878844E-3
3.082474475E1,-3.171639517E-3,3.044288605E-3,-5.504841101E-4
3.083478475E1,-3.058226779E-3,-9.747073054E-4,3.174293670E-4
3.084482575E1,-1.157796010E-3,1.243440434E-3,9.882797021E-4
3.085486575E1,-2.093417570E-3,1.444159076E-3,1.763450564E-4
3.086490575E1,-1.502994448E-3,-1.612350345E-3,-1.190921874E-3
3.087497675E1,-2.075316384E-3,-1.614527777E-3,2.492087078E-4
3.088501675E1,-3.583766520E-4,-2.359679900E-3,7.290742360E-5
3.089505675E1,-2.886589617E-3,-1.246225089E-3,2.912876080E-4
3.090509775E1,-3.028269857E-3,1.214269549E-3,1.131248660E-3
3.091513775E1,-1.802241430E-3,1.356378198E-3,3.316692309E-3
3.092517775E1,-4.109367728E-5,-2.809072845E-3,-1.244237530E-3
3.093524875E1,-8.553043008E-4,-2.434439957E-4,-3.457934072E-4
3.094529704E1,-2.890760079E-3,1.451112330E-4,6.859446876E-5
3.095533804E1,-1.962289214E-3,-2.446037717E-3,3.766684677E-4
3.096537804E1,-1.651499420E-3,6.807800382E-4,6.754751666E-4
3.097541804E1,-4.261238500E-3,-1.032626256E-3,1.076120185E-3
3.098545904E1,-2.413004637E-3,1.233723015E-3,3.111307742E-3
3.099549904E1,-2.772992477E-3,2.163184807E-3,3.066830803E-3
3.100557004E1,-2.494957298E-3,1.041993499E-3,4.231431056E-3
3.101561004E1,-1.643775031E-3,3.566581756E-3,3.074450651E-3
3.102565004E1,-3.931559622E-4,1.524202526E-3,9.303397383E-4
3.103569004E1,6.273612380E-4,-8.670948446E-4,7.091910229E-4
3.104573104E1,1.935771666E-3,-3.085508943E-3,-2.474163775E-4
3.105577104E1,2.469634637E-3,-5.287565291E-4,-8.930211188E-4
3.106584204E1,6.522927433E-4,-1.934371889E-3,-2.655803692E-4
3.107588204E1,7.364097983E-4,-4.703328013E-4,1.112170750E-3
3.108592204E1,5.555823445E-4,1.322774217E-3,1.145460177E-3
3.109596304E1,1.608550549E-3,1.259496436E-3,2.672579605E-3
3.110600304E1,2.367817797E-3,4.918146878E-3,3.092027502E-3
3.111604304E1,2.198258415E-3,2.093657851E-3,2.991731977E-3
3.112608404E1,1.896522008E-3,-6.981324404E-4,5.498033017E-3
3.113615404E1,1.060465351E-3,3.469344229E-3,4.944414832E-3
3.114619504E1,1.176845282E-3,1.666650176E-3,4.628031515E-3
3.115623504E1,1.166631468E-3,2.586670220E-3,3.999045119E-3
3.116627504E1,2.285958268E-3,2.180270851E-3,2.870397409E-3
3.117631504E1,4.049421288E-3,1.341314986E-3,5.036507268E-3
3.118635604E1,4.077917896E-3,2.665439621E-3,4.775783513E-3
3.119642704E1,3.548554145E-3,1.819903031E-3,5.342235789E-3
3.120646704E1,3.493160009E-3,7.149577141E-4,1.678524772E-3
3.121650704E1,1.910286956E-3,1.779612154E-3,1.336471643E-3
3.122654704E1,1.919341274E-3,3.665929660E-3,6.027708296E-4
3.123658804E1,-5.347691476E-4,1.048529521E-3,1.071912469E-3
3.124662804E1,8.860286325E-4,7.316134870E-4,1.055933535E-3
3.125666804E1,-9.508673102E-4,1.838769764E-3,-1.474469318E-4
3.126673904E1,-2.109609544E-3,5.766972899E-4,-2.669460606E-3
3.127677904E1,-1.420876011E-3,-1.139536500E-3,-7.800486055E-4
3.128682004E1,6.809644401E-5,3.797970712E-4,-2.034930047E-3
3.129686004E1,1.235752366E-3,-8.783284575E-4,-2.333427081E-3
3.130690004E1,5.843434483E-4,1.169927418E-5,-2.766457153E-3
3.131694004E1,3.307387233E-4,-1.707123592E-3,-2.385886852E-3
3.132698104E1,2.950523049E-4,-1.311112195E-3,-1.583210076E-3
3.133705204E1,-5.965754390E-4,-1.226423308E-3,-1.026875805E-3
3.134709204E1,2.394244075E-5,5.539003760E-4,-1.383206691E-3
3.135713204E1,8.676517755E-4,-2.299596556E-3,-3.127626143E-3
3.136717204E1,7.826965302E-4,1.377163455E-3,-1.871413086E-3
3.137721304E1,8.663274348E-4,3.383634612E-3,-1.588478219E-3
3.138725304E1,-3.187786788E-4,-2.344558947E-3,-1.885953243E-3
3.139732404E1,4.296526313E-4,-4.741877317E-3,-1.458942890E-3
3.140736404E1,1.961236820E-3,-5.713663995E-4,-7.974136388E-4
3.141740404E1,1.694047824E-3,-1.338370144E-3,-1.899428666E-3
3.142744504E1,2.091391012E-3,-2.574077807E-3,-2.385189291E-3
3.143748504E1,8.229352534E-5,-3.125398420E-3,-2.594087739E-3
3.144752504E1,9.137317538E-4,-4.088663496E-3,-1.046791207E-3
3.145756504E1,1.330948435E-3,-1.217655838E-3,-2.848741133E-3
3.146763604E1,2.117646858E-3,-6.514675915E-4,-1.443390967E-3
3.147767704E1,1.791593619E-3,7.964335382E-4,1.139200758E-4
3.148771704E1,2.991613932E-3,-1.682437956E-3,-9.462843300E-4
3.149775704E1,-7.431861013E-4,-2.772114240E-3,-5.710968398E-4
3.150779704E1,2.763664350E-3,-4.770047963E-5,-1.438222127E-3
3.151783804E1,2.065070905E-3,1.492723823E-3,-1.973791048E-3
3.152790804E1,2.093566582E-3,-1.392278820E-3,-1.057397341E-3
3.153794904E1,2.042330801E-3,3.767143935E-4,-6.712957984E-4
3.154798904E1,2.059374936E-3,-1.021213830E-4,-2.774394117E-3
3.155802904E1,3.175206482E-3,1.262631267E-4,-2.670360263E-3
3.156807004E1,1.766128466E-3,1.184603199E-3,-1.787256217E-3
3.157811004E1,3.409123048E-3,4.225112498E-4,-2.154293237E-3
3.158815004E1,1.158219762E-3,-1.036634669E-3,-9.569359827E-4
3.159822104E1,5.899555981E-4,-1.972811297E-3,2.114422387E-4
3.160826104E1,1.757484861E-3,8.703805506E-4,-3.503134707E-3
3.161830204E1,2.834621817E-3,-7.916130126E-4,-1.887561521E-3
3.162834204E1,2.467105165E-3,5.735233426E-4,-6.662358064E-4
3.163838204E1,4.646846093E-3,-1.269545406E-3,-1.428102492E-3
3.164842204E1,4.164014943E-3,-1.216813922E-3,-2.252617152E-3
3.165849304E1,5.140022375E-3,3.507995978E-3,4.689657362E-4
3.166853304E1,4.473432899E-3,2.583613619E-3,-1.029595034E-3
3.167857404E1,6.283951923E-3,-1.078955829E-4,-1.904387376E-3
3.168861404E1,4.328393377E-3,-1.692475751E-3,-2.294007689E-3
3.169865404E1,4.795479588E-3,-8.513052016E-4,-5.903452169E-3
3.170869504E1,2.345104702E-3,-3.008732572E-3,-4.120199475E-3
3.171873504E1,2.580028027E-3,-9.667649865E-4,-5.319625139E-3
3.172880604E1,-7.164329290E-4,-1.858124509E-3,-3.941971809E-3
3.173884604E1,-2.809688449E-4,-1.338370144E-3,-5.928525236E-3
3.174888604E1,-1.006413251E-3,7.559396327E-4,-4.975113552E-3
3.175892704E1,-6.365571171E-4,2.407908440E-3,-4.278547596E-3
3.176896704E1,-3.205709159E-3,1.496840268E-3,-5.924381316E-3
3.177900704E1,-2.442343161E-3,1.496719196E-3,-5.319786724E-3
3.178907804E1,-1.588800922E-3,2.642143518E-3,-6.005817093E-3
3.179911804E1,-1.618608832E-3,1.477358863E-3,-7.207483519E-3
3.180915804E1,-2.145117149E-3,9.982567281E-4,-7.794710342E-3
3.181919904E1,-3.683274612E-3,1.660913229E-3,-6.684599910E-3
3.182923904E1,-4.576232284E-3,2.421511337E-3,-5.597497337E-3
3.183927904E1,-6.746536121E-3,2.599837258E-3,-5.537523888E-3
3.184932004E1,-5.202967674E-3,2.544444054E-3,-6.664839573E-3
3.185939004E1,-7.191713899E-3,7.015239447E-3,-9.159900248E-3
3.186943104E1,-4.604186863E-3,2.646058798E-3,-8.316743188E-3
3.187947104E1,-4.497168586E-3,3.603301942E-3,-9.866872802E-3
3.188951104E1,-2.851601690E-3,3.481863067E-3,-1.078273449E-2
3.189955204E1,-2.100137994E-3,1.873515546E-3,-1.269605383E-2
3.190959204E1,-2.818126231E-3,1.258058473E-3,-1.190509461E-2
3.191963204E1,-4.416424781E-3,2.956891432E-3,-9.986968711E-3
3.192970304E1,-4.757309332E-3,3.782205284E-3,-1.007139124E-2
3.193974304E1,-4.867542535E-3,5.040902644E-3,-1.024851110E-2
3.194976263E1,-3.458464518E-3,-1.381309703E-3,-7.886819541E-3
3.195980362E1,-3.006760031E-3,5.272254348E-4,-7.455056533E-3
3.196984362E1,-5.694689229E-3,3.390124068E-3,-5.155683495E-3
3.197988362E1,-4.528215155E-3,2.550929785E-4,-7.193425205E-3
3.198995463E1,-4.012094811E-3,1.669498160E-3,-4.743849859E-3
3.199999462E1,-4.301220179E-3,1.574520022E-3,-5.629668944E-3
3.201003562E1,-2.694802359E-3,6.527993828E-4,-2.722295932E-3
3.202007562E1,-5.259066820E-3,4.104096442E-3,-4.384427797E-3
3.203011562E1,-3.832943738E-3,1.255312935E-3,-4.812131170E-3
3.204015663E1,-1.722669229E-3,2.291506156E-3,-5.071098916E-3
3.205019663E1,-1.983657479E-3,1.182831824E-3,-4.647389986E-3
3.206026762E1,-2.752317116E-3,3.018397838E-4,-5.998941138E-3
3.207030762E1,-4.393091425E-3,2.476576716E-3,-5.105983000E-3
3.208034763E1,-3.538930789E-3,1.852393150E-3,-4.075501114E-3
3.209038763E1,-6.126724184E-3,1.834550872E-3,-8.138153702E-3
3.210042862E1,-5.653472617E-3,3.957664594E-3,-7.337765303E-3
3.211046862E1,-3.146372736E-3,2.360301092E-3,-9.804918431E-3
3.212053963E1,-3.558311611E-3,3.744814545E-3,-1.115855761E-2
3.213057963E1,-1.100745052E-3,4.110733047E-3,-1.144804340E-2
3.214061962E1,-1.757800579E-3,1.961626112E-3,-1.044487581E-2
3.215066062E1,-1.499738544E-3,1.632725820E-3,-1.061292086E-2
3.216070062E1,-2.078004181E-3,2.756474540E-3,-1.251276676E-2
3.217074062E1,-2.851387486E-3,1.676563174E-3,-1.350239757E-2
3.218078163E1,-4.491494969E-3,2.434104681E-5,-1.161619835E-2
3.219085162E1,-2.477612346E-3,4.358012229E-4,-1.221540943E-2
3.220089262E1,-4.817094654E-3,-1.413358375E-3,-1.258553192E-2
3.221093262E1,-3.887917846E-3,3.633067012E-3,-1.220177114E-2
3.222097263E1,-3.735197708E-3,1.095831394E-3,-1.135354582E-2
3.223101263E1,-1.647545025E-3,4.050079733E-4,-1.139668934E-2
3.224105362E1,-3.348004073E-3,2.279479057E-3,-1.031364035E-2
3.225112462E1,-4.757083952E-3,1.609960571E-3,-9.107228369E-3
3.226116463E1,-6.950173527E-3,2.848150209E-3,-9.338973090E-3
3.227120463E1,-7.223414257E-3,1.872900873E-3,-5.970340222E-3
3.228124462E1,-9.368231520E-3,2.368884161E-3,-6.718474906E-3
3.229128562E1,-8.511759341E-3,5.853896961E-3,-5.696353968E-3
3.230132562E1,-9.372403845E-3,2.641692758E-3,-5.309182219E-3
3.231136562E1,-6.462100893E-3,2.149540931E-3,-5.740081891E-3
3.232143662E1,-8.143048733E-3,7.978901267E-4,-6.643493660E-3
3.233147662E1,-6.873253733E-3,3.428293392E-3,-4.090587143E-3
3.234151762E1,-3.618478775E-3,2.417739481E-3,-5.964909215E-3
3.235155762E1,-4.920765758E-3,-1.336252317E-3,-3.397621680E-3
3.236159763E1,-3.481993452E-3,1.006726176E-3,-4.655288067E-3
3.237163763E1,-1.177294180E-3,-3.624055535E-4,-5.685665179E-3
3.238170862E1,-2.082817256E-3,2.834001556E-3,-5.297948606E-3
3.239174962E1,-3.883114085E-3,-2.383396029E-3,-6.577331573E-3
3.240178963E1,-3.194710240E-3,-2.471095882E-3,-5.718148313E-3
3.241182963E1,-5.189416930E-3,-2.569898963E-3,-6.491263863E-3
3.242186962E1,-5.052078515E-3,7.363520563E-4,-4.887878895E-3
3.243191062E1,-2.929804847E-3,6.804261357E-4,-5.846350454E-3
3.244195062E1,-2.340007573E-3,3.535561264E-4,-3.179409541E-3
3.245202162E1,-5.199443549E-3,1.880081370E-3,-3.921366297E-3
3.246206162E1,-2.846704796E-3,5.121566355E-4,-2.360695740E-3
3.247210162E1,-5.904752761E-4,3.509810194E-3,-2.737799194E-3
3.248214262E1,-5.492884666E-4,6.037764251E-5,-2.588609699E-3
3.249218262E1,1.362062059E-3,-3.195070662E-3,-1.358761685E-3
3.250222263E1,5.450043827E-4,3.408081830E-4,-2.302586101E-3
3.251226263E1,1.232898794E-3,-1.272534952E-3,-3.449875861E-3
3.252233362E1,1.834208146E-3,-6.404127926E-4,-2.488007769E-3
3.253237462E1,3.151409328E-4,-3.774154000E-3,1.151734497E-3
3.254241463E1,-6.811693311E-6,4.834059626E-3,1.296565286E-3
3.255245463E1,1.292750239E-4,3.424473107E-5,-3.202398366E-4
3.256249462E1,3.637038171E-4,2.638043836E-3,3.166896524E-3
3.257253562E1,3.030593507E-3,6.915386766E-4,8.147925255E-4
3.258260663E1,1.964569092E-4,-1.889020205E-4,8.534084191E-4
3.259264662E1,2.163734287E-3,-4.789195955E-4,-1.398294233E-3
3.260268662E1,1.947832294E-3,-1.868758351E-3,-1.525756670E-3
3.261272662E1,2.919353545E-3,-9.656809270E-4,-1.269826898E-3
3.262276762E1,-7.795207202E-4,-2.052549273E-3,-1.344240736E-3
3.263280762E1,-2.274885774E-3,2.145990729E-4,-2.687272849E-3
3.264284763E1,-4.130287096E-3,-1.880444586E-3,-1.053998712E-3
3.265291862E1,-3.743063658E-3,8.932370692E-4,-1.189020928E-3
3.266295862E1,-2.236992121E-3,2.238400280E-3,-2.064789645E-3
3.267299962E1,5.848929286E-4,1.282591373E-3,-2.737503964E-3
3.268303963E1,1.871362329E-4,-2.547929995E-3,-2.005495131E-3
3.269307963E1,2.203149721E-3,-5.760788918E-5,-2.014549682E-3
3.270311962E1,5.652301945E-3,-4.270632751E-3,-2.344832756E-3
3.271319062E1,3.495940939E-3,-2.103084698E-3,-9.642501827E-4
3.272323163E1,3.819315694E-3,1.327095553E-3,-9.722479736E-4
3.273327162E1,2.623556182E-3,-2.339277416E-3,4.264442250E-4
3.274331162E1,1.533457078E-3,-1.809338108E-3,8.714667056E-4
3.275335162E1,1.602699980E-3,1.106556505E-3,1.319676870E-3
3.276339262E1,1.059925184E-3,-1.697549596E-3,1.387097174E-3
3.277343262E1,9.850896895E-4,4.846435040E-4,1.568990992E-3
3.278350362E1,2.423690632E-3,-1.411711797E-3,3.382144496E-3
3.279354362E1,2.362971194E-3,3.768671304E-4,3.136601299E-3
3.280358362E1,3.641509451E-3,1.115743071E-3,3.098874586E-3
3.281362462E1,6.553143263E-3,-2.205749974E-3,4.770008381E-3
3.282366463E1,9.215284139E-3,4.884544760E-4,3.734747414E-3
3.283370463E1,7.263187319E-3,3.776391968E-3,3.231942188E-3
3.284377562E1,7.294140756E-3,-3.805911168E-3,2.589205746E-3
3.285381562E1,6.721295416E-3,-9.062606841E-4,9.225994581E-4
3.286385663E1,5.744270980E-3,-1.254498959E-3,1.344924560E-3
3.287389662E1,4.205229692E-3,-5.884670652E-3,-1.073758351E-3
3.288393662E1,2.309059724E-3,-2.538408153E-3,-1.137141604E-3
3.289397662E1,2.876845188E-3,-1.105893403E-3,-5.224840716E-4
3.290401762E1,2.039559186E-4,-1.069718972E-3,-9.235450998E-4
3.291408762E1,1.341391355E-3,-2.574938349E-3,-1.658044988E-3
3.292412862E1,-4.333257675E-4,-2.602593973E-3,6.033497630E-5
3.293416862E1,3.126787953E-3,-1.719489694E-3,-1.333030872E-3
3.294420862E1,3.104222007E-3,-1.227052882E-3,-1.431038836E-3
3.295424862E1,1.559321769E-3,-2.364754677E-3,-2.163408091E-3
3.296428863E1,2.787562087E-3,-8.100420237E-4,-1.390135381E-3
3.297432863E1,2.012316138E-3,-4.150941968E-4,-1.237536315E-3
3.298439962E1,5.204454064E-4,-2.191500738E-3,8.282022318E-4
3.299443962E1,1.078910194E-3,8.594151586E-4,4.867849639E-4
3.300448063E1,2.469301224E-3,-2.724096179E-3,6.542633637E-4
3.301452063E1,2.469567582E-3,-4.516206682E-4,1.687303418E-3
3.302456062E1,2.154933289E-3,8.566174656E-4,-2.913295175E-4
3.303460062E1,2.826848999E-3,-6.440728903E-4,6.572884158E-4
3.304467163E1,4.581955262E-3,-3.291452304E-3,-1.825699583E-4
3.305471163E1,4.056779668E-3,-3.414223902E-3,-6.550147082E-4
3.306475262E1,3.762936220E-3,-4.445504397E-3,8.696981240E-6
3.307479262E1,2.643343993E-3,-4.469472915E-3,9.040517034E-4
3.308483262E1,2.489243634E-3,-3.118081018E-3,8.688460221E-4
3.309487362E1,3.424279392E-3,-1.838430762E-3,1.529883593E-4
3.310491363E1,1.285920851E-3,-1.542424783E-3,-1.948809950E-4
3.311498462E1,2.989545465E-3,-1.148810610E-3,2.658459125E-4
3.312502462E1,2.268069424E-3,-2.008898184E-3,7.496628677E-4
3.313506462E1,3.661967814E-3,-4.049145617E-3,6.309995661E-5
3.314510563E1,4.966871813E-3,-8.337926120E-4,2.356969751E-3
3.315514563E1,4.334636964E-3,-1.219684258E-3,9.606743697E-4
3.316518562E1,6.243276410E-3,1.506999135E-3,4.800536553E-4
3.317525662E1,2.352664247E-3,1.908337697E-3,-1.665655291E-3
3.318529663E1,4.062928259E-3,-9.981393814E-4,-1.416987507E-3
3.319533663E1,1.334252767E-3,-1.479372382E-3,-1.376241213E-3
3.320537762E1,1.898043789E-3,-2.393636853E-3,4.162575351E-5
3.321541762E1,-6.434097886E-4,-4.854816943E-4,-1.350142295E-3
3.322545762E1,6.512198597E-4,5.064345896E-5,-5.333590088E-4
3.323549862E1,3.779791296E-4,1.435875893E-4,8.980900748E-4
3.324556862E1,1.371614635E-4,3.723222762E-4,1.176132355E-3
3.325560962E1,4.121251404E-3,-8.612535894E-4,7.790550590E-4
3.326564962E1,3.198452294E-3,-1.058358699E-3,1.225554966E-3
3.327568962E1,3.423223272E-3,-1.271145418E-3,-2.226720098E-4
3.328573063E1,4.948436283E-3,-6.158612669E-4,2.008034382E-3
3.329577063E1,2.599528059E-3,-1.631230116E-4,6.005538744E-4
3.330584162E1,3.888533451E-3,-8.195247501E-4,4.350523232E-4
3.331588162E1,8.908789605E-4,2.166943625E-3,2.156078117E-4
3.332592163E1,2.875480801E-3,-2.636857331E-3,3.028539009E-3
3.333596163E1,3.281080164E-3,-2.065608278E-3,2.888989169E-3
3.334600262E1,6.363186985E-4,7.133148611E-4,3.432718571E-3
3.335604262E1,2.172163688E-3,-1.377265900E-3,2.338159597E-3
3.336608262E1,1.944223419E-3,2.034548670E-4,2.955402946E-3
3.337615362E1,1.507464796E-3,-2.131604590E-3,1.096516615E-3
3.338619362E1,1.842287369E-3,-1.059731469E-3,1.634388464E-4
3.339623462E1,1.313117333E-3,-3.218489699E-3,5.722340429E-4
3.340627462E1,5.521532148E-5,1.730527729E-3,-8.736533346E-4
3.341631462E1,-6.412006915E-4,4.615318030E-4,8.504771395E-4
3.342635563E1,-1.280765980E-3,6.624031812E-4,2.802695148E-3
3.343642562E1,-3.056028858E-3,1.833129674E-3,2.373393625E-3
3.344646662E1,-3.766530193E-3,2.217557281E-3,3.896541428E-3
3.345650662E1,-3.803214058E-4,2.340061590E-3,2.617691644E-3
3.346654663E1,2.309503034E-4,1.867739484E-3,2.560738008E-3
3.347658663E1,2.219266258E-3,5.555991083E-4,3.063809127E-3
3.348662762E1,5.145863630E-3,-2.639849670E-3,1.985544339E-3
3.349666762E1,6.556539796E-3,-1.506941393E-3,4.217361566E-4
3.350673863E1,4.292801954E-3,3.681816161E-4,2.439660020E-3
3.351677862E1,4.383083433E-3,-2.812164836E-3,1.531522023E-3
3.352681862E1,5.126949400E-4,9.378977120E-5,9.518067236E-4
3.353685962E1,3.893906251E-4,-1.254301518E-3,2.186448080E-3
3.354689962E1,1.487219706E-3,-7.979050279E-4,1.440890832E-3
3.355693962E1,-1.650250517E-3,-8.394513279E-4,3.377541434E-3
3.356698063E1,-5.389563739E-4,5.583614111E-4,3.495378420E-3
3.357705062E1,-8.020773530E-4,2.840157598E-3,4.448257387E-3
3.358709162E1,-1.157605089E-3,2.154408023E-3,4.445151426E-3
3.359713162E1,-1.579715870E-3,1.247601584E-3,5.070994142E-3
3.360717163E1,2.382621169E-4,2.104204148E-3,4.855338950E-3
3.361721163E1,-1.398515888E-3,1.761188731E-3,3.706451040E-3
3.362725262E1,-6.861472502E-4,6.121251732E-3,3.780262545E-3
3.363732363E1,-1.210522838E-3,1.292143017E-3,4.321683198E-3
3.364736363E1,9.875325486E-4,2.531416714E-3,3.860247787E-3
3.365740362E1,5.193483084E-4,-4.010106437E-3,3.024547826E-3
3.366744362E1,-5.593681708E-4,6.287787110E-4,2.447463339E-3
3.367748462E1,2.222703770E-4,2.947326750E-3,4.381083418E-4
3.368752462E1,-2.633054741E-3,-1.056563109E-3,-4.348630318E-5
3.369756462E1,-2.190970816E-3,-1.249374822E-3,2.609130461E-4
3.370763562E1,-1.713034697E-3,2.423251048E-3,-1.391371712E-3
3.371767562E1,-4.349297844E-3,1.726035029E-3,1.873502042E-4
3.372771662E1,-3.401649185E-3,8.849892765E-4,9.217893239E-5
3.373775662E1,-2.374733798E-3,1.207765192E-3,-1.087601413E-3
3.374779663E1,-8.052038029E-4,4.282034934E-5,-2.212495892E-4
3.375783663E1,-1.939176582E-3,-1.874122769E-3,6.983289495E-6
3.376790762E1,-7.200734690E-4,-1.132801175E-3,-5.538271507E-4
3.377794863E1,-1.714620739E-4,-1.244388521E-3,5.500531988E-4
3.378798863E1,-1.194718294E-3,-1.729384065E-3,4.621795379E-4
3.379802862E1,-2.174227498E-3,6.133988500E-4,1.822788501E-3
3.380806862E1,-2.044809051E-3,8.293483406E-4,1.498569269E-3
3.381810962E1,-2.362790518E-3,2.273580059E-3,1.968084602E-3
3.382814962E1,-2.426312305E-3,-3.193154931E-3,1.264495542E-3
3.383822062E1,-3.513413481E-3,1.566980034E-3,1.252244925E-3
3.384826062E1,-2.094413154E-3,-8.186493069E-4,2.926033223E-3
3.385830062E1,-1.281616278E-3,-1.091090962E-3,2.738280455E-3
3.386834162E1,3.780275583E-4,-7.356554270E-4,2.111832611E-3
3.387838162E1,-5.511483178E-4,-1.316223294E-3,2.717968076E-3
3.388842163E1,1.081393100E-3,-4.111943766E-3,1.233747927E-3
3.389849262E1,-1.056591980E-3,-3.646955825E-3,2.346682828E-3
3.390853262E1,-1.286528073E-3,6.334073842E-4,1.282156096E-3
3.391857363E1,4.903329536E-4,-2.797276713E-3,6.182300858E-4
3.392861363E1,-1.569542103E-3,-5.889143795E-4,3.380562179E-3
3.393865362E1,-2.323216759E-3,-3.156468272E-3,8.723973297E-4
3.394867025E1,-2.057258971E-3,3.013715148E-3,2.429065295E-3
3.395871125E1,-2.251137979E-3,1.910310239E-4,2.654634882E-3
3.396878125E1,-6.774896756E-4,-3.082025796E-3,1.966360025E-3
3.397882225E1,-3.171539865E-3,6.671734154E-4,1.305363374E-3
3.398886225E1,-4.171357490E-3,3.715232015E-4,1.218290534E-3
3.399890225E1,-2.886914648E-3,-3.613630310E-3,2.006586408E-3
3.400894325E1,-4.102702253E-3,1.915084198E-3,1.310559921E-3
3.401898325E1,-2.384164371E-3,-1.008000225E-3,1.470615854E-3
3.402905425E1,5.667656660E-4,1.071672887E-4,1.385220443E-3
3.403909425E1,5.579777062E-4,5.884002894E-4,1.861393568E-3
3.404913425E1,-2.262632363E-3,1.577232033E-3,3.787780646E-3
3.405917525E1,1.664375886E-4,2.449151129E-3,4.676477052E-3
3.406921525E1,-6.335461512E-4,3.916760907E-3,5.090247840E-3
3.407925525E1,-1.360590570E-3,3.474676982E-3,4.871335812E-3
3.408929525E1,-1.580969431E-3,-3.385115415E-4,4.646588583E-3
3.409936625E1,-1.138084568E-3,-1.057032496E-3,3.526995890E-3
3.410940625E1,-2.626190893E-3,-2.073524520E-3,4.111815244E-3
3.411944725E1,-3.076265566E-3,2.078525722E-5,4.643914755E-3
3.412948725E1,-3.485619090E-3,2.463640645E-3,5.178183317E-3
3.413952725E1,-1.122063957E-3,2.153914422E-3,4.612794146E-3
3.414956825E1,-2.827768214E-3,5.464013666E-3,4.538843408E-3
3.415960825E1,-2.480224706E-3,2.918563783E-3,3.150271485E-3
3.416967925E1,-1.621092670E-3,1.179527491E-3,1.373819308E-3
3.417971925E1,-6.391843781E-4,3.020036966E-3,1.893135719E-3
3.418975925E1,-1.997306012E-3,-2.113573253E-3,2.870690543E-3
3.419980025E1,-1.684649847E-3,4.341661930E-3,2.087188419E-3
3.420984025E1,-3.458972089E-3,1.149166375E-3,3.300616052E-3
3.421988025E1,-5.113062449E-3,1.280460507E-3,3.938975744E-3
3.422995125E1,-5.593881942E-3,3.220971674E-3,7.011934649E-3
3.423999125E1,-6.537440233E-3,2.466499805E-3,4.310158081E-3
3.425003125E1,-6.562632509E-3,3.675442189E-3,4.698509350E-3
3.426007225E1,-3.369237296E-3,2.695132047E-3,5.317428149E-3
3.427011225E1,-1.515076496E-3,-4.207286984E-4,1.571413362E-3
3.428015225E1,1.242360100E-3,1.083157957E-3,3.061984433E-3
3.429019325E1,-1.003417186E-3,1.850189641E-3,1.335582929E-4
3.430026325E1,-3.109686077E-5,-2.071847208E-3,7.066704566E-4
3.431030425E1,5.197217688E-4,-1.102009788E-3,9.659468196E-4
3.432034425E1,-2.156755887E-3,-4.772320390E-4,9.755343199E-4
3.433038425E1,-2.276183106E-3,-9.578317404E-4,1.722909394E-3
3.434042525E1,-3.286586143E-3,3.381256014E-3,1.870642882E-4
3.435046525E1,-4.190129228E-3,1.734130085E-3,2.403334714E-3
3.436053625E1,-3.474538215E-3,3.696879372E-3,4.048902076E-3
3.437057625E1,-4.546008073E-3,-1.270137727E-5,3.601921257E-3
3.438061625E1,-1.046536490E-4,3.015046939E-3,2.046102658E-3
3.439065625E1,-2.088190056E-3,-3.415719606E-3,2.628421877E-3
3.440069725E1,1.315063797E-3,-6.710663438E-4,3.117378103E-3
3.441073725E1,-3.830250353E-5,2.588236704E-3,1.927931444E-3
3.442077725E1,-3.437669948E-4,2.307273448E-3,2.981744241E-3
3.443084825E1,-1.291464083E-3,-2.278383821E-3,3.357113805E-3
3.444088825E1,-2.468581311E-3,2.056976780E-3,2.761897165E-3
3.445092925E1,-1.528446563E-3,-3.831889480E-4,2.224280732E-3
3.446096925E1,-7.524015382E-4,-5.348958075E-5,1.547038788E-3
3.447100925E1,-8.043339476E-4,1.402726397E-3,2.748923376E-3
3.448105025E1,-1.845895313E-3,2.324447036E-3,3.400943242E-4
3.449112025E1,-1.591137610E-3,-2.836888656E-3,-5.619812291E-4
3.450116125E1,-8.683549240E-4,2.611670643E-4,3.363030264E-4
3.451120125E1,-1.717771403E-3,-3.542564809E-5,5.951347994E-4
3.452124125E1,-3.355615772E-3,-1.966217533E-3,-5.734603037E-4
3.453128125E1,-4.351955839E-3,-1.091649756E-3,-1.579740085E-3
3.454132225E1,-4.162871279E-3,4.716254771E-4,-5.081930431E-5
3.455136225E1,-6.373086013E-3,1.199627295E-3,-1.748247072E-3
3.456143325E1,-4.781047814E-3,1.896044239E-3,-1.229729736E-3
3.457147325E1,-6.473805755E-3,3.369934857E-4,-2.478642855E-3
3.458151325E1,-5.328914151E-3,1.757789403E-3,-5.031016655E-3
3.459155425E1,-6.233373657E-3,8.119810373E-4,-8.015276864E-3
3.460159425E1,-3.896715119E-3,-3.784503788E-4,-9.244325571E-3
3.461163425E1,-5.792582408E-3,-4.128456116E-3,-9.791321121E-3
3.462170525E1,-5.221335217E-3,-4.881598055E-3,-1.245980803E-2
3.463174525E1,-6.336623803E-3,-2.674296498E-3,-1.011294778E-2
3.464178625E1,-6.325704977E-3,-2.575759776E-3,-1.027646568E-2
3.465182625E1,-8.271731436E-3,-4.095904529E-3,-1.021694951E-2
3.466186625E1,-7.680775598E-3,-6.032022648E-3,-1.001747884E-2
3.467190625E1,-8.521961048E-3,-5.729357712E-3,-9.269600734E-3
3.468194725E1,-9.225569665E-3,-7.318199612E-3,-1.041928679E-2
3.469201825E1,-7.429664955E-3,-3.649345599E-3,-1.017723139E-2
3.470205825E1,-7.281327620E-3,-6.886950694E-3,-9.028609842E-3
3.471209825E1,-3.473846242E-3,-3.909251653E-3,-7.722355425E-3
3.472213825E1,-2.539876848E-3,-4.186752252E-3,-7.461098954E-3
3.473217925E1,-2.648334950E-3,-5.918107927E-3,-5.653335713E-3
3.474221925E1,-1.959642395E-3,-6.458196789E-3,-6.280510221E-3
3.475225925E1,-1.927243546E-3,-3.416575491E-4,-4.835211672E-3
3.476233025E1,-2.656416968E-3,-2.143552527E-3,-3.236782271E-3
3.477237025E1,-2.326278016E-3,-4.056599922E-3,-3.948860802E-3
3.478241125E1,-7.132012397E-4,-7.795803249E-4,-2.689984627E-3
3.479245125E1,-2.205887809E-3,8.268635720E-4,-8.072806522E-4
3.480249125E1,-1.584839076E-3,-1.084752381E-3,8.782339282E-4
3.481253125E1,-4.149656743E-4,2.246584743E-3,1.451941207E-4
3.482260225E1,-4.629027098E-4,3.259917721E-3,2.250955440E-3
3.483264325E1,-3.178900108E-3,-2.307818271E-3,2.798172180E-3
3.484268325E1,-3.173351288E-4,-9.125880897E-4,-5.944287404E-4
3.485272325E1,-1.904806122E-3,-2.959404141E-3,-6.366972812E-4
3.486276325E1,-4.439335316E-3,-2.179896459E-3,9.958203882E-4
3.487280425E1,-2.443004400E-3,-1.824943349E-3,-3.072514664E-3
3.488284425E1,-3.918396309E-3,-2.558644861E-3,-3.088493831E-3
3.489291525E1,-6.452098489E-3,2.549888566E-3,-4.007320851E-3
3.490295525E1,-5.063526332E-3,4.704855382E-5,-4.591618199E-3
3.491299525E1,-7.999675348E-3,-4.840139300E-4,-5.957668182E-3
3.492303625E1,-9.508356452E-3,1.472609118E-3,-5.968054291E-3
3.493307625E1,-9.956581518E-3,3.884341568E-3,-6.544478238E-3
3.494311625E1,-8.820209652E-3,-1.709628850E-3,-5.797993392E-3
3.495319175E1,-1.232564822E-2,-7.023476064E-4,-4.880701192E-3
3.496323175E1,-1.043720171E-2,-1.007279381E-3,-6.002690643E-3
3.497327275E1,-1.019890048E-2,-2.248861827E-3,-6.447308697E-3
3.498331275E1,-8.988494053E-3,-1.990273595E-4,-4.003858194E-3
3.499335275E1,-9.606640786E-3,-4.387437366E-3,-4.124729894E-3
3.500339275E1,-9.088655934E-3,2.859024331E-3,-2.105254680E-3
3.501343375E1,-8.627288043E-3,1.575777307E-3,-7.927844999E-4
3.502350375E1,-7.190780714E-3,3.263421357E-3,3.565478371E-3
3.503354475E1,-7.146731019E-3,4.432406276E-3,4.341854714E-3
3.504358475E1,-4.507007077E-3,5.521105602E-3,5.422565155E-3
3.505362475E1,-1.165924594E-3,3.287624568E-3,7.451447658E-3
3.506366575E1,-1.848153770E-4,4.149787128E-5,5.839169957E-3
3.507370575E1,3.911525011E-3,-3.827089444E-3,5.234126933E-3
3.508377675E1,7.787489798E-3,-5.875060335E-3,4.168063402E-3
3.509381675E1,9.115554392E-3,-8.625419810E-3,3.148945514E-3
3.510385675E1,1.037949044E-2,-4.090855829E-3,7.065603277E-4
3.511389775E1,8.556584828E-3,-1.576514915E-3,-1.278594835E-3
3.512393775E1,6.692372262E-3,-1.388229430E-3,-1.229326357E-3
3.513397775E1,3.250529058E-3,-3.829485737E-3,-2.852827776E-3
3.514401775E1,3.263311461E-3,-1.129306853E-3,-1.906606602E-3
3.515408875E1,-4.256311804E-4,-9.369887412E-4,6.944627967E-5
3.516412875E1,-1.648023725E-3,7.250905037E-4,-2.951404313E-4
3.517416975E1,-3.561398014E-3,-1.062564552E-3,2.112953458E-3
3.518420975E1,-4.379786551E-3,1.520169899E-3,-1.405614777E-3
3.519424975E1,-1.517677680E-3,3.101320937E-3,-6.928395014E-4
3.520429075E1,6.554629654E-4,2.783073112E-3,-3.411127953E-3
3.521436075E1,2.963040955E-3,1.509165391E-3,-3.302928992E-3
3.522440175E1,3.569176421E-3,3.224508837E-3,-4.217724781E-3
3.523444175E1,6.226983853E-3,5.384944379E-4,-3.043713979E-3
3.524448175E1,4.057838582E-3,-3.576595336E-4,-2.094563330E-3
3.525452275E1,4.370814189E-3,8.665993810E-4,-1.745814225E-3
3.526456275E1,2.511395141E-3,-1.820797101E-3,-8.693127893E-5
3.527460275E1,1.251744106E-3,3.868527710E-5,4.805193748E-5
3.528467375E1,-1.818351448E-4,-1.095553860E-3,-5.042877165E-4
3.529471375E1,-4.370156676E-4,3.447415307E-3,-2.053640084E-3
3.530475375E1,1.070676371E-4,3.980845213E-3,-5.037978292E-3
3.531479475E1,3.216840327E-3,2.984823659E-3,-5.914957263E-3
3.532483475E1,5.517811514E-3,-1.984518021E-4,-6.904854439E-3
3.533487475E1,9.089469910E-3,-2.879093401E-3,-7.614103612E-3
3.534494575E1,1.254492160E-2,-5.715359934E-3,-8.141675964E-3
3.535498575E1,1.182719972E-2,-6.883422844E-3,-8.701206185E-3
3.536502675E1,1.159177627E-2,-7.663728669E-3,-1.107967552E-2
3.537506675E1,9.774658829E-3,-4.576133564E-3,-1.105499081E-2
3.538510675E1,1.012885943E-2,-4.932197742E-3,-1.174714603E-2
3.539514775E1,8.846201003E-3,-8.477829397E-4,-1.358003356E-2
3.540518775E1,7.898114622E-3,-2.153797075E-3,-1.458111592E-2
3.541525875E1,4.741125740E-3,-3.464409150E-3,-1.549547911E-2
3.542529875E1,5.030877888E-3,-2.634834498E-3,-1.762680709E-2
3.543533875E1,3.362140618E-3,-8.960571140E-4,-1.453274675E-2
3.544537875E1,2.228433266E-3,-5.544871092E-3,-1.452981681E-2
3.545541975E1,-2.778030932E-3,-4.361604340E-3,-1.487537846E-2
3.546545975E1,-5.068881437E-3,-9.881779552E-4,-1.361969765E-2
3.547553075E1,-5.514973775E-3,-1.826565713E-3,-9.886063635E-3
3.548557075E1,-7.006609812E-3,6.725452840E-4,-1.087675896E-2
3.549561075E1,-6.621556357E-3,4.030801356E-3,-1.029780786E-2
3.550565175E1,-8.337430656E-3,4.585802555E-3,-8.729739115E-3
3.551569175E1,-7.003292441E-3,2.868475392E-3,-1.096126623E-2
3.552573175E1,-3.234654665E-3,2.297226340E-3,-1.335544791E-2
3.553577275E1,-1.154221594E-3,3.426764160E-4,-1.258043293E-2
3.554584275E1,-2.189392224E-3,1.413533464E-3,-1.115910336E-2
3.555588375E1,-1.690033823E-3,4.746019840E-6,-1.132916380E-2
3.556592375E1,-2.474002540E-4,-5.665011704E-4,-1.058907155E-2
3.557596375E1,-1.986611634E-3,4.169723019E-3,-9.568818845E-3
3.558600375E1,-4.809029400E-3,8.295867592E-4,-9.669220075E-3
3.559604475E1,-6.543474272E-3,1.386050135E-4,-1.037436910E-2
3.560608475E1,-8.388778195E-3,4.105117172E-3,-1.137571782E-2
3.561615575E1,-1.168178953E-2,3.310939297E-3,-1.162643917E-2
3.562619575E1,-1.092119142E-2,-3.505684435E-5,-1.309703663E-2
3.563623575E1,-1.057870872E-2,1.903457567E-3,-1.426110417E-2
3.564627675E1,-1.185942255E-2,1.571629196E-3,-1.565446891E-2
3.565631675E1,-1.047221199E-2,8.069891483E-4,-1.543712243E-2
3.566635675E1,-1.239794306E-2,-2.404320985E-4,-1.722277328E-2
3.567642775E1,-9.463751689E-3,-1.400314271E-3,-1.731261984E-2
3.568646775E1,-1.301960275E-2,-1.226674765E-3,-1.641353592E-2
3.569650875E1,-1.194220595E-2,-3.934110515E-3,-1.568821073E-2
3.570654875E1,-1.417713054E-2,-3.817197867E-3,-1.532096229E-2
3.571658875E1,-1.863919012E-2,-4.108505324E-3,-1.422694977E-2
3.572662875E1,-1.905677281E-2,-4.640871659E-3,-1.578516513E-2
3.573666975E1,-2.138062008E-2,-5.868535489E-3,-1.931042597E-2
3.574674075E1,-2.176997624E-2,-1.350749284E-3,-2.053281665E-2
3.575678075E1,-2.011470310E-2,-2.045767382E-3,-2.132871747E-2
3.576682075E1,-1.818151586E-2,-2.870149910E-4,-2.256202698E-2
3.577686075E1,-1.835963689E-2,-6.336849183E-4,-2.320882678E-2
3.578690175E1,-1.485678181E-2,-4.986620508E-3,-2.304983698E-2
3.579694175E1,-1.430904306E-2,-6.348947994E-3,-2.417480573E-2
3.580701275E1,-1.382195018E-2,-9.342874400E-3,-2.343657799E-2
3.581705275E1,-1.656601205E-2,-8.989912458E-3,-2.225313336E-2
3.582709275E1,-1.492896862E-2,-5.236187018E-3,-2.136869915E-2
3.583713375E1,-1.467650197E-2,-7.402667776E-3,-2.007520013E-2
3.584717375E1,-1.458968222E-2,-4.346158355E-3,-2.039664425E-2
3.585721375E1,-1.401233673E-2,-8.494611830E-3,-2.066638879E-2
3.586725375E1,-1.479450800E-2,-3.435404971E-3,-2.251169458E-2
3.587732475E1,-1.558740996E-2,-5.331914872E-3,-2.060390450E-2
3.588736575E1,-1.505105011E-2,-3.282079473E-3,-2.219168097E-2
3.589740575E1,-1.393197477E-2,-2.763004042E-3,-2.327706851E-2
3.590744575E1,-1.448138431E-2,-5.092737265E-3,-2.346695215E-2
3.591748575E1,-1.473467983E-2,-5.652583204E-3,-2.565896697E-2
3.592752675E1,-1.056976244E-2,-3.470388241E-3,-2.391725965E-2
3.593759675E1,-1.115072705E-2,-7.557370700E-3,-2.354704775E-2
3.594763775E1,-6.256369874E-3,-7.235127501E-3,-2.253052033E-2
3.595765438E1,-6.356015801E-3,-3.864173777E-3,-2.052630670E-2
3.596769437E1,-5.218045786E-3,-4.838357680E-3,-1.778165251E-2
3.597773537E1,-5.088394508E-3,-3.082597628E-3,-1.308791991E-2
3.598777537E1,-5.294524133E-3,-1.059394330E-3,-8.741906844E-3
3.599781537E1,-1.432629302E-3,2.479210496E-3,-7.086664438E-3
3.600788637E1,-1.239283010E-3,1.600099728E-3,-4.801139701E-3
3.601792637E1,-6.702598184E-4,3.877319396E-4,-6.389132701E-3
3.602796737E1,-1.027388498E-3,5.057100207E-4,-6.296986714E-3
3.603800737E1,-6.315745413E-4,1.543141901E-3,-5.999200046E-3
3.604804737E1,-1.145830378E-3,6.898660213E-4,-5.716904998E-3
3.605808738E1,-3.948621452E-5,2.255046740E-3,-5.901475437E-3
3.606815837E1,3.031937405E-3,-2.208678052E-3,-4.171219654E-3
3.607819837E1,4.589539953E-3,-6.737019867E-4,-3.364116186E-3
3.608823937E1,4.272890277E-3,-1.495022327E-3,-4.123116843E-3
3.609827938E1,3.590344451E-3,-3.202400170E-3,-4.014559090E-3
3.610831937E1,3.915782087E-3,1.771505922E-4,-4.316827748E-3
3.611836037E1,2.903652377E-3,-4.607582465E-3,-4.309870303E-3
3.612840037E1,2.228541300E-3,-4.170984030E-4,-4.586572759E-3
3.613847138E1,1.164234243E-3,-1.782622188E-3,-6.217292510E-3
3.614851137E1,2.825514413E-3,-8.936598897E-4,-2.690734342E-3
3.615855137E1,2.884857357E-3,-1.180818304E-3,1.020295662E-3
3.616859237E1,1.023841091E-3,-6.599035114E-4,1.296998118E-3
3.617863237E1,-1.745242625E-4,-3.445210867E-3,3.533722600E-3
3.618867237E1,9.804889560E-4,6.171729416E-3,3.936658613E-3
3.619874337E1,-6.231367588E-4,1.588793471E-3,4.981116392E-3
3.620878337E1,-1.972559839E-3,1.822885126E-3,5.731328856E-3
3.621882337E1,-2.509186044E-3,1.879876480E-3,5.406689830E-3
3.622886437E1,-4.452373832E-4,-1.082889736E-3,2.450314583E-3
3.623890438E1,-9.116865695E-4,2.773553133E-4,2.044749213E-3
3.624894437E1,-1.887202263E-3,-2.843048424E-4,-1.490064431E-3
3.625898537E1,-1.859081909E-3,1.955026761E-3,-4.569810349E-3
3.626905537E1,-2.465216443E-3,-1.971804537E-3,-7.801556494E-3
3.627909638E1,-3.199687228E-3,-2.676161006E-3,-7.728353143E-3
3.628913637E1,7.750811055E-4,-3.113452345E-3,-1.113586780E-2
3.629917637E1,-1.087108627E-3,-2.251508646E-3,-1.155245211E-2
3.630921737E1,-6.839055568E-4,-2.453494817E-4,-1.172395982E-2
3.631925737E1,-1.360911876E-3,-7.188788615E-3,-1.240676176E-2
3.632932837E1,6.199469790E-4,-7.348312065E-3,-1.126213558E-2
3.633936837E1,9.275721386E-4,-1.013606414E-2,-1.172688976E-2
3.634940837E1,-3.962790594E-3,-9.738187306E-3,-1.345608011E-2
3.635944837E1,-1.238843426E-3,-7.411334664E-3,-1.159081887E-2
3.636948937E1,-4.654657096E-5,-1.013574842E-2,-1.313918084E-2
3.637952938E1,-1.574009657E-3,-1.060462371E-2,-1.102493610E-2
3.638956937E1,-2.131409943E-3,-1.023151446E-2,-1.024995558E-2
3.639964037E1,-1.377891749E-3,-6.459828466E-3,-8.087400347E-3
3.640968037E1,-2.094015479E-3,-8.068644442E-3,-4.901993088E-3
3.641972138E1,-1.405682415E-3,-8.475938812E-3,-1.740504988E-3
3.642976137E1,4.081958905E-4,-4.520611838E-3,5.579716526E-5
3.643980137E1,-5.422569811E-4,-3.400974907E-3,1.568441978E-3
3.644984237E1,6.255395710E-4,2.289135009E-4,3.055708949E-4
3.645991238E1,-1.693541184E-3,-3.072090447E-3,-1.756746206E-3
3.646995337E1,-3.168666735E-3,-3.999670036E-3,-3.163960529E-3
3.647999337E1,-2.720095217E-3,-3.180104308E-3,-7.683162577E-3
3.649003337E1,-5.845580250E-3,-6.082683802E-3,-8.145220578E-3
3.650007337E1,-4.573373124E-3,-5.278680474E-3,-1.054883376E-2
3.651011437E1,-8.167043328E-3,-5.215297453E-3,-1.097680442E-2
3.652015438E1,-1.006720960E-2,-7.566839457E-3,-1.234650612E-2
3.653022537E1,-1.038199477E-2,-6.983607076E-3,-1.248286106E-2
3.654026537E1,-1.079954393E-2,-4.614980891E-3,-1.224795915E-2
3.655030537E1,-6.440747529E-3,-4.862921312E-3,-1.339604799E-2
3.656034638E1,-5.140859634E-3,-6.849639118E-3,-1.441816892E-2
3.657038637E1,-5.119021982E-3,-5.911140703E-3,-1.515133679E-2
3.658042637E1,-3.033377230E-3,-4.060906358E-3,-1.277241390E-2
3.659046737E1,-1.079415902E-3,-1.230232418E-3,-1.431651507E-2
3.660053738E1,-8.932743222E-4,-5.098761991E-3,-1.347107906E-2
3.661057837E1,-7.135104388E-4,-4.527513869E-3,-1.321355067E-2
3.662061837E1,-7.915571332E-4,-6.220773794E-3,-1.172949001E-2
3.663065837E1,1.557283103E-4,-6.705735810E-3,-1.077687740E-2
3.664069837E1,-9.831022471E-4,-7.552406751E-3,-8.037263528E-3
3.665073937E1,-5.259364843E-5,-7.124170661E-3,-7.003691047E-3
3.666081037E1,-2.168314531E-4,-4.173046909E-3,-2.300183289E-3
3.667085037E1,1.499576494E-3,-4.292356782E-3,-2.671262482E-4
3.668089037E1,-6.265342236E-4,-2.611484379E-3,3.463892965E-3
3.669093037E1,3.150359727E-3,-3.123767674E-4,6.020260975E-3
3.670097138E1,7.175272331E-4,2.414422110E-3,9.358255193E-3
3.671101137E1,1.350293867E-3,3.614176065E-3,9.466113523E-3
3.672105137E1,-8.071903139E-4,2.323256806E-3,5.972107407E-3
3.673112238E1,1.544380561E-3,2.465229481E-4,2.952615265E-3
3.674116238E1,2.442788333E-3,-1.678539440E-3,2.264642157E-3
3.675120337E1,3.789548762E-3,-2.279880457E-3,1.137059764E-3
3.676124337E1,4.081805237E-3,-7.433872670E-4,-2.895276411E-4
3.677128337E1,3.323603421E-3,1.133343205E-3,1.413830090E-3
3.678132337E1,3.227951005E-3,5.043856800E-5,-1.165093272E-4
3.679139437E1,7.689930499E-5,3.647036850E-3,-3.324917052E-4
3.680143537E1,4.076315090E-4,-1.674525440E-3,-1.008108491E-3
3.681147537E1,-3.305081278E-3,-2.441424876E-4,-4.215885885E-3
3.682151537E1,-3.922211006E-3,-3.622844815E-5,-6.951848976E-3
3.683155537E1,-4.018884152E-3,-3.357722424E-3,-7.733220235E-3
3.684159638E1,-6.056049839E-3,-3.973267972E-3,-8.704850450E-3
3.685163637E1,-6.937023252E-3,-3.641705029E-3,-9.332291782E-3
3.686170737E1,-5.433980376E-3,-4.638323560E-3,-9.287637658E-3
3.687174738E1,-6.044909358E-3,-2.786893398E-3,-6.780005060E-3
3.688178738E1,-8.261175826E-3,-3.174894489E-3,-4.934582394E-3
3.689182837E1,-7.950650528E-3,-4.056134261E-3,-6.816371810E-3
3.690186837E1,-7.394488901E-3,-3.419814631E-3,-6.067805924E-3
3.691190837E1,-6.218170747E-3,-1.715924591E-3,-4.639819264E-3
3.692197938E1,-5.295934156E-3,-3.787613474E-3,-5.142742768E-3
3.693201937E1,-2.712933347E-3,-2.656036057E-3,-6.688175257E-3
3.694206037E1,-3.200668842E-3,-7.707636803E-3,-6.280248053E-3
3.695210575E1,-6.842482835E-4,-5.131294951E-3,-5.306064151E-3
3.696214575E1,-1.397708431E-3,-6.371795200E-3,-4.876496270E-3
3.697218575E1,-2.261905000E-3,-6.053281017E-3,-5.470913835E-3
3.698222675E1,-2.701718360E-3,-4.011543468E-3,-5.817351863E-3
3.699229775E1,-4.133166745E-3,-9.140791371E-3,-6.541998126E-3
3.700233775E1,-6.502814591E-3,-4.076509736E-3,-6.393117830E-3
3.701237775E1,-7.124129683E-3,-4.131902941E-3,-5.228251219E-3
3.702241775E1,-8.205531165E-3,-3.034956753E-4,-3.505648114E-3
3.703245875E1,-7.687812671E-3,-7.073581219E-5,-2.930405317E-3
3.704249875E1,-7.591327652E-3,2.137633041E-3,-2.756669186E-3
3.705256975E1,-8.478159085E-3,2.230312675E-3,-4.181194119E-3
3.706260975E1,-8.953461424E-3,3.581978381E-3,-5.078091752E-3
3.707264975E1,-8.603788912E-3,7.198788226E-4,-7.527134847E-3
3.708269075E1,-6.433354691E-3,-2.192895859E-3,-8.465982974E-3
3.709273075E1,-4.287112504E-3,-7.699513808E-3,-9.844968095E-3
3.710277075E1,-4.106990993E-3,-6.056509912E-3,-1.247701887E-2
3.711281075E1,-3.049183637E-3,-5.685265176E-3,-1.267063152E-2
3.712288175E1,-5.249360576E-3,-4.448915832E-3,-1.061124913E-2
3.713292275E1,-5.679992959E-3,-3.661152907E-3,-7.830643095E-3
3.714296275E1,-5.366774276E-3,-2.312221564E-3,-8.454649709E-3
3.715300275E1,-2.917198464E-3,8.023455739E-4,-7.703105919E-3
3.716304275E1,-3.227377310E-3,-4.356820136E-4,-5.654770881E-3
3.717308375E1,-4.126993939E-3,4.763606936E-3,-4.844104405E-3
3.718315375E1,-5.568891764E-3,2.352321520E-3,-5.341029260E-3
3.719319475E1,-3.771791235E-3,2.651127055E-3,-4.716251977E-3
3.720323475E1,-4.866993055E-3,2.440093085E-3,-4.210853018E-3
3.721327475E1,-4.992427304E-3,2.908276394E-3,-1.940242015E-3
3.722331575E1,-5.279766396E-3,2.958098426E-3,5.256967852E-4
3.723335575E1,-8.789014071E-3,2.589859068E-4,1.046877471E-3
3.724339575E1,-5.190771073E-3,2.592748031E-3,3.866227111E-3
3.725346675E1,-3.925502300E-3,2.951210365E-3,2.092828043E-3
3.726350675E1,-1.829924062E-3,3.876069561E-3,5.089970306E-3
3.727354775E1,5.692522973E-5,4.848388955E-3,3.726165975E-3
3.728358775E1,4.529577680E-3,-1.332674176E-3,1.455897233E-3
3.729362775E1,5.600168370E-3,2.550480887E-3,2.514503896E-3
3.730366775E1,6.729726680E-3,4.954319447E-4,2.638944658E-3
3.731373875E1,2.201819792E-3,1.348443329E-3,3.571583657E-3
3.732377875E1,3.143874928E-3,-7.058233023E-4,5.657588132E-3
3.733381975E1,2.886613831E-3,3.549376503E-3,7.065068465E-3
3.734385975E1,-1.374976709E-3,2.401819453E-3,8.174275979E-3
3.735389975E1,1.068473794E-3,3.789592534E-3,1.008642558E-2
3.736394075E1,-4.460364580E-4,4.945440218E-3,1.219295710E-2
3.737398075E1,1.127892174E-3,4.181379452E-3,1.248164289E-2
3.738405175E1,1.574567519E-3,2.981154248E-3,1.220172364E-2
3.739409175E1,1.701333560E-3,3.591017798E-3,1.368377358E-2
3.740413175E1,3.977677785E-3,5.486788228E-3,1.329289842E-2
3.741417275E1,3.690321930E-3,6.044987589E-3,1.292884443E-2
3.742421275E1,5.230728537E-3,3.297973424E-3,1.147819310E-2
3.743425275E1,5.873083137E-3,6.077248603E-3,1.095727924E-2
3.744432375E1,6.115366705E-3,2.064608037E-3,8.490945213E-3
3.745436375E1,6.504987366E-3,5.691833794E-3,9.491494857E-3
3.746440375E1,6.162456237E-3,5.507485941E-3,1.302994601E-2
3.747444475E1,3.564809449E-3,4.668325186E-3,1.297268830E-2
3.748448475E1,2.012643032E-3,9.256340563E-3,1.331400778E-2
3.749452475E1,9.782705456E-4,8.821446449E-3,1.230253931E-2
3.750456575E1,-3.873221576E-4,8.181832731E-3,1.205469668E-2
3.751463575E1,-2.256061882E-3,9.896909818E-3,1.180222910E-2
3.752467675E1,-1.064358279E-3,9.485391900E-3,1.278921776E-2
3.753471675E1,-8.415430784E-6,6.378548220E-3,9.990767576E-3
3.754475675E1,9.712185711E-4,8.151818067E-3,1.054169703E-2
3.755479775E1,2.748016268E-4,4.480650648E-3,1.356944442E-2
3.756483775E1,-3.707148135E-4,6.081756204E-3,1.325893030E-2
3.757490875E1,1.373921521E-3,4.171203822E-3,1.554578543E-2
3.758494875E1,-4.135860130E-3,6.304169074E-3,1.731569320E-2
3.759498875E1,-1.684954390E-3,1.028026827E-2,1.881398819E-2
3.760502875E1,-2.113470808E-3,9.341217577E-3,2.120858431E-2
3.761506975E1,4.807487130E-6,9.255465120E-3,2.133987844E-2
3.762510975E1,5.564261228E-4,7.595060393E-3,1.866802573E-2
3.763514975E1,3.057667054E-3,8.884562179E-3,2.054741979E-2
3.764522075E1,5.634884350E-3,5.215071142E-3,2.154300734E-2
3.765526075E1,7.572334260E-3,2.181997523E-3,2.016961575E-2
3.766530175E1,9.771525860E-3,4.471208900E-3,2.012847550E-2
3.767534175E1,7.525682449E-3,3.416862339E-3,2.100092731E-2
3.768538175E1,7.015656680E-3,4.550268874E-3,2.172986232E-2
3.769542275E1,6.720311940E-3,5.428045988E-3,2.090854384E-2
3.770549275E1,6.025804207E-3,7.571935654E-3,2.250869572E-2
3.771553375E1,5.367470905E-3,7.921075448E-3,2.158883959E-2
3.772557375E1,6.252532825E-3,7.697733119E-3,2.001539618E-2
3.773561375E1,6.078361534E-3,8.402138948E-3,1.924654096E-2
3.774565375E1,5.868741311E-3,6.398081779E-3,2.003030479E-2
3.775569475E1,7.024287246E-3,4.514694214E-3,1.895784959E-2
3.776573475E1,5.871717818E-3,2.140793949E-3,1.906530000E-2
3.777580575E1,4.242927767E-3,3.469178453E-3,1.966690831E-2
3.778584575E1,3.291758709E-3,4.237612709E-3,1.908880472E-2
3.779588575E1,3.434238024E-3,2.205621451E-3,1.815137267E-2
3.780592675E1,2.405958250E-3,4.639450461E-3,1.529303007E-2
3.781596675E1,7.753046229E-4,3.112658858E-3,1.608691737E-2
3.782600675E1,3.225225955E-4,4.450589418E-3,1.582180895E-2
3.783607775E1,-1.467920840E-3,5.923051387E-3,1.653979719E-2
3.784611775E1,-7.484965026E-4,5.498385057E-3,1.592257619E-2
3.785615875E1,-1.653704792E-3,4.628596827E-3,1.474812254E-2
3.786619875E1,4.475023597E-4,8.276030421E-3,1.432893891E-2
3.787623875E1,-2.611652017E-4,7.465098053E-3,1.477395277E-2
3.788627875E1,1.612789929E-3,7.119040936E-3,1.542635728E-2
3.789631975E1,-1.943595707E-3,8.341964334E-3,1.525777858E-2
3.790639075E1,-6.976108998E-4,9.911803529E-3,1.684624702E-2
3.791643075E1,-5.140030757E-3,5.953548476E-3,1.526619401E-2
3.792647075E1,-6.150152534E-3,1.545483246E-3,1.383330207E-2
3.793651075E1,-6.113667041E-3,5.397479981E-3,1.379015855E-2
3.794655175E1,-4.454469308E-3,5.433218554E-3,9.891916066E-3
3.795656779E1,-3.761781380E-3,3.438778222E-3,9.943581186E-3
3.796663879E1,-2.629512921E-3,5.656812340E-3,1.056962088E-2
3.797667879E1,1.031267457E-3,7.158035412E-3,1.167323440E-2
3.798671879E1,1.946108416E-3,1.794205979E-3,9.669594467E-3
3.799675979E1,2.054764889E-3,1.682620496E-3,9.177442640E-3
3.800679979E1,3.470704891E-3,5.242137238E-3,9.234724566E-3
3.801683979E1,-2.148440108E-4,3.455689177E-3,9.671216831E-3
3.802687979E1,1.825669780E-3,3.245832399E-3,8.099950850E-3
3.803695079E1,-2.414751798E-4,4.826683551E-3,8.221924305E-3
3.804699179E1,1.802951097E-3,4.570156336E-3,8.744627237E-3
3.805703179E1,1.082565635E-3,2.620190382E-3,8.106800728E-3
3.806707179E1,1.666224562E-3,3.899451345E-3,1.082552783E-2
3.807711179E1,2.031343989E-3,3.841927275E-3,1.211716048E-2
3.808715279E1,3.548719920E-3,2.481224015E-3,1.375185885E-2
3.809719279E1,1.817665994E-3,3.682576120E-3,1.243066415E-2
3.810726379E1,2.985932864E-3,3.235634416E-3,1.543286815E-2
3.811730379E1,5.601690151E-3,3.044154495E-3,1.587308943E-2
3.812734379E1,8.140967228E-3,1.404942945E-3,1.619147509E-2
3.813738479E1,8.388641290E-3,3.593795002E-3,1.596697047E-2
3.814742479E1,9.183280170E-3,3.918644041E-3,1.717728749E-2
3.815746479E1,1.010553259E-2,5.133045837E-3,1.605822705E-2
3.816753579E1,1.179347560E-2,5.635086447E-3,1.727872528E-2
3.817757579E1,1.281160302E-2,5.308050662E-3,1.707792282E-2
3.818761679E1,7.989540696E-3,5.425082520E-3,1.814740524E-2
3.819765679E1,7.132269442E-3,7.102873176E-3,1.945794746E-2
3.820769679E1,4.852809012E-3,7.451951504E-3,1.916555502E-2
3.821773679E1,3.400826827E-4,9.023750201E-3,2.121965028E-2
3.822777779E1,-6.906390190E-4,5.689395592E-3,2.096894942E-2
3.823784779E1,-2.725236118E-4,4.477124661E-3,1.844480447E-2
3.824788879E1,-1.126099378E-3,3.530338407E-3,1.819396019E-2
3.825792879E1,-1.948483288E-3,6.745573133E-3,1.659047231E-2
3.826796879E1,-5.571318790E-3,8.292200044E-3,1.475388184E-2
3.827800979E1,-8.904265240E-3,1.270745322E-2,1.462019049E-2
3.828804979E1,-1.379621588E-2,1.405210234E-2,1.190471277E-2
3.829812079E1,-1.735952310E-2,1.379776932E-2,1.149645075E-2
3.830816079E1,-1.839102805E-2,1.430663280E-2,1.033746731E-2
3.831820079E1,-1.630976796E-2,8.447945118E-3,1.087196358E-2
3.832824179E1,-1.487934962E-2,7.855154574E-3,1.156382822E-2
3.833828179E1,-1.287798584E-2,5.928624421E-3,1.221976429E-2
3.834832179E1,-1.239583269E-2,4.442371428E-4,1.234994642E-2
3.835836179E1,-1.032628864E-2,3.830714151E-3,1.002420671E-2
3.836843279E1,-8.181989193E-3,6.044255570E-3,8.949258365E-3
3.837847279E1,-5.629613996E-3,3.044737503E-3,6.998758763E-3
3.838851379E1,-1.459997147E-3,1.644350588E-3,7.309065200E-3
3.839855379E1,-9.905546904E-6,3.942642361E-4,6.397997960E-3
3.840859379E1,5.190370604E-3,-3.028777428E-3,6.203224882E-3
3.841863479E1,9.666079655E-3,4.511754960E-4,7.330274675E-3
3.842870479E1,1.156765409E-2,2.131443471E-3,1.034160703E-2
3.843874579E1,1.338712685E-2,6.254259497E-4,1.230355818E-2
3.844878579E1,1.676450111E-2,1.240303740E-3,1.625849679E-2
3.845882579E1,1.628726162E-2,-2.486524172E-3,1.937199757E-2
3.846886679E1,1.435733028E-2,1.293363050E-3,2.164151892E-2
3.847890679E1,1.446758583E-2,2.951180562E-3,2.188945934E-2
3.848894679E1,1.072707120E-2,7.726961747E-3,2.192733996E-2
3.849901779E1,5.695294589E-3,3.110637888E-3,2.002664097E-2
3.850905779E1,5.251090974E-3,-1.254579052E-3,1.553973556E-2
3.851909779E1,5.893179215E-3,8.671600372E-4,1.586117968E-2
3.852913879E1,8.817639202E-3,-1.736557111E-3,1.132540125E-2
3.853917879E1,8.220558986E-3,-2.407141030E-3,1.151368674E-2
3.854921879E1,1.164225489E-2,-2.434517257E-3,1.044864208E-2
3.855928979E1,1.204359345E-2,8.222628385E-4,9.748230688E-3
3.856932979E1,1.304597501E-2,5.170909688E-3,9.269684553E-3
3.857937079E1,1.398607157E-2,5.214584991E-3,1.098582614E-2
3.858941079E1,1.135530323E-2,7.734375075E-3,8.488895372E-3
3.859945079E1,1.220911369E-2,7.175909355E-3,8.187158033E-3
3.860949179E1,9.968629107E-3,8.067032322E-3,6.855287589E-3
3.861953179E1,5.308097228E-3,5.516257137E-3,6.847564131E-3
3.862960279E1,5.202621222E-3,4.633668810E-3,8.307920769E-3
3.863964279E1,4.135226831E-3,2.425909042E-3,5.746226292E-3
3.864968279E1,7.791840006E-3,4.667853937E-3,6.520092022E-3
3.865972279E1,9.765508585E-3,-5.311686546E-4,3.700071014E-3
3.866976379E1,1.211330108E-2,-1.858529635E-3,-6.292625912E-4
3.867980379E1,1.746332459E-2,-5.077758804E-3,-2.544607967E-3
3.868987479E1,1.901524141E-2,-1.187851653E-3,-4.116454162E-3
3.869991479E1,2.102885768E-2,-2.974831499E-3,-2.634937409E-3
3.870995479E1,1.861503720E-2,2.223711461E-3,-4.673367832E-3
3.871999579E1,1.564028487E-2,-1.732947305E-3,-2.016065642E-3
3.873003579E1,1.266631857E-2,1.686802134E-3,-6.025801413E-4
3.874007579E1,1.003724523E-2,1.686535776E-3,-5.546432221E-4
3.875011679E1,5.350253545E-3,-6.925556809E-4,7.993557956E-4
3.876018679E1,3.234372474E-3,1.772465184E-3,-4.334214609E-4
3.877022779E1,2.033303492E-3,-8.142497391E-4,-1.552094007E-3
3.878026779E1,1.889492385E-3,-1.388426870E-3,-2.197910566E-3
3.879030779E1,2.315676771E-3,-2.582510933E-3,-4.669227172E-3
3.880034779E1,4.754865542E-3,5.874503404E-4,-5.245801527E-3
3.881038879E1,6.606683135E-3,-9.266901761E-4,-6.743879989E-3
3.882045979E1,6.805088371E-3,-6.361380219E-4,-8.161481470E-3
3.883049979E1,8.759837598E-3,3.092532977E-3,-7.362943608E-3
3.884053979E1,7.486846298E-3,-1.404481009E-3,-7.091301028E-3
3.885057979E1,9.286500514E-3,-8.077807724E-4,-6.452213507E-3
3.886062079E1,6.219604053E-3,8.029006422E-4,-8.327079006E-3
3.887066079E1,2.225473523E-3,1.303918660E-3,-9.128592908E-3
3.888070079E1,-1.599192619E-4,8.109677583E-4,-9.675074369E-3
3.889077179E1,6.872573867E-4,-1.153862104E-3,-1.342614181E-2
3.890081179E1,-1.174824312E-3,-1.863595098E-3,-1.688452251E-2
3.891085279E1,1.177158207E-3,5.964934826E-4,-2.031675167E-2
3.892089279E1,1.352128573E-3,-2.782790922E-3,-2.308617346E-2
3.893093279E1,4.822760820E-5,-3.429153003E-3,-2.548793331E-2
3.894097279E1,3.129239194E-3,-2.984404564E-3,-2.698862553E-2
3.895104379E1,2.161384560E-3,-2.990597859E-3,-2.698407322E-2
3.896109350E1,4.012548365E-3,-4.400209524E-3,-2.865467221E-2
3.897113350E1,-2.298621461E-3,-1.636885107E-3,-2.743120119E-2
3.898117350E1,-2.111932263E-3,-2.722122706E-3,-2.682639845E-2
3.899121350E1,-3.261532634E-3,-3.066950478E-3,-2.921144478E-2
3.900125450E1,-7.552949712E-3,-7.756244391E-3,-2.993129566E-2
3.901129450E1,-7.140399888E-3,-5.456293933E-3,-3.188845888E-2
3.902136550E1,-5.864746869E-3,-6.082402542E-3,-3.404987976E-2
3.903140550E1,-5.834961310E-3,-5.547697656E-3,-3.421803936E-2
3.904144550E1,-6.321255118E-3,-3.633949906E-3,-3.524389118E-2
3.905148650E1,-5.112806335E-3,-2.189814113E-3,-3.393623233E-2
3.906152650E1,-6.481138989E-3,-5.024216138E-3,-3.184085339E-2
3.907156650E1,-6.307434291E-3,-3.581524827E-3,-3.001743741E-2
3.908163750E1,-1.068567112E-2,-5.008712411E-3,-2.745121531E-2
3.909167750E1,-1.263623685E-2,-7.335308008E-3,-2.902908996E-2
3.910171850E1,-1.588396356E-2,-7.526788861E-3,-2.726767585E-2
3.911175850E1,-1.583748497E-2,-5.761492066E-3,-2.727133594E-2
3.912179850E1,-1.805616356E-2,-3.829102032E-3,-2.698371373E-2
3.913183850E1,-1.719113439E-2,-5.524981767E-3,-2.508489974E-2
3.914187950E1,-1.690351218E-2,-2.593107522E-3,-2.294185385E-2
3.915194950E1,-1.509292610E-2,-3.858734854E-3,-2.334341034E-2
3.916199050E1,-1.357652247E-2,-1.750310883E-3,-2.173779160E-2
3.917203050E1,-1.095650531E-2,-2.371016890E-4,-2.565876395E-2
3.918207050E1,-1.097701117E-2,-4.013731144E-3,-2.854696102E-2
3.919211150E1,-1.035784185E-2,-5.889674649E-3,-2.961714193E-2
3.920215150E1,-1.283804327E-2,-5.939741619E-3,-3.092581965E-2
3.921222250E1,-1.476759836E-2,-3.356829286E-3,-3.208584711E-2
3.922226250E1,-2.151871100E-2,-4.049250856E-3,-3.040858731E-2
3.923230250E1,-2.556605451E-2,-2.580669709E-3,-2.935457788E-2
3.924234350E1,-2.857808955E-2,6.207171828E-4,-3.121319786E-2
3.925238350E1,-2.991054766E-2,-6.297212094E-4,-3.273555636E-2
3.926242350E1,-3.117767908E-2,-1.191383228E-3,-3.661817685E-2
3.927246350E1,-3.050191514E-2,-4.631336778E-4,-4.186679050E-2
3.928253450E1,-3.199754655E-2,-4.381708801E-3,-4.182045162E-2
3.929257450E1,-2.995063923E-2,-6.824625656E-3,-4.253364727E-2
3.930261550E1,-2.868803777E-2,-4.582510330E-3,-4.209822044E-2
3.931265550E1,-2.616028301E-2,-3.384229727E-3,-4.207899049E-2
3.932269550E1,-2.584070526E-2,-2.629489638E-3,-3.935777023E-2
3.933273650E1,-2.688663825E-2,-7.977709174E-6,-4.067105427E-2
3.934280650E1,-2.456915751E-2,1.664590091E-4,-3.797247261E-2
3.935284750E1,-2.261964604E-2,-6.147017702E-3,-3.808875382E-2
3.936288750E1,-2.148487419E-2,-6.844766438E-3,-3.929916024E-2
3.937292750E1,-1.715135947E-2,-1.045253780E-2,-3.665798157E-2
3.938296850E1,-1.648290828E-2,-6.543816067E-3,-3.442758322E-2
3.939300850E1,-1.837466098E-2,-7.282146253E-3,-3.325027227E-2
3.940304850E1,-1.879437454E-2,-2.549708821E-3,-2.751435898E-2
3.941311950E1,-2.156100236E-2,-4.769072868E-3,-2.508855611E-2
3.942315950E1,-2.032796107E-2,-3.806074150E-3,-2.287440374E-2
3.943319950E1,-2.154763043E-2,-8.211671375E-3,-2.023124136E-2
3.944324050E1,-2.062244713E-2,-6.834550761E-3,-2.080888115E-2
3.945328050E1,-2.084419131E-2,-8.355122991E-3,-2.026431262E-2
3.946332050E1,-1.991235092E-2,-1.240206324E-2,-2.117857523E-2
3.947339150E1,-1.737848856E-2,-1.081785746E-2,-2.321209945E-2
3.948343150E1,-1.415632851E-2,-1.416012459E-2,-2.283632755E-2
3.949347250E1,-1.167106628E-2,-7.977329195E-3,-2.472237684E-2
3.950351250E1,-9.030010551E-3,-7.981058210E-3,-2.366350405E-2
3.951355250E1,-1.066291332E-2,-5.120969377E-3,-2.375266515E-2
3.952359350E1,-1.177611388E-2,-8.319692686E-3,-2.739293873E-2
3.953363350E1,-1.555269770E-2,-6.111336872E-3,-2.184119821E-2
3.954370450E1,-2.055384964E-2,-2.904891036E-3,-2.265053242E-2
3.955374450E1,-2.292570285E-2,-1.148598269E-3,-2.193745412E-2
3.956378450E1,-2.232888900E-2,-4.312700592E-3,-2.360672317E-2
3.957382450E1,-2.108418010E-2,-5.542313680E-3,-2.238283679E-2
3.958386550E1,-1.574693806E-2,-9.557295591E-3,-2.526650764E-2
3.959390550E1,-9.202374145E-3,-1.069596317E-2,-2.685101144E-2
3.960397650E1,-7.154136896E-3,-8.843202144E-3,-2.792186849E-2
3.961401650E1,-6.796646863E-3,-8.623928763E-3,-2.677302994E-2
3.962405650E1,-6.719682366E-3,-1.201945916E-2,-2.590510622E-2
3.963409750E1,-7.825329900E-3,-8.533288725E-3,-2.661355399E-2
3.964413750E1,-8.346511051E-3,-5.059993826E-3,-2.364812419E-2
3.965417750E1,-7.843228057E-3,-2.989683300E-3,-2.229081653E-2
3.966421850E1,-6.182482466E-3,3.685634583E-4,-2.074751444E-2
3.967428850E1,-4.976376891E-3,-3.842489794E-3,-1.667379029E-2
3.968432950E1,-4.705000669E-3,-3.819320351E-3,-1.341168582E-2
3.969436950E1,-4.994256422E-3,1.242719591E-4,-1.182761788E-2
3.970440950E1,-3.581982106E-3,-7.407218218E-4,-8.570571430E-3
3.971444950E1,-3.417076543E-3,-1.332238317E-4,-6.554721855E-3
3.972449050E1,-4.202444106E-3,-3.978029825E-3,-2.161571523E-3
3.973456150E1,-4.455266520E-3,8.270889521E-5,-1.945941010E-3
3.974460150E1,-2.494381741E-3,-4.512257874E-5,-1.352577819E-4
3.975464150E1,-1.989545301E-3,-6.113201380E-6,1.219183905E-4
3.976468150E1,-1.746006310E-4,5.007907748E-5,9.118120652E-4
3.977472250E1,-1.926161349E-5,2.615580335E-3,1.120434143E-3
3.978476250E1,3.242855892E-4,1.219019294E-3,8.526351303E-5
3.979480250E1,1.288504340E-3,-1.812290400E-3,-1.212304574E-3
3.980487350E1,3.972704522E-3,7.749702781E-4,-2.041612985E-3
3.981491350E1,4.032376222E-3,1.247692853E-3,-3.162147943E-3
3.982495450E1,3.627842292E-3,6.178535521E-3,-6.119055673E-3
3.983499450E1,4.615154117E-3,9.055603296E-4,-4.932255950E-3
3.984503450E1,3.624990582E-3,-3.658328205E-4,-4.550624639E-3
3.985507450E1,2.860797569E-3,8.436702192E-4,-3.309793305E-3
3.986514550E1,1.951062120E-3,-4.540886730E-4,-3.007258056E-3
3.987518650E1,6.393212825E-4,2.279218286E-3,9.552587289E-5
3.988522650E1,4.430459812E-4,2.207579091E-3,1.250272617E-3
3.989526650E1,9.070262313E-4,4.333656281E-3,3.106999211E-3
3.990530650E1,3.933021799E-4,7.325718179E-3,5.182400811E-3
3.991534750E1,3.391526639E-3,6.857546046E-3,2.569555538E-3
3.992538750E1,6.334319711E-3,3.071064129E-3,4.520853981E-3
3.993545850E1,4.326884635E-3,4.552388564E-3,4.949593917E-3
3.994549850E1,5.724511109E-3,3.226134926E-3,3.125328571E-3
3.995554500E1,3.399517387E-3,5.128150806E-3,3.663975978E-3
3.996558600E1,2.267674543E-3,1.017561182E-3,4.597680643E-3
3.997562600E1,-1.243455335E-4,3.433547914E-3,4.199122544E-3
3.998566600E1,-1.634623855E-3,3.071356565E-3,3.398842644E-3
3.999573700E1,-5.754213780E-4,5.691740662E-4,2.696935087E-3
4.000577700E1,1.975087449E-3,4.128489643E-3,3.886302933E-3
4.001581800E1,2.038354054E-3,3.149889410E-3,2.439735224E-3
4.002585800E1,4.540660419E-3,5.421832204E-3,4.433644004E-3
4.003589800E1,6.416078657E-3,5.281753838E-3,6.242853589E-3
4.004593800E1,5.045349710E-3,6.746493280E-3,7.623436861E-3
4.005597900E1,7.692436688E-3,5.704043433E-3,7.552909665E-3
4.006604900E1,7.696165238E-3,8.101155981E-3,7.573681884E-3
4.007609000E1,6.673265249E-3,5.966693163E-3,6.285232026E-3
4.008613000E1,7.404303178E-3,5.288118497E-3,7.018933073E-3
4.009617000E1,6.403105333E-3,2.760889009E-3,9.771637619E-3
4.010621100E1,6.596450694E-3,3.700984642E-3,7.761483081E-3
4.011625100E1,8.622334339E-3,4.663994536E-3,1.065912563E-2
4.012632200E1,8.968811482E-3,8.490424603E-3,1.021677442E-2
4.013636200E1,1.013609394E-2,3.075163811E-3,1.175247505E-2
4.014640200E1,1.016725227E-2,7.563494146E-4,1.158735901E-2
4.015644300E1,1.095418073E-2,8.029954508E-3,1.384467538E-2
4.016648300E1,1.122635603E-2,2.487916499E-3,1.285291463E-2
4.017652300E1,9.203076363E-3,2.844428644E-3,1.274709217E-2
4.018656300E1,9.052075446E-3,4.115289077E-3,1.236253139E-2
4.019663400E1,8.237909526E-3,8.119072765E-3,1.191646978E-2
4.020667400E1,5.534268916E-3,7.654085755E-3,9.856514633E-3
4.021671500E1,4.138636403E-3,7.299724966E-3,1.070226822E-2
4.022675500E1,5.461428314E-3,1.288224384E-2,8.905700408E-3
4.023679500E1,3.028424457E-3,7.704332471E-3,7.656649686E-3
4.024683600E1,5.362684838E-3,8.422320709E-3,1.081888657E-2
4.025690600E1,6.864268333E-3,4.836203530E-3,8.923733607E-3
4.026694700E1,6.984109990E-3,4.299310967E-3,8.150084876E-3
4.027698700E1,5.566701293E-3,5.747718737E-3,8.564378135E-3
4.028702700E1,8.220275864E-3,7.238557562E-3,8.837617934E-3
4.029706800E1,5.818541162E-3,6.646441296E-3,7.631520741E-3
4.030710800E1,5.295762792E-3,3.693794832E-3,6.412325427E-3
4.031714800E1,2.981184050E-3,4.963811487E-3,5.269568413E-3
4.032721900E1,4.352445714E-3,2.834348008E-3,3.762751585E-3
4.033725900E1,4.321157932E-3,4.567146301E-3,-1.466977992E-4
4.034729900E1,3.224201500E-3,1.492526382E-3,-3.728001611E-4
4.035734000E1,3.470014781E-3,-1.218782738E-3,-1.585474005E-3
4.036738000E1,2.605552785E-3,-2.947706729E-3,-1.613969915E-3
4.037742000E1,5.603453144E-3,-8.633118123E-4,-1.259846613E-5
4.038749100E1,5.580816418E-3,-3.864428028E-3,-2.710646950E-3
4.039753100E1,6.485242397E-3,-3.569077700E-3,-1.211695955E-3
4.040757200E1,8.895935491E-3,-1.284085214E-3,-1.755247125E-3
4.041761200E1,7.261900231E-3,-7.600970566E-4,-9.177263128E-4
4.042765200E1,8.090409450E-3,-4.546846263E-3,7.187861484E-4
4.043769300E1,8.568979800E-3,-2.589955926E-3,2.412556671E-3
4.044773300E1,6.419275887E-3,-2.714059316E-3,2.537192544E-3
4.045780400E1,7.136252709E-3,-8.344767615E-3,5.253194366E-3
4.046784400E1,8.364236914E-3,7.854588330E-5,7.079057395E-3
4.047788400E1,8.029880002E-3,5.926936865E-5,8.624286391E-3
4.048792400E1,8.988350630E-3,6.259903312E-4,9.259982966E-3
4.049796500E1,9.855074808E-3,2.765407786E-3,1.135929022E-2
4.050800500E1,8.530417457E-3,1.225834712E-3,8.447921835E-3
4.051807600E1,9.270817041E-3,4.523435608E-3,1.043128781E-2
4.052811600E1,9.390126914E-3,1.036543399E-4,7.993696257E-3
4.053815600E1,7.955690846E-3,3.507096320E-3,9.005196393E-3
4.054819700E1,6.148203276E-3,5.120173097E-3,1.032106392E-2
4.055823700E1,7.632230408E-3,3.380158916E-3,1.038692240E-2
4.056827700E1,5.817819387E-3,4.017453641E-3,1.178801153E-2
4.057831800E1,6.466734223E-3,3.652773798E-3,9.457793087E-3
4.058838800E1,9.170375764E-3,6.640573964E-3,8.545660414E-3
4.059842900E1,1.088452153E-2,5.589855835E-3,6.621323060E-3
4.060846900E1,8.748667315E-3,5.422875285E-3,3.538181540E-3
4.061850900E1,6.561792456E-3,4.009636119E-3,4.597398452E-3
4.062854900E1,5.319694057E-3,5.425903946E-3,6.478388794E-3
4.063859000E1,4.668931477E-3,4.714934155E-3,6.365282461E-3
4.064866100E1,3.422305919E-3,5.707494915E-3,7.581282407E-3
4.065870100E1,2.295102924E-3,8.013358340E-3,6.687867455E-3
4.066874100E1,4.146799445E-3,1.044748724E-2,6.502245553E-3
4.067878100E1,5.813824013E-3,6.039325148E-3,8.361854590E-3
4.068882200E1,8.252214640E-3,6.664369255E-3,9.263334796E-3
4.069886200E1,9.158125147E-3,5.246408284E-3,7.753902115E-3
4.070890200E1,1.050515193E-2,6.702093408E-3,8.519028313E-3
4.071897300E1,1.090552099E-2,4.488369450E-3,1.089011692E-2
4.072901300E1,7.434091531E-3,5.598109215E-3,1.116388943E-2
4.073905400E1,9.079639800E-3,6.954643875E-3,1.267392002E-2
4.074909400E1,8.340878412E-3,6.061952561E-3,1.323957555E-2
4.075913400E1,7.257084362E-3,3.258014098E-3,1.448547840E-2
4.076917400E1,8.564962074E-3,6.164321676E-3,1.521012560E-2
4.077924500E1,9.064074606E-3,2.671336755E-3,1.329529285E-2
4.078928600E1,7.396136411E-3,8.255185559E-3,1.573101990E-2
4.079932600E1,9.679934941E-3,5.554096773E-3,1.548101753E-2
4.080936600E1,9.235187434E-3,1.289669797E-2,1.717025973E-2
4.081940600E1,1.112201810E-2,7.020425051E-3,1.589368097E-2
4.082944700E1,1.335854083E-2,8.516855538E-3,1.591818221E-2
4.083948700E1,1.227948535E-2,6.513705477E-3,1.481853332E-2
4.084955800E1,1.028477773E-2,5.522742867E-3,1.237827819E-2
4.085959800E1,1.190114580E-2,3.789916635E-3,1.233561989E-2
4.086963800E1,9.841190651E-3,4.690330476E-3,1.207116805E-2
4.087967900E1,9.649077430E-3,4.988724366E-3,1.030913834E-2
4.088971900E1,5.941691808E-3,1.330340281E-3,1.066440437E-2
4.089975900E1,5.355397239E-3,-5.478300154E-4,9.468711913E-3
4.090983000E1,4.918105900E-3,2.148620784E-3,8.650056086E-3
4.091987000E1,5.363808013E-3,5.733404309E-3,6.849414669E-3
4.092991100E1,5.695903674E-3,3.852680326E-3,4.555634223E-3
4.093995100E1,6.251340732E-3,3.784466535E-4,1.575205475E-3
4.094999100E1,6.764532067E-3,3.194740042E-3,-1.935107168E-3
4.096002404E1,8.414382115E-3,-1.904627308E-3,-3.239265643E-3
4.097006504E1,6.629265845E-3,3.995392472E-4,-4.104260355E-3
4.098013604E1,5.607428961E-3,-6.541945040E-4,-2.421694109E-3
4.099017604E1,4.651886411E-3,-1.577809453E-4,-3.727175528E-3
4.100021604E1,2.094853669E-3,-5.662161857E-4,-1.853168942E-3
4.101025604E1,-9.925495833E-4,-2.373171039E-3,-2.659249585E-4
4.102029704E1,-1.737834886E-3,-4.241671413E-4,-1.572535373E-3
4.103033704E1,-3.787137568E-3,-2.773340791E-3,-6.143299979E-4
4.104040804E1,-3.229757771E-3,7.626060396E-4,-1.967219636E-3
4.105044804E1,-3.687236458E-4,1.106224954E-5,-5.448253360E-4
4.106048804E1,-5.694143474E-4,-3.433976322E-3,-9.701762465E-4
4.107052904E1,2.914267592E-3,-2.712067217E-4,-1.661532791E-3
4.108056904E1,1.209049486E-3,-1.313507557E-3,-3.854520386E-3
4.109060904E1,1.134746708E-3,-2.301806584E-3,-2.343709115E-3
4.110064904E1,-2.868492156E-4,-2.771322615E-3,-2.299234271E-3
4.111072004E1,-1.927888021E-3,-1.295665279E-3,-2.998580225E-3
4.112076104E1,-1.995855942E-3,-3.495251760E-3,-4.199366551E-3
4.113080104E1,-3.380700946E-3,-2.503224649E-3,-2.958866302E-3
4.114084104E1,-2.991748974E-3,8.178390563E-4,-2.169834916E-3
4.115088104E1,-2.514775842E-3,-8.325222880E-4,-2.306987531E-3
4.116092204E1,-3.042327240E-3,-9.275879711E-4,-2.297276398E-3
4.117099204E1,-2.948051319E-3,-5.153305829E-4,-3.257345874E-3
4.118103304E1,-1.467846334E-3,-2.617031336E-3,-2.823265269E-3
4.119107304E1,-1.687558368E-3,1.523917541E-3,-2.460542601E-3
4.120111304E1,-8.328165859E-4,-1.543601975E-3,-2.591511235E-3
4.121115404E1,8.111521602E-4,-3.005411476E-3,-4.244535230E-3
4.122119404E1,1.245336607E-4,-2.566609532E-3,-4.868213087E-3
4.123123404E1,-4.072990268E-4,-5.396218039E-3,-5.315091461E-3
4.124130504E1,-1.769032329E-3,-1.179987565E-3,-2.950703958E-3
4.125134504E1,-2.627102658E-3,-2.239659429E-3,-2.695306670E-3
4.126138604E1,-3.830127418E-3,-3.938568756E-3,-2.271160483E-3
4.127142604E1,-1.915315166E-3,-1.078866422E-3,-2.405000851E-4
4.128146604E1,5.039758980E-4,1.073833555E-4,-2.805561759E-3
4.129150604E1,-1.160074025E-4,1.722590998E-3,-1.592225512E-3
4.130157704E1,2.531554550E-3,2.151485533E-4,-2.295101527E-3
4.131161704E1,-1.154527068E-3,-8.021779358E-4,-7.748720236E-5
4.132165804E1,-1.761555672E-3,9.201876819E-4,-6.647880655E-4
4.133169804E1,-3.064908087E-3,1.002212986E-3,2.300341148E-4
4.134173804E1,-3.727311268E-3,1.453872770E-3,2.108874032E-4
4.135177904E1,-6.740411744E-3,3.003299236E-3,2.854559571E-4
4.136181904E1,-5.631644279E-3,2.068620175E-3,2.189303050E-3
4.137189004E1,-2.712553367E-3,3.673708066E-3,1.549143344E-4
4.138193004E1,-2.167116851E-3,-8.672457188E-4,-5.147439661E-4
4.139197004E1,1.109104604E-3,8.153393865E-4,-1.157364808E-3
4.140201104E1,2.234496176E-3,4.528779536E-4,-1.228586654E-3
4.141205104E1,3.710419871E-3,-3.412700258E-3,-1.049888553E-3
4.142209104E1,1.586014405E-4,-1.430772245E-3,2.534512896E-4
4.143216204E1,2.485937439E-3,1.500569284E-3,4.217630485E-4
4.144220204E1,-5.618110299E-5,-3.050945699E-3,1.585504506E-3
4.145224204E1,-2.056481317E-3,1.150457188E-3,2.623338485E-3
4.146228304E1,4.205219448E-4,2.961490303E-3,3.161413362E-3
4.147232304E1,-1.170717180E-3,3.007296473E-3,1.741415821E-3
4.148236304E1,1.534465700E-4,1.072773710E-3,4.869288765E-3
4.149240404E1,1.422176138E-3,1.906342804E-3,4.970755428E-3
4.150247404E1,4.451014102E-4,-3.560073674E-4,5.949187092E-3
4.151251504E1,1.725816168E-3,-2.494808286E-4,5.106296856E-3
4.152255504E1,4.579545930E-3,1.719566062E-3,6.822358817E-3
4.153259504E1,3.471404314E-3,8.982475847E-4,5.419138819E-3
4.154263604E1,4.788869992E-3,1.266030595E-3,5.267871544E-3
4.155267604E1,4.865302704E-3,1.429814845E-3,3.793812124E-3
4.156274704E1,5.619945936E-3,-1.433169469E-3,3.691325663E-3
4.157278704E1,4.598623142E-3,2.350118011E-3,3.055895446E-3
4.158282704E1,2.703590319E-3,4.514697939E-4,3.220146988E-3
4.159286704E1,2.894354984E-4,3.823831677E-3,2.458749339E-3
4.160290804E1,-2.014251426E-3,4.091292620E-3,1.598740695E-3
4.161294804E1,-2.049138770E-3,4.723794758E-3,1.512720482E-3
4.162298804E1,6.818175316E-4,1.873852685E-3,-1.278618583E-3
4.163305904E1,1.053062268E-3,2.485847101E-3,-2.853079233E-3
4.164309904E1,1.695949584E-3,-1.785596833E-3,-4.400908947E-3
4.165314004E1,8.144434541E-4,-1.905704848E-3,-2.163853263E-3
4.166318004E1,2.225862816E-3,-3.232843243E-3,-2.884470858E-3
4.167322004E1,-2.238927409E-3,-2.031491138E-3,-3.321761731E-3
4.168326104E1,-2.038240433E-3,-1.015052199E-3,-2.432282781E-4
4.169333104E1,-2.480590716E-3,-5.335528404E-4,5.240284372E-4
4.170337204E1,-1.870118082E-3,2.693148330E-3,1.527744695E-3
4.171341204E1,-2.967340872E-3,2.428164706E-3,1.423082664E-3
4.172345204E1,-3.472352400E-3,1.727204770E-3,3.124338808E-3
4.173349204E1,-3.188725561E-3,2.959715202E-3,2.332048491E-3
4.174353304E1,-2.930665389E-3,3.438550979E-3,2.218597801E-3
4.175357304E1,-2.211878076E-3,3.942921758E-4,4.816841101E-4
4.176364404E1,-1.853302121E-3,-8.903257549E-4,1.632507192E-4
4.177368404E1,-1.390710473E-3,-7.129590958E-4,-8.151946240E-4
4.178372404E1,-7.785297930E-4,-3.425924107E-3,-1.845017076E-3
4.179376504E1,-9.028986096E-4,-4.105562344E-3,-9.142422932E-4
4.180380504E1,-7.634405047E-4,-2.092388459E-3,-1.025631558E-3
4.181384504E1,-4.995223135E-4,-2.706512809E-3,-1.132157980E-3
4.182391604E1,-1.799417660E-4,-6.068777293E-4,1.078097848E-4
4.183395604E1,2.296520397E-4,-2.086529508E-3,3.184658708E-4
4.184399704E1,5.227709189E-4,8.356682956E-4,-4.926952533E-5
4.185403704E1,1.668995246E-3,-3.107940778E-3,-1.193629811E-3
4.186407704E1,2.393526956E-4,7.216017693E-4,-5.978488480E-4
4.187411704E1,-2.070406452E-3,1.819090918E-3,-8.577733533E-4
4.188415804E1,-1.384869218E-3,-1.832824200E-3,-1.982584363E-3
4.189422904E1,-3.059465438E-3,9.408574551E-4,-3.961845767E-3
4.190426904E1,-3.160079941E-3,-2.017561346E-3,-3.088363912E-3
4.191430904E1,-1.646604389E-3,3.657024354E-4,-2.652937081E-3
4.192434904E1,-2.990605310E-3,-3.022012301E-3,-2.132069319E-3
4.193439004E1,-3.236414865E-3,-2.342164516E-4,1.942018280E-4
4.194443004E1,-2.109501511E-3,1.061860472E-3,-2.013769932E-3
4.195450104E1,-4.032302648E-3,-1.424999908E-3,5.966604222E-4
4.196451662E1,-3.966351971E-3,-1.294631511E-4,3.192489501E-3
4.197455662E1,-1.703463495E-3,7.030405104E-4,3.982649650E-3
4.198459762E1,-8.338671178E-4,2.216609195E-3,4.709250294E-3
4.199463763E1,-2.944689244E-3,3.965772688E-3,7.021407597E-3
4.200467762E1,-1.083593816E-3,4.407247528E-3,5.993020255E-3
4.201471762E1,-7.911790162E-4,2.883918583E-3,4.709642846E-3
4.202478862E1,5.276910961E-4,3.930008039E-3,4.581067245E-3
4.203482963E1,1.309595071E-3,2.268813550E-4,4.247372970E-3
4.204486962E1,-2.212032676E-3,1.761738211E-3,1.195871737E-3
4.205490962E1,-3.057586029E-3,2.581179142E-4,3.347439691E-3
4.206494962E1,-2.320820466E-3,-3.219619393E-3,4.650735296E-3
4.207499062E1,-2.767166123E-3,2.262763679E-3,7.461435162E-3
4.208506062E1,-4.437481984E-3,2.677153796E-3,6.585649215E-3
4.209510162E1,-5.509670824E-3,4.084900022E-3,8.581422269E-3
4.210514162E1,-2.998061478E-3,6.657512859E-3,6.682194769E-3
4.211518162E1,-5.364013836E-3,5.063610151E-3,6.132517941E-3
4.212522262E1,-2.484586090E-3,-2.561550587E-3,7.297512144E-3
4.213526263E1,6.094742566E-4,1.255825162E-3,4.434614442E-3
4.214530262E1,-1.513101161E-3,1.944698393E-3,6.075015292E-3
4.215537362E1,-1.668097451E-3,-1.163743436E-3,3.085084260E-3
4.216541362E1,-1.323277131E-3,-1.381594688E-3,2.821317874E-3
4.217545463E1,1.195275225E-3,-4.159804434E-3,2.654603915E-3
4.218549462E1,-5.456339568E-4,6.290338933E-5,2.193610882E-3
4.219553462E1,-1.280399039E-3,-2.938745543E-3,3.066062462E-3
4.220557462E1,-4.066774622E-3,-2.729230560E-3,3.713006852E-3
4.221564563E1,-6.677806377E-4,9.730961174E-4,6.005455740E-3
4.222568562E1,-1.555524766E-3,7.875468582E-4,5.167701747E-3
4.223572662E1,-1.704128459E-3,6.682369858E-4,7.034577895E-3
4.224576662E1,-1.306442544E-3,2.421753481E-3,6.683398504E-3
4.225580662E1,-2.193275839E-3,2.775687724E-3,7.488472387E-3
4.226584762E1,-1.975694671E-3,1.063540578E-3,6.955839694E-3
4.227588763E1,-1.181807369E-3,4.513399675E-3,5.860748235E-3
4.228595862E1,-1.980870962E-3,2.595309168E-3,7.319011260E-3
4.229599862E1,-2.792868763E-3,-5.080737174E-4,6.080641877E-3
4.230603862E1,-2.428926528E-3,9.785890579E-4,6.017064676E-3
4.231607963E1,-1.604944468E-3,2.659279853E-4,6.078316830E-3
4.232611962E1,-3.883985803E-3,-1.657225192E-3,3.264486091E-3
4.233615962E1,-3.331646323E-3,5.476064980E-4,4.643470980E-3
4.234623063E1,-5.271397531E-3,-9.567234665E-4,9.818444960E-4
4.235627063E1,-3.783490509E-3,1.480067149E-3,2.268382814E-4
4.236631062E1,-4.025701433E-3,-1.038964838E-4,-3.436646657E-4
4.237635162E1,-2.736466005E-3,2.361834049E-6,-1.335412962E-4
4.238639162E1,-3.036869690E-3,-5.233455449E-4,-9.897475829E-4
4.239643162E1,-1.785716042E-3,-2.478371374E-3,-4.587132134E-4
4.240650262E1,-3.545936197E-4,-2.857062966E-3,-3.797390964E-4
4.241654262E1,-2.860361710E-3,-6.778034382E-3,5.539652193E-4
4.242658362E1,-2.827735618E-3,-7.991824299E-3,1.093202503E-3
4.243662362E1,-3.308435902E-3,1.364393160E-3,1.232791692E-4
4.244666362E1,-4.603682086E-3,2.017486840E-3,5.111179780E-4
4.245670463E1,-5.469474941E-3,1.078456640E-3,-4.313747049E-4
4.246674462E1,-2.993194386E-3,1.251343638E-4,3.386891447E-3
4.247681562E1,-2.223540097E-3,1.956855878E-3,2.499259543E-3
4.248685563E1,-3.173870966E-3,1.953842118E-3,3.541005077E-3
4.249689563E1,-2.348026261E-3,1.477401704E-3,4.888297990E-3
4.250693562E1,-3.274232149E-3,-5.921442062E-4,5.726652220E-3
4.251697662E1,-4.806615412E-3,-1.823323779E-3,2.365743276E-3
4.252701662E1,-5.498696119E-3,-1.398492604E-4,4.119260702E-3
4.253708763E1,-6.112821400E-3,-2.887211740E-4,3.652408253E-3
4.254712762E1,-3.849113360E-3,-3.683492541E-4,5.009949207E-3
4.255716762E1,-5.053395405E-3,1.482015476E-3,5.083186086E-3
4.256720862E1,-6.564226002E-3,-1.506051049E-3,6.150719710E-3
4.257724862E1,-4.051534459E-3,-3.206746653E-3,6.479886360E-3
4.258728862E1,-3.350095823E-3,-1.414865255E-5,4.716882948E-3
4.259732963E1,-2.546621487E-3,-5.760751665E-4,4.678000696E-3
4.260739962E1,-1.705916598E-3,-2.839321271E-3,3.335538786E-3
4.261744062E1,2.509737387E-4,1.755164936E-3,6.807501428E-3
4.262748063E1,-3.511635587E-3,-2.191234380E-4,3.913756460E-3
4.263752063E1,-2.232784405E-3,-1.219175756E-4,2.756346483E-3
4.264756062E1,-2.333641052E-3,-1.366144046E-3,1.370680751E-3
4.265760162E1,-3.212217242E-3,7.521342486E-4,3.314522095E-3
4.266767263E1,-4.759307951E-3,-1.991994679E-3,1.481354353E-3
4.267771263E1,-4.934277385E-3,4.495903850E-4,2.142617013E-3
4.268775262E1,-4.219006747E-3,1.348588616E-3,2.500847215E-3
4.269779262E1,-3.916203976E-3,1.427950338E-3,3.965052776E-3
4.270783362E1,-3.292612731E-3,1.581098884E-3,4.766423255E-3
4.271787362E1,-1.075265929E-3,2.714540809E-3,8.601374924E-3
4.272791362E1,-3.827868029E-3,-2.201934345E-3,7.458607666E-3
4.273798462E1,-4.159431905E-3,4.566982388E-4,8.198433556E-3
4.274802462E1,-4.945859313E-3,3.291012719E-3,7.608963177E-3
4.275806562E1,-4.266485572E-3,8.140629157E-3,7.619615644E-3
4.276810563E1,-6.338961422E-3,2.351004630E-3,7.245820947E-3
4.277814563E1,-6.179172546E-3,6.766766310E-4,6.511587184E-3
4.278818562E1,-4.438797012E-3,2.369381487E-3,6.215443835E-3
4.279825662E1,-4.011092708E-3,1.081742346E-3,8.384055458E-3
4.280829763E1,-4.107903689E-3,3.393556923E-3,1.052954886E-2
4.281833763E1,-5.120703951E-3,4.805564880E-3,7.217375562E-3
4.282837762E1,-1.956103370E-3,6.173266098E-3,6.456946488E-3
4.283841762E1,-2.524796873E-4,-1.424215734E-4,6.120056380E-3
4.284845862E1,-1.846449450E-4,2.730239183E-3,3.961739130E-3
4.285849862E1,1.331493258E-3,-1.435782760E-4,3.459200962E-3
4.286856962E1,8.228905499E-4,4.110286012E-3,7.595474832E-3
4.287860962E1,-6.775334477E-4,1.450587064E-3,5.983197130E-3
4.288864962E1,-1.665819436E-3,2.904234454E-3,6.129910238E-3
4.289869062E1,-3.614453599E-3,1.025108621E-3,4.882219248E-3
4.290873063E1,-3.930570558E-3,2.756956965E-4,5.892622750E-3
4.291877063E1,-4.109801725E-3,2.081584185E-3,4.399654455E-3
4.292884162E1,-4.530027509E-4,2.333899960E-3,3.654732602E-3
4.293888162E1,-1.727323979E-3,1.435082406E-3,3.985763527E-3
4.294892263E1,1.289416105E-4,4.936320707E-3,4.137827083E-3
4.295897000E1,2.608343959E-3,2.569036558E-3,3.323165467E-3
4.296901000E1,2.420498058E-4,5.251280963E-3,1.832084963E-4
4.297905000E1,2.026367001E-3,3.439532593E-3,2.525192453E-3
4.298909100E1,6.475783885E-4,3.764498979E-4,2.196087735E-3
4.299916100E1,-6.195530295E-4,-1.537829638E-3,7.691659266E-4
4.300920200E1,-8.496362716E-4,-1.248257235E-3,8.293292485E-4
4.301924200E1,-9.108893573E-4,-2.330565825E-3,3.002468729E-3
4.302928200E1,-6.854142994E-4,5.050823092E-4,2.412890084E-3
4.303932300E1,-2.483893186E-4,9.279921651E-4,3.103713738E-3
4.304936300E1,-1.513773575E-3,-8.193943650E-4,4.275155254E-3
4.305943400E1,-2.554282546E-4,2.328461036E-3,3.056492889E-3
4.306947400E1,1.425557770E-3,2.843517810E-3,1.239684410E-3
4.307951400E1,2.121708356E-3,4.793483764E-3,5.704321666E-4
4.308955500E1,4.388727248E-3,2.505376935E-3,6.970437244E-5
4.309959500E1,4.399113357E-3,1.497104764E-3,-5.785090616E-4
4.310963500E1,3.618289717E-3,1.904407516E-3,-4.919884959E-4
4.311967500E1,2.963684499E-3,2.055142075E-3,-4.709495115E-4
4.312974600E1,3.762958571E-3,-8.581038564E-4,-1.976577099E-3
4.313978600E1,3.923813812E-3,-2.865861170E-3,-2.570195822E-3
4.314982700E1,1.253518276E-3,1.172386110E-4,-3.618187504E-3
4.315986700E1,6.031738594E-4,6.333608180E-4,-4.089566879E-3
4.316990700E1,-1.100953668E-4,-1.242397353E-3,-5.598605145E-3
4.317994800E1,1.171951182E-3,1.070024446E-3,-6.054538302E-3
4.319001800E1,1.090210862E-3,2.158723772E-3,-5.744417198E-3
4.320005900E1,2.706216648E-3,-5.819350481E-4,-5.304196849E-3
4.321009900E1,2.533658408E-3,-2.270002849E-3,-6.282409653E-3
4.322013900E1,3.341538832E-4,-2.960559912E-3,-6.873631384E-3
4.323018000E1,2.301356755E-3,-1.203767955E-3,-6.675315555E-3
4.324022000E1,1.500810497E-3,-1.597916707E-3,-8.604776114E-3
4.325026000E1,9.959898889E-4,-1.882261597E-3,-7.718124427E-3
4.326033100E1,1.339005306E-3,2.478931099E-3,-8.275257424E-3
4.327037100E1,-3.884155303E-4,-3.038424067E-3,-8.003037423E-3
4.328041100E1,-1.069385558E-3,-5.259979516E-4,-7.070132531E-3
4.329045200E1,-3.451574594E-4,-9.355098009E-4,-7.606408093E-3
4.330049200E1,-3.041874617E-3,-1.095034182E-3,-8.480723947E-3
4.331053200E1,-1.191625372E-3,-6.423778832E-4,-8.811573498E-3
4.332060300E1,-1.493893564E-3,-1.658108085E-3,-1.159484312E-2
4.333064300E1,-2.476541325E-3,5.203466862E-4,-1.026314124E-2
4.334068400E1,-1.144694164E-3,-2.530347556E-4,-1.045648661E-2
4.335072400E1,-1.053161919E-3,1.622112468E-3,-1.103357878E-2
4.336076400E1,-4.401020706E-4,-3.337492235E-3,-1.152493246E-2
4.337080500E1,-7.612034678E-4,1.669345424E-3,-9.713360108E-3
4.338084500E1,-5.082041025E-4,1.540182158E-3,-1.154161990E-2
4.339091600E1,-3.250133246E-3,3.751119599E-3,-1.102271117E-2
4.340095600E1,-3.501269966E-3,8.828956634E-4,-1.060885563E-2
4.341099600E1,-1.762818545E-3,-9.069964290E-4,-1.146012731E-2
4.342103600E1,-1.501563936E-3,2.133958042E-4,-1.112137269E-2
4.343107700E1,-2.855131403E-3,1.951184124E-3,-1.244008448E-2
4.344111700E1,-1.586133614E-3,6.683394313E-4,-1.095643733E-2
4.345118800E1,-2.752183005E-3,3.381492570E-3,-1.150566712E-2
4.346122800E1,-3.004917875E-3,-8.049979806E-4,-1.016396657E-2
4.347126800E1,-2.832036465E-3,1.251213253E-3,-9.718690068E-3
4.348130900E1,-2.095939592E-3,2.606762573E-3,-1.037968695E-2
4.349134900E1,-2.682005987E-3,4.856957123E-3,-1.059518289E-2
4.350138900E1,-3.866048530E-3,5.002915859E-4,-8.931240067E-3
4.351143000E1,-4.630917683E-3,2.724954858E-3,-7.515406702E-3
4.352150000E1,-4.606682807E-3,2.648254856E-3,-7.779059466E-3
4.353154100E1,-3.851654008E-3,4.528967664E-3,-5.621765740E-3
4.354158100E1,-3.673221916E-3,1.579251140E-3,-7.234576158E-3
4.355162100E1,-1.874405891E-3,3.604931757E-3,-5.312220193E-3
4.356166100E1,-5.581526086E-3,6.168490276E-3,-5.294110626E-3
4.357170200E1,-4.049334675E-3,4.709172994E-3,-5.318522453E-3
4.358177300E1,-3.563307226E-3,3.379723057E-3,-5.385633558E-3
4.359181300E1,-3.978412598E-3,3.178622574E-4,-7.128151134E-3
4.360185300E1,-2.929126844E-3,1.010283828E-3,-9.157213382E-3
4.361189300E1,-3.317816183E-3,1.311302185E-5,-9.525475092E-3
4.362193400E1,-4.161506891E-3,7.532071322E-4,-8.028246462E-3
4.363197400E1,-5.389736965E-3,1.127643511E-3,-7.946090773E-3
4.364201400E1,-5.235539749E-3,1.661073416E-3,-7.147941738E-3
4.365208500E1,-5.354154855E-3,3.253685310E-3,-6.234069820E-3
4.366212500E1,-4.487562925E-3,3.669938073E-3,-6.332873367E-3
4.367216600E1,-4.402598366E-3,6.388101727E-3,-7.403027266E-3
4.368220600E1,-6.442047656E-3,4.520159215E-3,-7.816083729E-3
4.369224600E1,-5.928322673E-3,5.036015064E-3,-7.845644839E-3
4.370228600E1,-5.032170564E-3,2.840237692E-3,-8.768696338E-3
4.371235700E1,-7.671551779E-3,3.646997735E-3,-8.323857561E-3
4.372239800E1,-8.112572134E-3,1.528186724E-3,-9.199238382E-3
4.373243800E1,-9.324975312E-3,6.654039025E-4,-9.179051034E-3
4.374247800E1,-9.477840737E-3,-3.457982093E-4,-9.821938351E-3
4.375251800E1,-8.674276993E-3,1.231526956E-3,-1.047781855E-2
4.376255900E1,-6.869718432E-3,5.905050784E-4,-1.246160734E-2
4.377262900E1,-6.215542555E-3,-1.900642179E-3,-1.090966444E-2
4.378267000E1,-5.118053406E-3,8.956771344E-4,-1.208944432E-2
4.379271000E1,-5.406057462E-3,-6.692856550E-4,-1.174544729E-2
4.380275000E1,-4.130668938E-3,2.034354955E-3,-1.046819519E-2
4.381279100E1,-3.378517926E-3,3.059498966E-3,-1.012189314E-2
4.382283100E1,-5.165232345E-3,2.345506102E-3,-1.031550486E-2
4.383287100E1,-6.248136982E-3,2.184621990E-4,-9.908434004E-3
4.384294200E1,-6.724577397E-3,-3.938732669E-3,-9.618150070E-3
4.385298200E1,-5.512306467E-3,-1.546416432E-3,-8.789907210E-3
4.386302300E1,-7.253747433E-3,-7.594507188E-4,-6.765904836E-3
4.387306300E1,-6.349559873E-3,-6.388276815E-4,-6.247656886E-3
4.388310300E1,-5.534365773E-3,4.562642425E-4,-4.738177173E-3
4.389314300E1,-4.303956404E-3,-1.935408451E-3,-6.005483679E-3
4.390321400E1,-4.129517823E-3,1.619379967E-3,-6.964487955E-3
4.391325400E1,-4.153827205E-3,-3.959294409E-4,-6.189863198E-3
4.392329500E1,-2.336539328E-4,2.499459311E-3,-7.533427794E-3
4.393333500E1,-1.351179555E-3,2.398559824E-3,-7.182822563E-3
4.394337500E1,-3.692731261E-4,3.541588783E-3,-6.783614866E-3
4.395341600E1,-1.635957509E-3,1.325879246E-3,-6.540780887E-3
4.396343187E1,-4.249317572E-3,3.446821123E-3,-4.652866162E-3
4.397350288E1,-6.591685116E-3,1.193178818E-3,-4.770131782E-3
4.398354288E1,-6.896883249E-3,-6.465334445E-4,-3.534158692E-3
4.399358287E1,-9.044967592E-3,-5.772970617E-4,-4.578785505E-3
4.400362387E1,-7.417775691E-3,-1.866109669E-4,-5.430997349E-3
4.401366387E1,-7.515547797E-3,-1.120958477E-3,-6.683044136E-3
4.402370387E1,-5.442542955E-3,1.569634303E-3,-8.478281088E-3
4.403377487E1,-4.264904186E-3,-7.756873965E-4,-9.222536348E-3
4.404381487E1,-3.834536299E-3,-6.430614740E-4,-7.000661455E-3
4.405385487E1,-5.463272333E-3,1.978661865E-3,-6.216138601E-3
4.406389587E1,-4.836630076E-3,-2.709105611E-4,-7.180735469E-3
4.407393587E1,-6.413763389E-3,-1.806080341E-3,-6.780953612E-3
4.408397588E1,-4.111194983E-3,-5.400124937E-4,-5.014745053E-3
4.409401687E1,-5.240280181E-3,-6.251521409E-4,-4.770577885E-3
4.410408687E1,-5.318842828E-3,1.133864745E-3,-4.755930044E-3
4.411412788E1,-1.472301781E-3,2.448743209E-3,-4.173015244E-3
4.412416788E1,-1.835823059E-3,1.652725041E-3,-2.175644040E-3
4.413420787E1,5.199480802E-5,-1.290068030E-5,-2.739390358E-3
4.414424887E1,8.040713146E-4,-5.538159981E-3,-2.877874766E-3
4.415428887E1,5.925167352E-5,2.552475780E-3,-1.013209112E-3
4.416435988E1,5.346266553E-4,9.170286357E-4,-1.728800475E-3
4.417439987E1,-1.190496609E-3,-2.609699033E-3,-1.863201847E-3
4.418443987E1,-3.406815231E-4,4.039332271E-4,-1.176905236E-3
4.419447987E1,2.282522619E-3,2.068819478E-3,-1.882334938E-3
4.420452087E1,1.679049805E-3,-1.778116450E-3,-1.209087786E-3
4.421456087E1,2.259597182E-3,-1.834569499E-3,-3.955885768E-5
4.422460088E1,1.986622810E-3,1.752441749E-3,-1.438250998E-3
4.423467187E1,1.379624940E-3,1.499742270E-3,-1.998180524E-3
4.424471187E1,2.480575815E-3,-2.844938077E-3,-7.659359835E-4
4.425475288E1,3.330187872E-3,1.085054129E-3,-8.342460496E-4
4.426479288E1,2.012189478E-3,-1.477226615E-4,9.993402055E-4
4.427483287E1,2.985522151E-3,-1.115618274E-3,-1.653659390E-3
4.428487387E1,3.939200193E-3,3.886222839E-5,-4.064885434E-3
4.429494388E1,3.555734642E-3,-1.846809871E-3,-1.504962216E-3
4.430498488E1,4.090497270E-3,-1.198330894E-3,-1.781664672E-3
4.431502487E1,3.114864230E-3,-3.151564859E-3,-2.025166759E-3
4.432506487E1,4.884002730E-3,-3.664489836E-3,-2.625176916E-3
4.433510487E1,2.008076757E-3,-1.790167764E-3,-2.746217651E-3
4.434514587E1,3.614495508E-3,-7.419493049E-4,-1.602922566E-3
4.435518587E1,1.613522880E-3,-2.844844945E-3,-5.103337578E-3
4.436525687E1,1.305927522E-3,-1.971860416E-3,-3.776817117E-3
4.437529687E1,-2.138104290E-3,-2.015388571E-3,-9.222626104E-4
4.438533687E1,-2.176452428E-3,2.961793914E-3,1.181634609E-3
4.439537788E1,-5.336845294E-3,3.451291472E-3,1.549018198E-3
4.440541788E1,-3.702197224E-3,2.320779487E-3,1.097346074E-3
4.441545787E1,-5.560666323E-4,3.266148269E-5,1.195836114E-3
4.442552887E1,-9.858999401E-4,-2.118906006E-3,-1.375978580E-3
4.443556888E1,-2.551302314E-4,9.338762611E-4,-1.761071617E-3
4.444560988E1,3.070635721E-4,-2.094138414E-3,-1.205269946E-3
4.445564987E1,6.276862696E-4,-8.182115853E-4,-2.897840459E-3
4.446568987E1,-2.098858356E-3,-2.886156552E-3,-3.926087171E-3
4.447572987E1,-3.831297159E-3,-2.840185538E-3,-3.206724767E-3
4.448577087E1,-4.199078307E-3,-1.204205677E-3,-2.799261361E-3
4.449584187E1,-4.964353517E-3,-2.708549611E-3,-4.182953853E-3
4.450588187E1,-5.243720487E-3,6.385110319E-4,-3.667365760E-3
4.451592187E1,-4.000546411E-3,-1.936033368E-4,-4.264752381E-3
4.452596187E1,-4.028826952E-4,-5.262326449E-4,-2.591754310E-3
4.453600288E1,-1.996718347E-3,-1.664495096E-3,-3.493637312E-3
4.454604288E1,1.183628105E-3,-1.110823825E-3,-1.541007659E-3
4.455611387E1,1.120753586E-5,-2.075694501E-4,-5.262978375E-4
4.456615387E1,9.260028601E-4,-3.995648585E-3,-8.336266037E-4
4.457619388E1,4.301024601E-4,-1.828088425E-3,-2.619408537E-3
4.458623488E1,-3.850907087E-4,-2.125297673E-3,-9.448127239E-4
4.459627487E1,-1.048026606E-3,-5.128373392E-3,-1.955039101E-3
4.460631487E1,1.335768960E-3,-1.865467988E-3,7.483356167E-4
4.461635487E1,-1.516593620E-3,-1.540109515E-3,-6.773408968E-4
4.462642588E1,-2.057481557E-3,-1.876466908E-3,1.035071677E-3
4.463646687E1,-1.172471792E-3,1.632329077E-4,5.088273901E-4
4.464650687E1,3.565559164E-3,5.461946130E-4,-1.542605576E-3
4.465654687E1,3.979030065E-3,5.109664053E-4,1.699173590E-3
4.466658687E1,4.140151665E-3,2.387911081E-4,1.705298899E-3
4.467662788E1,6.205995567E-3,-1.390948892E-3,1.766642090E-3
4.468669887E1,4.138849676E-3,-1.026894897E-3,-7.636272931E-4
4.469673887E1,4.528515041E-3,-5.856323987E-4,4.118919605E-4
4.470677887E1,4.025178030E-3,1.810677350E-5,8.092356147E-4
4.471681888E1,2.762135118E-3,5.045440048E-3,3.133100690E-4
4.472685988E1,1.749601215E-3,-2.342967317E-3,1.198278391E-3
4.473689987E1,-1.735048369E-3,2.917870879E-4,-6.330641918E-5
4.474697087E1,-1.597361639E-3,-1.645129174E-3,8.975621313E-4
4.475701088E1,-4.191510379E-4,2.817643806E-3,-9.713538457E-4
4.476705088E1,-2.315852791E-3,6.916429847E-4,-8.379294886E-4
4.477709187E1,4.737982526E-4,-1.511719078E-3,-1.170782838E-3
4.478713187E1,-1.536421478E-4,-3.143969923E-3,-1.567860134E-3
4.479717187E1,4.350244999E-4,5.641598254E-4,-1.386850607E-3
4.480721187E1,3.501121886E-3,-2.234823070E-3,-2.647058573E-3
4.481728287E1,7.061231881E-4,-4.919059575E-4,-7.979857037E-4
4.482732387E1,7.545920089E-4,-9.552948177E-4,4.374546697E-4
4.483736387E1,-8.395463228E-4,4.898477346E-4,8.255699649E-4
4.484740387E1,-2.996707335E-3,-8.566472679E-4,6.497115828E-5
4.485744388E1,-1.836484298E-3,-2.243160270E-3,-6.531061372E-4
4.486748488E1,-2.205066383E-3,-4.933485761E-3,-3.392109647E-5
4.487755487E1,-6.309449673E-4,-1.964691095E-3,-4.907418042E-4
4.488759587E1,8.670836687E-4,6.437115371E-5,5.777184851E-4
4.489763588E1,2.478733659E-3,-5.229432136E-4,3.660900984E-5
4.490767588E1,4.336555488E-3,-4.586926661E-3,-1.897644950E-3
4.491771687E1,3.325669095E-3,-1.995296218E-3,-8.199093863E-4
4.492775687E1,5.869254470E-3,-9.390860796E-4,-4.065867979E-4
4.493779687E1,1.588054001E-3,-3.030379303E-3,-1.443666057E-3
4.494786787E1,2.706847154E-3,-3.994709812E-3,3.811682109E-5
4.495791512E1,1.101965085E-3,-3.742209636E-3,-6.512900582E-4
4.496795613E1,2.232210711E-3,-3.934223205E-3,2.877404913E-4
4.497799612E1,2.290861681E-3,-2.412792295E-3,1.036269590E-3
4.498803612E1,3.742816858E-3,-1.996806823E-3,3.012371017E-4
4.499807612E1,2.416511066E-3,-2.485605888E-3,3.308433807E-4
4.500814713E1,3.755548038E-3,-4.685376771E-3,7.204639260E-4
4.501818712E1,1.627904363E-3,5.959905684E-5,1.083984389E-3
4.502822812E1,1.449472271E-3,-4.761788063E-3,1.790423412E-4
4.503826812E1,9.707324207E-4,-3.632786684E-3,4.772720858E-4
4.504830812E1,1.050095074E-3,-2.381633036E-3,5.809054710E-5
4.505834912E1,1.384215429E-3,-2.879328094E-3,-4.989540903E-4
4.506838913E1,9.724907577E-4,-4.116898403E-3,2.701667836E-4
4.507846012E1,1.790518872E-3,-2.889000811E-3,1.398326829E-3
4.508850012E1,1.508490182E-3,-7.142629474E-4,2.514990279E-3
4.509854012E1,1.884612255E-3,3.379782662E-3,4.139559809E-3
4.510858113E1,2.821512520E-3,-2.285026945E-3,3.043136559E-3
4.511862112E1,8.779577911E-4,1.764021814E-3,3.699474968E-3
4.512866112E1,3.035651520E-3,-1.531876624E-4,3.566316795E-3
4.513873213E1,3.350554034E-3,2.087404951E-3,3.109674202E-3
4.514877213E1,2.909800969E-3,-3.946609795E-4,2.158925636E-3
4.515881212E1,2.642101608E-3,3.834068775E-4,4.081238993E-3
4.516885312E1,1.978520304E-4,1.312583685E-3,4.988578148E-3
4.517889312E1,4.891362041E-4,2.023413777E-3,5.276598968E-3
4.518893312E1,-1.287192106E-3,2.777088434E-3,3.846215084E-3
4.519897412E1,1.003856771E-3,4.833601415E-4,4.787502345E-3
4.520904412E1,1.663521864E-3,3.257308155E-3,5.066068843E-3
4.521908512E1,2.662092447E-4,2.344878390E-3,3.399201203E-3
4.522912512E1,2.853842452E-4,5.169160664E-3,5.168339238E-3
4.523916512E1,-1.225288957E-3,1.960285008E-4,2.460129093E-3
4.524920613E1,8.685048670E-5,1.879945397E-3,3.011669731E-3
4.525924612E1,-2.935731784E-3,6.128178909E-3,5.399365909E-3
4.526931712E1,-4.978109151E-3,2.005871385E-3,5.639316514E-3
4.527935713E1,-4.442270845E-3,3.445690498E-3,5.365461111E-3
4.528939713E1,-5.803944543E-3,1.702917740E-3,4.481824115E-3
4.529943712E1,-4.255773500E-3,5.065254867E-3,2.940208651E-3
4.530947812E1,-2.905549482E-3,3.293454647E-3,1.301565557E-3
4.531951812E1,1.142815687E-3,-4.197061062E-4,-1.379176974E-4
4.532955812E1,2.009941265E-3,-4.553925246E-4,9.015139658E-4
4.533962912E1,2.229363658E-3,-4.613374360E-3,-1.369230100E-3
4.534966912E1,-4.044920206E-5,-1.206126064E-3,-6.006418262E-4
4.535971012E1,-1.689931378E-3,-1.816280186E-3,-1.318859868E-3
4.536975012E1,-4.056949168E-3,-3.161708824E-3,-1.205409295E-3
4.537979012E1,-1.317678019E-3,-2.824273892E-3,-1.351520186E-3
4.538983113E1,-4.441034049E-3,-5.277577788E-3,-1.156843151E-3
4.539990112E1,-4.283640534E-3,-2.841850743E-3,-4.804002238E-4
4.540994212E1,-3.359258175E-3,-1.383237541E-3,1.724697184E-3
4.541998213E1,-9.926185012E-4,-1.050002873E-3,2.225497272E-3
4.543002213E1,-4.919450730E-4,-1.491023228E-3,2.408456523E-3
4.544006212E1,-4.023395479E-3,-1.060886309E-3,4.351860844E-3
4.545010312E1,-1.693928614E-3,1.690691337E-3,6.047761533E-3
4.546014312E1,-3.631060943E-3,4.239398986E-4,5.783795845E-3
4.547021413E1,-4.846792668E-3,-2.206464298E-3,3.518244717E-3
4.548025412E1,-2.987788990E-3,-1.798933372E-3,2.350273309E-3
4.549029412E1,-3.689000383E-3,-5.110308528E-3,3.710615681E-3
4.550033512E1,-4.851102829E-3,-1.002950594E-3,2.471351065E-3
4.551037512E1,-6.304390728E-3,-1.004548743E-3,2.517689951E-3
4.552041512E1,-3.047998995E-3,-2.430357970E-3,9.109667735E-4
4.553048612E1,-1.468479633E-3,6.408002228E-4,1.405249466E-3
4.554052612E1,-3.447502851E-3,-3.750341013E-3,-4.057869664E-4
4.555056712E1,-2.261064947E-3,-1.421939582E-3,-8.960749255E-4
4.556060713E1,-4.331717268E-3,-1.764666289E-3,1.073058229E-5
4.557064713E1,-2.691743895E-3,6.223246455E-4,-5.551911891E-4
4.558068712E1,-4.405774176E-3,-1.312173903E-3,-1.004601945E-3
4.559075812E1,-1.700535417E-3,1.698529348E-3,-2.021915279E-4
4.560079913E1,-1.363910735E-3,2.131026238E-3,-1.459736144E-3
4.561083913E1,-3.939988092E-3,-1.017894596E-3,8.952971548E-4
4.562087912E1,-3.089448437E-3,-1.991647296E-3,-6.965361536E-5
4.563091912E1,-1.465719193E-3,-2.645719796E-3,-7.144049741E-4
4.564096012E1,-1.863721758E-3,-3.776173107E-3,2.188132145E-3
4.565100012E1,-2.016054466E-3,-8.490923792E-4,2.619564068E-3
4.566107112E1,-2.057014033E-3,9.553078562E-4,2.678374760E-3
4.567111112E1,-2.552095801E-3,2.873875201E-4,5.101584829E-3
4.568115112E1,-9.687915444E-4,-1.117158681E-3,5.882052239E-3
4.569119212E1,-2.415420488E-3,1.606989652E-3,7.164896931E-3
4.570123213E1,-2.458252013E-3,1.887643710E-3,6.890067831E-3
4.571127213E1,-3.013592213E-4,-1.758150756E-5,6.699385587E-3
4.572134312E1,8.813850582E-5,1.234950498E-3,7.000816520E-3
4.573138312E1,-2.441331744E-3,4.810094833E-4,8.065549657E-3
4.574142413E1,-5.225650966E-5,1.983337104E-3,8.274868131E-3
4.575146413E1,3.000795841E-4,7.822513580E-4,7.195754908E-3
4.576150412E1,8.180364966E-4,-1.343620941E-3,8.897165768E-3
4.577154412E1,1.709130593E-3,3.157947212E-4,6.629218347E-3
4.578158512E1,9.322864935E-4,1.964848489E-4,8.605550043E-3
4.579165512E1,2.279046923E-3,-1.873590052E-3,6.689672358E-3
4.580169612E1,7.753539830E-4,9.524635971E-4,7.194252685E-3
4.581173612E1,1.978836022E-3,9.013153613E-5,6.518608425E-3
4.582177612E1,8.636740968E-4,1.470372081E-4,4.503705539E-3
4.583181712E1,-2.196032554E-3,2.026986331E-4,5.153516307E-3
4.584185713E1,-1.463588327E-3,6.179846823E-4,3.437729552E-3
4.585192812E1,-2.730719745E-3,-2.918694168E-3,2.192701679E-3
4.586196812E1,-4.529928789E-3,2.065114677E-4,3.628545906E-3
4.587200812E1,-4.450300708E-3,-3.194622695E-4,3.451712430E-3
4.588204913E1,-1.689627767E-3,-2.222316340E-3,3.499650164E-3
4.589208913E1,-4.574364051E-3,3.179639578E-3,3.059962066E-3
4.590212912E1,-4.020703956E-3,3.964893520E-3,4.595624283E-3
4.591216912E1,-5.251616240E-3,-1.432988793E-4,3.717580112E-3
4.592224013E1,-2.758560702E-3,2.137534320E-3,3.140559653E-3
4.593228012E1,-3.277610987E-3,3.673380241E-3,2.380493330E-3
4.594232112E1,-1.535637304E-3,-1.905410551E-3,4.468411207E-3
4.595236112E1,-2.642447129E-3,-2.511812374E-3,4.272669554E-3
4.596238875E1,-1.947656274E-3,-3.979884088E-3,5.276332609E-3
4.597242975E1,-2.588678151E-3,-3.060827032E-3,6.423888728E-3
4.598249975E1,-2.958176658E-3,-1.476312056E-3,3.490591655E-3
4.599254075E1,-3.197062761E-3,1.706430689E-3,2.584317932E-3
4.600258075E1,-3.036599606E-3,2.647647634E-3,2.217293484E-3
4.601262075E1,-5.373790860E-3,-5.247108638E-4,2.039394341E-3
4.602266175E1,-5.374414846E-3,2.726806328E-3,6.278802175E-5
4.603270175E1,-6.210114807E-3,-6.900299340E-4,1.964551397E-3
4.604274175E1,-6.022004411E-3,4.992827773E-3,4.085234366E-3
4.605281275E1,-7.028412074E-3,5.014399067E-3,5.431729369E-3
4.606285275E1,-6.047900766E-3,-7.391516119E-4,6.362838671E-3
4.607289275E1,-7.052443922E-3,7.062312216E-3,6.345528178E-3
4.608293375E1,-5.095215514E-3,1.431692392E-3,6.524844095E-3
4.609297375E1,-2.202222124E-3,-5.813911557E-4,8.029797114E-3
4.610301375E1,-1.222228631E-3,7.524602115E-4,8.384848945E-3
4.611308475E1,4.795324057E-4,2.071790397E-3,6.319567561E-3
4.612312475E1,3.034325317E-3,-1.283012331E-3,4.643777385E-3
4.613316575E1,2.765079029E-3,-1.398859546E-3,3.633640707E-3
4.614320575E1,2.063213848E-3,-1.098142937E-3,4.209645092E-3
4.615324575E1,1.423255540E-3,-1.625753939E-4,4.094330594E-3
4.616328675E1,3.245528787E-4,1.971481368E-3,4.748494364E-3
4.617335675E1,-2.460580319E-3,1.141641289E-3,4.766603466E-3
4.618339775E1,-3.260571510E-3,5.959477276E-4,5.007487722E-3
4.619343775E1,-3.639273345E-3,5.098022521E-3,6.469829008E-3
4.620347775E1,-8.201878518E-4,-1.391995698E-3,6.038379855E-3
4.621351775E1,-3.767507151E-3,1.478891820E-3,6.554234307E-3
4.622355875E1,5.121920258E-4,2.162259072E-3,7.178745698E-3
4.623359875E1,-3.732619807E-3,3.837386146E-3,8.807535283E-3
4.624366975E1,-6.069466472E-4,2.358539030E-3,9.255182929E-3
4.625370975E1,-2.370225266E-3,4.776421934E-3,6.044742186E-3
4.626374975E1,-2.453092486E-3,5.390748382E-3,7.145361044E-3
4.627379075E1,-2.144165337E-3,3.241842613E-3,6.063585170E-3
4.628383075E1,-3.203794360E-3,1.363048330E-3,4.152832553E-3
4.629387075E1,-1.227196306E-3,2.516197041E-3,3.552556038E-3
4.630394175E1,-6.090104580E-4,4.657953978E-4,3.044293262E-3
4.631398175E1,-9.938385338E-4,6.692614406E-4,1.949734287E-3
4.632402275E1,-2.211350948E-3,-4.074494354E-3,1.187908929E-4
4.633406275E1,-5.592765287E-3,-1.690166071E-3,-5.097151734E-4
4.634410275E1,-3.541726619E-3,-5.029141903E-6,-1.471629250E-3
4.635414275E1,2.013454214E-4,-6.095655262E-4,-2.913162461E-4
4.636418375E1,-2.864770591E-3,1.433780417E-3,-2.026556060E-3
4.637425475E1,3.786934540E-4,3.159243613E-3,-1.804714790E-3
4.638429475E1,8.921250701E-4,-3.972798586E-4,1.110831508E-4
4.639433475E1,-1.388229430E-5,-7.301755250E-4,-3.674869076E-4
4.640437475E1,-2.743305638E-3,-1.887466758E-3,2.652310068E-4
4.641441575E1,-2.295095474E-3,-1.580670476E-3,1.704935916E-3
4.642445575E1,-3.848692402E-3,2.801230177E-3,1.823721919E-3
4.643452675E1,-1.767165959E-3,4.400704056E-4,1.666062744E-3
4.644456675E1,-1.579746604E-3,-2.837330103E-4,2.381515689E-3
4.645460675E1,-3.047946841E-3,8.419845253E-4,4.142131656E-3
4.646464775E1,-1.486027613E-3,9.863507003E-4,3.714024322E-3
4.647468775E1,-5.049603060E-3,1.438023522E-3,4.286337644E-3
4.648472775E1,-2.219608054E-3,9.728316218E-4,3.692812519E-3
4.649476775E1,-3.158105537E-3,1.970451325E-3,4.837705754E-3
4.650483875E1,-2.981537953E-3,1.592015848E-3,6.244653836E-3
4.651487975E1,-3.347989172E-3,-1.493522897E-3,4.493092187E-3
4.652491975E1,-5.105581135E-3,3.899503499E-4,5.138332490E-3
4.653495975E1,-2.090349793E-3,1.828057691E-3,3.928724676E-3
4.654499975E1,-3.360701725E-3,-9.754337370E-4,3.500352381E-3
4.655504075E1,-2.030186355E-3,1.659244299E-5,2.981302561E-3
4.656511075E1,-2.548800781E-3,2.593381330E-3,1.904630219E-3
4.657515175E1,-2.431089059E-3,9.946860373E-4,3.794942051E-3
4.658519175E1,-3.218997270E-3,4.943460226E-4,2.537755296E-3
4.659523175E1,-3.828328103E-3,-9.972900152E-4,2.671712544E-3
4.660527275E1,-4.030508921E-3,7.977150381E-4,2.960925922E-3
4.661531275E1,-1.802507788E-3,-9.266808629E-4,3.151874524E-3
4.662535275E1,-3.672216088E-3,2.961350605E-3,2.827724675E-3
4.663542375E1,-4.157444462E-3,-1.422967762E-4,3.117742715E-3
4.664546375E1,-4.763342440E-3,-2.382687293E-3,3.793572076E-3
4.665550475E1,-1.948647201E-3,-1.961374655E-3,3.428186290E-3
4.666554475E1,-3.008393571E-3,1.590384170E-3,2.538869157E-3
4.667558475E1,-6.634797901E-4,3.084683791E-3,2.356176265E-3
4.668562475E1,-2.048518509E-4,1.424551010E-4,3.709350480E-3
4.669569575E1,-8.256342262E-4,8.519217372E-4,2.753275912E-3
4.670573575E1,-9.635426104E-4,-2.505611628E-4,2.700877376E-3
4.671577675E1,-1.301765442E-3,7.135048509E-4,3.021255601E-3
4.672581675E1,-1.349624246E-3,5.161777139E-3,2.728869673E-3
4.673585675E1,-3.011170775E-3,-3.669466823E-4,2.252163831E-3
4.674589775E1,-3.740228713E-3,4.836777225E-3,4.906952381E-3
4.675596775E1,-4.565009847E-3,2.034865320E-3,4.962878767E-3
4.676600875E1,-4.183448851E-3,4.790984094E-4,4.438095260E-3
4.677604875E1,-3.946959972E-3,5.189165473E-3,1.515009790E-3
4.678608875E1,-3.119951114E-3,4.649961367E-3,2.168505685E-3
4.679612975E1,-4.535155371E-3,2.218760550E-3,4.635499790E-4
4.680616975E1,-3.868231550E-3,2.512989566E-3,1.266366569E-3
4.681620975E1,-4.174495116E-3,-1.776030287E-3,3.222760279E-4
4.682628075E1,-3.700856119E-3,-3.043850884E-3,5.808492424E-4
4.683632075E1,-4.041740671E-3,1.906698570E-3,1.895918278E-3
4.684636075E1,-5.054835230E-3,-1.611215994E-3,1.095828251E-3
4.685640175E1,-4.880398512E-3,5.065295845E-4,4.300676286E-3
4.686644175E1,-5.121506751E-3,2.739941701E-3,2.297959756E-3
4.687648175E1,-3.801910207E-3,4.719736055E-3,4.475953756E-4
4.688655275E1,-2.709902823E-3,3.159083426E-4,-7.419417962E-4
4.689659275E1,1.812410541E-3,-8.252561092E-4,-1.803211402E-3
4.690663375E1,3.079341725E-3,-1.641470939E-3,-3.379596863E-3
4.691667375E1,2.858566120E-3,-4.948585294E-3,-6.172187626E-3
4.692671375E1,1.516432501E-3,-3.630616702E-3,-4.966407549E-3
4.693675475E1,-9.054448456E-4,-1.817004755E-3,-7.514253724E-3
4.694679475E1,2.080877312E-3,-2.360142767E-3,-7.551576011E-3
4.695686575E1,2.247591503E-3,-5.217447877E-3,-9.263988584E-3
4.696689237E1,-2.521185204E-3,-4.200637341E-5,-9.584328160E-3
4.697693238E1,2.068506554E-3,-5.243160762E-3,-8.214931935E-3
4.698697238E1,2.239674330E-3,-7.144054398E-3,-7.113864180E-3
4.699701337E1,1.365092583E-3,-5.261998624E-3,-5.242726766E-3
4.700705337E1,3.294141032E-3,-4.089169204E-3,-4.703941755E-3
4.701712438E1,6.227080710E-3,-3.407709301E-4,-4.075169563E-3
4.702716437E1,4.399885423E-3,-2.542057075E-3,-2.553369850E-3
4.703720437E1,6.331476383E-3,-2.846456133E-3,-2.339251572E-3
4.704724537E1,7.888166234E-3,-2.624594606E-3,-2.713144757E-3
4.705728537E1,9.961171076E-3,-6.637088954E-4,-5.028496962E-3
4.706732537E1,1.157126669E-2,-1.591492444E-3,-3.505520290E-3
4.707736638E1,9.849799797E-3,-5.589695647E-3,-4.021108150E-3
4.708743637E1,1.151505299E-2,-2.595853060E-3,-3.170956858E-3
4.709747737E1,7.896616124E-3,-2.580407076E-3,-1.921934308E-3
4.710751737E1,7.235353813E-3,-4.150774330E-3,-3.131748177E-3
4.711755738E1,3.571908921E-3,-2.697501332E-4,6.890891818E-4
4.712759738E1,3.105008043E-3,3.092799336E-3,4.936053883E-4
4.713763837E1,8.272072300E-4,4.217453301E-3,-6.166664534E-4
4.714770937E1,2.682291903E-3,3.841577098E-3,8.059082320E-4
4.715774938E1,4.697376862E-4,2.760866657E-3,1.015572343E-5
4.716778937E1,2.306160517E-3,6.881931797E-3,1.261288067E-3
4.717782937E1,3.977294080E-3,5.416395143E-3,8.096159436E-4
4.718787037E1,4.723265767E-3,3.834189847E-3,4.217323149E-4
4.719791037E1,3.848684020E-3,4.763100296E-3,1.511497889E-3
4.720798137E1,4.637342878E-3,9.343547747E-3,7.702982984E-4
4.721802137E1,5.430964753E-3,6.076913327E-3,-8.438436198E-4
4.722806137E1,5.366516300E-3,5.066776648E-3,-2.283870708E-4
4.723810237E1,5.435225554E-3,7.309956476E-3,-7.865856751E-4
4.724814237E1,5.098191090E-3,5.012242123E-3,-1.958547859E-3
4.725818238E1,4.249707796E-3,4.733409733E-3,-2.182785887E-3
4.726822238E1,4.579811357E-3,1.548696309E-3,-3.489582101E-3
4.727829337E1,3.037841059E-3,-1.463871449E-3,-4.600919317E-3
4.728833437E1,9.374134243E-4,3.151351586E-3,-5.020283163E-3
4.729837438E1,5.983924493E-4,9.928587824E-4,-4.544909112E-3
4.730841437E1,-1.137722284E-3,3.686361015E-5,-6.946743466E-3
4.731845437E1,-2.159178257E-5,3.100559115E-5,-7.042351179E-3
4.732849537E1,-1.471685246E-3,-1.028828323E-3,-7.443363313E-3
4.733856638E1,7.561035454E-5,3.201603889E-3,-9.260438383E-3
4.734860637E1,-1.533441246E-4,1.689460129E-3,-7.387944497E-3
4.735864637E1,4.077833146E-4,-1.600874588E-3,-9.716080502E-3
4.736868637E1,1.588501036E-4,1.387923956E-3,-1.067893021E-2
4.737872737E1,-7.695276290E-4,-2.168994397E-3,-1.046321448E-2
4.738876737E1,-1.347724348E-3,-2.525302581E-3,-1.054058503E-2
4.739880738E1,-3.168154508E-4,-3.628916107E-3,-1.011367980E-2
4.740887837E1,-1.881688833E-3,-2.160981297E-3,-1.000342518E-2
4.741891837E1,-3.595964983E-3,-1.650188118E-3,-1.008065697E-2
4.742895937E1,-5.202479661E-3,-3.143855371E-3,-1.031583827E-2
4.743899938E1,-6.785197183E-3,-2.819749527E-3,-1.119281724E-2
4.744903937E1,-5.151251331E-3,-3.959680907E-3,-1.137548592E-2
4.745907937E1,-6.691090763E-3,-4.050494172E-3,-9.204743430E-3
4.746915038E1,-7.765099406E-3,-2.155696973E-3,-7.483799476E-3
4.747919138E1,-5.195414647E-3,-4.870790057E-3,-6.606021430E-3
4.748923137E1,-5.155559629E-3,-6.906073540E-4,-5.782857537E-3
4.749927137E1,-4.763010889E-3,-8.999314159E-4,-5.923472345E-3
4.750931137E1,-1.198103651E-3,-2.027899027E-4,-4.774390720E-3
4.751935237E1,-3.288684413E-3,1.076059416E-3,-3.814587370E-3
4.752939237E1,7.511125877E-4,-5.487948656E-4,-4.295803607E-3
4.753946337E1,-5.288030952E-4,-2.814140171E-4,-6.205024198E-3
4.754950337E1,6.427466869E-4,2.696437761E-3,-4.853670485E-3
4.755954337E1,-3.862995654E-4,-2.330392599E-4,-2.191840904E-3
4.756958437E1,-2.076849341E-6,-1.545215026E-3,-3.612914123E-3
4.757962438E1,-5.416329950E-4,4.255415872E-3,-3.438210813E-3
4.758966437E1,-1.181248575E-3,2.195833251E-3,-4.694605246E-3
4.759973537E1,-2.125872299E-3,1.803524792E-4,-7.446981966E-3
4.760977538E1,-1.414274797E-3,-1.978937536E-3,-8.776166476E-3
4.761981638E1,-3.408450633E-3,3.121793270E-4,-6.304753013E-3
4.762985637E1,-3.712877631E-3,-9.551029652E-4,-6.842518691E-3
4.763989637E1,-5.270294845E-3,2.597287297E-3,-8.211117238E-3
4.764993637E1,-6.078224629E-3,2.775341272E-7,-6.545757409E-3
4.765997737E1,-9.278278798E-3,2.259969711E-3,-7.051225752E-3
4.767004737E1,-7.991777733E-3,2.925923094E-3,-7.079273928E-3
4.768008837E1,-5.537942052E-3,5.132883787E-3,-5.951425061E-3
4.769012837E1,-4.305770621E-3,1.257348806E-3,-6.222087890E-3
4.770016837E1,-3.429057077E-3,7.095374167E-4,-7.480697706E-3
4.771020937E1,-3.651862964E-3,1.153722405E-4,-7.841662504E-3
4.772024938E1,-4.849219695E-3,7.084589452E-4,-7.808106951E-3
4.773032037E1,-4.152057692E-3,2.514753491E-3,-9.495165199E-3
4.774036037E1,-6.433853880E-3,-2.099705860E-3,-7.981424220E-3
4.775040038E1,-6.640587002E-3,-1.064991578E-3,-9.342986159E-3
4.776044138E1,-6.560958922E-3,-4.021320492E-4,-7.135757711E-3
4.777048137E1,-6.761930883E-3,-5.448684096E-4,-6.667691283E-3
4.778052137E1,-7.204016671E-3,-1.223973930E-3,-4.828779027E-3
4.779059238E1,-4.719527438E-3,-1.309325919E-3,-4.712117836E-3
4.780063238E1,-4.751486704E-3,-1.612126827E-3,-3.984009847E-3
4.781067237E1,-4.460280761E-3,9.724330157E-4,-4.546170123E-3
4.782071337E1,-1.266885549E-3,1.449324191E-5,-3.714465071E-3
4.783075337E1,-1.688878983E-4,3.867236897E-3,-2.974051982E-3
4.784079337E1,3.474988043E-4,2.897845581E-3,-4.328003153E-3
4.785083437E1,1.237115823E-3,-1.587942243E-4,-6.323606707E-3
4.786090437E1,2.158835530E-3,4.592817277E-3,-5.355814472E-3
4.787094537E1,2.152807079E-3,1.637954265E-4,-4.999792203E-3
4.788098537E1,-2.493634820E-4,2.540133893E-3,-3.596306778E-3
4.789102538E1,-9.113289416E-4,3.584973514E-3,-2.438139869E-3
4.790106638E1,-3.334272653E-3,-5.059093237E-4,-3.338820767E-3
4.791110637E1,-1.517295837E-3,-3.756643273E-3,-4.071148112E-3
4.792117737E1,-3.810010850E-3,-9.510032833E-4,-3.493508557E-3
4.793121738E1,-2.819027752E-3,4.397891462E-4,-6.649958901E-3
4.794125738E1,-8.882358670E-4,1.101585105E-3,-6.938112900E-3
4.795129737E1,4.335427657E-4,1.784084365E-3,-6.329759955E-3
4.796134450E1,1.060185023E-3,4.860566929E-3,-6.524702534E-3
4.797138450E1,-5.647279322E-4,1.892233267E-3,-3.535065101E-3
4.798142450E1,-3.647245467E-4,1.208599657E-3,-3.446648130E-3
4.799149550E1,-1.790560782E-4,4.729785025E-3,-1.934760483E-3
4.800153550E1,-4.009747878E-3,1.580864191E-3,-4.785439814E-4
4.801157650E1,-2.774549648E-3,2.849303186E-3,-1.819839352E-3
4.802161650E1,-3.502923995E-3,1.733172685E-3,-3.899881849E-4
4.803165650E1,-4.370242357E-3,2.704178914E-3,-7.787921350E-4
4.804169750E1,-3.680484369E-3,-4.311595112E-4,-9.375165682E-4
4.805176750E1,-4.009889439E-3,1.385618001E-3,-2.308903495E-3
4.806180850E1,-3.647433594E-3,4.014424980E-3,3.910092637E-4
4.807184850E1,-3.974255174E-3,1.760665327E-4,-1.296651433E-3
4.808188850E1,-3.650946543E-3,-1.241799444E-3,-2.399466466E-3
4.809192850E1,-1.546589658E-3,-7.981378585E-4,-1.516111544E-3
4.810196950E1,-5.106704310E-3,9.307861328E-4,-2.050874289E-3
4.811200950E1,-2.970436588E-3,4.121294245E-3,-1.824006671E-3
4.812208050E1,-2.346990630E-3,2.620602027E-3,-1.553163282E-3
4.813212050E1,-2.068473026E-3,2.850219607E-5,-8.738669567E-4
4.814216050E1,-3.978721797E-4,-1.004006714E-3,-1.490921364E-3
4.815220150E1,-5.105510354E-5,1.784248278E-3,-1.796499360E-3
4.816224150E1,-1.499282196E-3,2.498507500E-3,-1.946435310E-3
4.817228150E1,-4.267059267E-4,1.519232988E-3,-2.457732800E-3
4.818235250E1,1.022585668E-3,-4.485771060E-4,-4.028465133E-3
4.819239250E1,2.068094909E-5,-2.046184614E-3,-4.766833968E-3
4.820243350E1,1.892616041E-3,-1.501034945E-3,-4.492261447E-3
4.821247350E1,2.241224051E-3,-1.224244013E-3,-5.177957937E-3
4.822251350E1,7.578432560E-4,-1.055665314E-3,-3.753166879E-3
4.823255350E1,1.538903452E-3,1.529231668E-4,-1.468452159E-3
4.824262450E1,1.492031850E-3,-1.936060376E-3,-1.316119335E-3
4.825266550E1,-8.837282658E-4,-2.527151257E-3,-2.829117700E-3
4.826270550E1,9.911358356E-4,2.833524719E-3,-3.232586663E-3
4.827274550E1,1.795774326E-3,-3.241508268E-3,-4.240300972E-3
4.828278550E1,1.902833581E-3,-2.024975605E-3,-3.054128960E-3
4.829282650E1,6.959857419E-4,-2.886251546E-3,-1.689900877E-3
4.830286650E1,-1.350387931E-3,-1.856407151E-3,9.263886604E-4
4.831293750E1,-3.036363050E-3,2.780262381E-3,1.791733084E-3
4.832297750E1,-7.609575987E-4,3.153104335E-3,3.970465623E-3
4.833301750E1,-2.434439957E-3,4.927255213E-3,5.004051607E-3
4.834305850E1,-1.418976113E-3,3.847343847E-3,4.930814728E-3
4.835309850E1,-2.636210993E-3,2.623356879E-3,2.678731689E-3
4.836313850E1,-1.548308879E-3,2.072880045E-3,-8.907029405E-4
4.837320950E1,-2.864899114E-3,-2.311170101E-5,-2.066331916E-3
4.838324950E1,-5.446834490E-3,-5.341731012E-4,-2.762748394E-3
4.839329050E1,-6.024332717E-3,-3.857050091E-3,-3.940763418E-3
4.840333050E1,-4.235487431E-3,-7.185735740E-3,-4.499228206E-3
4.841337050E1,-6.813185290E-3,-5.091665313E-3,-7.673590444E-3
4.842341050E1,-3.298077732E-3,-5.952132866E-3,-7.540965453E-3
4.843345150E1,-4.061896354E-3,-2.113956027E-3,-8.061488159E-3
4.844352150E1,-8.499808609E-5,-4.083097912E-3,-7.905960083E-3
4.845356250E1,-1.585835591E-3,-3.305668011E-3,-7.692807354E-3
4.846360250E1,-1.047877595E-3,-1.587662846E-3,-8.983908221E-3
4.847364250E1,-1.402705908E-3,-2.578440122E-3,-9.050711058E-3
4.848368350E1,-4.615543410E-3,-1.865245402E-3,-7.804884575E-3
4.849372350E1,-5.813382566E-3,-6.857886910E-4,-8.544162847E-3
4.850379450E1,-7.812350988E-3,-6.051525474E-3,-8.091425523E-3
4.851383450E1,-7.029432803E-3,-2.450401895E-3,-7.435051724E-3
4.852387450E1,-8.195631206E-3,-6.469378248E-3,-7.008679211E-3
4.853391550E1,-5.581665784E-3,-3.328808583E-3,-7.113977335E-3
4.854395550E1,-4.906022921E-3,-5.919531919E-3,-6.869233213E-3
4.855399550E1,-2.837399021E-3,-3.800164908E-3,-6.340355612E-3
4.856406650E1,-1.962285489E-3,-3.500559367E-3,-5.951534025E-3
4.857410650E1,1.541587524E-3,-3.588126041E-3,-6.159008946E-3
4.858414650E1,3.383163363E-3,-2.091163769E-3,-6.328652147E-3
4.859418750E1,6.736082956E-3,-1.483162865E-3,-5.386425648E-3
4.860422750E1,6.841277704E-3,-1.253066584E-3,-4.021822009E-3
4.861426750E1,5.668204278E-3,-3.045691177E-3,-3.958248999E-5
4.862430850E1,7.208842784E-3,-2.893624827E-3,-7.935233880E-4
4.863437850E1,4.131439142E-3,-4.984289408E-4,2.845054492E-3
4.864441950E1,1.047498547E-3,2.612940967E-3,4.615257494E-3
4.865445950E1,3.645169549E-3,1.107957214E-3,5.957365967E-3
4.866449950E1,2.567122690E-3,7.438473403E-5,8.079373278E-3
4.867454050E1,2.263206989E-3,4.374118522E-3,8.940355852E-3
4.868458050E1,3.183329478E-3,3.149064258E-3,8.993086405E-3
4.869465150E1,8.273211308E-3,6.883554161E-3,9.141974151E-3
4.870469150E1,1.082052477E-2,6.881689653E-3,9.498039261E-3
4.871473150E1,1.044719853E-2,3.986256197E-3,6.920378190E-3
4.872477150E1,1.237372868E-2,3.065068275E-3,8.778998628E-3
4.873481250E1,1.071942225E-2,4.844721407E-3,1.053263433E-2
4.874485250E1,1.008585561E-2,5.265502259E-3,1.058136951E-2
4.875489250E1,1.116501726E-2,6.051000208E-3,1.024122722E-2
4.876496350E1,1.053757593E-2,6.274705753E-3,1.116268057E-2
4.877500350E1,8.905688301E-3,4.601789638E-3,1.002094243E-2
4.878504450E1,8.030572906E-3,7.211955264E-3,1.022494026E-2
4.879508450E1,7.564495318E-3,8.339032531E-3,8.290810511E-3
4.880512450E1,3.041649237E-3,3.127492964E-3,7.231139578E-3
4.881516550E1,3.705163486E-3,5.935309455E-3,5.470357835E-3
4.882523550E1,4.388264380E-3,7.512966171E-3,4.072197713E-3
4.883527650E1,4.564517178E-3,3.811502829E-3,2.826886252E-3
4.884531650E1,4.383422434E-3,1.680174842E-3,1.144300913E-3
4.885535650E1,3.495262004E-3,3.832858056E-4,1.089247875E-3
4.886539650E1,4.640519619E-4,1.568393782E-3,3.930974053E-4
4.887543750E1,-1.057520509E-3,1.039551571E-3,1.520297024E-3
4.888547750E1,-4.841424525E-4,3.432668746E-3,1.237469260E-3
4.889554850E1,-1.470502466E-4,1.073313877E-3,6.766092265E-4
4.890558850E1,-1.963190734E-4,2.827005461E-3,1.809517969E-3
4.891562850E1,-2.204813063E-4,1.117568463E-4,1.813438721E-4
4.892566950E1,-1.228753477E-3,-2.310654148E-3,-8.540931740E-4
4.893570950E1,-2.986222506E-3,-8.812081069E-4,-2.003454370E-3
4.894574950E1,-4.828516394E-4,-1.962717623E-3,-2.664983738E-3
4.895582050E1,-9.964536875E-4,-1.574644819E-3,-3.710973775E-3
4.896585100E1,-2.214848995E-3,-5.130497739E-3,-3.979153931E-3
4.897589200E1,-1.191250980E-3,-3.695103340E-3,-4.429594148E-3
4.898593200E1,-3.214925528E-6,-5.125220865E-3,-5.868766457E-3
4.899597200E1,-9.543020278E-4,-4.306409508E-3,-6.025976501E-3
4.900601200E1,3.256127238E-4,-3.545810468E-3,-4.115690477E-3
4.901608300E1,9.108334780E-6,-3.643328324E-3,-4.905418493E-3
4.902612400E1,-5.818475038E-4,-8.168571629E-3,-5.637520924E-3
4.903616400E1,-1.986980438E-3,-6.496243179E-3,-5.682470277E-3
4.904620400E1,-2.053026110E-3,-7.350319065E-3,-4.351422656E-3
4.905624400E1,-2.878194675E-3,-3.384128213E-3,-5.337423645E-3
4.906628500E1,-4.125885665E-3,-2.468267456E-3,-4.015697166E-3
4.907632500E1,-1.810315996E-3,-6.133245304E-3,-3.066032659E-3
4.908639600E1,-1.164766029E-3,-4.089535214E-3,-3.485746915E-3
4.909643600E1,-1.929286867E-3,-1.941585913E-3,-5.819926038E-3
4.910647600E1,-1.258702949E-3,-3.681909293E-4,-6.514212117E-3
4.911651700E1,-7.031913847E-4,-3.653906286E-3,-7.930276915E-3
4.912655700E1,-1.927979290E-3,-6.727727130E-3,-8.018162102E-3
4.913659700E1,-3.334999084E-3,-4.718273878E-3,-8.740573190E-3
4.914666800E1,-4.781894386E-3,-7.448013872E-3,-7.978908718E-3
4.915670800E1,-6.061738357E-3,-5.289353430E-3,-7.794189733E-3
4.916674900E1,-7.666824386E-3,-1.783035696E-3,-6.310010329E-3
4.917678900E1,-8.581789210E-3,-2.605131827E-3,-7.857961580E-3
4.918682900E1,-7.102137432E-3,7.027816027E-4,-7.109080441E-3
4.919686900E1,-3.215059638E-3,-2.961779013E-3,-6.994567811E-3
4.920691000E1,-3.052873537E-3,-3.242210485E-3,-7.825207897E-3
4.921698000E1,-1.818543300E-3,-3.830633126E-3,-7.171078585E-3
4.922702100E1,-4.056930542E-3,-5.014941096E-3,-6.319133565E-3
4.923706100E1,-3.902906552E-3,-3.136077896E-3,-5.812182557E-3
4.924710100E1,-2.570793033E-3,-4.582973197E-3,-5.632152781E-3
4.925714200E1,-3.304228187E-3,-2.136060968E-3,-3.288837615E-3
4.926718200E1,-6.449222565E-5,-1.153087243E-3,-4.559964407E-3
4.927725300E1,-1.362856477E-3,-1.138284802E-3,-2.281712601E-3
4.928729300E1,-6.102472544E-4,-4.118095152E-3,-2.299023326E-3
4.929733300E1,-9.758509696E-4,-5.479883403E-4,-1.642613555E-3
4.930737400E1,-7.500145584E-4,-3.762689419E-3,-1.227959408E-3
4.931741400E1,-6.518159062E-4,-3.246407025E-3,2.195717068E-3
4.932745400E1,2.589517273E-3,-8.897762746E-4,5.488181487E-4
4.933749400E1,-9.801350534E-4,-8.784513921E-4,1.931736944E-3
4.934756500E1,1.879566349E-3,9.125247598E-4,3.980506677E-3
4.935760500E1,4.132963717E-3,8.153971285E-4,2.991368761E-3
4.936764600E1,3.206450492E-3,2.031395212E-3,2.152895322E-4
4.937768600E1,3.785227425E-3,3.997888416E-4,1.495912438E-4
4.938772600E1,2.697326243E-3,-9.775981307E-4,2.763577504E-4
4.939776700E1,2.934057266E-3,6.685964763E-4,2.153078094E-4
4.940783700E1,2.993445843E-3,1.459555700E-3,1.127761789E-4
4.941787800E1,2.286884934E-3,6.656944752E-4,1.054594293E-3
4.942791800E1,1.625888050E-3,3.058545291E-3,1.888962695E-3
4.943795800E1,1.506942324E-3,6.101168692E-4,-2.290911507E-4
4.944799900E1,-1.042768359E-3,3.017613664E-3,-1.706612878E-3
4.945803900E1,2.318936400E-3,-2.907711081E-3,-1.964222873E-3
4.946811000E1,2.650232986E-3,-1.085842028E-3,-1.555161318E-3
4.947815000E1,1.038983464E-5,6.920918822E-4,-1.450784039E-3
4.948819000E1,1.167533919E-3,7.131304592E-4,-3.463712055E-4
4.949823000E1,1.546982676E-3,-2.236980945E-4,7.236648817E-4
4.950827100E1,6.007617339E-4,6.444919854E-4,5.822509993E-4
4.951831100E1,1.250091940E-3,2.586398274E-3,2.227840247E-3
4.952835100E1,7.875012234E-4,-6.575975567E-4,2.735172631E-3
4.953842200E1,1.368070021E-3,2.662565559E-3,3.931730986E-3
4.954846200E1,4.287734628E-4,2.789864317E-3,3.422267968E-3
4.955850300E1,1.941981725E-3,1.005083323E-3,3.069475759E-3
4.956854300E1,6.721867248E-4,-1.013327390E-3,1.344812452E-3
4.957858300E1,2.360530198E-4,9.480472654E-4,2.710544970E-3
4.958862400E1,5.119573325E-4,1.745931804E-3,1.208522357E-3
4.959869400E1,9.231530130E-4,-4.409365356E-4,1.607358921E-3
4.960873500E1,2.947688103E-3,-1.197807491E-3,1.337846974E-3
4.961877500E1,2.662705258E-3,4.330780357E-4,1.110726036E-3
4.962881500E1,2.027275041E-3,9.784940630E-4,1.774385804E-3
4.963885500E1,1.145550981E-3,3.124406561E-3,2.681477461E-3
4.964889600E1,3.506177105E-3,2.250622958E-3,2.605311107E-3
4.965893600E1,-6.321128458E-4,4.082022235E-3,1.620391966E-3
4.966900700E1,2.417739481E-3,1.312334090E-3,2.228391822E-3
4.967904700E1,-2.282112837E-4,-2.757832408E-4,1.045721816E-3
4.968908700E1,-5.680304021E-4,1.178303733E-3,2.048934577E-3
4.969912800E1,-1.134574413E-3,-1.605262980E-3,1.951854909E-3
4.970916800E1,-1.046424732E-3,-1.692879945E-3,1.352111110E-3
4.971920800E1,-1.054583117E-3,-7.393881679E-4,5.283537321E-4
4.972927900E1,-2.557937056E-3,1.769512892E-6,2.161670476E-3
4.973931900E1,-8.517988026E-4,1.413499936E-3,-1.182415290E-4
4.974936000E1,-9.679235518E-5,1.684343442E-3,3.006178886E-3
4.975940000E1,-1.243691891E-3,-1.821132377E-3,8.645681664E-4
4.976944000E1,-1.014620066E-4,1.611681655E-3,1.311712898E-3
4.977948000E1,1.048152335E-3,9.186156094E-4,4.519625800E-4
4.978955100E1,8.731819689E-4,-1.247599721E-3,8.599588182E-4
4.979959200E1,3.453921527E-4,7.720235735E-4,-1.446667477E-3
4.980963200E1,-1.167815179E-3,-3.226979636E-3,-9.507868672E-4
4.981967200E1,-2.581058070E-3,-3.220712766E-3,-1.960886177E-3
4.982971200E1,-1.256402582E-3,-1.113619655E-3,-3.954800195E-4
4.983975300E1,-5.027461797E-3,-2.258750610E-3,4.957386991E-4
4.984979300E1,-4.534777254E-3,-2.994630486E-4,-6.829763879E-4
4.985986400E1,-5.063463002E-3,-1.482378691E-3,-2.890222706E-3
4.986990400E1,-1.803221181E-3,1.188505441E-3,-6.422483712E-4
4.987994400E1,-3.967290744E-3,7.948279381E-5,-1.794539625E-3
4.988998500E1,-2.470061183E-3,-3.448938951E-3,-3.096292727E-3
4.990002500E1,-3.336718306E-3,-3.437281586E-3,-3.039299278E-3
4.991006500E1,-6.164729595E-3,-1.314476132E-3,-3.059273120E-3
4.992013600E1,-6.086368114E-3,-6.185323000E-4,2.712744754E-4
4.993017600E1,-5.709530786E-3,3.420710564E-4,-1.129281940E-3
4.994021700E1,-6.498398259E-3,-8.951164782E-4,2.624506829E-3
4.995025700E1,-7.764466107E-3,1.163519919E-4,1.700389897E-3
4.996029700E1,-4.720546305E-3,-1.593243331E-3,-2.286192030E-4
4.997033325E1,-3.472588956E-3,-2.065689303E-3,3.604720114E-4
4.998037425E1,-6.955489516E-4,-4.409922287E-3,-1.175153651E-3
4.999044425E1,-1.131147146E-4,-2.171535976E-3,-1.430550823E-3
5.000048525E1,5.578119308E-4,-1.127954572E-3,-3.305246355E-3
5.001052525E1,-3.473682329E-3,-4.287262447E-3,-2.027195413E-3
5.002056525E1,-2.653617412E-3,-1.557338983E-4,-1.597463852E-3
5.003060625E1,-2.892769873E-3,1.119919121E-3,-1.138867578E-3
5.004064625E1,-1.544177532E-3,2.176910639E-3,-6.711775204E-4
5.005071725E1,-2.519160509E-3,-1.855648123E-3,3.860974684E-4
5.006075725E1,-2.351833507E-3,1.589283347E-4,1.343670767E-3
5.007079725E1,-1.534774899E-3,1.909423620E-3,2.347149886E-3
5.008083825E1,8.787224069E-4,4.475712776E-4,-1.094531035E-4
5.009087825E1,8.004261181E-4,2.752654254E-4,2.943062223E-3
5.010091825E1,1.006534323E-3,-5.960296839E-4,2.374148695E-3
5.011095825E1,1.055269502E-3,-8.205343038E-4,3.506258596E-3
5.012102925E1,1.438014209E-3,2.131719142E-3,4.279313609E-3
5.013106925E1,1.400730573E-3,2.335451543E-3,4.626856185E-3
5.014111025E1,3.620004281E-4,1.315649599E-3,6.598436274E-3
5.015115025E1,2.136198804E-3,3.111686558E-3,6.338511594E-3
5.016119025E1,5.149347708E-4,6.505465135E-3,6.918095984E-3
5.017123125E1,-1.548510045E-4,3.322720528E-3,7.373230532E-3
5.018130125E1,-2.393772826E-3,2.553559840E-3,6.848231424E-3
5.019134225E1,-4.470773041E-3,5.724586546E-3,4.167227075E-3
5.020138225E1,-3.730801865E-3,2.049956471E-3,4.399174359E-3
5.021142225E1,-3.088446334E-3,5.273712799E-3,3.128846176E-3
5.022146325E1,-2.504101023E-3,3.051988780E-3,2.755938563E-3
5.023150325E1,-2.804238349E-3,4.546083510E-4,2.032890217E-3
5.024157425E1,-2.316271886E-3,1.892071217E-3,9.443596937E-4
5.025161425E1,-6.853509694E-4,1.689137891E-3,2.726014704E-3
5.026165425E1,-2.994578332E-3,8.861944079E-4,1.269531669E-3
5.027169425E1,-1.527443528E-3,2.299800515E-3,1.419201260E-3
5.028173525E1,-2.634208649E-3,9.629875422E-6,3.978153691E-4
5.029177525E1,-1.456825063E-3,3.153491765E-3,2.940867795E-3
5.030181525E1,-3.609256819E-3,1.383231953E-3,2.319554100E-3
5.031188625E1,-2.554912120E-3,-1.448772848E-3,8.521522395E-4
5.032192625E1,-3.615457565E-3,2.139665186E-3,2.125779167E-3
5.033196725E1,-4.341969267E-3,2.623561770E-3,3.648841055E-3
5.034200725E1,-2.446480095E-3,8.309837431E-4,4.229958635E-3
5.035204725E1,-5.014300346E-3,-1.502210274E-3,3.782813903E-3
5.036208825E1,1.773419790E-3,-1.490717754E-3,3.444430884E-3
5.037215825E1,-1.474304125E-3,7.604528219E-4,4.326203372E-3
5.038219925E1,-2.246113494E-3,7.298626006E-4,4.583852366E-3
5.039223925E1,1.222360879E-4,-1.479145139E-4,5.955379922E-3
5.040227925E1,-5.577206612E-4,3.065532073E-3,8.016906679E-3
5.041231925E1,-5.784947425E-4,3.378985450E-3,8.107188158E-3
5.042236025E1,-2.392658964E-3,-5.561672151E-5,9.468542412E-3
5.043240025E1,-9.777229279E-4,3.291975707E-3,8.323382586E-3
5.044247125E1,-8.774343878E-4,1.885300502E-3,9.277842008E-3
5.045251125E1,-1.014852896E-3,2.336973324E-3,8.530292660E-3
5.046255125E1,-7.413476706E-4,-3.144611605E-3,6.404290907E-3
5.047259225E1,-1.684373245E-3,-3.802496940E-4,6.533721462E-3
5.048263225E1,-1.536235213E-3,4.664381966E-3,6.581648719E-3
5.049267225E1,-1.385500655E-3,5.176506937E-3,5.916657392E-3
5.050274325E1,-8.846055716E-4,5.951860920E-3,6.520463619E-3
5.051278325E1,-2.139752731E-3,2.865789458E-3,4.521494731E-3
5.052282425E1,-2.655724064E-3,1.283882186E-3,4.094838165E-3
5.053286425E1,-2.123890445E-3,5.240831524E-4,3.015458817E-3
5.054290425E1,-2.477880567E-3,-1.589065418E-3,2.429807326E-3
5.055294425E1,-4.066722468E-3,2.080503851E-3,8.161978330E-4
5.056301525E1,-3.654658794E-3,8.537806571E-5,1.243449398E-3
5.057305625E1,-4.588630050E-3,1.005567610E-4,1.600579242E-3
5.058309625E1,-3.683131188E-3,-3.815107048E-4,1.824429957E-3
5.059313625E1,-6.726590917E-3,-9.285230190E-4,2.939113183E-4
5.060317625E1,-4.082089290E-3,-1.443495974E-3,2.335964702E-3
5.061321725E1,-6.103428081E-3,-3.335252404E-5,2.618947765E-4
5.062325725E1,-4.551773891E-3,3.592886031E-3,1.372125233E-3
5.063332825E1,-2.935767174E-3,-1.049270853E-3,1.981456531E-3
5.064336825E1,-4.257082939E-3,7.360707968E-4,2.352864482E-3
5.065340825E1,-2.124156803E-3,3.466343507E-3,1.043920871E-3
5.066344925E1,7.744682953E-4,3.768760711E-3,3.514356213E-4
5.067348925E1,-9.203664958E-4,-7.905717939E-4,2.306195907E-3
5.068352925E1,-9.852480143E-4,-1.215804368E-3,4.050792661E-3
5.069360025E1,-2.345032990E-4,-5.303223617E-3,4.090739880E-3
5.070364025E1,4.443125799E-4,2.311244607E-4,6.701558363E-3
5.071368125E1,-2.481969073E-3,4.091909155E-3,9.889096022E-3
5.072372125E1,-5.284193903E-4,3.427227959E-3,1.146658976E-2
5.073376125E1,3.887740895E-4,4.348682240E-3,1.242905669E-2
5.074380125E1,-5.197357386E-4,5.315564573E-3,1.194963604E-2
5.075384225E1,2.648361027E-3,3.169855103E-3,1.100607775E-2
5.076391325E1,4.118292592E-3,2.765398473E-3,9.756985120E-3
5.077395325E1,5.049067549E-3,4.386199638E-3,7.633380592E-3
5.078399325E1,3.714424558E-3,4.019137472E-3,8.718422614E-3
5.079403325E1,3.024399281E-3,3.545893356E-3,9.218297899E-3
5.080407425E1,2.931313589E-3,4.447406158E-3,8.211996406E-3
5.081411425E1,3.729729913E-3,1.474786550E-3,9.497771040E-3
5.082418525E1,-1.907100901E-3,8.066575974E-3,1.040249784E-2
5.083422525E1,6.215712056E-4,2.841452137E-3,7.304442115E-3
5.084426525E1,-2.574194223E-3,5.345581099E-3,6.734673865E-3
5.085430625E1,-3.266882151E-3,3.055263311E-3,4.562333226E-3
5.086434625E1,-4.019608721E-3,1.163080335E-3,4.706131760E-3
5.087438625E1,-3.522662446E-3,2.854721621E-3,2.089575864E-3
5.088445725E1,-3.620691597E-3,-4.062429070E-5,2.291828860E-3
5.089449725E1,-2.254489809E-3,-1.207850873E-4,2.479848452E-3
5.090453825E1,-2.192886546E-3,2.124272287E-4,1.390743302E-3
5.091457825E1,-2.718327567E-3,1.071829349E-3,-4.202061100E-4
5.092461825E1,-2.635588869E-3,-9.599477053E-4,1.221238286E-3
5.093465825E1,-5.058266222E-3,2.873672172E-3,-8.722725906E-4
5.094469925E1,-6.058545783E-3,1.072194427E-4,-9.265108965E-4
5.095476925E1,-4.285680130E-3,-1.627828926E-3,-7.014738512E-4
5.096479212E1,-6.685502827E-3,8.148904890E-4,-1.755043399E-3
5.097483213E1,-5.568306893E-3,-2.731109038E-3,-1.488460926E-3
5.098487212E1,-6.444877014E-3,7.171165198E-4,-1.628383179E-3
5.099491312E1,-5.636608228E-3,-3.428892232E-3,-3.180739935E-3
5.100495312E1,-6.192365661E-3,-3.832736053E-3,-2.760028234E-3
5.101502413E1,-7.047506049E-3,-3.055359237E-3,-4.256458487E-3
5.102506412E1,-7.295321673E-3,-2.805252559E-3,-2.770307474E-3
5.103510412E1,-6.841517985E-3,-4.167725332E-3,-2.727963263E-3
5.104514512E1,-6.074840203E-3,-2.932177857E-3,-2.902333159E-3
5.105518512E1,-4.816228524E-3,-4.223544151E-3,-3.840564750E-3
5.106522512E1,-5.424596369E-3,-3.824941814E-3,-2.513471991E-3
5.107526513E1,-4.765996709E-3,-2.323717810E-3,-3.866890445E-3
5.108533612E1,-4.468012601E-3,-4.548751749E-3,-1.804151805E-3
5.109537612E1,-2.135615796E-3,-8.219238371E-4,-1.029438339E-3
5.110541712E1,-2.380069345E-3,-2.395889722E-3,-4.002536880E-4
5.111545713E1,-3.265304491E-3,7.213409990E-4,-1.327832695E-3
5.112549712E1,-3.889698535E-3,1.993536949E-3,-1.599196345E-3
5.113553812E1,-2.785019577E-3,-3.140504472E-3,-7.693553925E-4
5.114560812E1,-4.701036960E-4,-3.770802170E-3,-2.444256097E-3
5.115564913E1,-2.668797970E-5,-3.141497262E-3,-2.957713790E-3
5.116568912E1,-1.397415996E-3,-4.385460168E-3,-2.984345425E-3
5.117572912E1,-9.095240384E-4,-2.080257982E-4,-2.443190897E-3
5.118577012E1,-1.449510455E-4,-3.860741854E-3,-4.091741517E-3
5.119581012E1,7.565282285E-4,3.300085664E-4,-2.479996532E-3
5.120588112E1,1.110244542E-3,-8.136685938E-4,-2.801771974E-3
5.121592112E1,7.954584435E-4,2.059882507E-3,-3.363432596E-3
5.122596112E1,7.039150223E-4,-2.583755180E-3,-3.172670957E-3
5.123600112E1,-4.921108484E-4,2.591684461E-4,-3.252033144E-3
5.124604212E1,-1.293508336E-3,-1.704562455E-3,-3.053922672E-3
5.125608213E1,-4.226546735E-4,-1.177256927E-3,-2.800389659E-3
5.126612212E1,8.984059095E-4,-2.538710833E-4,-3.663319629E-3
5.127619312E1,2.001753077E-3,-3.078419715E-3,-4.422054160E-3
5.128623312E1,4.286449403E-4,-3.184219822E-3,-5.381803494E-3
5.129627413E1,1.546373591E-3,-4.961613566E-3,-4.054483958E-3
5.130631412E1,1.701074652E-3,-3.958094865E-3,-3.030645428E-3
5.131635412E1,6.251577288E-4,-3.295767121E-3,-3.312141635E-3
5.132639512E1,1.109691337E-3,-2.107352950E-3,-1.552805305E-3
5.133646513E1,5.118547939E-3,-4.936695099E-3,-9.591866401E-4
5.134650612E1,4.944643006E-3,-1.694828272E-3,8.182071615E-4
5.135654612E1,4.789381288E-3,-4.233792424E-5,5.931700580E-4
5.136658612E1,5.877710879E-3,-1.089338213E-3,1.851195237E-3
5.137662612E1,4.010035656E-3,3.770930693E-3,1.217895420E-3
5.138666712E1,4.214642569E-3,-1.267232001E-4,2.432204084E-3
5.139670713E1,2.814352512E-3,1.833895221E-3,4.025572911E-3
5.140677812E1,3.101647831E-3,1.807587221E-3,3.135419684E-3
5.141681812E1,6.060419604E-3,3.296826035E-3,3.987098113E-3
5.142685812E1,3.929224797E-3,1.483004540E-3,2.538011875E-3
5.143689913E1,3.469030373E-3,3.197813407E-3,-9.121132316E-4
5.144693912E1,7.955273613E-4,-1.893729903E-3,-9.249630384E-4
5.145697912E1,-5.696080625E-4,3.128726035E-3,-2.874663100E-3
5.146705013E1,-1.269947737E-3,3.169056028E-3,-4.353970289E-3
5.147709013E1,-3.748817369E-3,-3.150092438E-3,-4.433864728E-3
5.148713112E1,-3.823770210E-3,3.620989621E-3,-7.191847079E-3
5.149717112E1,-5.225924775E-3,2.359982580E-3,-1.048191637E-2
5.150721112E1,-7.013604045E-3,3.996834159E-3,-1.218345016E-2
5.151725112E1,-4.911303520E-3,6.220769137E-4,-1.431797259E-2
5.152732212E1,-2.784825861E-3,-2.408519387E-3,-1.916468702E-2
5.153736312E1,-6.374767050E-3,-3.902019933E-3,-2.273705043E-2
5.154740312E1,-4.702152684E-3,-4.773673601E-3,-2.377383411E-2
5.155744312E1,-3.037944436E-3,-3.392025828E-3,-2.760159597E-2
5.156748312E1,-6.460255012E-3,-5.842931569E-3,-2.531285957E-2
5.157752413E1,-7.021382451E-3,-8.249097504E-3,-2.477063984E-2
5.158756412E1,-9.529136121E-3,-4.510316998E-3,-2.280240692E-2
5.159763512E1,-9.596513584E-3,-5.875986069E-3,-1.909395494E-2
5.160767513E1,-1.038585044E-2,-6.297077052E-3,-1.581465639E-2
5.161771513E1,-1.166416891E-2,-6.332497112E-3,-1.169714332E-2
5.162775612E1,-1.208603755E-2,-6.419537589E-3,-7.059663069E-3
5.163779612E1,-1.106870919E-2,-3.052236512E-3,-5.013289861E-3
5.164783612E1,-1.046753675E-2,-2.220191993E-3,-8.699828759E-4
5.165790713E1,-9.011320770E-3,1.766027883E-3,1.001953147E-3
5.166794712E1,-5.202921107E-3,6.676167250E-4,1.318510855E-3
5.167798812E1,6.475122645E-4,1.152046025E-3,2.157672774E-3
5.168802812E1,2.123134211E-3,3.204828128E-3,2.804310760E-3
5.169806812E1,5.175116472E-3,1.665787771E-3,2.070077462E-3
5.170810812E1,5.507281050E-3,3.127714619E-3,4.037698731E-3
5.171814913E1,5.032173358E-3,6.561353803E-5,-1.110458164E-3
5.172821912E1,6.705901586E-3,5.365716293E-3,-1.651956467E-3
5.173826012E1,5.153012462E-3,-1.354238018E-3,-4.085552879E-3
5.174830013E1,8.525833488E-3,-8.792486042E-4,-7.155723404E-3
5.175834013E1,8.465379477E-3,-3.877968527E-3,-9.121934883E-3
5.176838112E1,7.737758569E-3,-3.558814526E-3,-1.082389243E-2
5.177842112E1,7.357193157E-3,-4.300771281E-3,-1.244282816E-2
5.178849213E1,6.873102859E-3,-2.560544759E-3,-1.361320820E-2
5.179853213E1,3.641357645E-3,-2.743769437E-3,-1.390961837E-2
5.180857212E1,4.221030511E-3,5.076117814E-4,-1.487657242E-2
5.181861312E1,9.607886896E-4,-4.077181220E-4,-1.268851943E-2
5.182865312E1,-1.990012825E-4,-7.736943662E-4,-9.005853906E-3
5.183869312E1,-4.328265786E-4,2.654859796E-3,-5.783962086E-3
5.184876412E1,-1.875827089E-3,6.081739441E-3,-5.709088407E-3
5.185880412E1,-2.397274598E-3,8.189897984E-3,-5.378589965E-3
5.186884412E1,-5.189588293E-3,3.814339638E-3,-1.793607138E-3
5.187888512E1,-4.746437073E-3,6.014378741E-3,-1.197059057E-3
5.188892513E1,-2.834748477E-3,5.571611226E-3,1.597741153E-3
5.189896513E1,6.382800639E-4,9.533064440E-3,2.769531682E-3
5.190900612E1,-1.193525270E-3,4.118457437E-3,2.155493014E-3
5.191907612E1,-3.152154386E-4,4.533376545E-3,3.183473134E-3
5.192911713E1,7.534865290E-4,9.261338040E-3,3.629667452E-3
5.193915713E1,1.573474146E-3,1.944303513E-3,1.306592254E-3
5.194919712E1,-1.053839922E-3,4.182156175E-3,1.251292881E-3
5.195923812E1,1.299344003E-4,1.268656924E-3,-1.178841572E-3
5.196928650E1,-1.617331058E-3,4.114657640E-3,-2.045624424E-4
5.197935750E1,-4.143826663E-4,3.866717219E-3,-9.917928837E-4
5.198939750E1,1.808905043E-3,3.612248227E-3,4.627417075E-4
5.199943750E1,-6.105769426E-4,4.018912092E-3,-2.024916932E-3
5.200947750E1,5.461145192E-4,1.474138349E-3,-4.202940967E-3
5.201951850E1,1.003006473E-4,4.061665386E-3,-2.863370813E-3
5.202955850E1,-1.721715555E-3,8.111273870E-3,-3.576553427E-3
5.203959850E1,-4.947986454E-4,3.948753700E-3,-5.789906718E-3
5.204966950E1,-1.634784043E-3,2.187885344E-3,-4.821573384E-3
5.205970950E1,-1.513609663E-3,4.272075370E-3,-4.198127426E-3
5.206975050E1,-1.623401418E-3,2.605617046E-3,-5.085303448E-3
5.207979050E1,-9.661167860E-5,2.957154065E-3,-3.499391256E-3
5.208983050E1,8.171191439E-4,-3.048807383E-3,-4.943357315E-3
5.209987150E1,9.297709912E-4,1.046601683E-3,-5.030708853E-3
5.210994150E1,-7.311739028E-4,-1.429133117E-4,-4.935556091E-3
5.211998250E1,-5.215834826E-4,-1.591140404E-3,-6.592575461E-3
5.213002250E1,5.789883435E-4,-5.198405124E-3,-6.680468097E-3
5.214006250E1,-2.508947626E-3,2.259202302E-4,-4.934232682E-3
5.215010250E1,-1.750966534E-3,-3.046676517E-3,-4.699145444E-3
5.216014350E1,-6.569400430E-4,-1.815763302E-3,-5.655752495E-3
5.217021450E1,-2.026366070E-3,6.266683340E-4,-3.917125519E-3
5.218025450E1,-2.538224682E-3,7.595606148E-4,-3.838029690E-3
5.219029450E1,4.904987291E-4,3.134774044E-3,-5.533789285E-3
5.220033450E1,-2.924706787E-4,4.250071943E-4,-7.224630099E-3
5.221037550E1,-2.758609131E-3,5.673095584E-4,-9.066769853E-3
5.222041550E1,-9.708292782E-4,-2.953389660E-3,-1.008249819E-2
5.223045550E1,-5.612526089E-3,1.639872789E-4,-9.679907933E-3
5.224052650E1,-6.388571113E-3,-1.090893522E-3,-1.041067857E-2
5.225056650E1,-7.009111345E-3,-7.185414433E-4,-1.203935035E-2
5.226060750E1,-8.400080726E-3,-2.140402794E-3,-1.023825444E-2
5.227064750E1,-8.352760226E-3,-1.498972997E-3,-1.050555333E-2
5.228068750E1,-6.922377273E-3,-3.754137084E-3,-1.163952798E-2
5.229072750E1,-7.112568244E-3,-3.340058029E-4,-1.106953807E-2
5.230079850E1,-2.754304558E-3,-2.022449858E-3,-1.002131775E-2
5.231083950E1,-1.165926456E-3,-4.308654927E-3,-1.094162930E-2
5.232087950E1,-3.027210012E-3,2.770423889E-4,-9.442535229E-3
5.233091950E1,-2.289218828E-3,2.466646954E-3,-1.008127816E-2
5.234095950E1,-1.713177189E-3,1.353444532E-3,-6.738211960E-3
5.235100050E1,-3.897042945E-3,-1.901323907E-3,-8.502367884E-3
5.236104050E1,-2.631507814E-3,1.207385212E-3,-9.351383895E-3
5.237111150E1,-2.023028210E-3,-2.054628916E-3,-8.391879499E-3
5.238115150E1,-2.135412768E-3,-2.103365026E-3,-9.779652581E-3
5.239119150E1,-2.091543749E-3,-1.146612689E-3,-7.624167018E-3
5.240123250E1,-4.827143624E-3,-1.848355867E-3,-7.099790499E-3
5.241127250E1,-3.666356206E-3,-7.551871240E-4,-5.759812891E-3
5.242131250E1,-3.492984921E-3,2.089068294E-3,-3.967771772E-3
5.243138350E1,-3.843201324E-3,1.255488023E-3,-2.294344828E-3
5.244142350E1,-1.883381978E-3,4.141556099E-3,-3.002745798E-3
5.245146450E1,-1.126527786E-3,9.532719851E-4,-3.627984552E-4
5.246150450E1,-8.125416934E-4,9.700488299E-4,-2.698923461E-3
5.247154450E1,-3.188028932E-4,1.419318840E-3,-2.029510913E-3
5.248158450E1,-4.077853635E-3,3.475813195E-3,-1.203398337E-3
5.249165550E1,-3.739338368E-3,5.516279489E-3,-6.743440172E-4
5.250169550E1,-2.147300169E-3,1.966550946E-3,-1.945204567E-3
5.251173650E1,-3.575231880E-3,-2.019762062E-3,-4.243744537E-3
5.252177650E1,-4.287892953E-3,3.384325653E-3,-3.875962226E-3
5.253181650E1,-2.051472664E-3,9.213611484E-4,-5.869566463E-3
5.254185750E1,-1.174759120E-3,1.995947212E-3,-6.513785105E-3
5.255189750E1,8.383803070E-4,5.098134279E-4,-7.596328855E-3
5.256196850E1,1.000033692E-3,7.838532329E-4,-5.517731421E-3
5.257200850E1,4.828162491E-5,4.117975011E-3,-6.421901286E-3
5.258204850E1,-5.666427314E-4,-4.629287869E-4,-4.371533636E-3
5.259208950E1,-1.417929307E-3,2.042185515E-4,-5.270770751E-3
5.260212950E1,-6.621256471E-4,-2.178777941E-3,-4.431608599E-3
5.261216950E1,-9.365025908E-4,-4.446487874E-4,-3.187990282E-3
5.262224050E1,-3.029746935E-3,-2.327503636E-3,-1.482501742E-3
5.263228050E1,-2.535264939E-4,2.099443227E-3,-2.545747440E-3
5.264232050E1,-1.436503604E-3,1.554826275E-3,-4.415837466E-4
5.265236150E1,-1.482797787E-3,-5.512963980E-4,-1.158048282E-3
5.266240150E1,2.442626283E-4,8.183661848E-4,-7.601720281E-4
5.267244150E1,5.023507401E-4,-1.595305279E-3,2.348120324E-5
5.268251250E1,8.743945509E-4,-1.110076904E-3,-9.192778962E-4
5.269255250E1,4.549091682E-4,1.459188759E-3,-1.654935535E-3
5.270259350E1,-6.772000343E-4,-1.679345965E-3,-3.293578513E-3
5.271263350E1,-8.580368012E-4,-1.768078655E-4,-2.785814460E-3
5.272267350E1,1.778492704E-3,8.386559784E-4,-1.022801967E-3
5.273271450E1,9.962497279E-4,-9.777396917E-4,-9.086298523E-4
5.274275450E1,-7.667634636E-4,3.298498690E-3,-6.729401066E-4
5.275282550E1,7.620332763E-4,2.726156265E-3,7.149891462E-4
5.276286550E1,9.255511686E-4,1.519210637E-3,-1.282647951E-3
5.277290550E1,-8.409917355E-4,1.957716420E-3,-2.101914724E-3
5.278294550E1,1.648832113E-4,2.828570083E-3,-2.394329756E-3
5.279298650E1,-4.428252578E-5,-7.227060385E-3,-2.709720284E-3
5.280302650E1,1.759209670E-3,-1.656897366E-4,-4.125723150E-3
5.281309750E1,1.054589637E-3,-2.349319868E-3,-7.543852087E-3
5.282313750E1,2.229575999E-3,-4.460673779E-3,-5.774980411E-3
5.283317750E1,2.599783242E-3,-4.205590114E-3,-3.020056291E-3
5.284321850E1,2.796379849E-4,-8.382890373E-4,-1.421893365E-3
5.285325850E1,-4.740990698E-5,-1.638563350E-3,-8.584804600E-4
5.286329850E1,-1.044230536E-3,6.719119847E-5,-1.151960809E-3
5.287333950E1,2.374909818E-4,3.979248926E-3,1.002038829E-3
5.288340950E1,-1.734578982E-3,3.418920562E-3,1.294453861E-3
5.289345050E1,8.738618344E-4,3.374952823E-3,6.945978384E-4
5.290349050E1,-4.883445799E-4,-2.003300935E-3,-2.036207588E-3
5.291353050E1,-3.879889846E-4,-1.855930313E-3,-4.059604369E-3
5.292357050E1,-4.582963884E-4,-2.506007440E-3,-4.047087394E-3
5.293361150E1,-3.782453015E-3,-3.966218792E-3,-3.573045135E-3
5.294368250E1,-5.948668346E-3,6.056297570E-4,-1.996187260E-3
5.295372250E1,-5.036270246E-3,-4.463964142E-3,-3.280363511E-3
5.296376250E1,-5.330549553E-3,-9.970609099E-4,-2.075016964E-3
5.297378212E1,-2.455383539E-3,4.465896636E-4,-4.983833060E-4
5.298382312E1,-2.344330773E-3,-1.391524449E-3,-1.773771131E-3
5.299386312E1,1.315749250E-3,-2.129150555E-3,-2.143189078E-3
5.300393413E1,1.917889342E-3,-1.211425290E-3,-2.058766782E-3
5.301397412E1,1.668601297E-3,-8.550416678E-4,-1.556803938E-3
5.302401412E1,3.031074069E-3,-4.707481712E-4,-2.161607845E-3
5.303405512E1,1.222481951E-3,-4.352442920E-5,-4.090531264E-3
5.304409512E1,8.669504896E-4,-1.118110493E-3,-2.764276927E-3
5.305413512E1,1.255855896E-3,-2.822951414E-3,-2.848243341E-3
5.306417513E1,5.415957421E-4,1.671399921E-3,-2.043968532E-3
5.307424612E1,3.749151714E-3,-2.413187176E-3,-8.709208341E-4
5.308428712E1,8.995691314E-4,-2.605733462E-3,2.334921155E-4
5.309432712E1,1.501676627E-3,-1.075638458E-3,2.775124740E-3
5.310436713E1,1.242018305E-3,1.412553713E-3,3.869683947E-3
5.311440712E1,5.144977942E-3,1.422746107E-3,3.235546174E-3
5.312444812E1,5.041914061E-3,3.565259278E-3,3.959925845E-3
5.313451812E1,2.666673623E-3,4.364898428E-3,3.538702615E-3
5.314455913E1,4.552192055E-3,1.720113680E-3,3.198350780E-3
5.315459912E1,3.968551755E-3,1.027446240E-3,1.087376266E-3
5.316463912E1,4.525951110E-3,-7.438212633E-4,-1.949958969E-3
5.317468012E1,3.397780471E-3,-1.950396225E-3,-6.088284426E-4
5.318472012E1,1.685634255E-3,-8.305367082E-4,-7.361275493E-4
5.319476012E1,2.508187667E-3,-2.668993548E-3,-4.772296525E-4
5.320483112E1,7.252013311E-4,-5.885325372E-4,-6.157140597E-4
5.321487112E1,-2.421548590E-3,1.594610512E-4,-1.844840473E-3
5.322491212E1,-1.461450011E-4,3.266038373E-3,-1.472796896E-3
5.323495212E1,-2.599025145E-3,-1.058703288E-3,-1.639775466E-3
5.324499213E1,-1.443745568E-3,5.027074367E-4,-3.053913824E-3
5.325503212E1,3.483472392E-4,-2.106486820E-3,-3.824597225E-3
5.326510312E1,1.034377143E-3,-3.604514524E-3,-3.396627260E-3
5.327514312E1,1.744167879E-3,-8.317679167E-4,-4.507202655E-3
5.328518413E1,1.883983612E-3,-2.795582637E-3,-2.300507389E-3
5.329522412E1,9.081978351E-5,3.473633900E-3,-1.349455328E-3
5.330526412E1,-4.181098193E-4,-3.389597870E-3,-8.309379336E-4
5.331530512E1,-2.060985193E-3,-1.345437020E-3,-4.119471414E-4
5.332537513E1,-3.959983587E-6,-1.392904669E-4,9.670376312E-4
5.333541612E1,1.121632755E-3,-2.678607590E-3,-6.306290161E-4
5.334545612E1,2.691566013E-3,-1.686580479E-3,4.633975914E-4
5.335549612E1,2.450618893E-3,-2.002043650E-3,1.805707347E-3
5.336553712E1,1.445009373E-3,-1.988993958E-3,2.673897892E-3
5.337557712E1,1.064543612E-3,-2.424080856E-3,9.840833955E-4
5.338561713E1,3.861662000E-3,-2.124474384E-3,2.693832619E-3
5.339568812E1,3.878003918E-3,8.157249540E-4,1.187244779E-3
5.340572812E1,2.493958920E-3,-2.795787528E-3,1.502296771E-3
5.341576812E1,1.720311120E-3,-2.935070544E-3,-1.046546968E-4
5.342580913E1,1.529095694E-3,-1.050351188E-3,4.772460088E-4
5.343584912E1,1.600706950E-3,6.509236991E-4,1.673694933E-4
5.344588912E1,-3.207661211E-5,3.899335861E-4,1.874189358E-3
5.345596013E1,4.661308601E-3,2.138372511E-3,9.700073861E-4
5.346600013E1,3.544911742E-3,-3.229212016E-4,-1.088083489E-3
5.347604112E1,3.744507208E-3,2.091258764E-3,-9.705254342E-4
5.348608112E1,2.029431053E-3,1.946914941E-3,9.047787171E-5
5.349612112E1,3.982311115E-3,-2.139154822E-4,5.551533541E-4
5.350616212E1,1.281599514E-3,-2.003647387E-5,-2.786823316E-4
5.351623212E1,3.294911236E-3,-1.344125718E-3,-2.226862591E-3
5.352627312E1,6.914045662E-4,-1.055173576E-3,-2.811959013E-3
5.353631312E1,1.450993121E-3,-2.385515720E-3,-2.309829229E-3
5.354635312E1,-2.814592794E-3,1.544244587E-3,1.047351630E-3
5.355639312E1,-2.816298977E-3,1.742584631E-3,5.351516884E-4
5.356643413E1,-1.282583922E-3,1.837393269E-3,2.172995824E-3
5.357647412E1,-4.251021892E-4,4.586419091E-3,3.766855225E-3
5.358654512E1,-1.106604934E-3,4.177091643E-3,2.168692416E-3
5.359658513E1,8.120052516E-4,4.771636799E-3,1.221480314E-3
5.360662513E1,4.954170436E-5,3.135055304E-4,-1.214246848E-3
5.361666612E1,-7.925797254E-4,-2.353047952E-3,5.787471309E-5
5.362670612E1,-1.664763317E-3,-2.059301361E-3,-1.111785532E-3
5.363674612E1,-1.590404660E-3,-1.127323136E-3,-1.762573374E-4
5.364681713E1,-2.676974982E-3,-3.130553290E-3,6.471921224E-4
5.365685712E1,-1.846754923E-3,2.581981942E-3,1.277108677E-3
5.366689812E1,-1.907208934E-3,2.054408193E-3,9.934820700E-4
5.367693812E1,-6.715450436E-4,6.030686200E-5,2.141566016E-3
5.368697812E1,4.605650902E-4,-3.293137997E-4,-8.936505765E-6
5.369701812E1,3.583935089E-3,-2.217511646E-3,-2.186768688E-5
5.370705913E1,3.316287883E-3,-1.417230815E-3,-1.443995745E-3
5.371713012E1,6.631231867E-3,-3.918401897E-3,-5.893168272E-4
5.372717012E1,4.643714987E-3,-1.884278841E-3,-1.090257429E-3
5.373721013E1,2.683605999E-3,-9.439010173E-4,6.448316853E-4
5.374725013E1,2.448715270E-3,-2.843800001E-3,1.414942089E-4
5.375729112E1,2.755917609E-3,-1.571336761E-3,9.587833192E-4
5.376733112E1,3.827041015E-3,-2.797455527E-3,3.684794763E-3
5.377740213E1,2.406244166E-3,-2.911971882E-3,5.886429921E-3
5.378744213E1,1.739389263E-3,-1.873871312E-3,5.922915414E-3
5.379748212E1,8.917460218E-4,-1.648128033E-3,6.532970816E-3
5.380752312E1,3.459032625E-3,6.387289613E-4,7.938320749E-3
5.381756312E1,1.277158968E-3,2.765938640E-3,7.287133485E-3
5.382760312E1,5.906265229E-3,1.515131444E-4,7.143056020E-3
5.383767412E1,5.749364384E-3,-3.192480654E-4,7.367640734E-3
5.384771412E1,4.707269371E-3,1.254994422E-4,4.806478973E-3
5.385775512E1,5.584289320E-3,1.243144274E-3,1.872127876E-3
5.386779512E1,6.438098848E-3,-4.476979375E-4,2.827403601E-3
5.387783513E1,6.171588786E-3,1.117039472E-3,1.118460204E-5
5.388787513E1,2.759546973E-3,-1.942933537E-3,1.635979279E-3
5.389791612E1,2.313341014E-3,-2.466516569E-3,-1.000046730E-3
5.390798712E1,2.831059508E-3,-2.756268717E-3,1.435121521E-5
5.391802713E1,9.985221550E-4,2.968199551E-4,3.735719947E-4
5.392806713E1,-1.383814961E-4,2.539202571E-3,-5.912913475E-4
5.393810712E1,1.332769170E-4,7.758811116E-4,-5.885884166E-4
5.394814812E1,-3.500605002E-3,-1.995936036E-3,-6.889895885E-4
5.395818812E1,-9.558722377E-4,-2.458561212E-4,-1.486418769E-3
5.396824904E1,-2.825144678E-3,-1.822446473E-3,2.765584039E-3
5.397828904E1,-3.978194669E-3,-7.004849613E-5,1.690618461E-3
5.398832904E1,-2.894820645E-3,1.822659746E-3,1.075694570E-3
5.399837004E1,-3.017511219E-3,-5.572997034E-4,4.470261745E-3
5.400841004E1,-2.492867410E-3,4.238095134E-4,3.100863891E-3
5.401845004E1,-2.359146252E-3,3.314083442E-3,3.157567000E-3
5.402852104E1,-2.667009830E-4,-6.047580391E-4,3.273680573E-3
5.403856104E1,-2.394441515E-3,-6.425473839E-4,4.834671039E-3
5.404860204E1,-1.532910392E-3,8.783843368E-4,2.716392744E-3
5.405864204E1,-4.245303571E-4,-1.936529763E-3,3.071241546E-3
5.406868204E1,-1.182464883E-3,-1.306692138E-3,3.552740905E-3
5.407872204E1,2.365522087E-4,-6.892886013E-4,1.987714786E-3
5.408876304E1,2.903481945E-4,-3.826491535E-3,1.724180765E-5
5.409883304E1,2.388555557E-3,-2.116010524E-3,1.349658007E-3
5.410887404E1,2.321945503E-4,-3.970369697E-3,-9.246814298E-4
5.411891404E1,1.088359393E-3,-2.823523246E-3,9.436039254E-4
5.412895404E1,-5.944911391E-4,-5.661387928E-3,6.250899751E-4
5.413899504E1,3.553926945E-6,-3.150900826E-3,-1.039347495E-3
5.414903504E1,-2.997029573E-3,4.433020949E-4,2.016895916E-3
5.415910604E1,-1.250544563E-3,-1.569220796E-3,1.399186905E-3
5.416914604E1,-3.079602495E-3,-1.351641491E-3,2.815722022E-3
5.417918604E1,-2.810567617E-3,5.883574486E-4,5.000357050E-3
5.418922704E1,-1.344498247E-3,5.622580647E-4,3.244535066E-3
5.419926704E1,-3.899209201E-3,-5.843378603E-4,3.390516387E-3
5.420930704E1,-2.415295690E-3,-4.270685837E-3,3.996917978E-3
5.421934704E1,-6.810761988E-4,6.088092923E-4,2.318707528E-3
5.422941804E1,-9.276848286E-4,5.752537400E-4,3.410603618E-3
5.423945804E1,-1.101333648E-3,-1.547792926E-3,3.037105314E-3
5.424949904E1,5.229273811E-4,3.414474428E-3,4.125539213E-3
5.425953904E1,-1.823443919E-3,5.321554840E-3,5.959630944E-3
5.426957904E1,-4.769699648E-3,4.497040063E-3,4.965206608E-3
5.427962004E1,-3.846816719E-3,3.389773890E-3,3.473264864E-3
5.428969004E1,-3.911532462E-3,7.977187634E-4,1.932626124E-3
5.429973104E1,-4.619652405E-3,3.051515669E-3,-1.563214464E-4
5.430977104E1,-5.215935409E-3,-1.550959423E-3,-3.688416909E-4
5.431981104E1,-4.168959334E-3,-2.186551690E-3,5.762409419E-4
5.432985204E1,-5.537822843E-3,-6.459131837E-4,8.082023123E-4
5.433989204E1,-5.711633712E-3,5.243532360E-5,2.760439180E-3
5.434996304E1,-6.981428713E-3,-9.566359222E-4,4.106933251E-3
5.436000304E1,-6.753221154E-3,3.633908927E-3,5.383322947E-3
5.437004304E1,-8.699193597E-3,1.612570137E-3,7.360187359E-3
5.438008304E1,-7.825227454E-3,1.021511853E-3,5.617219955E-3
5.439012404E1,-4.860863090E-3,4.299065098E-3,6.508845836E-3
5.440016404E1,-3.051051870E-3,1.287702471E-3,6.597454660E-3
5.441020404E1,-2.837998793E-3,1.065595075E-3,4.950289614E-3
5.442027504E1,-9.398236871E-4,1.406488940E-3,5.681556184E-3
5.443031504E1,-1.058600843E-3,-1.076908782E-3,4.429338034E-3
5.444035604E1,-1.151530072E-3,2.556666732E-3,4.555786029E-3
5.445039604E1,-2.301750705E-3,1.401137561E-4,5.047671497E-3
5.446043604E1,-2.880301327E-3,-9.821932763E-4,5.319323856E-3
5.447047704E1,-5.454247817E-3,8.303541690E-4,4.760858603E-3
5.448054704E1,-4.436524585E-3,-1.479659230E-3,6.464068778E-3
5.449058804E1,-4.765424877E-3,1.165924594E-3,6.353546865E-3
5.450062804E1,-2.823250368E-3,2.080066130E-3,7.396630943E-3
5.451066804E1,-1.487143338E-3,4.854014143E-3,6.716992706E-3
5.452070804E1,-2.108402550E-3,6.958067417E-3,7.814522833E-3
5.453074904E1,-1.384554431E-3,3.459205851E-3,7.218507119E-3
5.454082004E1,4.054321907E-3,2.036212012E-3,5.608662963E-3
5.455086004E1,1.537634991E-3,2.500303090E-4,4.306111485E-3
5.456090004E1,1.887275837E-3,6.594099104E-4,4.805567674E-3
5.457094004E1,1.765569672E-3,-7.504690439E-4,4.374668002E-3
5.458098104E1,-1.794936135E-3,-9.233262390E-4,3.307423787E-3
5.459102104E1,-1.351252198E-3,-2.245585434E-3,2.827255754E-3
5.460106104E1,-1.508953050E-3,-2.178120427E-3,2.509619109E-3
5.461113204E1,-6.080267951E-3,1.028059050E-3,2.200692426E-3
5.462117204E1,-4.046734422E-3,2.887589857E-3,3.604669124E-3
5.463121304E1,-5.132239312E-3,-5.910322070E-4,3.114647232E-3
5.464125304E1,-3.475628793E-3,2.929681912E-3,3.467632923E-3
5.465129304E1,-5.258614197E-3,1.592773944E-3,2.274004277E-3
5.466133304E1,-4.305763170E-3,5.861539394E-4,2.573190024E-3
5.467140404E1,-4.237053916E-3,1.603215933E-3,8.836807683E-4
5.468144504E1,-2.335952595E-3,-2.087672241E-3,1.664933981E-3
5.469148504E1,-2.931967378E-3,2.963013947E-3,2.481192816E-3
5.470152504E1,-3.623489290E-3,-1.221008599E-3,3.496085992E-3
5.471156504E1,-3.489533439E-3,1.545138657E-4,1.991932746E-3
5.472160604E1,-4.417153075E-3,1.707224175E-3,3.832256654E-3
5.473164604E1,-3.966012970E-3,1.755960286E-3,3.988584504E-3
5.474171704E1,-3.317546099E-3,2.649748698E-3,4.661263432E-3
5.475175704E1,-2.845900133E-3,7.447227836E-5,6.889264099E-3
5.476179704E1,-1.698404551E-3,5.137780681E-3,5.507309921E-3
5.477183804E1,-1.855796203E-3,1.240244135E-3,6.455396302E-3
5.478187804E1,-3.589469939E-3,3.972668201E-4,4.552487750E-3
5.479191804E1,-2.736460418E-3,5.804933608E-4,5.784999114E-3
5.480198904E1,-3.506479785E-3,3.019079566E-3,7.914766669E-3
5.481202904E1,-5.580550060E-3,4.485415295E-3,5.431901198E-3
5.482207004E1,-7.428012788E-3,2.153344452E-3,6.733764894E-3
5.483211004E1,-5.786972120E-3,1.971717924E-3,7.531381212E-3
5.484215004E1,-6.026964635E-3,1.126509160E-3,7.853173651E-3
5.485219004E1,-6.938297302E-3,5.096483976E-3,9.476636536E-3
5.486226104E1,-5.408339202E-3,5.257662386E-3,7.446886040E-3
5.487230104E1,-4.069568589E-3,1.589424908E-3,6.671639159E-3
5.488234204E1,-2.896446735E-3,2.559615299E-3,7.842897438E-3
5.489238204E1,-4.355592653E-3,3.304233775E-3,5.049774423E-3
5.490242204E1,-3.224717453E-3,7.878821343E-4,4.488609731E-3
5.491246304E1,-3.480380401E-3,-3.591419198E-3,3.860902507E-3
5.492250304E1,-5.728298798E-3,3.044269979E-3,3.352813190E-3
5.493257404E1,-7.136046886E-3,-1.013055444E-3,3.946698271E-3
5.494261404E1,-8.264116943E-3,5.272291601E-4,4.386839457E-3
5.495265404E1,-6.979407743E-3,4.188543186E-3,5.473941565E-3
5.496269504E1,-8.071050048E-3,3.639968112E-3,6.013463251E-3
5.497274537E1,-8.173048496E-3,2.404527739E-3,3.735662205E-3
5.498278537E1,-6.193565205E-3,2.852814272E-3,4.210760351E-3
5.499285637E1,-5.259593949E-3,4.009425640E-3,4.952717107E-3
5.500289638E1,-4.639232531E-3,3.700008616E-3,4.958395846E-3
5.501293637E1,-2.763034776E-3,3.665121272E-3,5.631642882E-3
5.502297737E1,-3.221686929E-3,4.146998748E-3,5.935733672E-3
5.503301737E1,-5.026245490E-3,2.151224762E-3,5.787129514E-3
5.504305737E1,-4.640694708E-3,-1.877704635E-3,6.678577978E-3
5.505312837E1,-4.544554278E-3,3.020647913E-3,7.973140106E-3
5.506316837E1,-4.298921674E-3,1.679025590E-3,5.611479282E-3
5.507320937E1,-2.376008779E-4,1.549063250E-3,3.734749742E-3
5.508324937E1,-5.704015493E-4,-5.020350218E-4,2.832344268E-3
5.509328937E1,1.523642801E-3,3.858655691E-5,1.637650304E-3
5.510333038E1,2.291125245E-3,-5.429685116E-4,2.928359900E-4
5.511337037E1,3.144402057E-3,-3.717262298E-4,1.485399436E-3
5.512344137E1,5.345363170E-3,5.803685635E-4,-1.973928884E-3
5.513348137E1,1.983388327E-3,1.850429922E-3,-1.634375891E-3
5.514352138E1,2.026318572E-3,5.175545812E-3,1.863100566E-3
5.515356137E1,2.521133982E-3,8.810870349E-5,3.069512779E-3
5.516360237E1,6.721485406E-4,3.507787362E-3,2.833305160E-3
5.517364237E1,-1.464772969E-3,4.110461101E-3,4.194979556E-3
5.518371338E1,-1.114806160E-3,2.415843308E-3,3.608608386E-3
5.519375337E1,-6.969571114E-4,1.809174195E-3,4.297568463E-3
5.520379337E1,2.825831994E-3,1.227617264E-3,5.994618870E-3
5.521383437E1,4.603225738E-3,1.174887642E-3,4.544527270E-3
5.522387437E1,5.214702338E-3,1.828396693E-3,3.466604976E-3
5.523391437E1,5.889813416E-3,3.125622869E-3,4.077001475E-3
5.524398537E1,6.066813134E-3,2.587592229E-3,3.326560371E-3
5.525402537E1,3.160771914E-3,3.094391897E-3,2.852784004E-3
5.526406637E1,3.297376446E-3,3.107743338E-3,1.037180424E-3
5.527410637E1,4.310975783E-3,1.025950536E-3,-6.856408436E-5
5.528414638E1,2.372085117E-3,9.017977864E-4,8.520998526E-4
5.529418637E1,1.169667579E-3,-4.498294555E-3,-4.166301223E-4
5.530422737E1,2.007144503E-3,2.018269151E-4,-1.514852862E-3
5.531429838E1,1.479038969E-3,9.288694710E-4,-2.935272641E-4
5.532433838E1,3.245780244E-3,1.723024994E-3,-4.225684330E-3
5.533437837E1,4.711051472E-3,-1.836024225E-3,-4.777225200E-3
5.534441837E1,5.785402842E-3,8.059479296E-5,-4.076657351E-3
5.535445937E1,3.421846777E-3,-3.737312742E-3,-4.717946518E-3
5.536449937E1,4.537726752E-3,9.279828519E-4,-6.212388165E-3
5.537457037E1,3.748365678E-3,-1.155408099E-3,-5.943940952E-3
5.538461037E1,4.140170291E-3,-1.135807484E-3,-4.817475565E-3
5.539465037E1,3.355337307E-3,-4.043712281E-3,-5.326406099E-3
5.540469137E1,2.398770303E-3,-2.422720194E-3,-7.384848781E-3
5.541473137E1,5.041957833E-3,-8.613094687E-4,-5.072958302E-3
5.542477138E1,2.704516053E-3,1.447889954E-4,-5.660853349E-3
5.543481137E1,6.814040244E-3,-9.503029287E-4,-4.487996921E-3
5.544488237E1,4.762927070E-3,-1.946413890E-3,-6.024700589E-3
5.545492338E1,6.845518947E-3,-2.270787023E-3,-7.451622281E-3
5.546496338E1,6.513708271E-3,-2.052994445E-3,-7.448292337E-3
5.547500337E1,7.725979201E-3,-2.307592891E-3,-7.696765475E-3
5.548504337E1,9.788468480E-3,-4.916696809E-3,-7.434031460E-3
5.549508437E1,1.079514436E-2,-8.295183070E-3,-6.819640286E-3
5.550515438E1,9.306855500E-3,-2.820840105E-3,-5.519475788E-3
5.551519537E1,7.421337999E-3,-2.963585779E-3,-8.284902200E-3
5.552523537E1,7.073516026E-3,-7.866881788E-4,-8.410369046E-3
5.553527537E1,6.897747517E-3,-3.044514917E-3,-6.471055560E-3
5.554531637E1,6.511100568E-3,5.096532404E-4,-8.092733100E-3
5.555535637E1,5.452760495E-3,-3.413716331E-3,-1.002698764E-2
5.556542737E1,3.193375655E-3,-1.246783882E-3,-1.078553684E-2
5.557546737E1,3.100697882E-3,-2.689417452E-3,-9.010805748E-3
5.558550737E1,4.839823581E-3,-1.204589382E-3,-1.086693164E-2
5.559554838E1,1.711941324E-3,-5.140323192E-4,-9.026154876E-3
5.560558838E1,1.778898761E-3,9.363479912E-4,-1.166791562E-2
5.561562837E1,1.232417300E-3,7.414035499E-4,-1.226180047E-2
5.562566837E1,3.310636617E-3,-3.999844193E-3,-1.294472907E-2
5.563573938E1,1.181972213E-3,-5.798116326E-4,-1.210343651E-2
5.564577938E1,-1.254035160E-3,-3.432576545E-3,-1.294954773E-2
5.565582037E1,-9.365864098E-4,-8.573010564E-4,-1.188241970E-2
5.566586037E1,-1.964790747E-3,5.755573511E-6,-1.083268505E-2
5.567590037E1,-1.756798476E-3,-4.279005341E-3,-1.181698963E-2
5.568594137E1,-1.802701503E-3,-1.365046948E-3,-1.397624426E-2
5.569601137E1,7.115891203E-4,-2.669462934E-3,-1.411499456E-2
5.570605237E1,5.595656112E-4,-4.522129893E-4,-1.511126477E-2
5.571609237E1,2.226755023E-4,-5.806423724E-5,-1.597439498E-2
5.572613237E1,-1.113753766E-3,-6.842084229E-3,-1.471183542E-2
5.573617338E1,-9.086914361E-4,-3.123778850E-3,-1.589028351E-2
5.574621338E1,-3.931365907E-3,2.098394558E-3,-1.337037515E-2
5.575628437E1,-2.934545279E-3,-2.217516303E-4,-1.475282200E-2
5.576632437E1,-4.051281139E-3,-2.168120816E-3,-1.573586650E-2
5.577636438E1,-4.459809512E-3,1.471089199E-3,-1.462665945E-2
5.578640438E1,-6.153704599E-3,6.186105311E-4,-1.465714164E-2
5.579644537E1,-5.257284269E-3,-1.544941217E-3,-1.471759565E-2
5.580648537E1,-2.163631842E-3,-6.282813847E-4,-1.200264692E-2
5.581652537E1,-1.898115501E-3,1.853518188E-3,-1.173739601E-2
5.582659637E1,2.025952563E-4,-2.694129944E-5,-1.294085849E-2
5.583663637E1,4.493631423E-5,5.795260891E-3,-8.904838003E-3
5.584667737E1,4.417793825E-4,2.817783505E-3,-9.649830870E-3
5.585671737E1,-2.064788714E-3,1.954918727E-3,-9.774200618E-3
5.586675737E1,-3.375902772E-3,5.962401628E-4,-1.071420964E-2
5.587679838E1,-1.999048516E-3,-1.540413126E-3,-8.920570835E-3
5.588686837E1,-1.146709546E-3,-6.346590817E-4,-9.348421358E-3
5.589690937E1,-3.360595554E-3,-2.018971369E-3,-8.113247342E-3
5.590694937E1,-1.860298216E-3,-8.786171675E-4,-9.999151342E-3
5.591698938E1,-1.651961356E-4,2.196799964E-3,-1.056560595E-2
5.592702938E1,6.689652801E-4,-1.394055784E-3,-7.668572944E-3
5.593707037E1,9.424723685E-4,2.881117165E-3,-9.440108202E-3
5.594714137E1,1.103909686E-3,5.102902651E-3,-8.160253055E-3
5.595718138E1,-1.891346648E-3,1.747585833E-3,-6.472075358E-3
5.596722137E1,-1.288671046E-4,3.454938531E-3,-6.827340461E-3
5.597723900E1,-1.236476004E-3,2.377424389E-3,-5.909615196E-3
5.598728000E1,-4.980416968E-3,2.024959773E-3,-7.468170021E-3
5.599732000E1,-3.551630303E-3,2.720044926E-3,-7.647400722E-3
5.600736000E1,-3.137312829E-3,2.233352512E-3,-7.437349297E-3
5.601743100E1,-5.142671987E-3,2.061046660E-3,-8.275446482E-3
5.602747100E1,-2.634027973E-3,6.957370788E-4,-9.148638695E-3
5.603751200E1,-2.043072134E-3,2.618273720E-3,-1.068767905E-2
5.604755200E1,-1.779926941E-3,1.969231293E-3,-7.844705135E-3
5.605759200E1,-4.278402776E-4,6.467066705E-4,-1.008362509E-2
5.606763200E1,-5.079528317E-3,9.477771819E-4,-1.040022355E-2
5.607770300E1,-5.467817187E-3,3.632776439E-3,-1.069450285E-2
5.608774400E1,-4.759779200E-3,8.566342294E-4,-9.370077401E-3
5.609778400E1,-6.124915555E-3,7.021706551E-4,-9.125599638E-3
5.610782400E1,-3.130920231E-3,1.835742965E-3,-9.560155682E-3
5.611786400E1,-4.018286243E-3,6.538331509E-4,-9.795312770E-3
5.612790500E1,-7.909107953E-4,1.193067059E-3,-6.884464994E-3
5.613797500E1,-1.996789128E-3,9.690970182E-5,-6.725207902E-3
5.614801600E1,-1.864271238E-3,9.962469339E-4,-6.442462560E-3
5.615805600E1,-9.481441230E-4,-1.248799264E-3,-5.213147029E-3
5.616809600E1,-1.670736820E-3,-1.751463860E-4,-6.154662929E-3
5.617813700E1,3.711087629E-4,1.830747351E-3,-6.341350265E-3
5.618817700E1,-1.860830933E-3,6.076917052E-4,-6.099484861E-3
5.619821700E1,-5.510877818E-4,3.683377057E-3,-4.699727520E-3
5.620828800E1,-3.142816946E-3,-9.226761758E-4,-6.001967005E-3
5.621832800E1,-1.859972253E-3,4.265960306E-3,-5.626194645E-3
5.622836900E1,-3.347987309E-3,1.019813120E-3,-4.334907047E-3
5.623840900E1,-2.759961411E-3,4.002021626E-3,-5.108022131E-3
5.624844900E1,-3.389976919E-3,4.416745156E-3,-5.267067347E-3
5.625848900E1,-2.815000713E-3,-3.146268427E-4,-4.216450267E-3
5.626856000E1,-2.019325271E-3,3.950836137E-3,-4.290049430E-3
5.627860000E1,-2.901099622E-3,4.161758348E-3,-5.238933954E-3
5.628864100E1,-2.870237455E-3,3.209741786E-3,-5.511266179E-3
5.629868100E1,-3.049202263E-3,-1.886483282E-3,-5.696889013E-3
5.630872100E1,-3.063395619E-3,6.860550493E-4,-6.680051796E-3
5.631876200E1,-2.029823139E-3,3.918332979E-3,-5.867254920E-3
5.632880200E1,-3.623604774E-3,-1.256719232E-3,-7.241873071E-3
5.633887300E1,-2.003071830E-3,-9.821467102E-4,-5.931597669E-3
5.634891300E1,-4.236893728E-3,1.831945032E-3,-4.856566899E-3
5.635895300E1,-5.576996133E-3,4.039971158E-3,-2.973978175E-3
5.636899400E1,-3.403944895E-3,2.046264708E-3,-3.508422524E-3
5.637903400E1,-3.895564005E-3,1.000259072E-4,-4.291125573E-3
5.638907400E1,-4.585297778E-3,3.654453903E-3,-3.043188015E-3
5.639914500E1,-3.547465429E-3,6.030052900E-4,-4.343343433E-3
5.640918500E1,-3.952799365E-3,-1.636156812E-3,-3.708283184E-3
5.641922500E1,-6.262026727E-3,8.871890604E-4,-4.701908678E-3
5.642926600E1,-5.159648135E-3,-1.451529562E-3,-5.311542191E-3
5.643930600E1,-5.317572504E-3,1.048112288E-3,-4.684634041E-3
5.644934600E1,-6.816625595E-3,-8.651725948E-4,-4.568874370E-3
5.645941700E1,-7.409179583E-3,2.839285880E-3,-3.423715010E-3
5.646945700E1,-5.485195667E-3,-1.019092277E-3,-3.981280141E-3
5.647949800E1,-2.687012777E-3,7.520057261E-5,-2.498432063E-3
5.648953800E1,-3.095585853E-4,-1.601602882E-3,-4.029814620E-3
5.649957800E1,1.127216965E-3,1.818427816E-3,-2.380518941E-3
5.650961900E1,4.780136980E-3,1.099372283E-3,-2.908499446E-3
5.651965900E1,3.292495385E-3,-7.552523166E-4,-2.505296841E-3
5.652973000E1,4.706969485E-3,-2.272054553E-3,-1.429308672E-3
5.653977000E1,2.216647379E-3,-1.512788236E-3,7.185307331E-4
5.654981000E1,2.029555850E-3,-3.044100478E-3,-9.570075199E-4
5.655985000E1,3.090558574E-3,-2.712270245E-3,-2.709772671E-4
5.656989100E1,2.916999161E-3,-1.450067386E-3,-1.271438203E-3
5.657993100E1,2.825385891E-3,-2.764070407E-3,-1.839224133E-3
5.659000200E1,3.172249533E-3,-1.619175076E-3,1.963356044E-4
5.660004200E1,5.321686156E-3,-3.764884546E-3,1.542030950E-3
5.661008200E1,5.650755949E-3,-1.343075186E-3,3.719201544E-3
5.662012300E1,7.100847550E-3,2.859812230E-4,3.260605270E-3
5.663016300E1,5.787275732E-3,3.756014630E-3,4.593552556E-3
5.664020300E1,7.634444162E-3,7.391870022E-4,3.248656169E-3
5.665027400E1,7.652039640E-3,2.701524645E-4,3.288737033E-3
5.666031400E1,6.643234752E-3,8.581802249E-4,3.777426668E-3
5.667035500E1,5.572923459E-3,4.427079111E-4,6.453092210E-4
5.668039500E1,4.975842312E-3,-5.242861807E-4,1.243987819E-3
5.669043500E1,4.932167009E-3,-1.494742930E-3,-1.077223453E-3
5.670047500E1,2.711090259E-3,3.196690232E-4,-1.819979050E-3
5.671051600E1,1.166582108E-3,-1.373292878E-3,-5.703035858E-4
5.672058700E1,4.627092741E-3,-9.410604835E-4,-1.955147367E-3
5.673062700E1,2.630208619E-3,1.802500337E-4,-3.566655330E-3
5.674066700E1,4.059260711E-3,-4.113298841E-3,-3.167713527E-3
5.675070700E1,6.273027509E-3,-2.684298903E-3,-3.099543508E-3
5.676074800E1,4.867943935E-3,-8.392613381E-4,-2.269169781E-3
5.677078800E1,3.813341260E-3,-3.395371139E-3,-2.493651584E-3
5.678085900E1,3.549421206E-3,-1.415044069E-3,-1.761282212E-3
5.679089900E1,1.543459482E-3,-1.161910594E-3,-1.740048756E-3
5.680093900E1,2.797009423E-3,-1.972842962E-3,-9.826457826E-4
5.681098000E1,1.118795015E-3,-2.734711394E-3,1.252134098E-4
5.682102000E1,2.210587263E-5,-2.598623745E-3,-2.154048998E-4
5.683106000E1,3.077914007E-3,-3.678947687E-4,-5.964492448E-5
5.684113100E1,3.191097640E-3,-1.378564164E-3,2.876756247E-3
5.685117100E1,3.524654545E-3,-3.530393355E-3,1.352751977E-3
5.686121200E1,4.757964052E-3,-5.259051919E-3,1.386840479E-3
5.687125200E1,4.619314335E-3,-3.279991448E-3,2.623843728E-3
5.688129200E1,4.593481310E-3,-4.580945708E-3,2.106924076E-3
5.689133200E1,5.739636719E-3,-7.583778352E-4,3.042686963E-3
5.690137300E1,3.050376661E-3,-5.264021456E-5,1.050375868E-3
5.691144400E1,3.359873779E-3,-6.862767041E-4,6.225858815E-4
5.692148400E1,4.159088247E-3,-2.820976079E-5,2.051105490E-3
5.693152400E1,4.889042117E-3,-1.498198137E-3,9.295032360E-4
5.694156400E1,3.836826421E-3,1.795925200E-4,1.881317003E-3
5.695160500E1,2.335750498E-3,-1.408550888E-4,2.396106720E-3
5.696164500E1,2.866785042E-3,-8.282158524E-4,2.357224468E-3
5.697172775E1,4.264489748E-3,-3.455225378E-4,1.630272018E-3
5.698176775E1,3.527326509E-3,-1.722909510E-3,2.245994983E-3
5.699180775E1,5.822539330E-3,-1.157723367E-3,1.856339746E-3
5.700184875E1,5.871009082E-3,-2.550556324E-3,1.363122254E-3
5.701188875E1,7.292829454E-3,-1.353664324E-3,4.537415225E-4
5.702192875E1,6.146072410E-3,-2.074316144E-3,1.470802817E-3
5.703199975E1,1.411909238E-3,1.467019320E-5,1.234189607E-3
5.704203975E1,3.027648665E-3,-2.475918271E-3,2.020354848E-3
5.705208075E1,-8.519850671E-4,-1.102123410E-3,1.318397350E-3
5.706212075E1,2.196710557E-4,-1.230753958E-3,2.465154510E-3
5.707216075E1,1.480411738E-4,-2.914592624E-4,1.814829186E-3
5.708220075E1,2.656206489E-3,2.201791853E-3,1.273674890E-3
5.709224175E1,1.789939590E-3,-5.217827857E-5,-1.006203354E-3
5.710231175E1,8.013742045E-4,5.262605846E-4,-1.420076005E-4
5.711235275E1,-1.370277256E-3,-3.776773810E-4,2.179217758E-3
5.712239275E1,-3.171639517E-3,9.762737900E-4,1.597050810E-3
5.713243275E1,-3.066275269E-3,1.274218783E-3,2.492441097E-3
5.714247375E1,-3.659093753E-3,3.138963133E-3,3.873290028E-3
5.715251375E1,-3.114134073E-3,2.768378705E-3,4.854757339E-3
5.716258475E1,-3.756221384E-3,2.684222534E-3,3.671248211E-3
5.717262475E1,-5.720872432E-4,1.753317192E-3,3.940811846E-3
5.718266475E1,1.666832715E-3,-1.863255166E-3,2.442783676E-3
5.719270575E1,3.994583152E-3,-3.471006639E-3,1.023478573E-3
5.720274575E1,4.792998545E-3,-1.935960725E-3,1.263962127E-3
5.721278575E1,3.196731210E-3,-1.504329965E-3,5.304221995E-4
5.722285675E1,3.089671955E-3,-1.171700656E-3,1.297412673E-3
5.723289675E1,3.030243330E-3,-4.898682237E-4,2.622690983E-3
5.724293675E1,3.761813045E-3,-2.662207931E-3,1.139576547E-3
5.725297775E1,1.972930506E-3,1.983214170E-3,4.093375988E-3
5.726301775E1,1.515133306E-3,-2.698209137E-4,3.402019152E-3
5.727305775E1,2.705240622E-3,1.536732540E-3,4.229411017E-3
5.728309875E1,2.634400502E-3,1.891998574E-3,5.422240589E-3
5.729316875E1,5.648583174E-4,4.218801856E-3,4.408375360E-3
5.730320975E1,2.083126456E-3,1.329539344E-3,4.992939066E-3
5.731324975E1,3.162965178E-3,3.328509629E-4,5.612052977E-3
5.732328975E1,2.778404392E-3,1.724885777E-3,4.755847156E-3
5.733333075E1,4.832968116E-3,4.106685519E-3,5.856726319E-3
5.734337075E1,3.089130856E-3,3.575917333E-3,4.952316638E-3
5.735344175E1,3.849136643E-3,2.378955483E-3,1.230763155E-3
5.736348175E1,4.145280458E-3,4.984978586E-4,2.959154546E-3
5.737352175E1,1.104382798E-3,2.017579973E-4,2.570900600E-3
5.738356175E1,5.906587467E-4,-2.074179240E-3,3.650013357E-3
5.739360275E1,1.696894877E-3,1.752849668E-3,3.927337006E-3
5.740364275E1,-1.940449700E-3,1.786937937E-3,2.317190170E-3
5.741371375E1,-2.731505781E-3,3.286227584E-3,2.531877253E-3
5.742375375E1,-2.750679851E-3,6.454382092E-4,-9.129217360E-4
5.743379375E1,-2.598108724E-3,-1.371042803E-3,-1.842790982E-3
5.744383475E1,-7.615946233E-4,1.715827733E-3,-2.097389195E-3
5.745387475E1,-1.636050642E-3,-2.746153623E-4,-5.081573618E-4
5.746391475E1,2.363137901E-5,-2.499952912E-3,-1.992336940E-3
5.747395575E1,-8.891001344E-4,-2.627447248E-5,-1.307975966E-3
5.748402575E1,-1.947440207E-3,-1.090474427E-3,-1.183073735E-3
5.749406675E1,-2.802768722E-3,-2.790502273E-3,-1.086579170E-3
5.750410675E1,-2.396104857E-3,-1.979153603E-4,2.723072655E-3
5.751414675E1,-3.378920257E-3,-1.388151199E-3,7.954961620E-4
5.752418675E1,-2.530170605E-3,-3.106690012E-3,2.471955959E-3
5.753422775E1,-1.983700320E-3,7.688384503E-4,8.127419278E-6
5.754429875E1,-8.228272200E-4,1.100935042E-3,1.758090453E-3
5.755433875E1,-1.521650702E-4,-1.297736540E-3,1.200900180E-3
5.756437875E1,2.195943147E-3,-3.543846309E-3,1.742054475E-3
5.757441875E1,1.399029046E-3,-2.028842457E-3,1.195343095E-3
5.758445975E1,1.098960638E-5,-2.990243956E-3,1.930109342E-3
5.759449975E1,1.532916911E-3,1.206766814E-3,3.819816746E-3
5.760457075E1,1.730524004E-3,1.177739352E-3,3.881335724E-3
5.761461075E1,2.669278532E-3,-3.290772438E-4,2.170235151E-3
5.762465075E1,1.216257922E-3,6.014313549E-4,2.564382972E-3
5.763469175E1,2.105385065E-4,1.158578321E-3,3.086802084E-3
5.764473175E1,3.671320155E-4,-1.448655501E-3,3.955791704E-3
5.765477175E1,-2.191692591E-3,-3.308691084E-4,3.298580181E-3
5.766481175E1,-2.505678684E-3,1.932019368E-3,3.336663358E-3
5.767488275E1,-1.364091411E-3,8.316040039E-4,4.702774342E-3
5.768492375E1,-1.941997558E-3,3.484645858E-3,5.005309358E-3
5.769496375E1,-1.636175439E-3,2.735020593E-3,2.875797451E-3
5.770500375E1,-2.067076042E-3,1.152036712E-3,2.968475688E-3
5.771504375E1,-1.415362582E-3,2.082748339E-3,2.748141531E-3
5.772508475E1,-1.474484801E-3,2.809260041E-3,3.156937193E-3
5.773515475E1,-5.492337048E-3,3.172645345E-3,5.761297420E-3
5.774519575E1,-5.398327485E-3,1.815499738E-3,5.213751458E-3
5.775523575E1,-4.372229800E-3,1.797737554E-3,5.868739914E-3
5.776527575E1,-4.208179191E-3,2.078168094E-3,4.383761436E-3
5.777531675E1,-2.540446818E-3,3.792565316E-3,3.339860588E-3
5.778535675E1,-1.364661381E-3,2.173364162E-3,2.951305360E-3
5.779542775E1,-5.581192672E-4,4.037318751E-3,1.431312296E-3
5.780546775E1,-2.969611436E-3,6.673540920E-4,1.679518842E-3
5.781550775E1,-3.002734855E-3,3.194790334E-4,2.431896748E-3
5.782554875E1,-4.952967167E-3,6.395895034E-4,4.396244418E-3
5.783558875E1,-6.045838818E-3,1.250840724E-3,4.620700609E-3
5.784562875E1,-5.868738517E-3,4.773136228E-3,5.308062769E-3
5.785566875E1,-6.079789251E-3,1.491595060E-3,6.242706440E-3
5.786573975E1,-8.500335738E-3,4.794979468E-3,5.786773283E-3
5.787577975E1,-4.973048344E-3,4.144767299E-3,4.320632666E-3
5.788582075E1,-4.362385720E-3,-5.487874150E-4,3.798653604E-3
5.789586075E1,-3.040391952E-3,-9.650401771E-4,2.043363871E-3
5.790590075E1,-3.202389926E-4,-1.289412379E-3,9.306953289E-4
5.791594175E1,-5.752220750E-5,-6.904695183E-4,1.179026323E-3
5.792601175E1,-4.748404026E-4,-3.485456109E-3,9.494618280E-4
5.793605275E1,1.300992444E-3,2.939620987E-3,1.872157212E-3
5.794609275E1,-6.385874003E-4,5.915438756E-3,2.197595313E-3
5.795613275E1,-3.667833284E-3,3.935709596E-3,5.319851451E-3
5.796617375E1,-5.936047062E-3,-4.992522299E-4,7.960641757E-3
5.797619542E1,-7.902180776E-3,3.103351220E-3,6.643523462E-3
5.798626642E1,-6.117064506E-3,4.013087600E-3,1.134080719E-2
5.799630642E1,-4.914242774E-3,1.390686259E-3,1.002054755E-2
5.800634642E1,-4.428215325E-3,5.215518177E-3,1.035930123E-2
5.801638642E1,-1.483539119E-3,2.276893705E-3,1.027370244E-2
5.802642742E1,-1.458771527E-3,6.130222231E-3,8.810294792E-3
5.803646742E1,-3.835540265E-4,3.092421219E-3,7.095982786E-3
5.804650742E1,1.088641584E-3,4.034645855E-3,5.946828984E-3
5.805657842E1,-1.543462276E-4,3.077460453E-3,5.196928047E-3
5.806661842E1,1.600942574E-3,2.265462652E-3,5.036871880E-3
5.807665942E1,-2.585537732E-4,5.241353065E-4,3.113456303E-3
5.808669942E1,-1.453781500E-3,2.574501559E-3,4.701233469E-3
5.809673942E1,-3.303080797E-3,1.304173842E-3,2.914784709E-3
5.810678042E1,-4.195505753E-3,4.190508276E-3,1.312487293E-4
5.811685042E1,-5.052639171E-3,2.896480262E-3,1.726356335E-3
5.812689142E1,-5.326678976E-3,-6.484519690E-4,-4.393262207E-4
5.813693142E1,-1.924527809E-3,4.975683987E-4,-2.699193079E-3
5.814697142E1,-4.192208871E-3,1.121547073E-3,-2.365499269E-3
5.815701142E1,-5.216382444E-3,-1.471692696E-3,-1.851161476E-3
5.816705242E1,-3.669884056E-3,-3.787316382E-4,-4.351587850E-4
5.817712342E1,-4.061773419E-3,9.168926626E-4,3.876193659E-4
5.818716342E1,-4.769375548E-3,1.368522644E-4,1.449954347E-3
5.819720342E1,-4.919108003E-3,-1.737069339E-3,1.907159574E-3
5.820724342E1,-5.058126524E-3,-2.109379508E-3,-1.136469655E-4
5.821728442E1,-2.516599372E-3,1.062434167E-4,3.525896696E-3
5.822732442E1,-3.134451807E-3,1.343814656E-3,1.458751271E-3
5.823736442E1,-5.940940231E-3,-7.613729686E-4,2.713982249E-3
5.824743542E1,-2.402665094E-3,2.236280590E-3,1.906778198E-3
5.825747542E1,-3.186384216E-3,-7.245503366E-5,2.276608022E-3
5.826751642E1,-2.088895068E-3,-9.611509740E-4,2.675815718E-3
5.827755642E1,-6.308238953E-4,1.857787371E-3,2.881137189E-3
5.828759642E1,8.490951732E-4,-4.228867590E-3,2.656898927E-3
5.829763642E1,-8.031111211E-4,-2.952759154E-3,1.680464484E-3
5.830770742E1,5.851946771E-4,-2.334043384E-4,1.698307693E-3
5.831774842E1,-1.666825265E-3,-1.022350043E-3,2.929146867E-4
5.832778842E1,1.656962559E-4,-9.688213468E-4,1.637011999E-3
5.833782842E1,-5.856193602E-4,1.998338848E-4,1.293024747E-3
5.834786842E1,-2.651166171E-3,2.432987094E-5,1.689036842E-3
5.835790942E1,-2.730095759E-3,2.113245428E-3,1.990275690E-3
5.836797942E1,-2.736754715E-3,1.201644540E-3,-2.301414497E-6
5.837802042E1,-6.100591272E-4,-7.686354220E-4,-3.998903558E-4
5.838806042E1,-3.003975376E-3,-9.862147272E-4,5.756256869E-4
5.839810042E1,-2.561528236E-3,1.155834645E-3,-1.708603348E-3
5.840814142E1,-5.164500326E-3,2.020562068E-3,6.104772910E-4
5.841818142E1,-1.629143953E-4,2.738215029E-3,-1.080594258E-3
5.842822142E1,-2.543514594E-3,-6.255545653E-3,-1.308294595E-3
5.843829242E1,-1.620624214E-3,-1.088140532E-3,-4.656914971E-4
5.844833242E1,-2.870976925E-3,-3.492974676E-3,7.819994353E-4
5.845837342E1,4.008216783E-4,-5.117487162E-4,1.471999101E-3
5.846841342E1,-1.796819270E-3,5.417969078E-4,3.803693689E-4
5.847845342E1,-2.185586840E-3,3.540625796E-3,7.719005225E-4
5.848849342E1,-3.053937107E-4,2.562712878E-3,-2.031076467E-3
5.849856442E1,8.507771417E-4,1.701386645E-3,-1.461335574E-3
5.850860442E1,-3.229985014E-3,-5.234181881E-4,-2.031784737E-3
5.851864542E1,-2.852059901E-3,-2.041528933E-3,-1.402050839E-3
5.852868542E1,-4.865143448E-3,3.222934902E-4,4.136923235E-4
5.853872542E1,-5.576748401E-3,-9.744428098E-5,1.410239143E-3
5.854876642E1,-8.973345160E-3,5.611574277E-3,4.120804369E-3
5.855883642E1,-1.121472009E-2,8.073283359E-3,3.401957452E-3
5.856887742E1,-1.292021014E-2,7.610691711E-3,3.114868421E-3
5.857891742E1,-7.282325998E-3,1.829309389E-3,3.467307193E-3
5.858895742E1,-4.122218117E-3,4.770504311E-3,1.472333213E-3
5.859899842E1,-2.798719332E-3,-1.577436924E-3,7.205586880E-4
5.860903842E1,2.115346491E-3,3.209594637E-3,-1.992403530E-3
5.861907842E1,1.433596015E-3,-4.147497006E-3,-3.097719047E-3
5.862914942E1,5.246177316E-3,8.043851703E-4,-3.466300434E-3
5.863918942E1,3.266042098E-3,9.769573808E-5,-3.096999601E-3
5.864922942E1,3.461251967E-3,1.151774079E-3,-2.278876491E-3
5.865927042E1,3.001025878E-3,-3.336114809E-3,-8.590403595E-4
5.866931042E1,2.243889496E-3,-1.363245770E-3,7.945753168E-5
5.867935042E1,-1.179907471E-3,4.148762673E-3,2.914217534E-3
5.868942142E1,-4.656482488E-4,-1.881433651E-3,4.146995023E-3
5.869946142E1,2.123959363E-3,-2.042660490E-3,3.085942706E-3
5.870950242E1,5.249977112E-4,9.579230100E-4,2.282733331E-3
5.871954242E1,2.057651989E-3,-1.315455884E-4,3.468375653E-3
5.872958242E1,3.004406579E-3,-1.387225464E-3,5.119535606E-3
5.873962342E1,3.624770790E-3,3.689235076E-3,2.759291790E-3
5.874969342E1,4.784044810E-3,8.234065026E-4,1.275910996E-3
5.875973442E1,5.045406520E-3,1.469569281E-3,4.630907206E-4
5.876977442E1,4.029943608E-3,-8.311346173E-4,9.131338447E-5
5.877981442E1,2.705956809E-3,2.158809453E-3,-4.731402732E-4
5.878985442E1,3.056162968E-3,-2.030077390E-3,-4.505033721E-4
5.879989542E1,-2.051826566E-3,9.686816484E-4,-2.903191373E-3
5.880993542E1,-3.050778061E-3,1.614764333E-4,-3.009984270E-3
5.882000642E1,-2.906328067E-3,1.228414476E-3,-4.909372889E-3
5.883004642E1,-2.514312044E-3,3.774663433E-3,-3.710151650E-3
5.884008642E1,7.519032806E-5,-1.137331128E-4,-4.631099291E-3
5.885012742E1,-1.261983067E-3,8.663106710E-4,-6.058553234E-3
5.886016742E1,-1.401642337E-3,3.043891862E-3,-4.818292800E-3
5.887020742E1,1.276284456E-5,-2.813301980E-4,-5.508584436E-3
5.888027842E1,-2.483241260E-4,-2.214314416E-3,-5.690976977E-3
5.889031842E1,-2.003870904E-4,-1.538136974E-3,-6.335461978E-3
5.890035942E1,2.821972594E-4,-1.283971593E-3,-7.252916694E-3
5.891039942E1,4.113605246E-4,8.460246027E-4,-4.589756019E-3
5.892043942E1,2.439572476E-3,-2.432886511E-3,-6.198471878E-3
5.893047942E1,2.837714739E-3,-2.606258728E-3,-6.619251333E-3
5.894055042E1,3.744750284E-3,-2.380633727E-3,-5.639113951E-3
5.895059142E1,4.611343145E-3,-3.279183991E-3,-6.573883351E-3
5.896063142E1,5.872865207E-3,-1.622566953E-3,-5.086131394E-3
5.897067142E1,5.058736540E-3,-2.025236376E-3,-7.271255367E-3
5.898072392E1,4.177651368E-3,-5.143126473E-3,-4.455733113E-3
5.899076492E1,3.766193055E-3,-3.221389838E-3,-4.374240525E-3
5.900080492E1,4.371667281E-3,-1.585129648E-3,-5.403149873E-3
5.901087592E1,1.327142119E-3,1.149138436E-3,-4.751207773E-3
5.902091592E1,3.222656436E-3,1.020025462E-3,-3.350782441E-3
5.903095592E1,1.508646645E-3,2.008857206E-3,-5.320989061E-3
5.904099692E1,4.271946847E-3,1.303507015E-3,-6.067328621E-3
5.905103692E1,1.754992642E-3,-3.487169743E-4,-5.389820319E-3
5.906107692E1,3.073059954E-3,1.032797620E-3,-6.490967236E-3
5.907114792E1,2.295683138E-3,1.050908118E-3,-6.461139768E-3
5.908118792E1,2.510252409E-3,1.766474918E-3,-7.369226776E-3
5.909122892E1,3.070048988E-3,-1.717472449E-3,-8.448072709E-3
5.910126892E1,1.331164502E-3,6.329435855E-4,-9.691474028E-3
5.911130892E1,2.511744387E-3,7.053818554E-4,-1.070427429E-2
5.912134892E1,1.489797607E-3,-1.210795715E-3,-8.666384965E-3
5.913141992E1,-5.677603185E-4,-2.488624305E-4,-8.304728195E-3
5.914146092E1,-2.020277083E-3,6.622821093E-4,-8.294774219E-3
5.915150092E1,-9.574089199E-4,5.578864366E-4,-6.966122892E-3
5.916154092E1,-3.588858992E-3,1.727435738E-3,-8.017376065E-3
5.917158092E1,-2.429585904E-3,1.726370305E-3,-7.359575480E-3
5.918162192E1,-8.449986577E-3,3.783551976E-3,-6.494378205E-3
5.919166192E1,-5.604399368E-3,5.710881203E-3,-4.510057159E-3
5.920173292E1,-7.045239210E-3,2.538649365E-3,-6.550904363E-3
5.921177292E1,-6.877725944E-3,4.548270255E-3,-6.231857464E-3
5.922181292E1,-3.652233630E-3,8.907038718E-4,-7.226680405E-3
5.923185392E1,-4.391526803E-3,7.050819695E-4,-8.163847029E-3
5.924189392E1,-1.932533458E-3,-3.444105387E-4,-8.805701509E-3
5.925193392E1,-5.111549050E-3,-1.206209883E-3,-1.133197639E-2
5.926200492E1,-3.575172275E-3,2.860704437E-3,-1.259298250E-2
5.927204492E1,-6.001576781E-3,-1.386504620E-3,-1.021424774E-2
5.928208592E1,-7.256997749E-3,-1.492524520E-3,-1.054395176E-2
5.929212592E1,-7.743556052E-3,-3.122109920E-4,-7.942043245E-3
5.930216592E1,-7.595971227E-3,2.186879516E-3,-8.264646865E-3
5.931220592E1,-8.059361950E-3,-9.704753757E-5,-9.704351425E-3
5.932227692E1,-4.970742390E-3,1.657322049E-3,-9.419633076E-3
5.933231692E1,-4.460480064E-3,1.635402441E-6,-8.925350383E-3
5.934235792E1,-3.984248266E-3,1.597255468E-3,-9.641150013E-3
5.935239792E1,-1.006567851E-3,2.580760047E-3,-9.962061420E-3
5.936243792E1,-4.545543343E-4,3.657888621E-3,-1.017304137E-2
5.937247892E1,-1.439923421E-3,1.252787188E-3,-1.011578366E-2
5.938251892E1,-1.649012789E-3,1.778036356E-3,-1.037081238E-2
5.939258992E1,-2.731321380E-3,1.500453800E-4,-9.588375688E-3
5.940262992E1,-6.004273891E-3,1.513192430E-3,-9.207741357E-3
5.941266992E1,-8.377417922E-3,3.902047873E-3,-6.902775727E-3
5.942271092E1,-9.255060926E-3,1.805610955E-4,-5.996101070E-3
5.943275092E1,-9.368777275E-3,4.269579425E-3,-3.870632034E-3
5.944279092E1,-7.448408753E-3,4.147391766E-3,-5.239399616E-3
5.945286192E1,-6.585013121E-3,5.536230281E-3,-4.072935320E-3
5.946290192E1,-5.869651213E-3,5.619535223E-3,-3.861577250E-3
5.947294192E1,-3.099963069E-3,5.787847564E-3,-3.409639001E-3
5.948298292E1,-2.593057230E-3,3.482978791E-3,-3.885818878E-4
5.949302292E1,-2.221813425E-3,4.068342969E-3,-4.252295941E-3
5.950306292E1,-1.740580425E-3,4.836929962E-3,-4.013143945E-3
5.951313392E1,-3.024222329E-3,3.385774791E-3,-3.905019723E-3
5.952317392E1,-7.357282564E-3,2.276770771E-3,-4.909796640E-3
5.953321492E1,-7.097890601E-3,9.867362678E-4,-6.616882980E-3
5.954325492E1,-8.137635887E-3,-7.919725031E-4,-6.159255281E-3
5.955329492E1,-6.373558193E-3,5.880044773E-3,-1.066452544E-2
5.956333592E1,-5.245108157E-3,-4.189275205E-5,-8.168541826E-3
5.957337592E1,-3.730034456E-3,3.217816353E-3,-1.019946858E-2
5.958344692E1,-4.112161696E-3,2.756515518E-3,-1.171916723E-2
5.959348692E1,-3.562752157E-3,1.268073916E-3,-9.411005303E-3
5.960352692E1,-6.866073236E-3,-9.375996888E-5,-8.565386757E-3
5.961356692E1,-5.850875750E-3,2.610946074E-3,-9.655152448E-3
5.962360792E1,-5.223998800E-3,2.083985135E-3,-8.710959926E-3
5.963364792E1,-5.447704345E-3,1.387568191E-3,-6.902141497E-3
5.964371892E1,-6.473345682E-3,4.801638424E-4,-7.974931039E-3
5.965375892E1,-7.005445659E-3,-1.134777442E-3,-7.684380747E-3
5.966379892E1,-6.971932948E-3,-1.778725535E-3,-7.000645157E-3
5.967383992E1,-5.305327475E-3,-1.180047169E-3,-5.991839804E-3
5.968387992E1,-4.616526887E-3,2.772448584E-3,-6.216377020E-3
5.969391992E1,-3.115570173E-3,1.910382882E-3,-6.301864516E-3
5.970399092E1,-2.400515601E-3,1.953223720E-3,-6.008118391E-3
5.971403092E1,-1.316610724E-3,-7.597394288E-4,-4.766818602E-3
5.972407192E1,-2.529481426E-3,-1.790524460E-3,-5.052110646E-3
5.973411192E1,-5.377465859E-3,-3.100726753E-4,-6.961596664E-3
5.974415192E1,-5.785729736E-3,1.463325694E-3,-6.289947778E-3
5.975419192E1,-6.861912087E-3,4.342813045E-4,-6.208188366E-3
5.976423292E1,-5.881369114E-3,1.533713192E-3,-5.860013422E-3
5.977430392E1,-4.756981507E-3,2.989131957E-3,-6.079724059E-3
5.978434392E1,-4.432806745E-3,2.775955945E-3,-7.077809423E-3
5.979438392E1,-4.816833884E-3,1.477664337E-3,-5.601619370E-3
5.980442392E1,-2.328803763E-3,1.067899168E-3,-7.192092482E-3
5.981446492E1,-3.358114511E-3,5.163587630E-4,-6.486887578E-3
5.982450492E1,-1.214422286E-3,1.696599647E-3,-4.766361322E-3
5.983457592E1,-3.148676828E-3,4.787351936E-4,-7.243101019E-3
5.984461592E1,-2.354145050E-3,-6.381087005E-4,-5.098483991E-3
5.985465592E1,-2.891039476E-3,-2.484899014E-4,-7.565636188E-3
5.986469692E1,-2.107333392E-3,-2.315741964E-3,-6.453032605E-3
5.987473692E1,-1.751536503E-3,5.407650024E-4,-5.916405469E-3
5.988477692E1,-5.893481895E-3,-1.932906918E-3,-3.065689933E-3
5.989484792E1,-2.816198394E-3,2.642668784E-3,-1.640366158E-3
5.990488792E1,-5.336511880E-3,3.712560982E-3,-1.716301660E-3
5.991492892E1,-1.988917589E-3,2.324787900E-3,-1.657179440E-3
5.992496892E1,1.232476905E-3,-8.708201349E-4,1.294364920E-4
5.993500892E1,1.112367958E-3,3.580387682E-3,-2.230656799E-3
5.994504892E1,2.907062881E-3,4.266370088E-4,-1.626652433E-3
5.995508992E1,-4.514493048E-4,-3.512706608E-4,-2.790929284E-4
5.996515992E1,-3.053624183E-3,2.889521420E-4,-3.281274345E-3
5.997519438E1,-2.661606297E-3,-2.149171196E-3,-1.443693298E-3
5.998523437E1,-2.426583320E-3,-8.732657880E-4,-2.126662526E-3
5.999527437E1,-4.640735686E-3,-1.519616693E-3,-3.673783503E-4
6.000531537E1,-3.851309419E-3,-6.707273424E-4,-2.267209813E-3
6.001535537E1,4.086829722E-4,-6.792489439E-4,2.321668435E-4
6.002542637E1,1.163464971E-3,-4.821829498E-4,-3.564916551E-4
6.003546637E1,3.886814229E-3,-2.907258458E-3,7.813633420E-5
6.004550637E1,5.538996309E-3,-4.654282704E-3,-1.157470513E-3
6.005554737E1,6.215971895E-3,-4.062242806E-5,-1.120186294E-3
6.006558738E1,4.799643531E-3,-1.878046431E-3,-1.788437832E-3
6.007562738E1,2.534624189E-3,-1.030361280E-3,-6.102554617E-4
6.008569837E1,2.118927427E-3,-9.846594185E-4,-8.154246025E-4
6.009573837E1,2.197757363E-3,-3.451812081E-3,-3.078260925E-4
6.010577838E1,8.044056594E-4,-1.350510865E-4,1.000856166E-3
6.011581938E1,1.997502521E-3,-3.403816372E-4,2.245351207E-3
6.012585937E1,1.368522644E-4,-2.027164213E-3,1.175526064E-3
6.013589937E1,2.438089810E-3,1.203516498E-3,3.099393565E-3
6.014594037E1,1.016991213E-3,1.633670181E-4,2.485101344E-3
6.015601038E1,4.964328371E-3,8.193030953E-4,2.020113403E-3
6.016605137E1,5.532885902E-3,5.112644285E-4,2.653509611E-3
6.017609137E1,7.204818539E-3,1.211943105E-3,1.356283901E-3
6.018613137E1,8.860932663E-3,4.565622658E-4,1.254588598E-3
6.019617237E1,4.605999216E-3,-9.687598795E-4,2.082325518E-4
6.020621238E1,4.925472662E-3,-6.053373218E-4,5.363669479E-4
6.021628337E1,2.610387281E-3,1.500956714E-3,-2.175739501E-4
6.022632337E1,1.305005513E-3,2.970816568E-3,8.106396999E-4
6.023636337E1,6.130989641E-5,-8.873045444E-4,-7.102916134E-4
6.024640338E1,-2.703815699E-4,-3.554169089E-4,7.386002690E-4
6.025644438E1,-8.315090090E-4,1.512523741E-3,-3.198883496E-3
6.026648437E1,1.851757988E-3,3.026798368E-6,-1.597923227E-3
6.027655537E1,1.263199374E-3,-2.857740968E-3,-3.664270043E-3
6.028659538E1,5.351603031E-4,-1.531612128E-3,-4.356092308E-3
6.029663538E1,3.009770066E-3,-3.793169744E-3,-3.709743265E-3
6.030667637E1,2.578902058E-3,-2.304706722E-4,-3.059498500E-3
6.031671637E1,8.925879374E-4,-2.217722125E-3,-2.327395603E-3
6.032675637E1,6.186179817E-4,-2.325970680E-3,-2.206155797E-3
6.033679737E1,2.123836428E-3,2.015780658E-3,-1.471123309E-3
6.034686737E1,6.611598656E-4,1.093918458E-3,-2.317541512E-4
6.035690837E1,2.402068116E-3,-4.320553504E-3,-6.006018957E-4
6.036694837E1,1.186073758E-3,-1.177936792E-5,1.343500800E-3
6.037698837E1,2.408199012E-3,2.630427480E-5,1.764013898E-3
6.038702838E1,2.969060093E-3,-3.434474580E-3,1.109899022E-4
6.039706938E1,4.655906931E-3,-1.571327448E-3,-1.102878945E-3
6.040714037E1,5.663211457E-3,-5.079983734E-3,5.937892711E-4
6.041718037E1,3.199786879E-3,-5.506089889E-3,1.600464224E-3
6.042722038E1,4.231361672E-3,-1.376884058E-3,-4.399140016E-4
6.043726038E1,3.978627734E-3,-7.526390254E-4,2.943194704E-4
6.044730137E1,3.746193834E-3,-2.131782472E-3,5.657625152E-4
6.045734137E1,2.363480628E-3,-8.390843868E-4,-6.268009893E-4
6.046741238E1,1.773759723E-3,-3.682870418E-3,4.337036517E-4
6.047745237E1,2.132487483E-3,-8.737687021E-4,4.337036517E-4
6.048749237E1,5.143989809E-3,8.274596184E-4,3.857668489E-4
6.049753337E1,1.517563127E-3,7.156059146E-4,-1.024110708E-3
6.050757337E1,3.238935955E-3,3.938768059E-4,-3.044949844E-4
6.051761337E1,3.712978214E-3,-3.601396456E-3,-1.761244144E-3
6.052765338E1,4.045771435E-3,-3.228125162E-3,-6.613219739E-4
6.053772437E1,2.477968112E-3,-2.673654817E-3,-1.347884885E-3
6.054776537E1,1.851763576E-3,-4.948542453E-3,-2.653072122E-3
6.055780537E1,7.410347462E-5,-3.334932961E-3,-4.175068811E-3
6.056784538E1,-3.018602729E-5,-1.333450899E-3,-9.351089248E-4
6.057788538E1,-1.946862787E-3,-1.303091645E-3,-1.464811619E-3
6.058792637E1,-1.138616353E-4,9.610708803E-4,-1.279075630E-3
6.059799637E1,-2.392958850E-4,1.143764704E-3,2.723122947E-3
6.060803738E1,4.903506488E-4,-1.309910789E-3,1.604794292E-3
6.061807737E1,2.281592228E-3,3.636181355E-4,1.101456815E-3
6.062811737E1,3.080839291E-3,-9.936112911E-4,7.763900794E-5
6.063815837E1,1.796929166E-3,-3.493912518E-4,4.403615603E-4
6.064819837E1,-5.698483437E-4,-1.553544775E-3,6.750803441E-4
6.065823837E1,1.981193200E-3,-2.086177468E-3,-8.426550776E-4
6.066830937E1,-2.124873921E-3,-3.390372731E-3,-8.791091386E-5
6.067834937E1,-3.814382479E-3,-3.745406866E-5,-1.875131857E-4
6.068839037E1,-2.685565501E-3,-1.903327182E-3,-4.308926291E-4
6.069843037E1,-3.524994478E-3,-1.238025725E-4,1.533721341E-3
6.070847038E1,-5.248356611E-4,1.668935642E-3,8.250062820E-4
6.071851038E1,3.963513300E-4,3.618560731E-4,1.621025149E-3
6.072858137E1,7.042029873E-3,-1.523002982E-3,-6.818980328E-4
6.073862137E1,7.953897119E-3,-2.229539678E-3,-9.998794412E-4
6.074866238E1,7.131651975E-3,-2.533322200E-3,1.856122399E-4
6.075870237E1,6.763336249E-3,-2.292838879E-3,-1.103624003E-3
6.076874237E1,6.188317202E-3,-2.573031932E-3,-3.424915485E-5
6.077878337E1,3.251117654E-3,-1.458497718E-3,5.284767831E-4
6.078885338E1,3.579021432E-3,-3.512979485E-3,1.002850826E-3
6.079889437E1,3.015763126E-3,-3.200024366E-6,1.585550490E-3
6.080893437E1,1.271125861E-3,-1.577926800E-3,3.322667908E-4
6.081897437E1,1.720135100E-3,1.055140048E-3,4.047376569E-3
6.082901537E1,3.511348739E-3,2.338601276E-3,3.841611324E-3
6.083905537E1,4.076471552E-3,2.186268568E-3,4.756141454E-3
6.084909538E1,4.869886674E-3,-3.979634494E-4,3.427560907E-3
6.085916637E1,8.049967699E-3,3.786129877E-3,4.833709914E-3
6.086920637E1,5.349628627E-3,-1.541730016E-4,3.202218330E-3
6.087924637E1,4.786902107E-3,1.503111795E-3,4.104763269E-3
6.088928738E1,8.971421048E-3,-1.827795058E-4,2.074408578E-3
6.089932737E1,3.256810829E-3,-8.341893554E-4,1.137774903E-3
6.090936737E1,5.826403387E-3,-4.921083339E-3,2.815325046E-3
6.091943838E1,2.277474850E-3,-3.043821082E-3,7.622940466E-4
6.092947838E1,2.063287422E-3,-3.256754950E-3,1.006708248E-3
6.093951937E1,4.334328696E-4,7.797982544E-4,-7.932889275E-5
6.094955937E1,-1.246761531E-3,2.149142325E-3,1.611785381E-3
6.095959937E1,8.976170793E-4,1.912387088E-3,-6.937132566E-4
6.096964037E1,1.079515554E-3,4.077143967E-5,-1.128081698E-3
6.097971125E1,8.142655715E-4,1.465562731E-3,-5.682852934E-4
6.098975225E1,1.216797158E-3,1.517962664E-4,-1.911180094E-3
6.099979225E1,4.332950339E-4,-2.014152706E-3,-3.854550887E-4
6.100983225E1,7.093362510E-4,-1.156054437E-3,-2.001864836E-3
6.101987225E1,-8.672550321E-4,-1.553131267E-3,-6.745454157E-4
6.102991325E1,-1.381751150E-3,-4.847593606E-3,-1.578248339E-3
6.103995325E1,-7.396638393E-4,-1.429958269E-3,1.581592369E-3
6.105002425E1,1.508487388E-3,1.384168863E-4,7.704114541E-4
6.106006425E1,-7.088594139E-4,1.121388748E-3,-8.666336071E-4
6.107010425E1,1.684282906E-3,-2.087859437E-3,2.690462861E-3
6.108014525E1,1.536477357E-3,2.476798370E-3,2.906445414E-3
6.109018525E1,1.380479895E-3,-9.636394680E-4,1.253490918E-3
6.110022525E1,4.194108769E-3,6.065610796E-4,1.975474879E-4
6.111029625E1,3.687241115E-3,-2.939581871E-3,-1.085896045E-3
6.112033625E1,3.228378482E-3,-2.397096716E-3,4.970869049E-4
6.113037725E1,2.294550650E-3,-4.899408668E-4,7.368982770E-4
6.114041725E1,4.163290374E-3,-2.157346345E-3,-2.897502854E-4
6.115045725E1,2.650712617E-3,-6.414130330E-4,1.666042721E-3
6.116049725E1,1.559615135E-3,1.454494894E-3,1.687347889E-3
6.117056825E1,1.565112732E-3,1.172732562E-3,1.062857453E-3
6.118060925E1,1.488626003E-5,1.645710319E-3,2.202956704E-3
6.119064925E1,2.904478461E-4,3.040246665E-4,2.854849678E-3
6.120068925E1,4.414487630E-4,-7.969252765E-4,1.618876471E-3
6.121072925E1,1.960990950E-3,-9.644869715E-4,-7.896614261E-5
6.122077025E1,9.758872911E-4,1.336751506E-3,3.905491903E-4
6.123081025E1,2.052761614E-3,-1.140411943E-3,1.661453396E-3
6.124088125E1,4.660505801E-4,-1.900211908E-3,-1.064824522E-3
6.125092125E1,-7.236935198E-5,-7.790978998E-4,-1.862912090E-3
6.126096125E1,-3.455393016E-5,-1.734942198E-4,-1.242129249E-3
6.127100225E1,-3.246927634E-3,-1.188039780E-3,-1.701322966E-3
6.128104225E1,-1.075385138E-3,2.394132316E-4,-1.910114777E-3
6.129108225E1,-3.969468176E-3,-9.737759829E-4,-4.901224747E-5
6.130115325E1,-3.967072815E-3,1.629730687E-3,8.798984345E-4
6.131119325E1,-2.943783998E-3,1.222589985E-3,2.964589978E-3
6.132123425E1,-2.785859630E-3,2.630069852E-3,1.503047068E-3
6.133127425E1,-3.252046183E-3,3.186644986E-3,1.673361519E-3
6.134131425E1,-1.288764179E-3,3.226809204E-4,1.074949279E-3
6.135135425E1,-2.061277628E-3,-3.088768572E-4,1.143190893E-3
6.136142525E1,-1.461990178E-4,-2.006908879E-3,5.463765701E-4
6.137146525E1,1.886887476E-4,-2.845030278E-3,1.491669798E-3
6.138150625E1,-3.196455538E-3,6.090886891E-4,1.813113224E-3
6.139154625E1,-4.301341251E-3,-3.226604313E-4,3.391641425E-3
6.140158625E1,-4.074173048E-3,9.647123516E-4,3.557023359E-3
6.141162725E1,-2.698475495E-3,1.583626494E-3,4.175167531E-3
6.142166725E1,-2.457194030E-3,1.392411068E-3,3.960783128E-3
6.143173825E1,5.973177031E-4,-1.687832177E-3,2.451973967E-3
6.144177825E1,1.764315180E-3,-7.605180144E-4,2.328137169E-3
6.145181825E1,3.798970021E-3,-2.707289532E-3,1.473262440E-3
6.146185925E1,2.729977481E-3,-2.593039535E-3,7.763130125E-4
6.147189925E1,1.078313217E-3,1.104941592E-3,2.995427698E-3
6.148193925E1,4.490083084E-4,2.101762220E-3,1.315772184E-3
6.149201025E1,5.668522790E-4,-3.846166655E-3,-9.610946290E-4
6.150205025E1,-3.178492188E-4,-7.449146360E-4,1.689816010E-3
6.151209025E1,-1.515666023E-3,-2.517847344E-3,3.814010648E-3
6.152213125E1,-1.833647490E-3,-1.584142447E-3,4.595115781E-3
6.153217125E1,-1.370005310E-3,3.718547523E-4,3.170334268E-3
6.154221125E1,-2.727419138E-3,2.898396924E-3,4.309634212E-3
6.155228225E1,-4.022536799E-3,-4.826262593E-4,6.391522475E-3
6.156232225E1,-2.789758146E-3,7.205653936E-3,4.848486744E-3
6.157236325E1,-8.243173361E-4,3.858502954E-3,5.450797267E-3
6.158240325E1,1.878524199E-3,1.822782680E-3,3.769543720E-3
6.159244325E1,1.685135067E-5,-2.602580935E-4,5.032268353E-3
6.160248425E1,4.213852808E-4,-1.485578716E-3,3.329975763E-3
6.161252425E1,1.190730371E-3,2.121653408E-3,2.979350742E-3
6.162259525E1,1.877835020E-4,8.185692132E-4,2.689332236E-3
6.163263525E1,-1.566562802E-3,-2.018149942E-3,1.959214453E-3
6.164267525E1,-2.642747015E-3,-1.275725663E-4,2.041772474E-3
6.165271525E1,-2.153327689E-3,1.180157065E-3,2.353565302E-3
6.166275625E1,-5.882285535E-3,2.843035385E-3,1.132239588E-3
6.167279625E1,-2.909131348E-3,2.758080140E-3,1.254212344E-3
6.168286725E1,-6.124366075E-3,-2.702465281E-3,2.759697381E-3
6.169290725E1,-1.648621634E-3,-4.721436650E-3,1.751849428E-3
6.170294725E1,-4.531759769E-3,9.670760483E-4,1.369951991E-3
6.171298825E1,-3.597989678E-3,1.756589860E-3,8.341866778E-4
6.172302825E1,-2.946047112E-3,-1.390201971E-3,1.103432267E-3
6.173306825E1,-2.614187077E-3,9.332522750E-4,-1.563258702E-4
6.174313925E1,-2.952409908E-3,-2.624198794E-3,9.691258892E-4
6.175317925E1,-2.396631986E-3,6.226859987E-4,1.577928197E-5
6.176322025E1,-4.325509071E-4,-4.044957459E-4,2.628606511E-3
6.177326025E1,-2.876171842E-3,7.686149329E-4,2.800366608E-3
6.178330025E1,-2.997612581E-3,2.168372273E-3,3.017680952E-3
6.179334025E1,-1.739168540E-3,2.571895719E-3,3.618459217E-3
6.180338125E1,-1.678181812E-3,-2.148290165E-3,2.822440118E-3
6.181345225E1,-2.459026873E-4,2.548582852E-4,1.966138836E-3
6.182349225E1,-1.311432570E-3,-2.592060715E-3,1.522456063E-3
6.183353225E1,-1.780649647E-3,-1.516498625E-3,1.741272165E-3
6.184357225E1,-1.104474068E-3,-1.817702316E-3,2.080292674E-3
6.185361325E1,-2.065969631E-3,1.628920436E-4,4.435611423E-3
6.186365325E1,-2.337878570E-3,1.596737653E-3,4.907523282E-3
6.187372425E1,-7.733404636E-4,1.928396523E-4,3.713031998E-3
6.188376425E1,-2.029286698E-3,7.230732590E-4,4.888018593E-3
6.189380425E1,-1.376019791E-3,6.753392518E-4,2.988665365E-3
6.190384525E1,-3.895903006E-3,-4.016440362E-4,3.532749135E-3
6.191388525E1,-2.506863326E-3,4.252882674E-3,2.098306315E-3
6.192392525E1,-3.560408950E-3,-5.083177239E-4,1.162205124E-3
6.193399625E1,-1.116223633E-3,8.117258549E-4,8.846290875E-4
6.194403625E1,-2.103989944E-3,1.673523337E-3,2.109683119E-3
6.195407725E1,-1.756051555E-3,-1.008044928E-3,1.428585732E-3
6.196411725E1,-1.527020708E-3,2.278562635E-3,1.351087587E-3
6.197413312E1,-2.311214805E-3,-7.422082126E-5,1.633555628E-3
6.198417312E1,-3.121348098E-3,-4.449319094E-4,-1.115092891E-3
6.199421412E1,-6.961412728E-4,-8.982345462E-4,5.577787524E-4
6.200428512E1,7.712598890E-4,-2.028830349E-4,2.428383101E-3
6.201432512E1,-4.121499136E-3,2.157742158E-3,2.114130184E-3
6.202436512E1,-6.300231442E-3,2.501823008E-3,3.244375344E-3
6.203440512E1,-5.046281964E-3,1.845119521E-3,1.831428614E-3
6.204444613E1,-2.698970959E-3,4.721991718E-5,2.167253057E-3
6.205448612E1,-2.237189561E-3,1.602394506E-3,4.735008115E-4
6.206455712E1,-1.133043319E-3,2.850351855E-3,-1.982199959E-3
6.207459712E1,3.657946363E-4,2.132209018E-3,-2.004056005E-3
6.208463713E1,-1.475248486E-3,9.625479579E-4,-6.788671017E-4
6.209467812E1,-1.833578572E-3,-1.919823699E-3,1.525837812E-3
6.210471812E1,-2.456758171E-3,-1.896920614E-3,2.372456715E-3
6.211475812E1,-2.320077270E-3,-9.644534439E-4,5.030364729E-3
6.212482913E1,-3.716107458E-3,1.339180395E-3,5.540892482E-3
6.213486912E1,-6.535919383E-3,1.070708036E-3,5.785282236E-3
6.214491012E1,-2.256486565E-3,2.232378349E-3,5.964779295E-3
6.215495012E1,-2.326400951E-3,1.449050382E-3,3.250638489E-3
6.216499012E1,1.956229098E-3,-4.004304297E-3,1.189884264E-3
6.217503012E1,4.508577287E-3,-8.479654789E-4,-5.158070708E-4
6.218507113E1,5.476636812E-3,-2.324156463E-3,-4.431027919E-4
6.219514112E1,5.167937838E-3,-3.274157643E-3,-3.235298442E-3
6.220518212E1,6.312564015E-3,-5.750451237E-4,-2.681361046E-3
6.221522212E1,5.553663708E-3,-4.668261856E-3,-1.862470992E-3
6.222526213E1,4.063092172E-3,-4.740487784E-4,-8.635192644E-4
6.223530312E1,3.187903203E-3,9.715799242E-4,-3.200238571E-4
6.224534312E1,2.251369879E-4,1.910610124E-3,5.593518727E-4
6.225541413E1,-8.609201759E-4,2.622496337E-3,2.717095427E-3
6.226545413E1,-2.989917994E-4,2.750860527E-3,2.682740800E-3
6.227549412E1,-8.088946342E-4,3.120418638E-3,3.573040944E-3
6.228553512E1,1.018034294E-3,2.479663119E-3,-8.481100667E-5
6.229557512E1,1.334119588E-3,4.313869402E-3,1.273229951E-3
6.230561512E1,2.931750380E-3,1.051763073E-3,1.467907103E-3
6.231568612E1,3.488149494E-3,-1.267977059E-4,-3.096903674E-4
6.232572612E1,3.824240528E-3,2.756074071E-3,-1.051647007E-3
6.233576612E1,3.010547720E-3,-1.882415265E-3,-7.655917434E-4
6.234580712E1,1.702402718E-3,-7.620230317E-4,-1.210339600E-3
6.235584712E1,5.700904876E-4,1.116923988E-3,-3.037723945E-3
6.236588713E1,1.133881509E-3,1.390695572E-3,-2.951171249E-3
6.237592812E1,-5.469694734E-4,1.692801714E-3,-4.352950957E-3
6.238599812E1,-1.979216933E-3,1.984950155E-3,-4.744968377E-3
6.239603913E1,-5.567241460E-4,1.100499183E-3,-5.684810691E-3
6.240607913E1,-1.785507426E-3,8.544232696E-4,-4.925543442E-3
6.241611912E1,-1.311190426E-4,-1.919080503E-3,-6.427661516E-3
6.242616012E1,6.726225838E-4,9.882934391E-4,-6.485452410E-3
6.243620012E1,1.772038639E-3,-1.813000068E-3,-5.484827794E-3
6.244627113E1,-2.691522241E-6,-6.457362324E-4,-3.903176636E-3
6.245631112E1,-1.278806478E-3,-1.346398145E-3,-4.585178569E-3
6.246635112E1,-2.092402428E-3,7.753428072E-4,-7.344746031E-3
6.247639112E1,-1.196218655E-3,1.044956967E-3,-6.986360997E-3
6.248643212E1,9.807758033E-5,-5.111284554E-4,-7.565332111E-3
6.249647212E1,3.905929625E-4,-3.532956354E-3,-6.603430491E-3
6.250654312E1,-4.464387894E-4,-9.116064757E-4,-8.111844771E-3
6.251658312E1,2.207169309E-4,-4.935152829E-4,-5.702058785E-3
6.252662312E1,-2.380924299E-3,-3.278665245E-4,-6.062917411E-3
6.253666413E1,-3.068953753E-3,-5.697179586E-4,-5.883013364E-3
6.254670413E1,-2.397304401E-3,8.175224066E-4,-6.793547887E-3
6.255674412E1,-1.205502078E-3,-2.461690456E-4,-6.532400846E-3
6.256678512E1,-2.793012187E-3,1.365842298E-3,-5.816543475E-3
6.257685513E1,-1.704782248E-3,-1.182500273E-4,-7.871894166E-3
6.258689613E1,-1.594260335E-3,-1.474598423E-3,-5.415393971E-3
6.259693612E1,-1.202141866E-3,2.210922539E-4,-5.323279649E-3
6.260697612E1,-5.920119584E-4,1.445347443E-3,-5.717161577E-3
6.261701612E1,-3.912407905E-3,2.688752487E-3,-3.899663221E-3
6.262705712E1,-2.952072769E-3,1.201910898E-3,-6.767088547E-3
6.263712812E1,-1.621525735E-3,3.163162619E-4,-7.876655087E-3
6.264716812E1,-5.964076146E-3,3.325155005E-3,-8.007150143E-3
6.265720812E1,-5.387267098E-3,2.123896033E-3,-7.255512290E-3
6.266724812E1,-3.465263173E-3,3.852022812E-3,-7.069624029E-3
6.267728913E1,-4.632227123E-3,-1.227980480E-3,-9.962459095E-3
6.268732913E1,-3.585338593E-3,5.102641881E-4,-9.625303559E-3
6.269740012E1,-5.728848279E-3,2.767708153E-3,-8.369293995E-3
6.270744012E1,-5.104336888E-3,3.912601620E-3,-8.653453551E-3
6.271748013E1,-3.126377240E-3,4.337484017E-3,-9.831180796E-3
6.272752113E1,-4.599638283E-3,1.882798970E-4,-8.020764217E-3
6.273756112E1,-5.038626492E-3,4.396196455E-4,-7.987176999E-3
6.274760112E1,-2.350699157E-3,1.257477328E-3,-8.805299178E-3
6.275764112E1,-4.140507430E-3,1.947095618E-3,-8.160062134E-3
6.276771213E1,-6.929369643E-3,3.253109753E-3,-5.432453007E-3
6.277775312E1,-6.122531369E-3,4.848286510E-3,-4.170350730E-3
6.278779312E1,-7.449852303E-3,2.328403294E-3,-5.651867483E-3
6.279783312E1,-6.057817489E-3,5.568671972E-3,-5.582625046E-3
6.280787312E1,-8.298601955E-3,5.282381549E-3,-6.042553112E-3
6.281791413E1,-4.750574008E-3,-7.034651935E-4,-6.355160847E-3
6.282798412E1,-5.203843117E-3,9.966976941E-4,-9.913410060E-3
6.283802512E1,-6.121298298E-3,6.942301989E-4,-8.427914232E-3
6.284806512E1,-6.726367399E-3,-1.299411058E-3,-8.874260820E-3
6.285810513E1,-8.237445727E-3,1.220738515E-3,-9.475601837E-3
6.286814613E1,-7.102672011E-3,1.342443749E-3,-8.765869774E-3
6.287818612E1,-7.120851427E-3,4.005985335E-3,-8.384300396E-3
6.288825712E1,-7.304875180E-3,3.590265289E-3,-7.994679734E-3
6.289829713E1,-5.958747119E-3,1.385113224E-3,-8.870030753E-3
6.290833713E1,-6.564617157E-3,4.002749920E-4,-7.348833606E-3
6.291837812E1,-6.142407656E-3,1.164861023E-3,-7.389595266E-3
6.292841812E1,-4.624938592E-3,2.381125465E-3,-8.708659559E-3
6.293845812E1,-4.424598068E-3,1.238580793E-3,-8.930187672E-3
6.294849812E1,-5.516227335E-3,1.843119040E-3,-8.542165160E-3
6.295856912E1,-5.891364068E-3,4.289636388E-3,-7.005306426E-3
6.296860912E1,-4.646869376E-3,3.320245072E-3,-8.471908979E-3
6.297865650E1,-6.563514471E-3,3.242116421E-3,-6.276757456E-3
6.298869650E1,-6.332619116E-3,3.737198189E-3,-6.062106229E-3
6.299873650E1,-5.398852751E-3,1.060996205E-3,-4.235880449E-3
6.300877750E1,-7.810611278E-3,8.940175176E-4,-5.048144609E-3
6.301884750E1,-7.245684043E-3,4.654657096E-4,-4.850490484E-3
6.302888850E1,-5.908511579E-3,4.130506888E-3,-5.419608206E-3
6.303892850E1,-3.344824538E-3,4.639070481E-3,-4.011439160E-3
6.304896850E1,-2.968253568E-3,5.293676630E-3,-2.885720925E-3
6.305900950E1,-4.059312865E-3,7.663397118E-3,-4.185467958E-3
6.306904950E1,-1.276042312E-3,3.650279716E-3,-3.222202882E-3
6.307912050E1,-2.855064347E-3,6.874591112E-3,-4.361125641E-3
6.308916050E1,-4.214342684E-3,5.968583748E-3,-4.299339838E-3
6.309920050E1,-4.397401586E-3,-6.978977472E-4,-4.024471156E-3
6.310924050E1,-6.498102099E-3,1.162586734E-3,-5.566175561E-3
6.311928150E1,-5.503812805E-3,1.615822315E-3,-5.189463031E-3
6.312932150E1,-4.424434155E-3,1.248572022E-3,-6.289880723E-3
6.313936150E1,-9.796656668E-4,-8.906535804E-4,-6.991529837E-3
6.314943250E1,-5.378481001E-4,2.078991383E-4,-9.911686182E-3
6.315947250E1,-9.908564389E-4,-1.796724275E-3,-7.039452903E-3
6.316951350E1,-1.649722457E-3,-5.783271044E-4,-7.510566153E-3
6.317955350E1,-8.030273020E-4,1.476779580E-4,-6.509723142E-3
6.318959350E1,-2.963384613E-3,-1.865671016E-3,-6.141940597E-3
6.319963450E1,-4.805864766E-3,-1.690838486E-3,-7.561087608E-3
6.320970450E1,-2.414612100E-3,-2.168077044E-3,-5.689417943E-3
6.321974550E1,-4.539949819E-3,-5.150865763E-4,-2.737161703E-3
6.322978550E1,-3.650719300E-3,-4.019008018E-3,-4.093243275E-3
6.323982550E1,-2.312246710E-3,5.012564361E-5,-3.713116283E-3
6.324986550E1,2.305395901E-4,-1.772275195E-3,-3.894211259E-3
6.325990650E1,7.074102759E-4,-3.620298579E-3,-4.606842995E-3
6.326997750E1,2.035795711E-3,-4.985434934E-3,-4.463298246E-3
6.328001750E1,2.389430068E-3,7.482245564E-6,-3.780353582E-3
6.329005750E1,2.647756599E-3,-3.671407700E-3,-4.468780942E-3
6.330009750E1,4.153274931E-3,-3.277016804E-3,-3.425464500E-3
6.331013850E1,2.888007089E-3,-2.870884724E-3,-3.188177012E-3
6.332017850E1,3.723343834E-3,-3.077071160E-3,-3.219837090E-3
6.333024950E1,1.866587438E-3,-3.396384418E-3,-2.935411409E-3
6.334028950E1,4.250137135E-4,-2.109613270E-3,-2.343641128E-3
6.335032950E1,2.946494147E-3,-9.135883301E-4,-1.633642474E-3
6.336037050E1,1.658297144E-3,-2.403730527E-3,9.097529110E-4
6.337041050E1,1.809564419E-3,2.521518618E-3,-5.661707837E-4
6.338045050E1,3.181820735E-3,9.457692504E-4,-7.217866369E-6
6.339049050E1,1.790053211E-3,2.048779279E-4,1.368837431E-3
6.340056150E1,3.821411170E-3,-1.454327255E-3,-2.369144466E-3
6.341060250E1,1.449866220E-3,-4.724155180E-3,-2.922016662E-3
6.342064250E1,4.126845859E-3,-1.175180078E-4,-2.409017412E-3
6.343068250E1,3.584626131E-3,-5.151159130E-3,-1.690230332E-3
6.344072250E1,3.374769352E-3,-2.848323435E-3,-2.523267176E-3
6.345076350E1,1.110283658E-3,-1.328723505E-3,6.589441327E-4
6.346083350E1,2.419396304E-3,-1.451550052E-3,-9.724785341E-4
6.347087450E1,1.850044355E-4,-3.684423864E-4,6.390002090E-4
6.348091450E1,7.181372494E-4,1.086540520E-3,1.496362849E-3
6.349095450E1,9.122826159E-4,8.838735521E-4,1.814344316E-3
6.350099550E1,2.008839510E-3,-8.681789041E-4,2.835786669E-3
6.351103550E1,3.282097168E-3,6.844438612E-4,-3.376917448E-5
6.352110650E1,4.034833051E-3,-9.284932166E-4,7.501682267E-4
6.353114650E1,2.573822625E-3,-1.740194857E-4,-1.497273333E-3
6.354118650E1,1.889942214E-4,-2.855382860E-3,3.010663204E-4
6.355122750E1,-1.685870811E-3,-4.183768295E-3,-1.947440556E-3
6.356126750E1,-4.141235724E-3,-2.034436911E-4,-2.139946911E-3
6.357130750E1,-5.323678255E-3,-1.725498587E-4,-1.376684988E-3
6.358134750E1,-4.145598039E-3,-5.399379879E-4,-3.257889068E-3
6.359141850E1,-4.235880449E-3,7.450375706E-4,-1.772644231E-3
6.360145850E1,-1.903716475E-4,1.993011683E-4,-2.117759781E-3
6.361149950E1,2.100478858E-3,6.388220936E-3,-4.343756009E-4
6.362153950E1,3.377900459E-3,8.517168462E-4,-1.159789506E-3
6.363157950E1,5.099633709E-3,1.675505191E-4,-1.622913172E-3
6.364162050E1,3.583427519E-3,-4.778429866E-5,-1.719913562E-3
6.365169050E1,2.619628794E-3,-7.865466177E-4,6.700071972E-4
6.366173150E1,4.140491597E-3,-1.027977094E-3,7.586277789E-4
6.367177150E1,1.561362296E-4,-2.903375775E-3,-5.523429718E-5
6.368181150E1,1.027356833E-3,2.202492207E-3,-1.942815725E-4
6.369185250E1,4.066290334E-3,-3.276695497E-3,1.065926161E-3
6.370189250E1,1.584723592E-3,-2.550427802E-3,2.006664407E-3
6.371196350E1,1.786324196E-3,1.183057204E-3,3.645573976E-3
6.372200350E1,2.624359913E-3,-1.531768590E-3,3.905664198E-3
6.373204350E1,2.095721662E-3,1.950047910E-3,3.163441084E-3
6.374208350E1,4.683979787E-3,3.132604063E-3,3.446208779E-3
6.375212450E1,4.709811881E-3,6.310958415E-4,5.023598671E-3
6.376216450E1,5.836126395E-3,2.867162228E-3,4.606096540E-3
6.377220450E1,3.312515095E-3,2.276739106E-3,3.459073137E-3
6.378227550E1,3.278825432E-3,-6.021726876E-4,1.171027194E-3
6.379231550E1,4.533706233E-3,-8.354652673E-4,1.816044911E-3
6.380235650E1,3.508192487E-3,-2.361051738E-4,4.038327606E-4
6.381239650E1,1.447438262E-3,1.380700618E-3,1.101048314E-3
6.382243650E1,-2.114133909E-3,1.896407455E-3,-4.088626010E-4
6.383247750E1,-2.090698108E-3,-1.557711512E-3,-4.309668439E-4
6.384254750E1,1.406395808E-3,1.023741439E-3,-1.297855400E-3
6.385258850E1,1.960332505E-3,5.249306560E-4,-3.732251003E-3
6.386262850E1,9.895768017E-4,-2.016773447E-3,-2.424790990E-3
6.387266850E1,3.024765290E-3,-1.105172560E-3,-1.561926794E-3
6.388270850E1,2.089058980E-3,-3.536675125E-3,-4.448650870E-3
6.389274950E1,4.229852930E-4,-3.011234105E-3,-4.075705074E-4
6.390282050E1,-1.731108874E-3,-5.144849420E-4,-2.542502712E-3
6.391286050E1,-1.530839130E-3,9.459927678E-4,-1.393348677E-3
6.392290050E1,-9.097568691E-4,6.297826767E-4,-1.267207321E-3
6.393294050E1,-3.013122827E-3,-1.910340972E-3,1.176509308E-3
6.394298150E1,-1.266386360E-3,1.261046156E-3,1.476739999E-3
6.395302150E1,1.632996835E-3,-1.640114933E-4,-1.310103107E-4
6.396306150E1,1.060031354E-5,-6.222520024E-4,-6.673958269E-4
6.397313513E1,2.720899880E-3,-1.528792083E-3,-5.499504041E-4
6.398317512E1,1.894052140E-3,2.838205546E-4,2.404639963E-5
6.399321612E1,2.847996540E-3,5.900161341E-3,3.958238522E-4
6.400325612E1,2.371322364E-3,-4.701182246E-3,2.403488848E-3
6.401329612E1,4.174548201E-3,-1.759720966E-3,1.117714564E-3
6.402333612E1,5.722979084E-3,-2.192595974E-3,2.226449782E-3
6.403340712E1,4.378881305E-3,-7.153395563E-4,2.515669214E-3
6.404344812E1,3.677038476E-3,3.708379343E-3,1.442712382E-3
6.405348812E1,4.723660648E-3,-3.532078117E-4,8.554853266E-4
6.406352812E1,1.260953024E-3,3.555696458E-4,2.319630468E-3
6.407356813E1,2.751258202E-3,9.939298034E-4,1.550775953E-3
6.408360912E1,1.999347471E-3,2.132644877E-3,8.868798614E-4
6.409367912E1,6.049163640E-4,-1.765824854E-4,4.368056543E-4
6.410372013E1,1.092636026E-3,1.195445657E-4,1.223491621E-3
6.411376013E1,1.525133848E-3,-1.640006900E-3,-1.480415929E-3
6.412380012E1,9.888401255E-4,1.271707937E-3,-1.399112050E-3
6.413384112E1,-3.797579557E-4,2.128981054E-3,-6.523616612E-4
6.414388112E1,-7.849484682E-4,-1.403423026E-3,-5.974424421E-4
6.415395213E1,-2.124518156E-3,-5.568042397E-4,-1.439534011E-3
6.416399212E1,3.809109330E-6,-8.747670799E-4,6.614016602E-4
6.417403212E1,-5.943365395E-4,-5.184356123E-4,-8.227780927E-4
6.418407312E1,-3.561545163E-4,-2.943267114E-3,-1.850235160E-3
6.419411312E1,7.629049942E-4,1.888759434E-4,1.686176518E-3
6.420415312E1,-3.798883408E-4,1.001765952E-3,-2.229507081E-4
6.421419313E1,-1.546885818E-3,-1.181758940E-3,4.068869166E-4
6.422426412E1,-1.277836040E-3,9.237136692E-4,2.409620211E-3
6.423430412E1,-2.175854519E-3,1.950895414E-3,1.371786580E-3
6.424434513E1,-1.759067178E-3,3.885507584E-3,-8.712220006E-5
6.425438513E1,-1.457598060E-3,3.164056689E-3,5.797332851E-4
6.426442512E1,-1.658350229E-4,9.857174009E-4,-1.991866156E-6
6.427446612E1,-1.700613648E-3,-4.114768468E-3,-6.576621090E-4
6.428453613E1,-1.179704443E-3,-1.460209489E-3,-2.833630424E-5
6.429457713E1,-2.778934315E-3,-2.787794918E-3,-3.340672702E-4
6.430461712E1,-2.374293283E-3,-1.092288643E-3,2.417725511E-3
6.431465712E1,-3.123173490E-3,4.384964705E-4,2.134365262E-3
6.432469812E1,-2.867110074E-3,1.294741407E-3,5.307309330E-4
6.433473812E1,-1.641523093E-3,-7.423106581E-4,1.110767480E-3
6.434480912E1,1.647246070E-3,-6.891433150E-4,1.397765591E-3
6.435484912E1,2.876294777E-3,-9.730365127E-4,8.562614676E-5
6.436488912E1,4.467000253E-3,-2.900366671E-3,2.123743296E-3
6.437492912E1,6.903260015E-3,9.532272816E-4,-7.793685654E-4
6.438497013E1,4.931290634E-3,-5.458090454E-4,-1.554207411E-4
6.439501013E1,3.410092555E-3,-3.059299663E-3,3.172903089E-4
6.440505012E1,2.246857621E-3,-1.086706296E-3,1.419407316E-3
6.441512112E1,1.858370379E-4,-2.871024422E-3,-1.065839315E-4
6.442516113E1,1.805501059E-3,-1.259788871E-3,-1.047986792E-3
6.443520213E1,2.952227369E-4,7.738005370E-4,2.065514680E-3
6.444524212E1,1.465320587E-3,-5.166353658E-3,4.515613895E-3
6.445528212E1,2.553221770E-3,-1.301573589E-3,4.338247236E-3
6.446532312E1,2.934351563E-3,2.856854349E-3,6.096469704E-3
6.447539313E1,2.696264535E-3,3.146074712E-3,4.163547419E-3
6.448543412E1,3.814794123E-3,2.188490704E-3,4.547015764E-3
6.449547412E1,2.743138000E-3,-4.965085536E-4,4.175771028E-3
6.450551412E1,3.035749309E-3,-3.020744771E-4,2.389022149E-3
6.451555412E1,2.029074356E-3,5.478784442E-5,1.885418664E-3
6.452559513E1,1.415779814E-3,-2.296081744E-3,1.079986687E-3
6.453566612E1,-3.666747361E-4,9.636282921E-4,-1.370779937E-4
6.454570612E1,1.625174657E-3,3.197994083E-3,5.029164022E-4
6.455574612E1,-1.651311293E-3,-2.112882212E-3,4.459248157E-4
6.456578613E1,-9.288359433E-4,-3.020288423E-3,-5.563523155E-4
6.457582713E1,-3.214094788E-3,2.506569028E-3,-6.255945191E-4
6.458586712E1,-1.233464107E-3,2.339838073E-3,-1.371391932E-3
6.459593812E1,2.147629857E-4,2.182977274E-3,-2.204695018E-3
6.460597813E1,-4.626736045E-4,-3.473866731E-3,-2.112248447E-3
6.461601813E1,-2.341754735E-4,-3.998726606E-5,-2.064311644E-3
6.462605912E1,-3.448668867E-4,-1.055749133E-3,-1.513307565E-3
6.463609912E1,-4.790909588E-4,-1.383053139E-3,-6.650907453E-4
6.464613912E1,-2.462878823E-3,-1.374529675E-3,2.419819357E-4
6.465617912E1,-3.290856257E-3,-3.846324980E-4,2.481700387E-3
6.466625012E1,-2.533420920E-3,-1.660846174E-4,1.132184523E-3
6.467629112E1,-2.588283271E-3,9.961184114E-4,3.181486856E-3
6.468633112E1,-1.961799338E-3,6.520040333E-4,3.134800587E-3
6.469637112E1,-3.229197115E-3,-3.967471421E-4,2.561422065E-3
6.470641113E1,-2.645833418E-3,4.578102380E-4,2.409237437E-3
6.471645213E1,-1.231161878E-3,2.007236704E-3,2.093120012E-3
6.472652312E1,-1.622736454E-5,-1.879114658E-3,8.193301037E-4
6.473656312E1,2.041596919E-3,-4.881561734E-3,1.521073049E-3
6.474660313E1,2.637345344E-3,-5.151074380E-3,1.062210416E-3
6.475664313E1,2.121757716E-3,-5.395449698E-4,2.256371779E-3
6.476668412E1,2.968009561E-3,-1.334017143E-3,9.786162991E-4
6.477672412E1,2.708617598E-3,-2.497285604E-3,2.035358455E-3
6.478679513E1,2.354649827E-3,-4.738066345E-4,1.734005637E-3
6.479683512E1,3.927513026E-3,-3.124177456E-4,3.294085152E-3
6.480687512E1,1.781135798E-4,-1.055814326E-3,3.469115123E-3
6.481691612E1,1.764559187E-3,6.576627493E-4,2.432346344E-3
6.482695612E1,7.298775017E-5,-2.715879120E-3,3.846545238E-3
6.483699612E1,-1.044740900E-3,6.436984986E-4,3.413248807E-3
6.484703613E1,-3.162523732E-3,-1.951009035E-3,2.658625366E-3
6.485710712E1,-4.260279238E-3,7.361210883E-4,5.992029328E-4
6.486714812E1,-4.001419991E-3,-1.706797630E-3,2.525999909E-3
6.487718812E1,-3.489559516E-3,3.108140081E-4,1.703349641E-3
6.488722813E1,-3.603447229E-3,8.088052273E-4,2.718004398E-3
6.489726813E1,-4.527298734E-3,4.324443638E-3,1.564589213E-3
6.490730912E1,-2.300754189E-3,-1.744681038E-3,9.348216699E-4
6.491737912E1,-2.959886566E-3,2.207448706E-3,2.007542644E-3
6.492742013E1,-1.166949049E-3,-3.835819662E-4,-9.289255831E-5
6.493746012E1,-1.945655793E-3,-1.466423273E-3,1.387825003E-3
6.494750012E1,-3.292981535E-3,1.353697851E-3,2.572222613E-3
6.495754112E1,-2.855157480E-3,1.690853387E-3,3.715784289E-3
6.496758112E1,1.784805208E-4,1.220973209E-3,3.322079079E-3
6.497763088E1,-3.094810992E-3,-1.290921122E-3,3.262889804E-4
6.498767088E1,-8.599534631E-4,-7.301196456E-4,4.420483019E-4
6.499771087E1,-2.163304016E-3,-3.948816098E-3,2.833239269E-4
6.500775187E1,-3.564225510E-3,9.789485484E-4,-7.584468112E-4
6.501779187E1,-1.830240712E-3,9.110383689E-4,5.734000588E-4
6.502783187E1,-4.009472206E-3,-9.165331721E-5,6.566399243E-4
6.503787187E1,-4.266200587E-3,-2.229455858E-4,2.732307883E-3
6.504794287E1,-3.434430808E-3,2.477124333E-3,5.357977003E-3
6.505798287E1,-6.975103170E-3,2.535713837E-3,6.140147336E-3
6.506802387E1,-6.458319724E-3,4.508569837E-4,6.898788270E-3
6.507806388E1,-3.274776042E-3,3.751046956E-3,5.981595721E-3
6.508810388E1,-2.026285976E-3,-9.331014007E-4,4.142392427E-3
6.509814487E1,9.447373450E-4,-1.268927008E-3,3.413218539E-3
6.510821487E1,3.749905154E-4,-3.467157483E-3,2.200179035E-3
6.511825588E1,-4.489924759E-4,-3.757607192E-4,1.591913169E-3
6.512829588E1,5.651665851E-4,-2.008992247E-3,3.777502105E-3
6.513833587E1,-3.138184547E-5,-8.750185370E-4,2.502913587E-3
6.514837687E1,-1.152332872E-3,3.944952041E-3,2.595392056E-3
6.515841687E1,-1.765126362E-3,2.485007048E-3,1.571939327E-3
6.516848787E1,-2.859987319E-3,2.344772220E-4,4.156359471E-3
6.517852787E1,-4.393700510E-3,1.800149679E-3,4.696714692E-3
6.518856787E1,-3.062188625E-3,1.916214824E-4,5.792838521E-3
6.519860787E1,-3.990033641E-3,2.782078460E-3,5.351020023E-3
6.520864887E1,-4.576092586E-3,1.115877181E-3,6.125412416E-3
6.521868888E1,-1.909470186E-3,5.416348577E-3,5.730199162E-3
6.522875987E1,-2.127055079E-3,5.613071844E-3,7.956893183E-3
6.523879987E1,-1.968862489E-3,4.731565714E-3,5.647666287E-3
6.524883987E1,-6.960686296E-4,3.520604223E-3,5.733720958E-3
6.525888088E1,4.794513807E-4,3.642309457E-3,3.214370226E-3
6.526892088E1,5.482295528E-4,1.542033628E-3,3.301514313E-3
6.527896087E1,-4.352442920E-5,6.030034274E-4,3.824559040E-3
6.528900187E1,6.282553077E-4,3.058487549E-3,1.674705651E-3
6.529907188E1,-1.243147999E-3,7.244944572E-4,9.790880140E-4
6.530911287E1,-2.803828567E-3,9.466167539E-4,5.375071196E-4
6.531915287E1,-3.824351355E-3,-9.439606220E-4,-3.666360863E-4
6.532919287E1,-1.441285014E-3,3.049330786E-3,-7.367549115E-4
6.533923287E1,-3.296976909E-3,4.130676389E-4,-1.210797578E-3
6.534927387E1,-9.406488389E-4,1.976620406E-3,-1.228790730E-3
6.535934487E1,-3.126304597E-3,2.633089200E-3,-1.081324881E-4
6.536938487E1,-4.084041342E-3,5.485713482E-4,9.924045298E-5
6.537942487E1,-1.356963068E-3,1.711040735E-3,-1.111492747E-4
6.538946487E1,-1.369215548E-3,-2.515297383E-4,-4.602638073E-4
6.539950588E1,-2.608917654E-3,-1.131704077E-3,-8.189916261E-4
6.540954588E1,6.886115298E-4,-2.655642107E-3,-3.026617924E-4
6.541961687E1,-2.033405006E-3,-7.110014558E-4,-3.972040722E-4
6.542965687E1,-3.103666008E-3,9.988043457E-4,3.890513908E-4
6.543969688E1,-8.644796908E-4,-3.993548453E-4,-2.732767025E-4
6.544973787E1,-2.393400297E-3,-3.898749128E-3,-7.965879049E-4
6.545977787E1,-3.230698407E-3,-8.265264332E-4,5.086273886E-4
6.546981787E1,-3.446321934E-4,-5.343779922E-4,-9.108374943E-4
6.547985787E1,-2.602096647E-4,-4.294496030E-4,-1.549729845E-3
6.548992887E1,5.462970585E-4,-3.478716128E-3,-1.332977321E-3
6.549996987E1,-7.501300424E-4,-7.372591645E-4,-6.818344700E-4
6.551000987E1,3.367178142E-3,-1.228364184E-3,-3.387094475E-4
6.552004987E1,2.615634352E-3,-1.559395343E-3,-2.097460907E-3
6.553008987E1,2.495132387E-3,-1.116652042E-3,-1.280306140E-3
6.554013088E1,2.185939811E-3,-2.929363400E-4,-4.930756986E-4
6.555020087E1,5.003260449E-3,-9.829495102E-4,-3.315717913E-4
6.556024187E1,1.155259088E-3,-3.566483036E-3,-7.512859302E-4
6.557028187E1,4.952563904E-3,8.101034909E-4,4.125450505E-4
6.558032188E1,2.662777901E-3,-2.825818956E-5,-3.952908330E-3
6.559036287E1,5.385065451E-4,1.210786402E-3,-3.422051901E-3
6.560040287E1,1.300969161E-3,-2.790612169E-3,-2.332819160E-3
6.561047388E1,1.432931982E-3,-1.088637859E-3,-2.642128617E-3
6.562051388E1,1.143179834E-3,-6.494820118E-4,-3.111111466E-3
6.563055387E1,1.513692550E-3,-1.192769036E-3,-1.222374034E-3
6.564059487E1,-6.208308041E-4,2.655778080E-4,-1.893756911E-3
6.565063487E1,7.948009297E-4,7.047429681E-4,-2.198594157E-3
6.566067487E1,2.189498395E-3,-1.589570194E-3,-2.004716080E-3
6.567074587E1,1.478558406E-4,7.691346109E-4,-1.989359036E-3
6.568078587E1,1.465854235E-3,-7.778964937E-4,-1.526501728E-3
6.569082587E1,2.210577950E-4,-1.705374569E-3,-3.321650904E-3
6.570086687E1,-2.055801451E-4,-1.308564097E-3,-6.827244652E-4
6.571090687E1,2.342751250E-4,1.569360495E-3,-8.230122621E-4
6.572094688E1,1.750678755E-3,2.565650269E-3,-2.392473398E-4
6.573098787E1,8.939402178E-4,2.265244722E-3,-1.668565907E-3
6.574105787E1,1.851079985E-3,2.147000283E-3,-2.987363376E-3
6.575109888E1,1.406325027E-4,3.647211939E-3,-5.010595545E-3
6.576113888E1,-2.033572644E-3,-1.616422087E-4,-4.374898970E-3
6.577117887E1,-3.662370145E-4,3.095883876E-4,-6.973938551E-3
6.578121987E1,-1.040015370E-3,9.671226144E-4,-5.027434323E-3
6.579125987E1,-3.532333300E-3,1.906564459E-3,-3.743704176E-3
6.580133088E1,-7.414689288E-3,5.419608206E-4,-4.087784328E-3
6.581137087E1,-5.380332470E-3,3.933604807E-3,-3.355062567E-3
6.582141087E1,-5.008820444E-3,3.218546510E-3,-1.891655382E-3
6.583145087E1,-4.756886512E-3,2.488041297E-3,-4.399820231E-3
6.584149187E1,-1.381330192E-3,2.608682960E-3,-5.128461402E-3
6.585153187E1,-7.509607822E-4,-7.565915585E-4,-6.874661893E-3
6.586160287E1,1.873318106E-3,-1.163788140E-3,-8.847265504E-3
6.587164287E1,4.815146327E-3,7.303021848E-4,-9.328261018E-3
6.588168287E1,3.170644864E-3,-2.300907858E-3,-9.585255757E-3
6.589172388E1,1.577101648E-4,1.221338287E-3,-8.263234049E-3
6.590176388E1,-8.444376290E-4,4.745889455E-4,-7.411289029E-3
6.591180387E1,-1.922054216E-3,3.663133830E-4,-6.150222849E-3
6.592184487E1,-4.593737423E-3,1.362603158E-3,-4.158178344E-3
6.593191488E1,-3.749312833E-3,3.252847120E-3,-3.066370264E-3
6.594195588E1,-3.913363442E-3,6.125904620E-4,-9.811150376E-4
6.595199587E1,-6.372790784E-3,2.666790038E-3,-1.421635388E-3
6.596203587E1,-5.485959351E-3,3.224456683E-3,-1.180885592E-3
6.597207587E1,-3.854708746E-3,2.555258572E-3,-1.962431241E-3
6.598211737E1,-2.102881670E-3,4.214674234E-3,-4.118260462E-3
6.599218837E1,-1.139748842E-3,4.140958190E-3,-4.613492638E-3
6.600222838E1,5.913060158E-4,1.718811691E-3,-5.365569144E-3
6.601226838E1,-1.928936690E-4,3.373222426E-3,-6.132854149E-3
6.602230837E1,-1.801121980E-4,2.190778032E-3,-5.115793087E-3
6.603234937E1,-1.128630713E-3,9.100139141E-4,-8.198931813E-3
6.604238937E1,-5.693022162E-3,1.752905548E-3,-6.620210130E-3
6.605246037E1,-5.517954007E-3,-1.611310989E-3,-8.132413030E-3
6.606250037E1,-6.859388202E-3,1.977564767E-3,-1.013058238E-2
6.607254037E1,-4.694603384E-3,2.763042226E-3,-8.702269755E-3
6.608258137E1,-5.430433899E-3,8.828509599E-4,-1.041308418E-2
6.609262137E1,-4.875866696E-3,4.536064342E-3,-1.116628572E-2
6.610266138E1,-5.097707734E-3,1.076618209E-3,-1.064217649E-2
6.611273237E1,-2.458544448E-3,-1.375934109E-3,-1.063626911E-2
6.612277237E1,-4.576023668E-3,9.468756616E-4,-1.113241632E-2
6.613281337E1,-4.517037421E-3,1.219682395E-3,-1.053274982E-2
6.614285338E1,-5.472313613E-3,-5.494542420E-4,-9.240584448E-3
6.615289338E1,-5.237389356E-3,3.186160699E-3,-8.443089202E-3
6.616293337E1,-6.424892694E-3,9.573604912E-4,-8.655076846E-3
6.617297437E1,-5.340952426E-3,-6.141122431E-4,-8.040208369E-3
6.618304438E1,-5.123903975E-3,-5.850847811E-4,-7.442860864E-3
6.619308537E1,-4.909422249E-3,-5.934499204E-4,-6.100953557E-3
6.620312537E1,-3.629239276E-3,2.132207155E-4,-6.499096751E-3
6.621316537E1,-1.649612561E-3,5.307234824E-4,-5.846119020E-3
6.622320637E1,-3.445114940E-3,2.937018871E-4,-6.692205090E-3
6.623324637E1,-3.106594086E-3,-1.695946790E-3,-7.835089229E-3
6.624331737E1,-3.010187298E-3,1.291166991E-4,-7.229752839E-3
6.625335737E1,-4.366537556E-3,2.180980518E-3,-6.392954849E-3
6.626339737E1,-3.845622763E-3,-1.844919287E-3,-7.759954780E-3
6.627343837E1,-5.172008649E-3,-1.622848213E-4,-7.615759969E-3
6.628347838E1,-4.153084010E-3,1.789012924E-3,-8.232814260E-3
6.629351838E1,-5.073837936E-3,-4.045758396E-4,-7.541732397E-3
6.630358937E1,-3.617089242E-3,2.227427438E-3,-7.114028558E-3
6.631362937E1,-5.353370681E-3,3.803694621E-3,-6.166733801E-3
6.632366938E1,-3.654805943E-3,4.860436544E-3,-7.023739628E-3
6.633371037E1,-3.404002637E-3,3.825910389E-3,-4.906319547E-3
6.634375037E1,-4.277251661E-3,1.757966354E-3,-7.555099204E-3
6.635379037E1,-3.730639815E-3,3.265261650E-3,-6.605533883E-3
6.636386138E1,-4.382580519E-3,7.001411170E-3,-6.530965678E-3
6.637390137E1,-5.964262411E-3,4.803443328E-3,-4.889603704E-3
6.638394237E1,-4.276352003E-3,2.236068249E-4,-7.032915950E-3
6.639398237E1,-4.874400795E-3,3.124641255E-3,-6.377807818E-3
6.640402237E1,-3.641355783E-3,4.288442433E-3,-7.804462686E-3
6.641406337E1,-3.224706277E-3,-2.673082054E-5,-7.086057216E-3
6.642410338E1,-6.240736693E-3,4.545040429E-4,-6.503623910E-3
6.643417437E1,-5.525309592E-3,-6.578452885E-4,-6.611511577E-3
6.644421437E1,-4.347393289E-3,1.665761694E-3,-7.759334054E-3
6.645425437E1,-7.982477546E-3,2.058528364E-3,-5.319729447E-3
6.646429438E1,-5.886036903E-3,-1.634476706E-3,-3.378018737E-3
6.647433537E1,-8.826797828E-3,5.719093606E-3,-3.751131706E-3
6.648437537E1,-7.650213316E-3,3.242352977E-3,-3.731424222E-3
6.649444637E1,-6.985552609E-3,5.986049771E-3,-2.928272355E-3
6.650448638E1,-5.563957617E-3,1.664804295E-3,-3.871031338E-3
6.651452637E1,-2.581285313E-3,1.809785143E-3,-3.994659986E-3
6.652456737E1,-5.369083956E-3,-8.688215166E-4,-4.113969393E-3
6.653460737E1,-4.703825340E-3,-4.044640809E-3,-6.279652007E-3
6.654464737E1,-5.810901523E-3,2.323947847E-4,-6.417870522E-3
6.655471837E1,-5.632104352E-3,-1.843843609E-3,-6.648500450E-3
6.656475837E1,-7.062489167E-3,-1.799634658E-3,-5.148341879E-3
6.657479937E1,-8.248925209E-3,2.006115392E-3,-5.049301311E-3
6.658483937E1,-5.772983655E-3,2.370968461E-3,-4.137701355E-3
6.659487937E1,-4.474660382E-3,9.499043226E-4,-4.731973633E-3
6.660491938E1,-2.138534561E-3,7.267314941E-4,-3.403589129E-3
6.661496037E1,-1.696590334E-4,-2.210885286E-4,-2.689862158E-3
6.662503137E1,-7.584840059E-4,-2.976926975E-3,-3.421165980E-3
6.663507137E1,-9.714365005E-4,2.050375566E-3,-2.067510504E-3
6.664511138E1,-1.907538623E-3,9.331796318E-4,-3.779390594E-3
6.665515137E1,-3.701951355E-4,-2.644564956E-3,-2.399577526E-3
6.666519237E1,7.672403008E-4,2.757657319E-3,-5.188530777E-4
6.667523237E1,-1.086384058E-3,-2.323184162E-4,-1.445728820E-3
6.668530338E1,1.776248217E-3,2.373317257E-3,1.432956196E-6
6.669534337E1,1.881307922E-3,-6.165094674E-4,1.290057320E-3
6.670538337E1,4.294930957E-3,7.845796645E-4,1.754778903E-3
6.671542437E1,1.346047036E-3,4.430040717E-4,4.843354691E-3
6.672546437E1,3.951151855E-3,-1.215860248E-4,3.061966039E-3
6.673550437E1,7.174507715E-3,9.092632681E-4,3.269313369E-3
6.674557537E1,6.903131492E-3,5.353558809E-4,2.253317507E-3
6.675561537E1,5.940529518E-3,9.490549564E-4,2.007159172E-3
6.676565637E1,7.918991148E-3,9.810123593E-4,1.479853410E-3
6.677569637E1,4.469900392E-3,8.674040437E-4,-9.994622087E-4
6.678573638E1,1.561195590E-3,7.198657840E-4,1.125473995E-3
6.679577637E1,4.925346002E-4,2.018844709E-3,5.750581622E-4
6.680584737E1,1.738094725E-3,8.212197572E-4,1.335124252E-3
6.681588737E1,3.002632409E-3,-8.255187422E-4,4.350338131E-4
6.682592838E1,1.266850159E-4,1.080241054E-3,-1.188429189E-3
6.683596837E1,1.015480608E-3,1.352045685E-3,-3.125944640E-3
6.684600837E1,1.979278401E-3,2.373101190E-3,-2.970682457E-3
6.685604937E1,2.854692750E-3,-4.558834247E-3,-2.605422400E-3
6.686608937E1,1.527107321E-3,-1.641074196E-3,-4.248060286E-3
6.687616037E1,4.154717550E-3,-2.218770795E-3,-2.576240804E-3
6.688620037E1,1.666259952E-3,-1.470156014E-3,-2.240149770E-3
6.689624037E1,-5.730949342E-4,-1.563582569E-3,-3.546990454E-3
6.690628137E1,-1.068443060E-3,-1.164641231E-3,4.215165973E-5
6.691632137E1,-1.003228128E-3,-2.599444240E-3,-1.318904920E-3
6.692636138E1,-9.949710220E-4,-2.476070076E-4,-1.338612288E-3
6.693643237E1,-1.193210483E-5,1.062717289E-3,4.521927331E-4
6.694647237E1,1.486629248E-3,-2.958388999E-3,-6.817813846E-4
6.695651237E1,4.189101979E-3,-7.180329412E-4,-1.053494401E-3
6.696655338E1,2.430084161E-3,-2.175314352E-3,1.020510681E-4
6.697658563E1,3.601709381E-3,-4.930296913E-3,1.835139701E-4
6.698662562E1,5.934905261E-3,-1.743825153E-3,-7.854111027E-5
6.699669662E1,3.642191179E-3,-4.060938023E-3,7.233023643E-4
6.700673663E1,1.741226763E-3,-2.816708758E-3,2.103776205E-4
6.701677762E1,5.774255842E-4,-3.930442967E-3,7.115844637E-4
6.702681762E1,1.214986667E-3,-3.147207201E-3,3.247847781E-5
6.703685762E1,2.408380620E-3,1.717824489E-4,4.169524182E-4
6.704689862E1,1.712888479E-5,3.579370677E-4,8.406613488E-4
6.705693862E1,4.814499989E-4,-5.657002330E-4,1.671984443E-3
6.706700962E1,2.458314411E-3,4.377793521E-4,7.204370340E-4
6.707704962E1,1.141680405E-3,1.233797520E-3,3.314942587E-4
6.708708962E1,2.697765827E-3,-1.157987863E-3,-1.726596616E-3
6.709712962E1,1.073138788E-3,4.658065736E-4,-2.185470425E-3
6.710717063E1,3.700080328E-3,-9.239278734E-5,-8.536234964E-4
6.711721063E1,2.831108868E-4,-3.124307841E-4,-1.051608706E-3
6.712728162E1,1.988332719E-3,-1.583291218E-3,-5.455678329E-3
6.713732162E1,1.441053115E-3,-2.681577578E-3,-2.271602862E-3
6.714736163E1,6.538229063E-4,-1.494606957E-3,-1.651618863E-3
6.715740262E1,-9.620841593E-4,-8.560381830E-4,-2.275589388E-3
6.716744262E1,-7.279925048E-4,1.697666943E-3,-1.058258582E-3
6.717748262E1,-1.524774358E-3,5.299877375E-4,4.710329231E-4
6.718755363E1,-1.345811412E-3,1.436794177E-3,6.167078391E-4
6.719759362E1,-1.339986920E-3,-5.122236907E-4,3.156663151E-4
6.720763462E1,-2.448394895E-3,4.888586700E-4,6.938350853E-4
6.721767462E1,-1.024866477E-3,2.311153337E-3,1.112541882E-3
6.722771462E1,2.782921307E-3,-3.948844969E-4,-1.399427420E-4
6.723775462E1,1.325572841E-3,-3.391522914E-3,-1.814899500E-3
6.724782562E1,-1.106783748E-5,-1.057527959E-3,-2.404523315E-3
6.725786662E1,-6.215646863E-4,-1.281388104E-4,-2.291310113E-3
6.726790662E1,-7.145088166E-4,-1.502329484E-3,-3.296256764E-4
6.727794662E1,-2.866007388E-3,-2.948264591E-3,-1.485913992E-3
6.728798663E1,-3.789592534E-3,-5.402341485E-4,-1.079944195E-4
6.729802762E1,-2.210408449E-3,-1.841728576E-3,5.692276172E-4
6.730806762E1,-2.046624199E-3,8.965339512E-4,2.245154930E-3
6.731813862E1,-1.053094864E-3,5.321614444E-4,1.251559006E-3
6.732817863E1,2.511546016E-3,-2.252439968E-3,6.435592659E-4
6.733821862E1,5.498945713E-3,-1.275422052E-3,1.522477251E-3
6.734825962E1,5.990298465E-3,-2.261591144E-3,-6.709946319E-6
6.735829962E1,6.292267703E-3,4.026293755E-4,1.249759225E-4
6.736833962E1,3.608067520E-3,-1.222964376E-3,3.039403819E-4
6.737841062E1,4.371731542E-3,2.004461363E-3,1.695860876E-3
6.738845062E1,2.974105068E-3,7.274765521E-4,1.777353697E-3
6.739849162E1,3.828490153E-4,-2.984704450E-3,8.604272734E-4
6.740853162E1,1.625480130E-3,-4.591389559E-3,1.067355042E-3
6.741857162E1,1.976950094E-3,-6.763208658E-4,1.470461255E-3
6.742861163E1,3.929017112E-4,1.571120694E-3,6.925517228E-4
6.743868262E1,3.220678307E-3,4.466250539E-4,4.372688942E-3
6.744872362E1,3.809503280E-3,3.293277696E-3,1.843218692E-3
6.745876362E1,4.041398875E-3,-3.460943699E-4,3.131598933E-3
6.746880363E1,4.555922002E-3,3.264352679E-3,4.478359595E-3
6.747884362E1,4.420765676E-3,2.833666280E-3,3.116304521E-3
6.748888462E1,5.066315643E-3,-7.586721331E-4,1.688051037E-3
6.749895462E1,4.131281748E-3,-1.133266836E-3,2.946469467E-4
6.750899563E1,2.290238626E-3,-2.151126042E-3,1.028993865E-4
6.751903562E1,1.359595917E-3,2.246350050E-6,-1.355561079E-3
6.752907562E1,-3.019439057E-3,2.040896565E-3,-2.120953519E-3
6.753911662E1,-4.039598629E-3,-1.204751432E-3,-9.148023673E-4
6.754915662E1,-4.883287475E-3,1.497825608E-3,-1.645573764E-3
6.755919662E1,-3.187054768E-3,1.866830513E-3,-2.674028045E-3
6.756926762E1,-1.599011943E-3,1.129135489E-3,-3.639157396E-3
6.757930762E1,-1.115079969E-3,3.217965364E-3,-2.897360362E-3
6.758934862E1,5.699014291E-4,-3.176480532E-4,-4.496056121E-3
6.759938862E1,-1.140292734E-4,-2.496530302E-3,-3.221384482E-3
6.760942863E1,-9.004604071E-4,-6.877109408E-4,-3.154805396E-3
6.761946862E1,7.338542491E-4,-2.943958156E-3,-3.393972525E-3
6.762953962E1,2.459622920E-4,-7.092989981E-4,-1.762520056E-3
6.763957962E1,-7.273890078E-4,-1.162048429E-4,-6.696836790E-4
6.764962063E1,-1.075996086E-3,2.240426838E-3,-2.038548468E-3
6.765966062E1,-1.885032281E-3,4.652142525E-5,6.788584869E-5
6.766970062E1,1.244449057E-3,-2.999600954E-3,-3.305231221E-4
6.767974162E1,7.626162842E-4,4.001744092E-4,-4.160257522E-4
6.768981163E1,2.689146437E-3,-1.981757581E-3,2.827877179E-4
6.769985262E1,1.137888990E-3,-8.309967816E-4,8.459212258E-4
6.770989262E1,2.292902209E-3,-2.175094560E-3,-4.049654817E-4
6.771993262E1,2.410611138E-3,-1.939817332E-3,-2.431141213E-3
6.772997362E1,1.780773513E-3,1.025347039E-3,2.535851672E-5
6.774001362E1,3.727878444E-3,-1.172255725E-3,-9.556497680E-4
6.775008462E1,8.370168507E-4,-1.548027620E-3,-3.625637619E-4
6.776012462E1,1.555571333E-3,-3.009558655E-3,8.344000671E-4
6.777016462E1,2.789679915E-3,-3.720447421E-5,2.437109360E-4
6.778020462E1,5.202684551E-4,2.682236955E-3,1.052707434E-3
6.779024563E1,2.415373921E-3,-1.522628590E-3,-8.112388896E-4
6.780028562E1,4.041520879E-4,1.540124416E-3,-1.241646009E-3
6.781032562E1,9.695412591E-4,7.198713720E-4,9.109871462E-4
6.782039663E1,3.992263228E-4,-5.258955061E-4,-7.507133996E-4
6.783043663E1,-1.335822046E-3,-3.859640099E-3,-9.075736161E-4
6.784047762E1,-2.711709589E-3,6.728619337E-5,-1.110436860E-3
6.785051762E1,-2.574823797E-3,-6.102211773E-4,-1.386606600E-3
6.786055762E1,-1.462059096E-3,-8.615739644E-4,-1.022047596E-3
6.787059862E1,-5.800202489E-4,7.415190339E-6,-2.662288491E-3
6.788066862E1,-5.289856344E-4,-1.708388329E-3,4.493339220E-4
6.789070962E1,6.356742233E-5,9.158905596E-4,5.513328360E-4
6.790074962E1,1.634100452E-3,-2.864878625E-4,-3.433889942E-4
6.791078962E1,-2.058763057E-4,1.503687352E-3,-1.003853045E-3
6.792082962E1,1.889330335E-3,-3.946721554E-4,5.338650662E-4
6.793087063E1,2.903686836E-4,-1.450348645E-3,7.367099170E-5
6.794094162E1,1.654637046E-3,-5.684699863E-4,1.456592930E-3
6.795098162E1,5.797855556E-4,-2.787416801E-3,8.158362471E-4
6.796102163E1,-2.162966877E-3,8.392781019E-4,2.040768275E-3
6.797106163E1,2.466139384E-3,2.212138847E-3,4.930297844E-3
6.798112362E1,2.137203701E-3,-1.282352954E-3,1.656826120E-3
6.799116362E1,2.851337194E-5,-4.184246063E-4,4.687900655E-4
6.800123463E1,-9.918753058E-4,-3.852155060E-4,-2.224663505E-3
6.801127463E1,1.316552982E-3,-1.572718844E-3,-4.475362366E-4
6.802131462E1,-1.492317766E-3,-1.066850498E-3,-1.468422124E-3
6.803135562E1,-1.499773934E-3,-3.678078763E-3,2.080376726E-4
6.804139562E1,-1.355096698E-3,-1.138858497E-3,1.071224688E-3
6.805143562E1,-1.279462129E-3,-3.066211939E-4,1.498395810E-3
6.806147562E1,-3.627974540E-3,7.154280320E-3,2.121688332E-3
6.807154662E1,-4.130061716E-4,1.491602510E-3,2.598394407E-3
6.808158762E1,2.353655174E-3,2.870056778E-4,5.493853241E-4
6.809162762E1,2.672702074E-3,8.689071983E-4,8.809489664E-4
6.810166763E1,3.551976755E-3,-1.926934347E-3,-9.001127910E-5
6.811170763E1,4.441739060E-3,-3.855062649E-3,-1.233306364E-3
6.812174862E1,6.228720769E-3,-1.663813367E-3,6.873654202E-4
6.813181862E1,2.092032693E-3,1.178843901E-3,2.487427555E-4
6.814185963E1,1.508200541E-3,7.199682295E-4,1.661533955E-3
6.815189963E1,1.157196239E-3,-2.252385020E-3,2.386446344E-3
6.816193962E1,6.620120257E-4,-2.281840891E-3,1.168913324E-3
6.817198062E1,2.022621222E-3,-7.497239858E-4,1.928180573E-3
6.818202062E1,4.868786782E-4,-1.387123019E-3,2.577927662E-3
6.819209162E1,5.212333053E-4,8.938740939E-4,2.941449406E-3
6.820213162E1,-1.890610904E-3,3.829551861E-3,2.510200720E-3
6.821217162E1,-4.554335028E-4,5.338899791E-4,3.435116727E-3
6.822221262E1,6.876029074E-4,2.454876900E-3,5.909604952E-3
6.823225262E1,2.528380603E-3,6.362032145E-4,2.267732518E-3
6.824229263E1,3.524120897E-3,1.709820703E-3,4.301409237E-3
6.825233263E1,1.836208627E-3,2.160159871E-3,1.922141062E-3
6.826240362E1,1.638730988E-3,-1.736621372E-3,2.604816575E-3
6.827244362E1,1.157231629E-3,-7.469914854E-4,5.643768236E-5
6.828248463E1,6.925007328E-4,-1.074504107E-3,-2.568223979E-3
6.829252463E1,-1.136026345E-3,1.413747668E-6,-1.341305673E-3
6.830256462E1,-1.209390350E-3,-2.059992403E-4,-1.660847105E-3
6.831260562E1,-4.363371991E-3,1.741303131E-3,-1.775629353E-3
6.832267563E1,-1.559719443E-3,1.959232613E-3,-2.285677940E-3
6.833271662E1,-2.004466951E-3,8.178018034E-4,-2.275025472E-3
6.834275662E1,-1.203311607E-3,1.522909850E-3,-3.814193420E-3
6.835279662E1,-4.733391106E-4,-1.196177676E-3,-4.642702639E-3
6.836283762E1,-8.551049978E-4,3.445278853E-4,-3.078252543E-3
6.837287762E1,-6.545688957E-4,-5.244914442E-3,-2.378639998E-3
6.838294862E1,-2.253096551E-3,-7.287804037E-4,-4.216193222E-3
6.839298862E1,-1.650689170E-3,-3.511516377E-3,-6.829773774E-4
6.840302862E1,-7.615610957E-4,-1.809935085E-3,-1.864815131E-3
6.841306862E1,-3.085434437E-3,-1.350006089E-3,-2.713830909E-3
6.842310963E1,-5.530215800E-3,-2.060005441E-3,-1.484515844E-3
6.843314963E1,-6.611991674E-3,-1.447478309E-3,-2.152969129E-3
6.844322062E1,-5.594065413E-3,-2.741460688E-3,-3.712685779E-3
6.845326062E1,-4.565285519E-3,-1.417603344E-3,-2.564596944E-3
6.846330063E1,-6.191644818E-3,1.268945634E-4,-4.046017304E-3
6.847334162E1,-7.316831499E-3,-2.552512102E-3,-4.507276695E-3
6.848338162E1,-6.768019870E-3,-1.642409712E-3,-4.958737176E-3
6.849342162E1,-6.426069885E-3,3.416797146E-3,-3.553653369E-3
6.850346262E1,-5.986383185E-3,4.801303148E-4,1.933257328E-3
6.851353262E1,-4.506729543E-3,5.545195192E-3,4.498680588E-3
6.852357362E1,-2.843486145E-3,5.044307560E-3,5.277094431E-3
6.853361362E1,-3.376649693E-3,7.036883384E-3,7.257154677E-3
6.854365362E1,-6.792005152E-4,6.324471906E-3,6.671777926E-3
6.855369362E1,2.492623404E-3,1.442631707E-3,5.566299893E-3
6.856373463E1,3.184512258E-3,2.489104867E-3,1.938234316E-3
6.857380562E1,6.884176284E-3,-2.496600151E-3,-2.125344472E-4
6.858384562E1,6.051105447E-3,-2.192165703E-4,-1.054809312E-3
6.859388562E1,5.351226777E-3,-5.187343806E-3,-2.348839305E-3
6.860392563E1,4.441359080E-3,-4.804708064E-3,-1.179023995E-3
6.861396662E1,2.130267210E-3,1.216966659E-3,1.727816416E-3
6.862400662E1,-4.996359348E-5,3.987234086E-3,3.262302373E-3
6.863407762E1,-4.578668624E-3,2.883354202E-3,6.543583702E-3
6.864411763E1,-6.749011576E-3,6.318362430E-3,7.780199405E-3
6.865415762E1,-9.196456522E-3,1.008860022E-2,7.537585218E-3
6.866419862E1,-1.135784388E-2,1.104309410E-2,7.085251156E-3
6.867423862E1,-1.120071858E-2,1.250224002E-2,5.132355262E-3
6.868427862E1,-9.064363316E-3,1.291607879E-2,3.326328937E-3
6.869434962E1,-8.260354400E-3,7.215049118E-3,3.039074363E-4
6.870438962E1,-6.970386952E-3,5.704071373E-3,9.573181160E-6
6.871443062E1,-7.532579824E-3,2.631051466E-3,4.649737384E-4
6.872447062E1,-9.668402374E-3,6.639286876E-4,1.549062552E-3
6.873451062E1,-8.842023090E-3,8.921884000E-5,2.820988186E-3
6.874455063E1,-9.803690016E-3,1.098290086E-3,4.243915435E-3
6.875459162E1,-1.025909185E-2,3.745740280E-3,4.407166969E-3
6.876466162E1,-9.590771049E-3,2.155359834E-3,5.213151686E-3
6.877470262E1,-9.535644203E-3,5.791373551E-3,3.898881841E-3
6.878474263E1,-8.040111512E-3,6.061494350E-4,3.404359799E-3
6.879478262E1,-7.134636864E-3,3.351600841E-3,1.780896564E-3
6.880482362E1,-7.462272421E-3,-9.623523802E-4,3.353704466E-3
6.881486362E1,-6.893156096E-3,1.036882401E-3,4.058909602E-3
6.882493463E1,-7.593732327E-3,-1.685880125E-3,5.159565248E-3
6.883497462E1,-6.674408913E-3,3.250725567E-4,6.083416753E-3
6.884501462E1,-8.750876412E-3,2.741625533E-3,7.792899385E-3
6.885505562E1,-8.555399254E-3,-1.596397720E-3,7.010196336E-3
6.886509562E1,-9.016593918E-3,-1.236306503E-3,4.973152187E-3
6.887513562E1,-7.541736588E-3,-2.802312374E-4,3.149419557E-3
6.888520662E1,-2.574007958E-3,-3.175158985E-3,7.388843223E-4
6.889524662E1,-3.164695576E-3,-2.877417952E-3,-5.756519968E-4
6.890528662E1,-1.969365403E-4,-1.170497388E-3,1.590594184E-4
6.891532762E1,-3.265963867E-3,-8.099060506E-4,-1.698495355E-3
6.892536763E1,9.018555284E-5,-2.379734069E-4,5.800223444E-4
6.893540762E1,4.297383130E-4,-1.554373652E-3,2.187240170E-3
6.894547862E1,-1.721097156E-3,-3.350705840E-3,2.873434452E-3
6.895551862E1,-1.636408269E-3,-3.266874701E-4,5.229799077E-3
6.896555963E1,-2.570811659E-3,-9.759217501E-4,6.257486530E-3
6.897558687E1,-3.354046494E-3,-1.399363391E-3,8.769113570E-3
6.898562688E1,-8.180867881E-4,3.014879301E-3,7.380513474E-3
6.899566787E1,-2.984035760E-3,6.218396127E-3,8.089181036E-3
6.900570787E1,-7.957480848E-4,5.547532812E-3,8.557492867E-3
6.901577888E1,-2.704167739E-3,1.988749951E-3,7.220585831E-3
6.902581888E1,-3.445824608E-3,5.989767611E-3,5.970415659E-3
6.903585887E1,-2.277497202E-3,5.123173818E-3,4.713669419E-3
6.904589887E1,-2.254927531E-3,3.686506301E-3,5.652909167E-3
6.905593987E1,1.426094212E-3,4.393309355E-3,5.316019524E-3
6.906597987E1,-1.158203930E-3,3.836451098E-3,3.622655524E-3
6.907605087E1,-1.711875200E-3,3.321662545E-3,1.896927133E-3
6.908609087E1,-1.302881166E-3,1.708012074E-3,3.617495066E-3
6.909613087E1,-2.829937264E-3,2.954371274E-3,2.298697596E-3
6.910617187E1,-8.715484291E-4,3.889495507E-3,6.223109085E-4
6.911621187E1,-7.764734328E-4,3.308394924E-3,-2.141878940E-4
6.912625188E1,-2.371307462E-3,2.680217847E-3,-1.708110794E-3
6.913632287E1,-1.650922000E-3,3.377433866E-3,-1.187361777E-4
6.914636287E1,1.292536035E-3,-1.222901046E-4,-4.800665192E-5
6.915640388E1,-1.099515706E-3,-1.488757320E-3,-3.282667603E-5
6.916644388E1,2.580241300E-3,-2.649066970E-3,-1.455745194E-3
6.917648387E1,1.689946279E-3,1.078378409E-4,-1.355876680E-3
6.918652387E1,1.405986026E-3,-4.658181220E-3,-2.675579162E-3
6.919659488E1,1.853663474E-3,4.159398377E-4,-8.976528770E-4
6.920663588E1,1.296165399E-3,-1.200916246E-3,-1.370869810E-3
6.921667587E1,1.546768472E-3,6.497148424E-4,-1.492576208E-3
6.922671587E1,1.290073618E-3,-1.646314748E-3,-1.948493998E-3
6.923675587E1,1.231750473E-3,-3.484427929E-3,-2.406557556E-3
6.924679687E1,3.522534855E-3,-7.954724133E-4,-2.924376400E-3
6.925683687E1,4.756643437E-3,-4.088205285E-3,-3.214661032E-3
6.926690787E1,2.893263474E-3,-4.616688006E-3,-4.319157451E-3
6.927694787E1,4.104202613E-3,-3.755688667E-3,-5.219305865E-3
6.928698787E1,4.109528847E-3,-2.799750306E-3,-4.483786412E-3
6.929702888E1,5.131383426E-3,1.357709989E-3,-3.500281367E-3
6.930706888E1,6.697154604E-3,4.369746894E-4,-3.746871138E-3
6.931710887E1,8.049242198E-3,-3.706637770E-3,-3.526627552E-3
6.932717987E1,7.667644415E-3,-4.344005138E-4,-2.295842394E-3
6.933721988E1,8.610136807E-3,-3.394769505E-3,-3.774163080E-3
6.934726088E1,8.151773363E-3,-2.064532600E-3,-6.790597923E-3
6.935730087E1,7.718743756E-3,-4.783533514E-4,-3.676031018E-3
6.936734087E1,5.124225281E-3,-2.536479384E-3,-5.256984383E-3
6.937738087E1,7.537581492E-3,-2.362841740E-3,-6.677514873E-3
6.938745188E1,5.328590050E-3,-1.316295937E-3,-6.878833286E-3
6.939749187E1,6.860706955E-3,-1.371422783E-3,-6.847674027E-3
6.940753287E1,6.789768115E-3,-2.351519652E-3,-8.693748154E-3
6.941757287E1,6.716530770E-3,-2.073219046E-3,-9.241826832E-3
6.942761287E1,6.909842603E-3,-1.342734322E-3,-9.186929092E-3
6.943765388E1,6.510901265E-3,-1.831948757E-4,-9.728083387E-3
6.944772387E1,7.371400483E-3,1.487862319E-4,-1.087012887E-2
6.945776487E1,7.507221308E-3,-1.171076670E-3,-1.182034519E-2
6.946780487E1,5.895277485E-3,3.470927477E-4,-1.112547144E-2
6.947784488E1,7.161876187E-3,-1.252667978E-3,-1.127780415E-2
6.948788588E1,4.301075824E-3,1.545762643E-3,-1.082040928E-2
6.949792587E1,1.402757131E-3,-4.634369165E-3,-1.000335254E-2
6.950796587E1,1.748168841E-3,-8.918289095E-4,-9.566860273E-3
6.951803688E1,1.052019186E-3,8.733142167E-4,-9.721854702E-3
6.952807688E1,2.519487403E-3,-2.660881728E-4,-9.747633711E-3
6.953811687E1,2.269150689E-3,-1.481289044E-3,-1.121423580E-2
6.954815787E1,3.852599300E-3,4.263054579E-4,-1.047930773E-2
6.955819787E1,2.497049980E-3,1.241231337E-3,-1.069129538E-2
6.956823787E1,1.148026437E-3,6.392858922E-4,-1.208290458E-2
6.957830887E1,3.931562416E-3,-2.073143609E-3,-1.129540801E-2
6.958834887E1,-1.730583608E-3,4.153998569E-3,-9.940708987E-3
6.959838987E1,-6.394870579E-4,-5.230437964E-4,-1.089678332E-2
6.960842987E1,-3.735778853E-3,2.605054528E-3,-8.713399991E-3
6.961846988E1,-5.151782185E-3,3.057524562E-3,-9.716346860E-3
6.962851088E1,-2.496974543E-3,-1.227419823E-3,-8.432455361E-3
6.963858087E1,-1.259669662E-3,1.954792067E-3,-8.098495193E-3
6.964862187E1,-1.654451713E-3,1.138214022E-3,-8.912330493E-3
6.965866188E1,-1.061897725E-3,4.330545664E-3,-8.549341001E-3
6.966870188E1,-1.130539924E-3,4.638440907E-3,-1.099801622E-2
6.967874187E1,-1.953190193E-3,3.175299615E-3,-9.432609193E-3
6.968878287E1,4.829009995E-4,4.672981799E-3,-1.073736791E-2
6.969885388E1,-1.699293032E-3,2.346709371E-3,-9.131748229E-3
6.970889387E1,-2.106489614E-3,2.188794315E-3,-8.765205741E-3
6.971893387E1,-1.371724531E-3,5.887672305E-4,-7.128694095E-3
6.972897387E1,-1.128476113E-3,2.735843882E-3,-9.566668421E-3
6.973901487E1,-2.117041498E-3,-4.391763359E-4,-6.768218707E-3
6.974905487E1,-2.470577136E-3,3.331262618E-3,-5.770442076E-3
6.975909488E1,-1.113431528E-3,4.511576146E-3,-5.828765221E-3
6.976916587E1,1.540344208E-3,5.716888234E-3,-5.550834350E-3
6.977920587E1,1.585617661E-3,3.295009956E-3,-3.611254040E-3
6.978924687E1,1.335283741E-4,6.047856063E-3,-2.889379859E-3
6.979928688E1,8.043786511E-4,7.723515853E-3,-3.545050044E-3
6.980932688E1,-4.160813987E-4,6.528053433E-3,-3.339085728E-3
6.981936687E1,2.795364708E-4,7.527271286E-3,-4.633115605E-3
6.982943787E1,-2.671943977E-3,6.656069309E-3,-4.052620847E-3
6.983947888E1,-2.768883482E-3,4.269877449E-3,-5.351711065E-3
6.984951887E1,-3.545662388E-3,2.864960581E-3,-6.666992325E-3
6.985955887E1,-7.520057261E-4,4.190683365E-3,-1.041113120E-2
6.986959887E1,-1.773728058E-3,1.946238801E-3,-1.170159131E-2
6.987963987E1,-1.623257995E-3,9.848382324E-4,-1.391201466E-2
6.988971087E1,-5.185455084E-4,-1.453943551E-4,-1.596268080E-2
6.989975087E1,2.231448889E-4,1.565419137E-3,-1.748467796E-2
6.990979087E1,-8.545070887E-5,3.497049212E-3,-1.460925676E-2
6.991983087E1,-3.461273387E-3,6.909091026E-3,-1.183743868E-2
6.992987187E1,-4.850177094E-3,2.204179764E-3,-1.047102362E-2
6.993991188E1,-4.772679880E-3,3.979176283E-3,-9.031851776E-3
6.994998287E1,-4.785962403E-3,5.636345595E-3,-6.943748798E-3
6.996002287E1,-6.057621911E-3,1.849597320E-3,-6.621239707E-3
6.997006287E1,-3.617201000E-3,4.282075912E-3,-6.983934902E-3
6.998007900E1,-1.505846158E-3,1.748610288E-3,-6.649442017E-3
6.999011900E1,-1.834379509E-3,-2.768021077E-4,-6.738639437E-3
7.000015900E1,-2.604033798E-3,1.223091036E-3,-8.785278536E-3
7.001019900E1,1.174991950E-3,1.194793731E-4,-7.202127017E-3
7.002027000E1,9.795157239E-4,-1.318627968E-3,-7.185881957E-3
7.003031100E1,1.137873158E-3,1.878857613E-3,-7.699970156E-3
7.004035100E1,1.289141364E-3,5.672313273E-5,-9.250729345E-3
7.005039100E1,-8.298046887E-4,-1.662652940E-4,-1.075028721E-2
7.006043100E1,-1.422356814E-3,2.610346302E-3,-9.599268436E-3
7.007047200E1,-1.512238756E-3,2.882584929E-3,-8.932569996E-3
7.008054200E1,-2.891756594E-3,2.964876592E-3,-9.526721202E-3
7.009058300E1,-5.537506193E-3,4.747647792E-3,-1.036777534E-2
7.010062300E1,-5.845900625E-3,1.803789288E-3,-9.930217639E-3
7.011066300E1,-4.705503583E-3,3.577476367E-3,-1.247153804E-2
7.012070400E1,-5.969971418E-3,-3.978237510E-4,-8.913554251E-3
7.013074400E1,-5.519896746E-3,-1.116711646E-4,-1.052285265E-2
7.014081500E1,-4.483127967E-3,-7.625110447E-5,-1.063230913E-2
7.015085500E1,-3.258904442E-3,-9.194202721E-4,-1.108741295E-2
7.016089500E1,-1.156339422E-3,-3.052079119E-3,-1.101577375E-2
7.017093600E1,-7.369928062E-5,-2.189984545E-3,-1.088836975E-2
7.018097600E1,-5.959458649E-4,-2.732736990E-3,-1.234245487E-2
7.019101600E1,1.863950863E-3,-4.476337694E-3,-1.192897186E-2
7.020108700E1,-9.741801769E-4,-4.594049416E-3,-1.140033454E-2
7.021112700E1,-5.286000669E-4,-3.377901390E-3,-1.091199089E-2
7.022116700E1,-2.188015729E-3,-6.765441969E-3,-7.144416682E-3
7.023120800E1,-6.327766925E-3,9.424723685E-4,-5.849960726E-3
7.024124800E1,-5.316298455E-3,1.057254151E-3,-3.097051289E-3
7.025128800E1,-6.113914773E-3,2.234105021E-3,-2.155890223E-3
7.026132900E1,-3.102945164E-3,3.060217947E-3,-2.594512887E-3
7.027139900E1,-2.874812111E-3,6.532054394E-4,-8.173590759E-4
7.028144000E1,-3.275884315E-3,-2.161488868E-3,-3.459214699E-3
7.029148000E1,-5.615737289E-3,6.886254996E-4,-2.391819842E-3
7.030152000E1,-4.737161100E-3,-3.094926476E-3,-3.892244771E-3
7.031156100E1,-6.057024002E-3,-1.310875639E-3,-4.436062183E-3
7.032160100E1,-6.711628288E-3,1.621190459E-4,-4.829145037E-3
7.033167200E1,-8.920019493E-3,-3.329204395E-3,-3.013858572E-3
7.034171200E1,-2.738291398E-3,-6.585866213E-4,-3.030370222E-3
7.035175200E1,-2.185918391E-3,2.042815089E-3,-3.475565929E-3
7.036179200E1,1.204020344E-3,-2.456862479E-3,-2.760240808E-3
7.037183300E1,3.729627468E-3,-1.181012020E-3,-1.671115053E-3
7.038187300E1,3.346665762E-3,-3.763744608E-3,-4.060769454E-3
7.039194400E1,4.440293647E-3,-3.027183935E-3,-3.294152673E-3
7.040198400E1,3.933760338E-3,-1.628492028E-3,-2.907727845E-3
7.041202400E1,3.531820141E-3,-1.278430223E-3,-1.115849125E-3
7.042206500E1,2.229001373E-3,-6.414037198E-4,-8.002645336E-4
7.043210500E1,1.056181267E-3,1.667298377E-3,-2.097735414E-4
7.044214500E1,1.904398203E-3,-1.541544683E-3,4.094114993E-4
7.045221600E1,4.797188565E-3,-3.309579566E-3,2.451163484E-3
7.046225600E1,2.054132521E-3,-6.908942014E-4,3.067419166E-3
7.047229700E1,1.994309947E-3,-6.935056299E-4,4.467416555E-3
7.048233700E1,2.381267026E-3,3.704261035E-4,2.808267018E-3
7.049237700E1,4.765830003E-3,9.461753070E-4,5.159174092E-3
7.050241700E1,7.813818753E-3,-3.374684602E-4,6.764527410E-3
7.051245800E1,7.568740286E-3,1.174369827E-3,7.024182938E-3
7.052252900E1,8.241455071E-3,-5.806535482E-4,3.940508701E-3
7.053256900E1,7.123428397E-3,-1.854328439E-3,4.211434163E-3
7.054260900E1,7.338877767E-3,1.019222662E-3,3.411420621E-3
7.055264900E1,5.651199259E-3,-5.524605513E-5,3.508174792E-3
7.056269000E1,4.896991886E-3,2.498991787E-3,4.751604516E-3
7.057273000E1,3.635982983E-3,7.829926908E-4,2.677214332E-3
7.058280100E1,3.509483300E-3,-1.072430983E-3,2.161892597E-3
7.059284100E1,-2.600196749E-4,1.411188394E-3,5.701214541E-4
7.060288100E1,-8.691474795E-5,4.788152874E-4,2.314758487E-3
7.061292200E1,1.112006605E-3,-3.373858519E-3,-6.018559216E-4
7.062296200E1,2.914967015E-3,9.207557887E-4,-1.508928603E-3
7.063300200E1,2.648917027E-3,-2.678113058E-3,-1.281976933E-3
7.064307300E1,1.419868320E-3,-6.077717990E-4,-1.469463576E-3
7.065311300E1,6.850653328E-3,8.797701448E-4,-8.904376882E-4
7.066315400E1,2.088921145E-3,1.521857455E-3,-1.650237478E-3
7.067319400E1,8.788798004E-4,4.527904093E-4,3.866141196E-5
7.068323400E1,1.930561848E-3,-1.675342210E-3,-9.096902213E-4
7.069327400E1,-1.314798370E-3,-2.646073699E-5,-8.885712596E-4
7.070334500E1,1.172594726E-3,-1.105574891E-3,1.372783445E-4
7.071338500E1,1.848570071E-3,-4.565647803E-3,-3.790559713E-4
7.072342600E1,7.177917287E-4,6.505660713E-5,4.707586486E-4
7.073346600E1,3.421233967E-3,-3.106476739E-3,-1.821416663E-4
7.074350600E1,5.827666260E-3,-3.144182265E-4,6.295897765E-4
7.075354700E1,4.630872980E-3,-2.962835133E-4,1.573280431E-3
7.076358700E1,3.831392154E-3,2.576541156E-4,2.151186112E-3
7.077365800E1,2.601777203E-3,-3.425013274E-4,2.558196196E-3
7.078369800E1,1.512277871E-3,2.567097545E-4,2.072968287E-3
7.079373800E1,1.142364927E-3,4.196057096E-3,3.090295708E-3
7.080377900E1,9.760726243E-5,-4.005581141E-4,2.515851753E-3
7.081381900E1,3.424873576E-4,3.130182624E-3,3.337598871E-3
7.082385900E1,1.026387326E-3,-1.849927939E-3,2.279258799E-3
7.083393000E1,3.246995620E-3,1.364413649E-3,2.860945649E-3
7.084397000E1,8.970228955E-4,-2.836990170E-3,3.410888370E-3
7.085401000E1,1.557719894E-3,-2.378784120E-5,3.552752314E-3
7.086405100E1,2.800616436E-3,-1.081062481E-3,2.159386640E-3
7.087409100E1,1.874635927E-3,5.634911358E-4,1.652481500E-3
7.088413100E1,1.365439035E-3,-1.100452617E-3,1.810939750E-3
7.089420200E1,3.107679076E-3,-2.783379517E-3,8.025059942E-4
7.090424200E1,3.768675961E-3,-2.104273997E-3,2.483020071E-4
7.091428300E1,9.513515979E-4,-1.709401608E-3,1.438018866E-3
7.092432300E1,-2.422779799E-4,-2.361076884E-3,-1.036324189E-3
7.093436300E1,1.012049615E-4,-3.407634795E-4,5.834097974E-4
7.094440400E1,5.635302514E-4,-2.646528184E-3,3.599706106E-3
7.095447400E1,-2.289349213E-3,6.064716727E-4,2.030598931E-3
7.096451500E1,-1.692268997E-3,3.867778927E-3,3.066568635E-3
7.097455500E1,-7.870960981E-4,4.212658852E-3,1.851393143E-3
7.098460137E1,-3.982735798E-4,1.132180914E-3,3.170723328E-3
7.099464138E1,9.578773752E-4,3.871921450E-3,2.324530156E-3
7.100468238E1,-1.009134576E-3,-1.923915930E-3,2.138641896E-3
7.101472237E1,1.701787114E-4,2.343466505E-3,2.534064464E-3
7.102479337E1,-1.058869064E-3,1.096073538E-4,4.587894306E-3
7.103483338E1,-3.061132506E-3,1.368535683E-3,4.427224398E-3
7.104487338E1,-4.826009274E-3,2.419685945E-3,6.323395297E-3
7.105491437E1,-4.140745848E-3,2.195334062E-3,4.899224266E-3
7.106495437E1,-2.158554271E-3,-3.042304888E-3,3.955400083E-3
7.107499437E1,5.927579477E-4,5.698688328E-4,3.241723171E-3
7.108506537E1,7.813097909E-4,-1.485560089E-3,1.862205565E-3
7.109510537E1,4.776048474E-3,-1.593125984E-3,2.576357685E-3
7.110514637E1,3.529689275E-3,-1.429874450E-3,3.576108254E-3
7.111518637E1,4.395516589E-3,3.966255113E-3,3.291810863E-3
7.112522637E1,4.064751789E-3,-8.013360202E-4,8.531542262E-4
7.113526638E1,4.392899573E-4,-2.121832222E-4,2.882569330E-3
7.114533737E1,6.254455075E-4,2.399312332E-3,2.821848961E-3
7.115537837E1,-6.809346378E-4,1.476744190E-3,3.291124711E-3
7.116541837E1,-1.578418538E-3,-1.368843950E-3,4.375563934E-3
7.117545838E1,-2.308825031E-3,5.031414330E-4,4.919887520E-3
7.118549838E1,-2.126932144E-3,2.074407414E-3,5.061301403E-3
7.119553937E1,-2.285853028E-3,3.724787384E-3,6.612701807E-3
7.120560937E1,2.417527139E-4,1.715699211E-3,7.899540477E-3
7.121565038E1,-1.682713628E-3,5.044218153E-3,4.033375997E-3
7.122569037E1,-2.517081797E-3,3.219952807E-3,6.282947958E-3
7.123573037E1,-6.503071636E-4,6.383806467E-4,5.248547532E-3
7.124577137E1,6.847921759E-5,3.132093698E-4,3.319087671E-3
7.125581137E1,-1.448357478E-3,-6.010048091E-4,4.045837559E-3
7.126588237E1,-1.314667985E-3,-2.557362430E-3,1.463636989E-3
7.127592237E1,-3.532780334E-3,-1.052450389E-4,2.733619884E-3
7.128596237E1,-4.783401266E-3,-2.026982605E-3,1.757571241E-3
7.129600337E1,-6.321342662E-3,9.560510516E-4,1.589389867E-3
7.130604337E1,-5.872333422E-3,4.092190415E-3,8.426395943E-4
7.131608338E1,-5.922168493E-3,3.521181643E-3,2.088868292E-3
7.132612338E1,-3.639040515E-3,4.200020805E-3,1.081660856E-3
7.133619437E1,-4.570713267E-3,2.188105136E-4,-2.793477848E-3
7.134623437E1,-3.489470109E-3,6.331987679E-4,-1.097576926E-3
7.135627538E1,-3.191029653E-3,-2.235980704E-3,-7.761678426E-4
7.136631537E1,-4.838194698E-3,-3.501781262E-3,-1.838807948E-4
7.137635537E1,-5.266765133E-3,-2.122855745E-3,1.289387466E-3
7.138639637E1,-6.175169721E-3,6.468314677E-4,3.007392399E-3
7.139646638E1,-6.572078913E-3,-3.372561187E-4,5.488686729E-3
7.140650737E1,-4.961399361E-3,-2.544317394E-4,3.983734641E-3
7.141654737E1,-4.290750250E-3,7.863529027E-5,4.826144315E-3
7.142658737E1,-4.110720009E-3,2.560967579E-3,5.759049207E-3
7.143662837E1,-3.927228972E-3,8.126012981E-4,6.383826956E-3
7.144666837E1,-4.112318158E-3,1.796906814E-3,5.357710645E-3
7.145673937E1,-1.711610705E-3,1.584732905E-3,5.211340263E-3
7.146677937E1,-1.433044672E-3,2.054248005E-3,4.633966833E-3
7.147681937E1,-2.302432433E-3,-4.436901771E-3,2.654657699E-3
7.148685937E1,-1.284837723E-3,1.207401976E-3,5.652578082E-3
7.149690038E1,-1.515969634E-3,-4.368966445E-3,4.015931860E-3
7.150694037E1,4.810560495E-5,-1.482099295E-3,2.600461710E-3
7.151701137E1,3.842301667E-4,1.574970782E-3,4.134573042E-3
7.152705138E1,-2.140713856E-3,1.039940864E-3,2.811248414E-3
7.153709138E1,7.929606363E-4,-1.419806853E-3,3.887168597E-3
7.154713237E1,-1.447822899E-3,2.715662122E-4,1.593920519E-3
7.155717237E1,-2.359922975E-3,-1.480615698E-3,2.364713466E-3
7.156721237E1,-1.247253269E-3,-1.109104604E-3,2.350332448E-3
7.157725337E1,-1.541798934E-3,-2.933777869E-4,2.258719644E-3
7.158732337E1,-1.306641847E-3,2.303203568E-3,2.934363903E-3
7.159736437E1,-3.433777019E-3,8.966121823E-4,2.460802672E-3
7.160740437E1,-4.642851651E-3,3.715569153E-3,1.442676177E-3
7.161744437E1,-5.298221484E-3,4.159782082E-3,2.920174971E-3
7.162748437E1,-4.815656692E-3,-6.472226232E-4,2.248525620E-3
7.163752538E1,-3.349786624E-3,3.273382783E-3,1.668543438E-3
7.164759637E1,-3.660310060E-3,3.220662475E-4,1.909026760E-3
7.165763637E1,-4.486458376E-3,2.174952999E-3,2.892876510E-3
7.166767638E1,-5.014562979E-3,-1.052450389E-4,2.835618798E-3
7.167771638E1,-6.031855941E-3,5.251046270E-3,3.873640671E-3
7.168775737E1,-4.928775132E-3,4.643844441E-3,5.001489539E-3
7.169779737E1,-4.143675789E-3,3.023728728E-3,2.940145321E-3
7.170786838E1,-2.746049315E-3,2.335036173E-3,1.772082760E-3
7.171790838E1,-2.247504890E-3,3.500435501E-3,-5.549874622E-4
7.172794837E1,-4.283491522E-3,-2.692081034E-5,3.515525023E-4
7.173798937E1,-4.977243021E-3,2.502130345E-3,2.067218535E-3
7.174802937E1,-3.859248012E-3,-3.573056310E-4,4.796159919E-3
7.175806937E1,-4.368079826E-3,1.642659307E-3,3.690865124E-3
7.176814037E1,-7.459744811E-3,2.797672525E-3,6.498902105E-3
7.177818037E1,-7.348490879E-3,3.324005753E-3,5.320934113E-3
7.178822137E1,-6.321042776E-3,1.684563234E-3,3.546469845E-3
7.179826137E1,-4.084587097E-3,1.430066302E-3,4.028981086E-3
7.180830138E1,-1.480549574E-3,3.703944385E-4,1.372477971E-3
7.181834138E1,-1.057572663E-3,-1.808277331E-3,2.510705497E-3
7.182838237E1,-7.832664996E-4,-3.683675081E-3,7.684655720E-4
7.183845337E1,-2.425502986E-3,6.918162107E-4,-4.505651304E-4
7.184849338E1,1.128218137E-3,-3.409186378E-3,9.964394849E-5
7.185853338E1,-1.254878938E-3,9.907409549E-4,2.695153235E-4
7.186857337E1,-1.464504749E-5,7.949993014E-4,1.275923685E-3
7.187861437E1,8.519142866E-4,-1.115217805E-3,1.522201113E-3
7.188865437E1,-1.930821687E-3,-1.233994961E-3,-2.935645171E-5
7.189872537E1,-2.693418413E-3,2.899449319E-4,8.402690291E-4
7.190876537E1,-3.166127950E-3,1.336567104E-3,2.736173337E-3
7.191880537E1,-3.110902384E-3,6.861686707E-4,3.686300945E-3
7.192884637E1,-2.431264147E-3,7.564313710E-3,5.358765833E-3
7.193888637E1,-4.410525784E-3,2.224780619E-3,5.467485171E-3
7.194892638E1,-3.076015040E-3,2.468993887E-3,4.633915611E-3
7.195899737E1,-3.839917481E-4,3.098076209E-3,1.597087830E-3
7.196903737E1,2.879239619E-4,3.112724051E-3,2.025324153E-3
7.197908525E1,-1.295091584E-3,5.337428302E-4,-2.659857273E-6
7.198912525E1,-1.372857019E-3,2.571860328E-3,2.478074748E-3
7.199916525E1,-9.883306921E-4,-1.090951264E-5,1.045168028E-3
7.200920525E1,-3.459751606E-4,-7.629860193E-4,1.671238570E-4
7.201927625E1,-3.755919635E-3,1.452464610E-3,2.456781454E-3
7.202931625E1,-2.951912582E-3,2.921197563E-3,-1.464456902E-3
7.203935725E1,-3.487072885E-3,2.411391586E-3,-2.492008032E-3
7.204939725E1,-3.402117640E-3,1.129612327E-3,-1.123942202E-3
7.205943725E1,-1.716172323E-3,1.348633319E-3,-1.237320248E-5
7.206947825E1,-2.351602539E-3,1.012276858E-3,-1.354339998E-3
7.207954825E1,-5.685746670E-3,2.241406590E-3,-2.236543689E-3
7.208958925E1,-3.973601386E-3,4.251301289E-4,-1.265022438E-3
7.209962925E1,-4.542449489E-3,6.314795464E-4,-7.429232355E-4
7.210966925E1,-4.343511537E-3,-2.978434786E-3,-4.965808475E-4
7.211971025E1,-1.824928448E-3,-1.008044928E-3,2.960467245E-4
7.212975025E1,-3.711245954E-3,2.588553354E-3,-1.167093869E-3
7.213979025E1,-3.608247265E-3,-1.476823352E-3,-5.657436559E-4
7.214986125E1,-7.477458566E-4,1.016428694E-3,-4.887782270E-4
7.215990125E1,-2.225499600E-3,2.373602241E-3,-3.344513243E-4
7.216994125E1,-2.186618745E-3,1.344555989E-3,3.332032356E-4
7.217998225E1,-3.486705944E-3,3.588978201E-3,-4.384922795E-5
7.219002225E1,-5.766693503E-4,-1.055309549E-3,7.580285892E-4
7.220006225E1,-2.373540774E-3,-9.607970715E-4,8.833340835E-4
7.221013325E1,-3.205090761E-4,-8.195452392E-5,-2.933118958E-5
7.222017325E1,-9.110979736E-4,-3.202337772E-3,1.244433457E-3
7.223021425E1,-1.369161531E-3,3.449972719E-3,-1.324451761E-3
7.224025425E1,-9.344983846E-4,1.148743555E-3,2.461204771E-3
7.225029425E1,1.394435763E-3,-8.203983307E-4,2.063328400E-3
7.226033525E1,-1.387672499E-3,-1.676902175E-4,1.702804118E-3
7.227040525E1,4.650894552E-4,3.647288308E-3,5.608408246E-4
7.228044625E1,-2.383293584E-3,3.275269642E-3,-3.851547372E-4
7.229048625E1,-2.461856231E-3,9.484663606E-4,5.663926713E-4
7.230052625E1,2.686465159E-4,2.289026976E-3,1.152501674E-3
7.231056625E1,-3.645934165E-3,1.101257280E-3,-1.720250119E-3
7.232060725E1,-1.392964274E-3,1.205306500E-3,-1.714107231E-3
7.233067825E1,-5.644559860E-4,4.529198632E-3,-3.304813290E-3
7.234071825E1,-1.262068748E-3,8.568167686E-6,1.142765745E-3
7.235075825E1,-1.933718100E-3,3.894651309E-3,1.128917211E-3
7.236079825E1,-6.456151605E-4,6.725862622E-4,-2.176269190E-4
7.237083925E1,4.827668890E-4,2.269417048E-3,-2.113531344E-3
7.238087925E1,-8.330680430E-4,-1.042885706E-3,3.689527512E-5
7.239091925E1,-2.397941425E-3,1.300429925E-3,-7.396824658E-4
7.240099025E1,-8.994136006E-4,1.437868923E-4,-2.758753253E-3
7.241103025E1,-2.940194681E-3,1.543011516E-3,-1.003197394E-3
7.242107125E1,-3.943139687E-3,1.535451040E-3,-3.180280328E-4
7.243111125E1,-1.516468823E-3,-9.490121156E-4,-2.216215944E-4
7.244115125E1,-6.358139217E-5,1.870028675E-3,-1.285721199E-3
7.245119125E1,-2.448974177E-3,8.484385908E-4,-2.331278287E-3
7.246126225E1,-1.056471840E-3,-4.123112187E-3,-2.120815916E-3
7.247130325E1,-4.695095122E-4,-3.888830543E-5,-2.005767310E-3
7.248134325E1,-1.789141446E-3,3.332756460E-4,-7.132561877E-4
7.249138325E1,-1.460773870E-3,6.667021662E-4,-1.519128797E-3
7.250142325E1,-3.697596490E-3,1.197068021E-3,-3.860052675E-5
7.251146425E1,-3.964180127E-3,2.600019798E-3,2.085536718E-3
7.252153425E1,-4.316482693E-3,-3.794915974E-4,2.243324183E-3
7.253157525E1,-2.951079980E-3,1.013875008E-3,1.151694567E-3
7.254161525E1,8.205957711E-4,2.641990781E-3,9.674511384E-4
7.255165525E1,1.466146670E-3,1.437442377E-3,1.445342787E-4
7.256169625E1,6.049699150E-3,6.751883775E-4,-1.953681931E-3
7.257173625E1,3.401984461E-3,-2.006880939E-3,-2.827198710E-3
7.258180725E1,4.786074162E-3,2.855543047E-3,-2.803918440E-3
7.259184725E1,4.366360605E-3,-1.999133267E-3,-3.675038228E-3
7.260188725E1,4.022577778E-3,-3.207904287E-3,-3.277834505E-3
7.261192825E1,1.165804453E-3,-5.503352731E-4,-3.666922450E-3
7.262196825E1,-9.575979784E-4,-7.646251470E-4,-4.352737684E-3
7.263200825E1,-1.470523886E-3,1.673499122E-3,-3.750863252E-3
7.264204825E1,1.671211794E-4,1.853270456E-3,-1.155765262E-3
7.265211925E1,3.982838243E-4,-1.689799130E-3,-1.433266560E-3
7.266215925E1,-8.853645995E-4,2.975866199E-3,-1.137255342E-3
7.267220025E1,1.632921398E-3,4.570832476E-3,-1.382798771E-3
7.268224025E1,2.943863161E-3,1.348318532E-3,-1.159989741E-3
7.269228025E1,3.116702661E-3,6.140843034E-4,-1.777843223E-3
7.270232125E1,5.984663032E-3,2.812623978E-3,-1.337557100E-3
7.271239125E1,5.239509977E-3,3.856848925E-3,-1.733835554E-3
7.272243225E1,5.358253606E-3,1.553876325E-3,-2.964672633E-3
7.273247225E1,4.224812612E-3,1.904614270E-3,-2.754016547E-3
7.274251225E1,3.543110564E-3,-4.088599235E-4,-3.162165638E-3
7.275255325E1,4.964971915E-3,-3.546329215E-3,-6.819751114E-3
7.276259325E1,1.519906335E-3,-2.142684534E-3,-6.203292869E-3
7.277266425E1,-2.203724347E-3,1.614769921E-3,-7.432075217E-3
7.278270425E1,-1.253410242E-3,-1.711007208E-4,-8.468069136E-3
7.279274425E1,-5.402164534E-4,-2.677738667E-4,-7.125036791E-3
7.280278425E1,7.446249947E-4,-3.542415798E-4,-8.601128124E-3
7.281282525E1,1.856761053E-3,-2.640563995E-3,-9.905810468E-3
7.282286525E1,9.994246066E-4,-2.045743167E-5,-1.091200300E-2
7.283293625E1,1.945379190E-3,-1.401573420E-3,-9.167632088E-3
7.284297625E1,-5.470728502E-4,-4.867459647E-3,-1.025328040E-2
7.285301625E1,-7.800990716E-4,-1.015730202E-3,-1.014861837E-2
7.286305725E1,-5.068266764E-4,-9.400695562E-4,-1.073411666E-2
7.287309725E1,-3.342526034E-4,-1.556324773E-3,-1.211070456E-2
7.288313725E1,5.286447704E-4,4.663784057E-4,-1.125543471E-2
7.289320825E1,5.193231627E-4,2.663750201E-4,-1.223201584E-2
7.290324825E1,-7.579475641E-5,-1.645777375E-4,-1.011169795E-2
7.291328925E1,-1.213231124E-3,-1.114793122E-3,-1.204861514E-2
7.292332925E1,9.325332940E-5,1.255990937E-3,-1.215640083E-2
7.293336925E1,5.547795445E-4,-3.301742487E-3,-1.256972365E-2
7.294340925E1,-1.156705432E-3,-4.637371749E-4,-1.427709870E-2
7.295345025E1,1.475562342E-3,-2.860582434E-3,-1.425819099E-2
7.296352125E1,2.764968202E-3,-2.839248627E-4,-1.434438583E-2
7.297356125E1,1.318339258E-3,-4.532465711E-3,-1.498540863E-2
7.298358225E1,2.022411674E-3,-1.940852962E-3,-1.307757013E-2
7.299362225E1,2.236530185E-3,-3.550467081E-3,-1.304641087E-2
7.300366325E1,-5.713412538E-4,-2.527595498E-3,-1.043835096E-2
7.301370325E1,-2.618779428E-3,-6.476696581E-4,-1.188817620E-2
7.302377425E1,-2.970387228E-3,-1.606699079E-4,-9.312287904E-3
7.303381425E1,-6.249005906E-3,-2.312238328E-3,-1.131791435E-2
7.304385425E1,-4.477630369E-3,-1.605467871E-3,-1.125202421E-2
7.305389525E1,-4.499201663E-3,-1.168176532E-3,-1.208053343E-2
7.306393525E1,-6.518512033E-3,4.441644996E-4,-1.138003729E-2
7.307397525E1,-7.300681435E-3,-1.485029235E-3,-1.333373226E-2
7.308404625E1,-5.281907506E-3,4.256580025E-3,-1.205236837E-2
7.309408625E1,-5.228376947E-3,-1.691857353E-3,-9.910920635E-3
7.310412725E1,-3.256571479E-3,3.349876031E-3,-9.946542792E-3
7.311416725E1,-5.256871693E-3,1.402571797E-3,-1.001844835E-2
7.312420725E1,-4.705769010E-3,2.198709175E-3,-1.037280634E-2
7.313424725E1,-4.447442479E-3,6.586033851E-4,-1.122555137E-2
7.314431825E1,-2.398769371E-3,1.536427066E-3,-8.665094152E-3
7.315435825E1,-3.521292470E-3,3.568684682E-3,-1.236901805E-2
7.316439925E1,-4.986762069E-3,5.236899480E-3,-1.092733350E-2
7.317443925E1,-3.246919252E-3,2.703433856E-3,-9.711068124E-3
7.318447925E1,-4.884765483E-3,2.977373078E-3,-9.818458930E-3
7.319452025E1,-4.143075086E-3,2.895880491E-3,-1.012418978E-2
7.320456025E1,-3.434837796E-3,2.252602950E-3,-1.191565767E-2
7.321463125E1,-7.215461694E-3,2.651011571E-3,-1.296387799E-2
7.322467125E1,-5.957218818E-3,6.261672825E-4,-1.271271706E-2
7.323471125E1,-6.966290064E-3,8.022040129E-4,-1.341818832E-2
7.324475225E1,-9.571858682E-3,1.139268279E-3,-1.241572388E-2
7.325479225E1,-8.688488044E-3,-4.359912127E-4,-1.256858930E-2
7.326483225E1,-1.127309073E-2,1.715926453E-3,-1.089147106E-2
7.327490325E1,-1.070716884E-2,2.802163363E-4,-1.246300153E-2
7.328494325E1,-1.091675553E-2,-6.327982992E-4,-1.012753602E-2
7.329498325E1,-1.067440864E-2,2.444483340E-3,-1.091050543E-2
7.330502425E1,-9.623528458E-3,1.814015210E-3,-1.135904901E-2
7.331506425E1,-7.921236567E-3,2.619888633E-3,-1.081203483E-2
7.332510425E1,-6.502070464E-3,4.300475121E-3,-9.508877061E-3
7.333517525E1,-6.548675708E-3,5.053883418E-3,-9.416199289E-3
7.334521525E1,-8.316417225E-3,2.609282732E-3,-8.462473750E-3
7.335525625E1,-6.697748788E-3,3.450043499E-3,-7.408128120E-3
7.336529625E1,-8.338320069E-3,1.050621271E-3,-7.630549837E-3
7.337533625E1,-7.138566114E-3,2.552909777E-3,-5.914142355E-3
7.338537725E1,-6.446274929E-3,1.122532412E-3,-6.741085090E-3
7.339544725E1,-7.240164094E-3,-8.988063782E-4,-6.849208847E-3
7.340548825E1,-5.020583980E-3,1.538300887E-3,-5.624447484E-3
7.341552825E1,-6.015275605E-3,9.348280728E-4,-7.796521299E-3
7.342556825E1,-4.665055312E-3,1.046493649E-3,-6.484252866E-3
7.343560825E1,-4.616587423E-3,1.963419840E-3,-5.877584685E-3
7.344564925E1,-3.594993614E-3,2.163611352E-3,-6.841246039E-3
7.345572025E1,-9.257076308E-4,7.974095643E-4,-5.411661230E-3
7.346576025E1,-1.945401542E-3,2.589661628E-3,-6.218808237E-3
7.347580025E1,-3.267395310E-3,4.220847040E-3,-5.633978173E-3
7.348584025E1,-5.877825432E-3,4.041882232E-3,-5.394027103E-3
7.349588125E1,-6.005923264E-3,4.051204771E-3,-4.869384691E-3
7.350592125E1,-7.473460399E-3,1.189198345E-3,-6.908737589E-3
7.351596125E1,-7.476656698E-3,6.794687361E-4,-4.698846489E-3
7.352603225E1,-7.747034542E-3,9.872205555E-5,-6.118359044E-3
7.353607225E1,-7.621598430E-3,4.397861660E-3,-5.084253848E-3
7.354611325E1,-6.649940275E-3,2.050556242E-3,-6.131171249E-3
7.355615325E1,-6.137014367E-3,5.543921143E-4,-9.065175429E-3
7.356619325E1,-2.608628012E-3,5.919840187E-4,-8.891799487E-3
7.357623325E1,-2.129792236E-3,2.321440727E-3,-9.789817035E-3
7.358630425E1,-3.991075791E-3,4.415139556E-4,-9.782093577E-3
7.359634525E1,-4.336486571E-3,3.470594063E-3,-8.575149812E-3
7.360638525E1,-7.711774670E-3,1.435931772E-4,-9.165501222E-3
7.361642525E1,-4.613188095E-3,1.041611657E-3,-7.322594058E-3
7.362646525E1,-5.480050109E-3,-4.485808313E-5,-6.444429979E-3
7.363650625E1,-5.768205039E-3,-3.860901110E-3,-6.961615756E-3
7.364657625E1,-4.914323799E-3,-2.533938736E-3,-6.333647296E-3
7.365661725E1,-3.240260296E-3,-1.212744042E-3,-6.690244190E-3
7.366665725E1,-1.999662258E-3,1.587249339E-3,-5.283387378E-3
7.367669725E1,-2.255857922E-3,-3.917440772E-4,-5.084981676E-3
7.368673825E1,-4.282956943E-4,-2.620501444E-3,-5.074886139E-3
7.369677825E1,-1.142024063E-3,-2.718506381E-3,-6.373709533E-3
7.370684925E1,1.348797232E-3,-1.431439072E-3,-6.612188183E-3
7.371688925E1,1.037473790E-3,-5.315658636E-3,-8.310485631E-3
7.372692925E1,-2.539520152E-3,-8.286386728E-4,-7.220230065E-3
7.373697025E1,-4.982063547E-4,1.168198884E-3,-7.801597938E-3
7.374701025E1,-1.541697420E-3,-2.475082874E-3,-5.969593301E-3
7.375705025E1,2.132666297E-3,-1.785856672E-3,-7.625812665E-3
7.376712125E1,1.820577309E-3,1.558044925E-3,-7.605181076E-3
7.377716125E1,1.756927930E-3,-4.784744233E-4,-9.033966810E-3
7.378720125E1,3.219102509E-3,-3.362899646E-3,-8.733852766E-3
7.379724225E1,3.942416981E-3,-6.552567706E-3,-7.560197264E-3
7.380728225E1,2.707676031E-3,-1.164505258E-3,-9.815338068E-3
7.381732225E1,3.838454373E-3,-1.740546897E-3,-8.462718688E-3
7.382736325E1,2.708672546E-3,-2.385284752E-4,-9.184020571E-3
7.383743325E1,2.988038585E-3,-2.959480509E-3,-9.584560059E-3
7.384747425E1,3.929222003E-4,1.220267266E-3,-8.899959736E-3
7.385751425E1,-7.426505908E-4,-6.516687572E-4,-9.060548618E-3
7.386755425E1,1.729658805E-3,-1.360725611E-3,-6.458545104E-3
7.387759525E1,-5.425503477E-4,1.082725823E-3,-5.038813688E-3
7.388763525E1,-7.907217368E-4,1.109562814E-3,-4.595926031E-3
7.389770625E1,2.094547264E-3,2.890434116E-4,-4.934414290E-3
7.390774625E1,1.650401391E-3,2.162847668E-3,-6.168405525E-3
7.391778625E1,2.079702914E-3,7.068980485E-4,-8.163912222E-3
7.392782625E1,-1.471792348E-3,-2.953662537E-3,-8.331252262E-3
7.393786725E1,-3.578885458E-3,-3.876980394E-3,-9.436197579E-3
7.394790725E1,-3.507846035E-3,1.316985115E-3,-1.034978405E-2
7.395797825E1,-4.589888267E-3,-2.617302351E-3,-1.159427874E-2
7.396801825E1,-5.362934433E-3,-2.667016350E-3,-1.221540291E-2
7.397805825E1,-4.757330753E-3,-2.249432728E-3,-1.184415910E-2
7.398810887E1,-2.175332047E-3,3.760010004E-4,-1.095708087E-2
7.399814887E1,-3.906386904E-3,-7.822085172E-4,-1.098850556E-2
7.400818887E1,2.006897703E-3,-6.228648126E-4,-9.826231748E-3
7.401825987E1,3.513447940E-3,-1.171475276E-3,-9.174556471E-3
7.402829987E1,3.261278383E-3,4.073396325E-3,-9.941423312E-3
7.403834087E1,2.461264841E-3,-2.686232328E-4,-8.250315674E-3
7.404838087E1,2.132263966E-3,-4.316493869E-4,-7.669722661E-3
7.405842088E1,-3.231698647E-4,-8.170865476E-5,-9.806376882E-3
7.406846088E1,8.309110999E-4,-2.325512469E-3,-8.230948821E-3
7.407850187E1,-2.396786585E-4,-3.291973844E-3,-6.118263118E-3
7.408857287E1,-1.328348182E-3,-2.608829178E-3,-7.120287977E-3
7.409861288E1,-2.037548460E-3,-2.121470869E-3,-5.498955958E-3
7.410865287E1,-3.847067244E-3,-3.518865444E-3,-4.676404409E-3
7.411869287E1,-2.073402517E-3,-8.663572371E-4,-4.374401644E-3
7.412873387E1,9.475266561E-4,-4.580715671E-3,-4.061362240E-3
7.413877387E1,2.131567337E-3,-6.429646164E-4,-4.452314228E-3
7.414884487E1,5.105886608E-3,-7.814038545E-4,-4.608933814E-3
7.415888487E1,4.957548343E-3,-3.780389205E-3,-6.676345598E-3
7.416892487E1,4.042349756E-3,1.339798793E-3,-6.236361340E-3
7.417896587E1,5.894312635E-3,-7.228199393E-4,-3.933792468E-3
7.418900587E1,3.206649795E-3,4.167543724E-3,-6.025705487E-3
7.419904588E1,1.950437203E-3,-1.499396749E-3,-6.035825238E-3
7.420911687E1,1.449165866E-4,2.372706309E-3,-5.009930581E-3
7.421915687E1,-3.836509772E-3,4.336254671E-3,-4.564915784E-3
7.422919787E1,-6.970320828E-3,-1.626294106E-4,-3.895248519E-3
7.423923788E1,-9.237735532E-3,-5.104206502E-5,-4.511238076E-3
7.424927787E1,-1.041967887E-2,2.045003697E-3,-4.825685173E-3
7.425931787E1,-7.138664834E-3,3.371523693E-3,-5.432086997E-3
7.426938888E1,-7.060934789E-3,4.477491602E-3,-6.875375751E-3
7.427942988E1,-7.159470581E-3,6.677528843E-3,-5.176012870E-3
7.428946987E1,-5.949697457E-3,4.537813365E-3,-5.206953268E-3
7.429950987E1,-3.312102519E-3,-1.230327412E-3,-4.525450058E-3
7.430954987E1,-6.516051479E-3,2.805558965E-3,-5.396522582E-3
7.431959087E1,-5.783681758E-3,1.089684665E-3,-4.693713970E-3
7.432966087E1,-6.938393228E-3,2.678390592E-3,-6.350540090E-3
7.433970187E1,-9.699027054E-3,1.946553588E-3,-6.182228681E-3
7.434974187E1,-9.454353712E-3,2.787234262E-3,-7.741702721E-3
7.435978187E1,-4.610062577E-3,3.737449646E-3,-5.798393860E-3
7.436982287E1,-8.091646247E-3,3.008145839E-3,-3.017983399E-3
7.437986288E1,-5.669767968E-3,2.797223628E-3,-1.558837248E-3
7.438990287E1,-4.111216404E-3,2.623133361E-3,1.186811598E-3
7.439997387E1,-4.849712364E-3,1.146676019E-3,3.268604632E-3
7.441001388E1,-8.488257416E-3,3.950536251E-3,6.061560009E-3
7.442005488E1,-8.145508356E-3,2.566492185E-3,6.080202293E-3
7.443009487E1,-8.045473136E-3,5.424210802E-3,6.269501522E-3
7.444013487E1,-1.076349523E-2,7.739296183E-3,6.299062632E-3
7.445017487E1,-1.059495192E-2,4.803640768E-3,6.604142021E-3
7.446024588E1,-1.161973644E-2,5.437739193E-3,5.332748871E-3
7.447028587E1,-1.156636979E-2,8.606497198E-3,4.499760456E-3
7.448032687E1,-1.052267756E-2,6.771579385E-3,5.535730161E-3
7.449036687E1,-1.231778320E-2,2.683902159E-3,1.415842911E-3
7.450040687E1,-1.211218815E-2,4.180332646E-3,3.178215120E-4
7.451044787E1,-1.238455903E-2,3.787510097E-3,-1.673567574E-3
7.452051787E1,-1.003938075E-2,2.932369709E-3,-2.906344831E-3
7.453055887E1,-7.138467394E-3,2.610666677E-3,-3.415397601E-3
7.454059887E1,-4.797548987E-3,8.181199431E-3,-3.544028383E-3
7.455063888E1,-7.404386066E-3,8.333897218E-3,-3.149786964E-3
7.456067988E1,-9.307746775E-3,4.970323294E-3,-1.139633125E-3
7.457071987E1,-1.431388874E-2,7.848739624E-3,-8.512804052E-4
7.458079087E1,-1.589447632E-2,6.231667474E-3,5.605851766E-5
7.459083088E1,-2.019697800E-2,1.054230891E-2,-3.183435649E-3
7.460087088E1,-2.406495064E-2,4.232481122E-3,-5.748592317E-3
7.461091087E1,-2.478923649E-2,4.087485373E-3,-7.334145717E-3
7.462095187E1,-2.769314498E-2,4.612928256E-3,-8.266785182E-3
7.463099187E1,-2.271133661E-2,7.632536814E-3,-8.290433325E-3
7.464106288E1,-2.089932188E-2,1.570917666E-3,-9.491252713E-3
7.465110287E1,-2.010573074E-2,3.383150324E-3,-7.381351199E-3
7.466114287E1,-2.126447111E-2,6.486797705E-3,-5.572265945E-3
7.467118387E1,-2.143838257E-2,4.732688889E-3,-4.137507640E-3
7.468122387E1,-2.351058647E-2,8.253121749E-3,-1.466090558E-3
7.469126388E1,-2.199647576E-2,6.454002112E-3,-1.376819215E-3
7.470130488E1,-2.516350895E-2,5.185272545E-3,-2.062050626E-3
7.471137487E1,-2.377952635E-2,7.345004007E-3,-1.851637964E-3
7.472141587E1,-2.407700196E-2,5.004351959E-3,-2.753650770E-3
7.473145588E1,-2.174567431E-2,8.694872260E-3,-3.583029844E-3
7.474149588E1,-1.805825904E-2,4.097990692E-3,-2.354513388E-3
7.475153587E1,-1.759659871E-2,3.822525963E-3,-4.275548272E-3
7.476157687E1,-1.510734204E-2,1.420887187E-3,-4.751987755E-3
7.477164788E1,-1.417993102E-2,1.197228208E-3,-4.469983745E-3
7.478168788E1,-1.460949797E-2,3.504857421E-3,-3.149055876E-3
7.479172787E1,-1.530245785E-2,1.648215577E-3,-5.038188770E-3
7.480176787E1,-1.550299395E-2,3.646118566E-3,-5.982545204E-3
7.481180887E1,-1.629061997E-2,5.778145045E-3,-5.359724630E-3
7.482184887E1,-1.428765710E-2,7.421847433E-3,-5.559728015E-3
7.483191987E1,-1.477914583E-2,5.423245952E-3,-7.757276297E-3
7.484195987E1,-1.378791686E-2,6.014201790E-3,-9.854516014E-3
7.485199987E1,-8.870220743E-3,5.570812151E-3,-1.021899935E-2
7.486204087E1,-1.309239585E-2,2.714572474E-3,-1.017585676E-2
7.487208088E1,-1.260766480E-2,2.100840211E-4,-1.004828978E-2
7.488212088E1,-1.382579561E-2,2.543011680E-3,-1.130530145E-2
7.489219187E1,-1.175835263E-2,3.147592768E-3,-1.112568192E-2
7.490223187E1,-1.390832197E-2,2.030929551E-3,-1.254887506E-2
7.491227288E1,-1.482015941E-2,9.491350502E-4,-1.181167271E-2
7.492231288E1,-1.825244352E-2,1.499611884E-3,-1.171899494E-2
7.493235287E1,-1.703510806E-2,1.319199800E-3,-1.200033724E-2
7.494239287E1,-2.227593958E-2,2.732273191E-3,-1.253483444E-2
7.495243387E1,-2.162982523E-2,3.113685176E-3,-1.223643869E-2
7.496250387E1,-2.412387729E-2,7.670354098E-3,-1.121271960E-2
7.497254487E1,-2.304549888E-2,2.197396010E-3,-1.376805268E-2
7.498257454E1,-2.369743958E-2,5.236862227E-3,-1.141728088E-2
7.499261454E1,-2.356714010E-2,1.770481467E-3,-1.318043470E-2
7.500265554E1,-2.223396301E-2,4.034169018E-3,-1.262303535E-2
7.501269554E1,-1.995605975E-2,-3.962997347E-3,-1.204701699E-2
7.502276654E1,-1.742632315E-2,-1.439385116E-3,-1.206219569E-2
7.503280654E1,-1.325335260E-2,1.761117950E-3,-1.261235867E-2
7.504284654E1,-1.459265593E-2,1.190934330E-3,-1.255696453E-2
7.505288754E1,-1.094179694E-2,2.282846719E-3,-1.156772673E-2
7.506292754E1,-1.157749351E-2,-2.096053213E-4,-1.211740356E-2
7.507296754E1,-1.182240155E-2,2.310922369E-3,-1.143451408E-2
7.508303854E1,-1.459981222E-2,1.108771190E-3,-1.210616343E-2
7.509307854E1,-1.592373475E-2,1.191416755E-3,-1.113255881E-2
7.510311854E1,-1.537619065E-2,-1.226468012E-3,-1.069313753E-2
7.511315954E1,-1.285151485E-2,7.213689387E-4,-1.191100106E-2
7.512319954E1,-1.573252305E-2,-3.869654611E-3,-1.005664188E-2
7.513323954E1,-1.303577144E-2,1.625828445E-3,-1.131673064E-2
7.514331054E1,-1.538254973E-2,2.141682431E-3,-9.103910066E-3
7.515335054E1,-1.453233603E-2,3.108508885E-3,-8.425509557E-3
7.516339154E1,-1.721067727E-2,5.885919556E-3,-8.026034571E-3
7.517343154E1,-1.635763049E-2,5.143100396E-3,-8.517649025E-3
7.518347154E1,-1.727402583E-2,-1.126779243E-3,-9.909151122E-3
7.519351254E1,-1.503583882E-2,7.298123091E-4,-8.937391452E-3
7.520358254E1,-1.428136509E-2,2.504808828E-3,-6.875838153E-3
7.521362354E1,-1.339556556E-2,1.070275903E-4,-3.233237425E-3
7.522366354E1,-1.185252983E-2,7.244832814E-3,-1.892868429E-3
7.523370354E1,-1.229697745E-2,5.884883925E-3,-1.950730337E-3
7.524374354E1,-8.960834704E-3,7.320061326E-3,-1.030293060E-4
7.525378454E1,-9.067363106E-3,6.809191778E-3,-2.034697682E-3
7.526382454E1,-8.637263440E-3,7.146615535E-3,-2.038159873E-3
7.527389554E1,-1.202077139E-2,5.331877619E-3,-5.586816464E-3
7.528393554E1,-1.425596233E-2,3.556082025E-3,-8.561567403E-3
7.529397554E1,-1.723091677E-2,-3.119027242E-3,-1.228496153E-2
7.530401654E1,-1.674196124E-2,-9.277779609E-4,-1.369856764E-2
7.531405654E1,-1.709180325E-2,-2.296932973E-3,-1.362091023E-2
7.532409654E1,-1.995869726E-2,1.251729205E-3,-1.364860684E-2
7.533416754E1,-1.779993623E-2,1.695144922E-3,-1.395673491E-2
7.534420754E1,-1.800766215E-2,2.893302590E-3,-1.370985992E-2
7.535424854E1,-1.433346700E-2,4.963681102E-3,-1.278709620E-2
7.536428854E1,-1.213795785E-2,3.701874986E-3,-1.327312365E-2
7.537432854E1,-8.779208176E-3,6.549876183E-3,-1.457677782E-2
7.538436854E1,-3.795367666E-3,1.309040934E-3,-1.028322801E-2
7.539443954E1,1.467432827E-3,-7.919849828E-3,-1.190321613E-2
7.540448054E1,6.542618386E-3,-4.788504913E-3,-6.853063591E-3
7.541452054E1,1.175949071E-2,-6.519680843E-3,-4.343942739E-3
7.542456054E1,1.798835769E-2,-9.073918685E-3,1.326726284E-3
7.543460054E1,2.535272762E-2,-1.068119984E-2,5.969745107E-3
7.544464154E1,3.227534890E-2,-1.161011029E-2,1.082894765E-2
7.545471154E1,3.467435762E-2,-1.391921099E-2,1.435117703E-2
7.546475254E1,3.981558979E-2,-1.311413758E-2,1.603216305E-2
7.547479254E1,4.132843390E-2,-1.315325499E-2,1.688900404E-2
7.548483254E1,4.319344461E-2,-1.232021861E-2,1.860434562E-2
7.549487354E1,4.087382555E-2,-7.648901083E-3,1.944414526E-2
7.550491354E1,3.895741701E-2,-3.550562076E-3,1.790989749E-2
7.551498454E1,3.661523387E-2,-2.211610787E-3,1.423637755E-2
7.552502454E1,3.654678911E-2,-6.535785273E-3,1.123552769E-2
7.553506454E1,3.371528909E-2,-7.857506163E-3,8.192037232E-3
7.554510554E1,3.546711430E-2,-7.860968821E-3,3.797821002E-3
7.555514554E1,3.637462109E-2,-1.100647263E-2,1.219372381E-3
7.556518554E1,3.464116901E-2,-9.500188753E-3,7.583791157E-4
7.557522554E1,3.479030356E-2,-9.732479230E-3,2.214025008E-4
7.558529654E1,3.343528509E-2,-9.571356699E-3,1.005969825E-3
7.559533654E1,3.324779868E-2,-1.081691775E-2,7.106250850E-4
7.560537754E1,3.402251378E-2,-1.045579277E-2,1.212676289E-4
7.561541754E1,3.043663874E-2,-7.861021906E-3,1.454120968E-3
7.562545754E1,2.952423878E-2,-8.853848092E-3,3.601427656E-3
7.563549854E1,2.911038138E-2,-6.498090923E-3,6.333752535E-3
7.564556854E1,2.700089291E-2,-4.155840725E-3,1.059481036E-2
7.565560954E1,2.589710802E-2,-2.483130433E-3,1.171722636E-2
7.566564954E1,2.311490476E-2,-1.193094999E-3,1.255851891E-2
7.567568954E1,1.822175458E-2,-5.787441507E-3,1.143559720E-2
7.568573054E1,1.305229217E-2,-4.028956406E-3,1.088592131E-2
7.569577054E1,9.849270806E-3,-6.975966506E-3,8.460317738E-3
7.570584154E1,3.715211526E-3,-5.539457314E-3,6.367338821E-3
7.571588154E1,2.522878349E-3,-6.640607491E-3,2.901493339E-3
7.572592154E1,1.902362332E-3,-4.912748002E-3,1.286552753E-3
7.573596154E1,2.398312092E-3,-4.673079588E-3,1.156983664E-3
7.574600254E1,5.519536324E-3,-4.926878959E-3,-2.606170019E-4
7.575604254E1,5.120131187E-3,-1.876234077E-3,-2.867462579E-3
7.576611354E1,5.027453415E-3,-2.521252260E-3,-5.458984524E-3
7.577615354E1,8.961671963E-3,-3.076251596E-4,-5.846064538E-3
7.578619354E1,9.933459572E-3,-1.588606276E-3,-9.753720835E-3
7.579623454E1,1.166344900E-2,-9.177569300E-4,-6.879105233E-3
7.580627454E1,1.376441680E-2,-3.423257731E-3,-7.618398406E-3
7.581631454E1,1.185040362E-2,-6.388687529E-3,-6.050861441E-3
7.582638554E1,1.066822559E-2,-8.675278164E-3,-7.527850568E-3
7.583642554E1,1.384331379E-2,-7.488925010E-3,-6.039896049E-3
7.584646654E1,1.187204197E-2,-9.185625240E-3,-3.478467464E-3
7.585650654E1,1.066572405E-2,-5.031119101E-3,-1.608234481E-3
7.586654654E1,1.165269222E-2,-4.585837945E-3,-3.107860452E-3
7.587658654E1,1.417893730E-2,-3.247392364E-3,5.983458832E-4
7.588662754E1,1.623409800E-2,-1.985053532E-3,1.820204081E-3
7.589669854E1,1.861932687E-2,-2.390269190E-3,6.789982319E-3
7.590673854E1,1.854182780E-2,-1.223804429E-3,6.758557633E-3
7.591677854E1,1.970073581E-2,-6.649252027E-4,9.808888659E-3
7.592681854E1,2.047331817E-2,-1.579986885E-3,1.102568675E-2
7.593685954E1,1.621109433E-2,8.791312575E-4,1.007309742E-2
7.594689954E1,1.636156254E-2,2.289541066E-3,8.699704893E-3
7.595697054E1,1.048213802E-2,-1.233693212E-3,9.516693652E-3
7.596701054E1,1.008319668E-2,-1.424640417E-3,8.849571459E-3
7.597705054E1,5.990878679E-3,-2.036876976E-4,1.020186488E-2
7.598708137E1,3.286705352E-3,4.253910854E-3,1.043276116E-2
7.599712137E1,4.496444948E-3,7.077474147E-4,1.187468600E-2
7.600716137E1,6.402735598E-3,5.613289773E-3,1.333622914E-2
7.601723238E1,9.835822508E-3,7.505599409E-3,1.350257453E-2
7.602727237E1,1.163745113E-2,6.374821067E-3,1.441896893E-2
7.603731337E1,1.774843410E-2,5.038356408E-3,1.163311582E-2
7.604735337E1,2.259618416E-2,7.593924180E-3,1.479561999E-2
7.605739337E1,2.274995297E-2,5.458703265E-3,1.487184688E-2
7.606743337E1,2.381894737E-2,6.096530706E-3,1.468862221E-2
7.607750437E1,2.050108090E-2,2.685517073E-3,1.286038384E-2
7.608754437E1,1.862301864E-2,-5.896389484E-4,1.371525880E-2
7.609758537E1,1.240321063E-2,2.936454490E-3,1.240586303E-2
7.610762537E1,9.317938238E-3,-2.790673636E-3,9.862011299E-3
7.611766538E1,8.565226570E-3,-3.994268365E-3,7.471501362E-3
7.612770637E1,6.091149524E-3,-2.150828019E-3,9.920012206E-3
7.613777637E1,7.381553762E-3,3.899391741E-4,6.527467165E-3
7.614781738E1,8.464927785E-3,1.156929880E-3,7.001775783E-3
7.615785738E1,1.225107443E-2,2.583332360E-3,7.276488468E-3
7.616789737E1,1.388811972E-2,1.197690144E-3,7.238938473E-3
7.617793837E1,1.343668066E-2,1.192504540E-3,5.206216592E-3
7.618797837E1,1.190536283E-2,-6.610527635E-5,5.069063976E-3
7.619801837E1,1.051322930E-2,7.464531809E-4,4.959710874E-3
7.620808937E1,1.000323519E-2,7.693469524E-5,2.752483590E-3
7.621812937E1,9.316803887E-3,1.999301836E-3,3.930226900E-3
7.622816937E1,8.057128638E-3,-4.738229327E-3,2.913964214E-3
7.623821037E1,5.189497955E-3,1.391688362E-3,3.463336267E-3
7.624825037E1,2.458692528E-3,-3.974313848E-3,5.789340939E-3
7.625829038E1,2.198239788E-3,5.005300045E-5,3.511890071E-3
7.626836137E1,2.685864456E-3,3.073140979E-4,5.051996559E-3
7.627840137E1,1.867905259E-3,7.591452450E-4,3.651910927E-3
7.628844238E1,3.543565981E-3,2.118689939E-3,2.347760834E-3
7.629848238E1,3.347131424E-3,-6.630737334E-4,8.607928175E-4
7.630852237E1,7.594873197E-3,-1.367747784E-3,1.044551609E-4
7.631856337E1,6.976583973E-3,2.323362976E-3,-4.863359500E-4
7.632863338E1,9.213373065E-3,-6.500557065E-4,2.765411045E-5
7.633867438E1,1.014571358E-2,2.356333658E-3,2.472318942E-3
7.634871437E1,9.861554950E-3,-7.353350520E-5,-4.223780707E-5
7.635875437E1,9.195862338E-3,-1.427248120E-3,1.545968000E-3
7.636879437E1,8.091982454E-3,-2.994251437E-3,3.512712661E-3
7.637883537E1,8.488694206E-3,-3.313802183E-3,1.972443424E-3
7.638890637E1,7.078018039E-3,-1.211503521E-3,2.700551646E-3
7.639894637E1,6.341681816E-3,-6.583686918E-4,3.374097170E-3
7.640898637E1,7.140630856E-3,1.184804365E-3,1.970345154E-3
7.641902637E1,5.113031715E-3,-3.095857799E-3,2.034883248E-3
7.642906738E1,6.442748010E-3,-1.197822392E-3,5.166151095E-4
7.643910738E1,7.026984356E-3,-1.953221858E-3,2.414957620E-3
7.644917837E1,8.067747578E-3,-8.099265397E-4,1.707116608E-4
7.645921837E1,8.158263750E-3,-3.913365304E-3,-1.524457475E-4
7.646925838E1,8.914867416E-3,-3.561805934E-4,9.746039286E-4
7.647929938E1,6.332530640E-3,6.186366081E-4,4.439284094E-4
7.648933937E1,9.362408891E-3,2.371262759E-3,1.907601953E-3
7.649937937E1,8.152933791E-3,2.477541566E-4,1.366805984E-3
7.650941937E1,8.421380073E-3,9.302422404E-5,2.609703224E-3
7.651949038E1,6.868690252E-3,-2.083228901E-3,2.671975642E-3
7.652953137E1,7.004245184E-3,3.103543073E-3,2.504729200E-3
7.653957137E1,4.061185755E-3,-5.915928632E-4,4.075727891E-3
7.654961137E1,3.385808319E-3,2.387817949E-4,3.668796737E-3
7.655965137E1,2.409460023E-3,6.975252181E-4,3.412401769E-3
7.656969238E1,3.816141747E-3,-3.743972629E-4,3.095752094E-3
7.657976337E1,2.872946672E-3,-2.409864217E-3,1.963798190E-3
7.658980337E1,2.901442349E-3,-5.331356078E-4,2.128381515E-3
7.659984337E1,3.966574557E-3,-4.284839146E-3,2.097667195E-3
7.660988338E1,3.099448979E-3,6.305575371E-4,3.227646463E-3
7.661992438E1,2.990960144E-3,2.453448251E-3,6.222986849E-4
7.662996437E1,5.437872373E-3,2.994835377E-4,3.766426817E-3
7.664003537E1,6.823915057E-3,2.561472356E-3,2.741285134E-3
7.665007538E1,7.078513503E-3,1.839488745E-3,2.091474365E-3
7.666011538E1,7.832491770E-3,1.206381246E-3,2.242221730E-3
7.667015637E1,5.326457322E-3,-2.066111192E-3,1.429425087E-3
7.668019637E1,4.547314718E-3,-1.357739791E-3,2.406169195E-3
7.669023637E1,4.854111001E-3,-1.047747210E-3,6.527437363E-4
7.670030737E1,4.945284687E-3,-9.524766356E-4,3.547401866E-3
7.671034737E1,2.913558856E-3,1.452891156E-3,2.805711469E-3
7.672038837E1,1.397991553E-3,1.941220835E-3,3.086697310E-3
7.673042837E1,2.354065888E-3,3.529530019E-3,3.179109190E-3
7.674046837E1,2.766859718E-3,7.106363773E-4,2.119520679E-3
7.675050838E1,-3.931298852E-5,3.232650459E-3,3.166409675E-3
7.676057937E1,1.594228670E-3,4.925386980E-3,3.077353584E-3
7.677061937E1,1.550818793E-3,9.841751307E-4,2.960973652E-3
7.678066037E1,1.748977229E-4,5.804922432E-3,4.299922846E-3
7.679070038E1,2.006620169E-3,3.632847220E-4,4.760383628E-3
7.680074038E1,-2.073907293E-3,3.702823073E-3,6.915834732E-3
7.681078137E1,-2.680041827E-3,3.789309412E-4,7.275095209E-3
7.682082137E1,-1.232675277E-3,2.861283720E-4,5.068439059E-3
7.683089238E1,1.730623655E-3,2.181233838E-3,2.209269442E-3
7.684093237E1,2.010884695E-3,1.387853175E-3,2.675749827E-3
7.685097237E1,4.507864825E-3,1.671480015E-3,-7.807669463E-4
7.686101337E1,6.086316891E-3,3.586241975E-3,6.127767265E-4
7.687105337E1,5.258073099E-3,-1.204518601E-3,-1.137452782E-3
7.688109337E1,5.992806517E-3,-2.472034656E-3,3.680062946E-5
7.689116437E1,6.504931487E-3,-1.393986866E-3,-7.152759936E-4
7.690120437E1,7.482584566E-3,-1.600004733E-3,7.479207125E-5
7.691124437E1,5.177618004E-3,-1.224838197E-4,1.240191283E-3
7.692128537E1,8.214054629E-3,-2.757717855E-3,1.267111627E-3
7.693132538E1,3.041129559E-3,6.197020411E-4,2.109469380E-3
7.694136538E1,3.719872795E-3,1.469543204E-3,2.953261370E-3
7.695143637E1,4.222145304E-3,4.770265892E-3,4.094426520E-3
7.696147637E1,2.930236049E-3,2.141548321E-3,5.237198435E-3
7.697151738E1,4.220005125E-3,3.161007538E-3,6.339481100E-3
7.698155800E1,4.014813341E-3,-6.913132966E-4,6.567449309E-3
7.699159800E1,3.222256899E-3,1.994485036E-3,4.871281795E-3
7.700163900E1,2.087345347E-3,-1.956410706E-4,4.835593514E-3
7.701170900E1,3.944634460E-3,-9.258799255E-4,5.389264785E-3
7.702175000E1,4.193475470E-3,-1.908233389E-3,2.295007464E-3
7.703179000E1,6.709126756E-4,2.677995712E-3,-9.748217417E-4
7.704183000E1,1.000079326E-3,4.076510668E-4,1.477949554E-3
7.705187000E1,-3.070295788E-3,4.204344004E-4,-1.138339750E-3
7.706191100E1,-1.879758202E-3,1.289790496E-3,-2.030436648E-3
7.707198200E1,-2.315717749E-3,2.064164728E-4,-3.621409182E-3
7.708202200E1,-1.090603881E-3,-8.698366582E-5,-4.455376416E-3
7.709206200E1,-7.670307532E-4,-1.338670030E-3,-4.632210359E-3
7.710210200E1,-2.621551976E-4,-2.353146672E-3,-5.691218190E-3
7.711214300E1,-1.589740627E-3,-1.841020770E-3,-5.472039804E-3
7.712218300E1,-1.440136693E-3,-9.865947068E-4,-4.674735945E-3
7.713222300E1,-3.433511592E-3,-2.001525834E-3,-6.975173950E-3
7.714229400E1,-2.520882525E-3,-7.520914078E-4,-5.001170561E-3
7.715233400E1,-3.204782493E-3,-7.275901735E-4,-8.021728136E-3
7.716237500E1,-4.954914562E-3,-1.639744267E-3,-5.396224558E-3
7.717241500E1,-6.255867891E-3,-1.663979143E-3,-6.884665228E-3
7.718245500E1,-3.283745609E-3,-1.585831866E-3,-6.359290332E-3
7.719249500E1,-1.375856809E-3,1.094639301E-3,-5.085234530E-3
7.720256600E1,-1.518170349E-3,-2.572037280E-3,-5.574434996E-3
7.721260700E1,-1.034007408E-3,6.874054670E-4,-4.350446165E-3
7.722264700E1,-1.070062630E-3,-2.829660662E-3,-1.168300747E-3
7.723268700E1,1.343027689E-3,-5.227570422E-3,-6.223527016E-4
7.724272700E1,6.577959284E-4,2.457574010E-4,1.349451835E-3
7.725276800E1,2.233055420E-3,-2.582519315E-3,-4.765694030E-6
7.726283800E1,4.693550058E-3,-1.649347134E-3,1.019486110E-3
7.727287900E1,5.917538889E-3,2.028811723E-4,1.670362544E-3
7.728291900E1,5.476494320E-3,1.225065440E-3,-3.024528269E-4
7.729295900E1,5.373695865E-3,-7.264986634E-4,1.960168825E-3
7.730300000E1,5.538072437E-3,-2.128330991E-3,1.504381653E-3
7.731304000E1,4.858965985E-3,9.449571371E-4,1.242060214E-3
7.732311100E1,3.756984137E-3,2.936683595E-4,1.204975648E-3
7.733315100E1,3.772696480E-3,-1.449637115E-3,4.889734555E-5
7.734319100E1,3.719330765E-3,1.440605149E-3,-9.040511213E-4
7.735323200E1,2.895881422E-3,-5.635805428E-5,-4.694232484E-4
7.736327200E1,2.318912186E-3,8.953977376E-4,-1.876590541E-4
7.737331200E1,1.468298957E-3,2.172917128E-3,-5.192225799E-4
7.738338300E1,-6.730137393E-4,1.304354519E-4,-1.083370880E-3
7.739342300E1,-1.894871704E-3,2.043649554E-3,-2.651972696E-3
7.740346300E1,-2.387360670E-3,3.857553005E-3,-1.082521630E-4
7.741350400E1,2.238685265E-4,2.317180857E-3,3.524746280E-4
7.742354400E1,-9.671626613E-4,1.587288454E-3,-3.226813860E-4
7.743358400E1,1.280013472E-3,2.283969894E-3,9.644244565E-4
7.744362500E1,-1.894561574E-4,2.473454922E-3,-3.781197593E-4
7.745369500E1,2.914192155E-3,2.896636724E-4,-2.382947598E-3
7.746373600E1,5.354564637E-4,1.022031531E-3,-7.075528847E-4
7.747377600E1,7.391879335E-4,1.130955294E-3,-2.351255855E-3
7.748381600E1,-6.125317886E-4,-1.366520301E-3,1.351315877E-3
7.749385700E1,5.302308127E-4,2.338364720E-5,1.585674123E-3
7.750389700E1,-1.642771997E-3,9.125620127E-4,-3.059707815E-4
7.751396800E1,-2.350374125E-3,-8.805450052E-4,-2.642095787E-3
7.752400800E1,-7.345406339E-4,4.279535264E-3,-2.305406611E-3
7.753404800E1,-1.412048005E-3,7.034428418E-4,-2.149611479E-3
7.754408800E1,-2.400477417E-3,-3.323741257E-4,-1.725190086E-3
7.755412900E1,-3.256949596E-3,-1.453830861E-3,1.142552355E-4
7.756416900E1,-3.909428604E-3,-3.893331625E-3,6.925999187E-4
7.757424000E1,-3.893182613E-3,2.595992759E-3,2.871065633E-3
7.758428000E1,-5.039270036E-3,4.403647035E-4,5.460197106E-3
7.759432000E1,-2.479438670E-3,4.206607118E-3,3.460429609E-3
7.760436100E1,-1.445599832E-3,-5.018617958E-4,3.744322341E-3
7.761440100E1,-1.102909446E-4,-1.044614241E-3,-1.167285955E-4
7.762444100E1,3.093856387E-3,-2.670696937E-3,-3.100024303E-3
7.763451200E1,4.645681009E-3,-8.927695453E-4,-4.290190991E-3
7.764455200E1,7.267329842E-3,-2.707647160E-3,-1.788040739E-3
7.765459300E1,6.621779874E-3,-2.738805488E-3,-3.537471406E-3
7.766463300E1,6.119969301E-3,-2.436500974E-3,-2.490453655E-3
7.767467300E1,4.130055197E-3,-3.381922841E-3,-9.135960136E-4
7.768471300E1,2.884331159E-3,-8.249394596E-4,3.605312668E-4
7.769478400E1,3.236667253E-3,9.013209492E-4,-4.677117104E-4
7.770482500E1,-2.533020452E-4,1.085383818E-3,-9.095516289E-4
7.771486500E1,7.230117917E-4,1.358622685E-3,3.775540972E-4
7.772490500E1,1.743650064E-4,2.348404378E-3,6.412724033E-4
7.773494500E1,-2.088630572E-4,-1.512374729E-4,5.075817462E-4
7.774498600E1,2.346772701E-3,2.276152372E-3,1.955321059E-3
7.775505600E1,2.318809740E-3,-1.508199610E-3,1.250648522E-3
7.776509700E1,1.984914765E-3,-2.445178106E-3,1.204885310E-3
7.777513700E1,2.755100839E-3,4.139915109E-4,5.553402007E-4
7.778517700E1,1.894730143E-3,-6.874911487E-4,5.917078815E-4
7.779521800E1,3.078505397E-3,7.572751492E-4,-7.004578365E-4
7.780525800E1,3.370290622E-3,1.591375098E-3,-1.421417110E-4
7.781529800E1,1.670410857E-4,1.596435905E-3,-8.635920240E-4
7.782536900E1,-1.347365789E-3,2.179827541E-3,-6.900416920E-4
7.783540900E1,-8.032815531E-4,-8.673612028E-4,-1.917758957E-3
7.784545000E1,-1.863052137E-3,1.496952027E-3,-3.688206198E-3
7.785549000E1,-2.909674309E-3,1.664465293E-3,-3.104707692E-3
7.786553000E1,-2.223641612E-3,-1.698657870E-4,-3.786122426E-3
7.787557000E1,-1.451325603E-3,-6.537623703E-4,-3.420470282E-3
7.788564100E1,-1.419733278E-3,-1.250885427E-3,-1.747183269E-3
7.789568100E1,2.114521340E-4,-4.569451325E-3,-3.018576419E-3
7.790572200E1,-8.350396529E-4,2.946536988E-4,-2.113012597E-3
7.791576200E1,2.193059772E-4,-3.412200138E-3,-1.665601507E-3
7.792580200E1,1.875692979E-3,5.798377097E-4,-2.497816924E-3
7.793584300E1,7.861936465E-4,-2.425273880E-3,1.658768160E-4
7.794591300E1,5.097240210E-4,-2.606487833E-3,-6.316737272E-4
7.795595400E1,-5.371635780E-4,1.174934208E-3,2.088478766E-3
7.796599400E1,-1.018530689E-3,2.310931683E-3,4.500136711E-4
7.797603400E1,-1.905551180E-4,1.244070008E-3,1.927523408E-4
7.798608250E1,-1.068464480E-3,-1.297811046E-3,-7.105033146E-4
7.799612250E1,8.029378951E-4,2.092126757E-3,9.371944470E-4
7.800619350E1,7.959138602E-4,-2.031015232E-3,-2.878386294E-4
7.801623350E1,6.276015192E-4,-4.558621906E-3,-1.764561515E-3
7.802627350E1,-4.387926310E-5,-3.411588259E-3,-2.155134687E-3
7.803631350E1,1.903424039E-3,-7.755905390E-4,-6.073055556E-4
7.804635450E1,-3.724796697E-4,-1.176595688E-3,-1.164062181E-3
7.805639450E1,4.413817078E-4,-2.616566606E-3,-1.483907690E-3
7.806646550E1,2.439249307E-3,-1.788708381E-3,-1.264131395E-3
7.807650550E1,9.484123439E-4,-8.400902152E-4,1.471850555E-5
7.808654550E1,3.802756779E-3,1.526661217E-4,3.251337912E-4
7.809658650E1,2.567849122E-3,-1.362878829E-4,-1.995811006E-3
7.810662650E1,2.205159515E-3,-1.592382789E-3,-5.953212967E-4
7.811666650E1,6.488086656E-4,4.140418023E-4,-3.015602008E-3
7.812670750E1,1.921101473E-3,5.730763078E-4,-2.168207197E-3
7.813677750E1,3.578918986E-3,3.131516278E-4,-3.371956060E-3
7.814681850E1,2.397673205E-3,-1.229781657E-3,-3.461082233E-3
7.815685850E1,2.107921056E-3,-3.756321967E-3,-2.059993101E-3
7.816689850E1,-1.682064496E-3,-1.515191980E-3,-1.805259031E-3
7.817693850E1,7.099863142E-4,-3.175679594E-4,-2.532035578E-3
7.818697950E1,-1.851334237E-3,-1.343043521E-3,-2.503365744E-3
7.819705050E1,-9.123040363E-4,3.352642059E-3,-1.785111264E-3
7.820709050E1,-1.683057286E-3,8.427612484E-4,-1.605282305E-3
7.821713050E1,-7.930211723E-5,4.384499043E-3,6.349687465E-4
7.822717050E1,-3.524785861E-4,2.878101543E-3,-8.093183860E-4
7.823721150E1,-2.597551793E-5,1.675950363E-3,9.808584582E-4
7.824725150E1,1.082159579E-4,3.447672352E-3,5.477282684E-5
7.825732250E1,1.279740594E-3,1.611156389E-3,1.112314174E-3
7.826736250E1,2.049132250E-3,2.761952579E-3,8.956266101E-4
7.827740250E1,2.039544284E-3,-2.338266000E-3,-1.546758343E-3
7.828744350E1,6.813323125E-4,-8.168034256E-4,-9.206491522E-4
7.829748350E1,2.906403504E-3,-3.233887255E-3,-1.845032442E-3
7.830752350E1,3.358939663E-3,-6.781294942E-4,4.746243358E-4
7.831759450E1,1.406310126E-3,2.036429942E-4,-1.171299955E-4
7.832763450E1,1.339328475E-3,7.198769599E-4,-1.284960890E-4
7.833767550E1,-1.595355570E-5,2.464514226E-3,1.256347634E-3
7.834771550E1,-9.681722149E-4,1.342967153E-5,-7.008266402E-4
7.835775550E1,2.371432260E-3,1.425171271E-3,-2.892874647E-3
7.836779550E1,1.843731850E-3,2.294339240E-3,-3.742405679E-3
7.837786650E1,4.980359226E-4,-7.054768503E-5,-4.264385439E-3
7.838790650E1,-1.801834442E-3,-1.383479685E-4,-3.265230684E-3
7.839794750E1,-3.383220173E-3,3.758655861E-3,-2.393844305E-3
7.840798750E1,-2.888570540E-3,1.980237663E-3,-1.591189648E-3
7.841802750E1,-4.129069857E-3,2.302747220E-3,-6.505611818E-4
7.842806850E1,-4.760538228E-3,2.357538790E-3,1.071062637E-3
7.843810850E1,-4.553877749E-3,2.071248367E-3,2.960828133E-4
7.844817950E1,4.282612354E-4,-1.714251004E-3,-1.183640445E-3
7.845821950E1,3.047213890E-3,-4.471186548E-4,-4.081958905E-3
7.846825950E1,2.761391923E-3,-2.065598965E-4,-2.268122276E-3
7.847830050E1,2.628766000E-3,-5.025017075E-3,-4.087061156E-3
7.848834050E1,4.465116188E-3,-4.243610427E-3,-3.350984305E-3
7.849838050E1,4.392677918E-3,-4.670782015E-3,-3.497191938E-3
7.850845150E1,2.402729355E-3,-1.743545756E-3,-2.307228278E-3
7.851849150E1,2.082883380E-3,-3.330790438E-3,2.853590995E-4
7.852853150E1,-9.018555284E-5,-1.909602433E-4,8.769845590E-4
7.853857250E1,3.012996167E-4,1.471651718E-3,2.374479780E-3
7.854861250E1,-4.904298112E-4,-1.431159675E-3,1.691922545E-3
7.855865250E1,1.806546003E-3,-5.270726979E-5,1.522545470E-3
7.856872350E1,1.103839837E-3,1.026216894E-3,3.286965424E-3
7.857876350E1,1.462833956E-3,-7.879287004E-4,7.662835997E-4
7.858880450E1,5.101971328E-5,-1.685934141E-3,1.853943802E-3
7.859884450E1,3.464393318E-3,1.337552443E-3,9.218372870E-4
7.860888450E1,4.551232792E-3,3.447514027E-4,1.076136949E-3
7.861892550E1,4.133915529E-3,1.226523891E-3,6.763965357E-4
7.862899550E1,5.496720783E-3,-3.461512737E-3,1.540101133E-3
7.863903650E1,3.176840954E-3,-1.435114071E-3,3.054596018E-4
7.864907650E1,4.567147233E-3,-2.682924271E-3,-1.225937158E-4
7.865911650E1,3.935977817E-3,8.668024093E-4,-2.124491846E-3
7.866915650E1,-2.751490101E-4,3.217428923E-3,-1.773714321E-4
7.867919750E1,-8.115088567E-4,1.938844100E-3,-3.028285224E-3
7.868926850E1,-1.463484950E-3,3.466321155E-3,-4.478048068E-3
7.869930850E1,-6.656022742E-4,4.428254440E-3,-1.905700890E-3
7.870934850E1,-3.086654469E-4,2.306777984E-3,-2.186959842E-3
7.871938850E1,-1.998706721E-3,9.067542851E-4,-3.348364495E-3
7.872942950E1,-1.974524930E-4,3.098167479E-3,-2.351986477E-3
7.873946950E1,6.496980786E-4,-6.347838789E-4,-2.479019342E-3
7.874954050E1,-9.735627100E-4,-3.716523759E-3,-2.778931521E-3
7.875958050E1,-1.660126261E-3,-2.452321351E-3,-3.111027647E-3
7.876962050E1,3.824867308E-4,9.212885052E-4,-2.271436388E-3
7.877966150E1,-2.642598934E-3,2.810638398E-4,-1.918301219E-3
7.878970150E1,-1.673202030E-3,1.393286511E-3,-2.735171234E-3
7.879974150E1,-1.332051121E-3,1.398880035E-3,-2.050738782E-3
7.880978150E1,-1.472135074E-3,2.062754706E-3,-1.381576760E-3
7.881985250E1,-2.078003250E-3,9.973905981E-5,-3.783215536E-3
7.882989350E1,8.710660040E-6,-1.263186336E-3,-1.108084107E-3
7.883993350E1,2.776905894E-4,-2.370528877E-3,-1.653233194E-3
7.884997350E1,1.275409013E-3,-1.003755257E-3,-1.823430299E-3
7.886001350E1,1.319351606E-3,-2.479946241E-3,4.527735291E-4
7.887005450E1,3.643829376E-3,-3.363895230E-3,-2.599333413E-3
7.888012550E1,2.531160600E-3,-5.814535543E-3,-1.665096614E-3
7.889016550E1,2.794884145E-3,-7.145628333E-4,-5.972085055E-4
7.890020550E1,4.046303220E-3,-1.124218106E-4,-4.773662658E-4
7.891024550E1,1.734906808E-3,9.555649012E-4,6.586159579E-4
7.892028650E1,1.670991071E-3,3.720670938E-4,-1.216782024E-3
7.893032650E1,7.755868137E-5,2.204168588E-3,6.159010809E-5
7.894039750E1,1.126311719E-3,7.572732866E-4,1.899544150E-4
7.895043750E1,-6.752209738E-4,1.323463395E-3,-6.868756609E-4
7.896047750E1,1.887273043E-3,4.675220698E-4,-2.899696119E-3
7.897051850E1,3.134096041E-4,-7.477216423E-5,-2.782209311E-3
7.898055850E1,1.764832996E-3,-3.170696087E-3,-3.920710646E-3
7.899058492E1,2.175346017E-4,2.519711852E-4,-3.546905471E-3
7.900065592E1,8.212728426E-4,8.410625160E-4,-4.305640236E-3
7.901069592E1,2.229256555E-3,-1.239717007E-3,-3.721344750E-3
7.902073692E1,8.036661893E-4,-1.108156517E-3,-1.191608142E-3
7.903077692E1,-1.678331755E-3,-2.387347631E-3,-1.724464586E-3
7.904081692E1,-1.062685624E-4,-5.851853639E-4,-2.540723421E-3
7.905085692E1,7.362663746E-5,3.082897514E-3,3.611408174E-4
7.906092792E1,1.217987388E-3,1.278074458E-3,-3.675412387E-3
7.907096792E1,1.436966471E-3,1.348342746E-3,-1.565782353E-3
7.908100892E1,-1.372275874E-4,1.186955720E-3,-1.876839553E-3
7.909104892E1,1.832449809E-3,-7.909294218E-4,-9.054914699E-4
7.910108892E1,-1.212451607E-4,1.394195482E-3,-2.603789326E-3
7.911112992E1,1.164692454E-3,-2.021129243E-3,-9.143514908E-4
7.912116992E1,-1.158117317E-3,3.166442737E-3,-1.552977483E-3
7.913124092E1,-4.861224443E-5,-1.220237464E-3,-1.131827245E-3
7.914128092E1,7.002688944E-4,2.320701256E-3,4.128061701E-4
7.915132092E1,1.608151942E-4,3.431160003E-4,-8.105741581E-4
7.916136192E1,1.911744475E-4,-5.182996392E-5,-1.406589639E-3
7.917140192E1,5.181422457E-4,-1.562339254E-3,-2.360406099E-3
7.918144192E1,6.638169289E-4,2.750383690E-3,-1.546544139E-3
7.919151292E1,-6.405347958E-4,1.787310466E-3,7.482990623E-5
7.920155292E1,-7.832804695E-4,9.228494018E-4,9.342320263E-4
7.921159292E1,-1.324403100E-3,4.491301253E-3,3.365800716E-3
7.922163392E1,-8.149398491E-4,2.656649798E-3,6.981124170E-4
7.923167392E1,4.342189059E-4,1.017350703E-3,-1.724913134E-3
7.924171392E1,-2.483492717E-4,2.213375643E-3,-4.763313569E-3
7.925178492E1,-1.107151620E-3,1.155264676E-3,-4.027076066E-3
7.926182492E1,-9.590806440E-4,-2.576091327E-3,-2.472322434E-3
7.927186592E1,-2.311798744E-3,2.538735047E-3,7.102265954E-6
7.928190592E1,-3.799439408E-3,2.050578594E-3,1.230292022E-3
7.929194592E1,-5.362353288E-3,2.247923985E-3,3.886122722E-4
7.930198692E1,-4.025711678E-3,2.497728914E-3,3.301045159E-3
7.931205692E1,-3.841056488E-3,1.631442457E-3,3.374585649E-4
7.932209792E1,-2.075380646E-3,-4.061423242E-4,3.694166662E-4
7.933213792E1,2.846674062E-3,-4.948696122E-3,-6.825320888E-4
7.934217792E1,3.314059228E-3,-2.622691914E-3,-3.267928958E-3
7.935221792E1,6.052488461E-3,-3.295977600E-3,-4.663404077E-3
7.936225892E1,4.504925571E-3,-2.242431045E-3,-4.762739874E-3
7.937232992E1,5.035362206E-3,-2.491097897E-3,-1.926780795E-3
7.938236992E1,3.659839742E-3,-3.335320391E-3,-2.287905430E-3
7.939240992E1,1.321416348E-3,4.506707191E-4,2.519302070E-4
7.940244992E1,-1.212181523E-4,-1.923005097E-3,1.240983838E-4
7.941249092E1,-1.315011643E-3,3.196801990E-4,1.357387053E-3
7.942253092E1,-3.084949218E-3,2.755673602E-3,6.276809145E-4
7.943260192E1,-1.463687979E-3,-6.994134746E-3,2.073262352E-3
7.944264192E1,-1.456496306E-3,1.749023795E-3,2.215741202E-3
7.945268192E1,1.473717391E-3,2.639442682E-3,2.534686588E-3
7.946272292E1,1.055867411E-3,2.253817394E-3,8.110890631E-4
7.947276292E1,1.524513587E-3,9.129345417E-4,4.166961880E-4
7.948280292E1,2.085907385E-3,4.549214616E-3,-6.853172090E-5
7.949284292E1,2.905731089E-3,-7.389634848E-4,6.242401432E-4
7.950291392E1,3.587766550E-3,8.581764996E-5,1.422922127E-3
7.951295492E1,3.789198585E-3,-1.244952902E-3,1.817655284E-4
7.952299492E1,3.564161249E-3,1.615280285E-3,4.829692189E-4
7.953303492E1,6.649177521E-5,6.982013583E-4,-6.033657119E-4
7.954307492E1,-3.398812376E-3,2.697171643E-3,-8.885902353E-4
7.955311592E1,-3.197702579E-3,2.280501649E-3,-3.591380315E-3
7.956318592E1,-1.803538762E-3,1.062974334E-4,-3.927737474E-3
7.957322692E1,-2.967870794E-3,1.151081175E-3,-4.506606143E-3
7.958326692E1,-1.871447079E-3,2.482661977E-3,-5.781727377E-3
7.959330692E1,7.110852748E-4,-5.513802171E-5,-5.184339359E-3
7.960334792E1,-1.876975410E-3,-3.182488494E-3,-3.118791850E-3
7.961338792E1,-1.320871525E-3,-5.406648852E-3,-2.840287518E-3
7.962345892E1,-1.272401772E-3,-3.027003258E-4,-4.418210126E-3
7.963349892E1,-3.309619613E-3,1.899771392E-3,-3.690122394E-3
7.964353892E1,-4.432939924E-3,2.536265180E-3,-2.234438667E-3
7.965357992E1,-3.381163813E-3,2.163143829E-3,-1.813355018E-3
7.966361992E1,-3.821385093E-3,2.228658646E-3,-2.082068007E-3
7.967365992E1,-3.760728054E-3,-3.337431699E-4,-2.576284809E-3
7.968373092E1,-2.763639204E-3,3.262056038E-3,-1.685723779E-3
7.969377092E1,-1.245702617E-3,-1.267109066E-3,-2.661014209E-3
7.970381092E1,-1.301048324E-4,-3.416546620E-3,-1.527839224E-3
7.971385192E1,1.200642437E-4,-1.059075817E-3,-2.295915969E-3
7.972389192E1,1.828216016E-3,-2.299576066E-3,-1.239440055E-3
7.973393192E1,1.227471977E-3,-2.397654578E-3,-2.374704462E-3
7.974400292E1,7.377164438E-4,-1.981935464E-3,-8.825354162E-4
7.975404292E1,8.975062519E-4,2.138409764E-4,-1.493198331E-3
7.976408392E1,9.941793978E-4,5.244819447E-3,3.856619587E-4
7.977412392E1,-1.339082606E-3,5.571693182E-4,3.245316911E-4
7.978416392E1,-8.872896433E-5,1.148879528E-5,2.169399522E-4
7.979420492E1,8.439468220E-4,-2.610520460E-3,-2.810313599E-4
7.980427492E1,-7.537566125E-5,-8.645523340E-4,-8.679920575E-4
7.981431592E1,-6.208950654E-4,3.094706684E-3,-7.186698494E-4
7.982435592E1,-4.067784175E-4,9.412746876E-4,-1.271275803E-3
7.983439592E1,1.926417463E-3,-4.502274096E-4,-9.943069890E-4
7.984443592E1,-1.422781497E-5,3.407318145E-4,-2.542935079E-3
7.985447692E1,1.557832584E-3,-2.936534584E-4,-2.783259377E-3
7.986451692E1,5.937684327E-4,-3.602097742E-3,-2.473533852E-3
7.987458792E1,-1.791621558E-3,-9.873863310E-4,-2.004443901E-3
7.988462792E1,-9.663077071E-4,9.045228362E-4,-3.257461358E-3
7.989466792E1,-2.050218172E-3,-3.751460463E-4,-8.777676849E-4
7.990470892E1,-2.564207651E-3,-8.403994143E-4,-7.651159540E-4
7.991474892E1,-3.215544857E-3,2.297040075E-3,-1.496967743E-3
7.992478892E1,-1.548939385E-3,3.374287859E-3,5.012019537E-4
7.993485992E1,-8.862474933E-4,2.749521285E-3,1.363942865E-3
7.994489992E1,2.368073910E-4,2.765500918E-3,5.958871916E-4
7.995494092E1,6.896816194E-4,8.558910340E-4,8.496055380E-4
7.996498092E1,-4.714569077E-4,2.311132848E-4,-5.384340184E-4
7.997502092E1,1.833976246E-3,-3.192909062E-4,4.322472960E-4
7.998507112E1,-6.113378331E-4,8.533000946E-4,1.090314472E-3
7.999514213E1,2.603296191E-3,4.312656820E-4,-2.647445071E-4
8.000518312E1,-2.777087502E-3,9.284783155E-4,2.404009458E-3
8.001522312E1,-2.680378966E-3,3.742750734E-3,1.207388937E-3
8.002526312E1,-2.147748135E-3,3.647409379E-3,-1.245648717E-3
8.003530312E1,5.984967574E-4,1.624692231E-3,-3.748161718E-3
8.004534412E1,6.605479866E-4,3.520863131E-3,-1.206973335E-3
8.005541412E1,3.890758380E-4,7.484946400E-4,-2.076102421E-3
8.006545512E1,-2.681920305E-4,3.956804052E-3,-3.756823484E-3
8.007549512E1,-2.827058546E-3,2.183904871E-3,-2.236671746E-3
8.008553512E1,-5.185821094E-3,1.934366301E-3,3.172997385E-4
8.009557613E1,-5.357495509E-3,1.465929672E-3,1.632775413E-3
8.010561613E1,-6.163102575E-3,4.076093435E-3,1.039955765E-3
8.011568712E1,-7.271178998E-3,3.083998337E-3,-2.497744281E-4
8.012572712E1,-6.588078104E-3,1.538833603E-3,-1.612247666E-3
8.013576713E1,-2.338035963E-3,1.997742802E-4,-1.978037413E-3
8.014580812E1,1.529674046E-3,-1.067889854E-3,-4.157035612E-3
8.015584812E1,3.820260987E-3,-4.166185856E-3,-5.354024004E-3
8.016588812E1,4.392307252E-3,-1.691043377E-3,-5.787054077E-3
8.017592812E1,4.102687351E-3,-2.217696980E-3,-5.571788643E-3
8.018599912E1,3.973790444E-3,-3.858204000E-3,-4.424232524E-3
8.019603912E1,7.054591551E-4,-2.657155506E-3,-2.437493531E-3
8.020608012E1,-2.095920034E-3,7.498078048E-5,-1.321096439E-3
8.021612012E1,-2.692649141E-4,1.959675923E-3,2.486171434E-4
8.022616012E1,-1.774751581E-3,2.814818174E-3,1.290445565E-3
8.023620113E1,-1.989523880E-3,1.636534929E-3,4.884400405E-4
8.024627112E1,-2.276080661E-3,1.972626895E-3,2.233609324E-3
8.025631212E1,4.883781075E-4,1.815514639E-3,2.227094024E-3
8.026635212E1,9.289849550E-5,-9.797401726E-4,3.609540872E-3
8.027639213E1,4.314845428E-4,2.660306171E-3,2.641461091E-3
8.028643312E1,9.880857542E-4,1.456823200E-3,1.271797344E-3
8.029647312E1,2.651063725E-3,8.291546255E-4,4.853452556E-4
8.030654413E1,2.325358801E-3,-9.469501674E-5,1.090406440E-4
8.031658413E1,1.043741591E-3,2.944182605E-3,-5.480485270E-4
8.032662412E1,2.632849850E-3,4.200395197E-4,-1.107578631E-3
8.033666412E1,-8.718697354E-4,-1.046564430E-3,-4.471105058E-5
8.034670512E1,-1.419416629E-3,2.816883847E-3,-1.578159165E-3
8.035674512E1,-2.763642929E-3,3.881489858E-3,-1.498077181E-3
8.036681612E1,-3.174302168E-3,2.880141139E-3,-1.499941340E-3
8.037685612E1,-5.092705600E-3,4.166882485E-3,-3.169986885E-3
8.038689612E1,-3.030355088E-3,3.569535911E-3,-3.869066713E-3
8.039693712E1,-1.741784625E-3,1.323541626E-3,-4.077509046E-3
8.040697712E1,-2.544195391E-3,8.039586246E-4,-5.430927500E-3
8.041701713E1,-3.023156896E-4,3.021925688E-3,-6.716066971E-3
8.042708812E1,-1.695680432E-3,-1.413835213E-3,-6.067587528E-3
8.043712812E1,-3.068340011E-3,-1.707771793E-3,-1.896852278E-3
8.044716913E1,-3.570080735E-3,2.187367529E-3,-2.124019898E-3
8.045720913E1,-4.367928021E-3,1.376537606E-3,-2.197317081E-3
8.046724912E1,-2.350050025E-3,4.614759237E-4,-2.060164232E-3
8.047728912E1,-1.641121693E-3,6.384961307E-5,-7.989974110E-4
8.048736013E1,-2.482679673E-3,3.189034760E-5,-2.623529173E-3
8.049740113E1,-1.753137447E-3,-6.162654608E-4,-2.213583328E-3
8.050744112E1,-9.930720553E-4,1.930687577E-4,-9.954534471E-4
8.051748112E1,-2.637971193E-5,-1.806030981E-3,-8.386380505E-4
8.052752112E1,1.541423611E-3,-3.578630276E-3,-1.860492979E-3
8.053756212E1,1.238116995E-3,-1.169435680E-3,-1.655866625E-3
8.054760212E1,1.555832103E-3,-4.252843559E-3,-1.807666733E-3
8.055767312E1,2.674059942E-4,-1.546472311E-3,-2.352235606E-3
8.056771312E1,8.386541158E-4,8.205454797E-4,-1.638242160E-3
8.057775312E1,-2.065775916E-4,4.582274705E-4,1.866588136E-4
8.058779413E1,-1.168244518E-3,-4.033055156E-4,1.406919328E-3
8.059783413E1,-3.165686503E-4,-1.343410462E-3,1.448619179E-3
8.060787412E1,6.469618529E-4,4.158746451E-4,-1.121331239E-3
8.061794512E1,-3.277817741E-4,1.240840182E-3,-1.598024974E-3
8.062798513E1,1.090084203E-3,1.706628129E-3,-9.791062912E-4
8.063802613E1,-9.149685502E-5,2.985298634E-4,-2.789060120E-3
8.064806612E1,-1.026532613E-3,8.760765195E-5,-2.346708905E-3
8.065810612E1,1.522080973E-3,-1.266701147E-3,-1.773694064E-3
8.066814612E1,1.512227580E-3,-1.439807005E-3,-4.140445031E-3
8.067821713E1,-2.152579837E-3,-6.590578705E-4,-1.852356829E-3
8.068825812E1,-9.999638423E-4,-1.779982820E-3,-2.383657498E-3
8.069829812E1,-1.001629047E-3,2.265676856E-3,-2.073545940E-3
8.070833812E1,-3.755337559E-3,1.234766096E-3,-1.343040727E-3
8.071837812E1,-3.946674988E-4,7.525682449E-4,-1.614587614E-3
8.072841913E1,-1.432501711E-3,3.853552043E-3,-2.156291157E-4
8.073848912E1,1.573718153E-3,3.635315225E-3,-1.051974948E-3
8.074853012E1,-1.587186940E-3,6.094314158E-4,-2.471676562E-4
8.075857012E1,6.582206115E-4,-5.176048726E-4,-8.616910782E-5
8.076861013E1,-7.484620437E-4,-1.907243393E-3,2.888040617E-4
8.077865113E1,-5.425987765E-4,-1.906177960E-3,-1.214284101E-3
8.078869112E1,-1.460324042E-3,-2.764781006E-3,-2.197523136E-3
8.079876212E1,-1.480833627E-3,5.982406437E-4,-2.233583014E-3
8.080880213E1,-4.169295542E-3,1.274948940E-3,-8.277003071E-4
8.081884213E1,-2.143827267E-3,1.603722572E-3,1.055342727E-3
8.082888312E1,-1.416518353E-3,2.522779629E-3,-4.741107114E-4
8.083892312E1,-1.945358701E-3,1.924287528E-3,1.160198823E-3
8.084896312E1,-2.887318842E-3,2.033744007E-3,1.181770349E-3
8.085903412E1,-6.695007905E-4,2.141147852E-3,-2.221943345E-3
8.086907412E1,6.562201306E-4,-9.031109512E-4,-2.422745572E-3
8.087911412E1,-3.891075030E-4,-2.607111819E-3,-3.338128328E-3
8.088915512E1,-2.397132106E-3,-3.167930990E-4,-2.336513484E-3
8.089919512E1,-4.071528092E-3,1.961307600E-3,-6.119958125E-4
8.090923513E1,-4.678996280E-3,-1.688287593E-3,7.459501503E-4
8.091927613E1,-5.346409976E-3,4.476057366E-3,4.199899267E-4
8.092934612E1,-6.186371669E-3,2.497594804E-3,-1.136095030E-3
8.093938712E1,-2.866975963E-3,1.948537305E-3,1.969169825E-4
8.094942713E1,1.231363043E-3,2.848599106E-4,-3.322530538E-4
8.095946713E1,3.242611885E-3,-4.138023593E-3,-2.489315812E-3
8.096950812E1,4.310007207E-3,-3.078085370E-3,-2.665617038E-3
8.097954812E1,4.755828530E-3,-3.853561357E-3,-2.342362888E-3
8.098959662E1,3.751549870E-3,-4.031460732E-3,-2.605216810E-3
8.099963662E1,2.735882066E-3,-2.246974036E-3,-4.183202982E-3
8.100967662E1,4.077460617E-4,5.229804665E-4,-2.053473145E-3
8.101971662E1,-5.639046431E-4,1.019805670E-3,-1.780580031E-3
8.102975763E1,-3.102697432E-3,-2.097424120E-3,6.311787292E-4
8.103979762E1,-2.750033513E-3,1.289231703E-3,8.377408376E-4
8.104986862E1,-2.464009449E-3,-1.604026183E-3,2.522989176E-3
8.105990863E1,-1.910433173E-3,3.539063036E-4,2.137053292E-3
8.106994863E1,-2.459043637E-3,-2.943072468E-4,1.631319057E-3
8.107998962E1,-9.451434016E-4,2.161348239E-3,1.414979342E-3
8.109002962E1,1.909232698E-3,1.138428226E-3,5.214887206E-4
8.110006962E1,-5.220621824E-4,2.762133256E-3,7.975227199E-4
8.111014063E1,3.402371891E-3,4.433188587E-4,-1.132203732E-3
8.112018062E1,4.504950717E-3,3.519363701E-3,5.629960215E-4
8.113022162E1,2.721431665E-3,1.478049904E-3,-1.198152546E-3
8.114026162E1,-1.709170640E-3,-3.813374788E-4,1.200422994E-3
8.115030162E1,-1.237524673E-3,1.002173871E-3,1.838944154E-4
8.116034162E1,-4.842150956E-4,2.006953582E-3,3.534051357E-4
8.117041262E1,-2.457616851E-3,3.930555657E-3,1.451459248E-4
8.118045362E1,-3.509795293E-3,2.217175439E-3,-2.868544310E-3
8.119049362E1,-3.881838173E-3,1.755915582E-3,-6.083195913E-4
8.120053363E1,-1.044213772E-3,8.707810193E-4,-2.573104342E-3
8.121057363E1,7.065488026E-4,6.185788661E-4,-3.164858557E-3
8.122061462E1,1.011646353E-3,-1.046732068E-3,-2.925154753E-3
8.123068462E1,4.234604537E-3,-1.494675875E-3,-2.980814781E-3
8.124072563E1,2.231912687E-3,-3.212746233E-4,-2.905602800E-3
8.125076563E1,1.197541133E-3,-3.311298788E-4,-3.453414887E-3
8.126080562E1,1.855369657E-3,-1.833062619E-3,-1.772444695E-3
8.127084662E1,5.104737356E-4,3.211684525E-4,-2.301881090E-3
8.128088662E1,1.160386950E-3,-1.661252230E-3,1.050182618E-6
8.129092662E1,-7.435064763E-4,1.499120146E-3,1.260192832E-3
8.130099762E1,2.916546538E-3,2.791231498E-3,-5.263740895E-4
8.131103762E1,4.991954193E-4,-1.164361835E-3,4.727079067E-5
8.132107862E1,8.860500529E-4,3.799684346E-4,4.337157588E-4
8.133111862E1,1.034654677E-3,-3.273673356E-4,1.216418808E-3
8.134115863E1,1.450969838E-3,-2.056103200E-3,-1.219380647E-3
8.135119863E1,2.466877922E-4,-1.343974844E-3,-3.161083441E-5
8.136126962E1,1.628038473E-3,-1.223428175E-3,9.532610420E-5
8.137130962E1,2.241631038E-3,-2.302008681E-3,-8.690044633E-4
8.138135063E1,1.424643211E-3,-1.508441754E-3,-6.944196066E-4
8.139139063E1,2.457683906E-3,-1.273019239E-3,-2.038653474E-4
8.140143062E1,3.662267700E-4,2.155063674E-3,9.353186470E-4
8.141147162E1,-5.203392357E-4,4.405967891E-3,2.347326605E-3
8.142154163E1,-7.358528674E-4,5.296319723E-3,1.361866016E-4
8.143158262E1,1.272782683E-4,2.939155325E-3,1.149252988E-3
8.144162262E1,-2.166334540E-3,1.629112288E-3,1.723982394E-3
8.145166262E1,-4.411395639E-4,5.665104836E-4,-2.289667493E-3
8.146170362E1,-1.119147986E-3,-9.250249714E-4,-1.694774255E-3
8.147174362E1,-2.656858414E-3,-1.113843173E-3,-3.152588615E-3
8.148181462E1,-2.628194168E-3,2.517923713E-4,-3.431668505E-3
8.149185462E1,-2.598101273E-3,2.487782389E-3,-2.160541713E-3
8.150189462E1,-2.167467028E-3,1.975921914E-3,-2.205282915E-3
8.151193462E1,-2.353355289E-3,1.837970689E-3,-2.675064374E-3
8.152197563E1,-1.557007432E-3,-4.619918764E-4,-8.825734840E-4
8.153201563E1,1.214277931E-3,1.499960199E-3,-3.712464822E-4
8.154208662E1,7.684370503E-4,1.243388280E-3,-8.418018115E-4
8.155212662E1,1.303466037E-3,8.303318173E-4,-1.434355159E-3
8.156216663E1,6.121471524E-4,3.107724711E-3,-1.020451076E-3
8.157220762E1,8.659455925E-4,-2.122724429E-3,-8.622593014E-4
8.158224762E1,-9.936839342E-4,1.690840349E-3,-2.022369765E-3
8.159228762E1,-4.074161872E-3,9.076055139E-4,-1.976297004E-3
8.160235863E1,-2.370029688E-3,-3.838595003E-4,-5.673473352E-4
8.161239862E1,-2.573762089E-3,4.285726696E-3,-1.543129561E-3
8.162243962E1,-2.496598288E-3,-2.232036553E-3,-3.351564752E-3
8.163247962E1,-4.169717431E-5,7.453784347E-4,-3.669812344E-3
8.164251962E1,4.152739421E-4,-6.083808839E-4,-3.019460011E-3
8.165255962E1,2.221949399E-4,-2.324521542E-3,-4.712964408E-3
8.166263062E1,-1.521984115E-3,-3.450730816E-3,-4.123596475E-3
8.167267162E1,-3.455173224E-3,-3.203056753E-3,-3.062593285E-3
8.168271162E1,-3.833312541E-3,7.353331894E-4,3.430315992E-4
8.169275162E1,-5.522288382E-3,6.170887500E-4,2.426955383E-3
8.170279163E1,-6.372632459E-3,8.807349950E-4,3.501927014E-3
8.171283262E1,-6.529226899E-3,3.776388243E-3,3.299260512E-3
8.172287262E1,-6.027087569E-3,1.814568415E-3,9.713163599E-4
8.173294363E1,-1.997459680E-3,3.027638420E-3,-1.654027961E-3
8.174298363E1,2.209771425E-3,-1.152027398E-3,-5.126733333E-3
8.175302362E1,6.075615995E-3,-3.994685598E-3,-6.021555047E-3
8.176306462E1,7.255161181E-3,-6.716336124E-3,-6.299645640E-3
8.177310462E1,5.095870234E-3,-4.685942084E-3,-4.537698813E-3
8.178314462E1,4.865412600E-3,-1.559276134E-4,-1.482389285E-3
8.179321562E1,4.959155805E-3,1.447293907E-3,-2.016619314E-3
8.180325562E1,9.801508859E-4,1.960324124E-3,-6.492936518E-5
8.181329662E1,2.520419657E-4,6.630979478E-4,1.507667359E-3
8.182333662E1,-2.054477111E-3,3.228899091E-3,1.801434322E-3
8.183337662E1,-2.902427688E-3,6.062164903E-4,2.681342885E-3
8.184341663E1,-3.913071007E-3,1.439595595E-3,1.927391160E-3
8.185348762E1,-1.598516479E-3,4.044964910E-3,1.809413079E-3
8.186352762E1,-2.793243155E-3,2.393439412E-3,1.981243957E-3
8.187356863E1,-7.492676377E-4,9.595938027E-4,2.707487904E-3
8.188360863E1,-1.813825220E-4,3.482973203E-3,2.347675618E-3
8.189364862E1,2.366197295E-3,3.674987704E-3,2.733567497E-3
8.190368962E1,9.783254936E-4,4.976172000E-3,-2.462241100E-4
8.191375963E1,1.210020855E-3,4.404658452E-3,-3.618053161E-4
8.192380063E1,-4.984810948E-5,2.522552386E-3,-2.004224807E-4
8.193384062E1,-9.582526982E-4,1.455156133E-3,-2.198636066E-4
8.194388062E1,-2.319764346E-3,5.866531283E-4,-8.492586203E-4
8.195392162E1,-3.766926005E-3,1.413032413E-3,8.551644860E-4
8.196396162E1,-4.039634019E-3,2.201061696E-3,-7.991911843E-4
8.197403262E1,-3.180231899E-3,2.417042851E-3,-1.520907856E-3
8.198407262E1,-2.781055868E-3,1.410011202E-3,-4.619326442E-3
8.199412875E1,-2.158991992E-4,2.033989877E-3,-3.852868918E-3
8.200416875E1,-1.423150301E-3,-5.802698433E-4,-4.787282087E-3
8.201420975E1,-1.205570996E-3,4.024375230E-4,-4.476224538E-3
8.202424975E1,6.913729012E-4,-1.795035787E-3,-5.626573227E-3
8.203432075E1,-5.829501897E-4,-1.783583313E-3,-4.112034105E-3
8.204436075E1,-1.365188509E-3,-4.737805575E-4,-3.702589311E-3
8.205440075E1,-3.669887781E-3,-2.791043371E-4,-3.287136089E-3
8.206444175E1,-4.192102700E-3,1.216890290E-3,-2.350140596E-3
8.207448175E1,-1.425610855E-3,-1.718446612E-3,6.363282446E-4
8.208452175E1,-1.401206478E-3,1.754552126E-3,-8.226853679E-4
8.209456275E1,-1.955945045E-4,-1.610350795E-3,-3.798016114E-4
8.210463275E1,3.702566028E-4,-1.139169559E-3,-8.993874653E-4
8.211467375E1,1.142573543E-3,-1.633985899E-3,-5.875313072E-4
8.212471375E1,-1.080166548E-3,-2.613166347E-3,-2.044733148E-3
8.213475375E1,2.726823092E-3,-1.885324717E-3,-1.640997943E-3
8.214479375E1,2.517206594E-4,-2.182950266E-3,-2.846027259E-3
8.215483475E1,9.278971702E-4,-1.423683017E-3,-9.280186496E-4
8.216490575E1,1.025066711E-3,-4.603871144E-3,-2.275251551E-3
8.217494575E1,3.889854997E-5,-1.468265429E-3,-2.351950621E-3
8.218498575E1,-2.214411274E-3,5.262078717E-3,1.044659875E-4
8.219502575E1,-1.609342173E-3,-1.465864480E-3,-1.324852579E-3
8.220506675E1,-2.293402329E-3,1.333666965E-3,-9.441823931E-4
8.221510675E1,-3.140553832E-3,5.339860916E-3,-1.471488271E-3
8.222517775E1,-4.240274429E-4,-1.008277759E-3,-1.659944654E-3
8.223521775E1,-3.016881645E-3,-2.546031028E-4,-5.944138975E-4
8.224525775E1,4.765819758E-4,2.074936405E-3,-2.238122514E-3
8.225529875E1,-6.933435798E-4,1.616872847E-3,-1.368067693E-3
8.226533875E1,-2.745039761E-3,6.376169622E-4,-2.096854616E-3
8.227537875E1,-1.605739817E-3,-1.615417190E-3,-5.474275677E-4
8.228544975E1,-3.109263256E-3,-1.252388582E-3,-1.515091513E-3
8.229548975E1,-1.013621688E-3,-9.844079614E-5,-1.893793000E-3
8.230553075E1,-1.801883802E-3,3.484141082E-3,1.013922738E-4
8.231557075E1,-1.451944932E-3,2.167075872E-4,-5.854369374E-4
8.232561075E1,-3.033895046E-4,1.282302663E-3,-1.848686952E-5
8.233565075E1,-1.209620386E-4,1.437298954E-3,2.483819379E-3
8.234572175E1,1.056021079E-3,1.458477229E-3,1.357375295E-3
8.235576175E1,2.928489819E-3,8.387602866E-4,1.887801336E-4
8.236580275E1,2.905122936E-3,9.840950370E-4,-1.712560537E-3
8.237584275E1,1.965292729E-3,1.274112612E-3,-2.036933554E-3
8.238588275E1,-3.803875297E-4,4.062876105E-4,-1.798104960E-3
8.239592375E1,-2.163372934E-3,2.105651423E-3,2.501322888E-4
8.240599375E1,-3.522682935E-3,2.181718126E-3,1.909338403E-3
8.241603475E1,-7.260428742E-3,2.474132925E-3,1.813198440E-3
8.242607475E1,-8.444111794E-3,4.003373906E-3,1.346883248E-3
8.243611475E1,-5.398254842E-3,6.320858374E-3,9.250385920E-4
8.244615575E1,-3.155799583E-3,1.382455230E-4,1.323727309E-3
8.245619575E1,3.030190244E-3,2.370772883E-3,-1.736244652E-3
8.246623575E1,2.799661830E-3,-1.554430462E-3,-2.500589937E-3
8.247630675E1,3.653205000E-3,-2.501450479E-3,-2.957588527E-3
8.248634675E1,4.556844942E-3,-6.056018174E-5,-3.532738658E-3
8.249638675E1,3.429528326E-3,1.118421555E-3,-2.802766394E-3
8.250642775E1,1.326365396E-3,-2.421252429E-4,-2.207586076E-3
8.251646775E1,-1.916034147E-3,-2.391562797E-3,-1.367624965E-3
8.252650775E1,-3.324411809E-3,2.170138061E-3,-1.621446572E-4
8.253657875E1,-3.333732486E-3,1.272261143E-4,-6.349640898E-6
8.254661875E1,-4.724599421E-3,1.473220065E-3,1.089788857E-3
8.255665975E1,-3.401806578E-3,-1.784891821E-3,7.249357877E-4
8.256669975E1,-2.457253635E-3,2.184351906E-3,1.775399433E-3
8.257673975E1,1.571727917E-4,2.124164253E-3,1.874735462E-3
8.258678075E1,-5.873814225E-4,-1.446406357E-3,1.602305565E-4
8.259685075E1,2.003805712E-4,4.016535357E-3,-9.996036533E-5
8.260689175E1,2.974962816E-3,3.473818302E-3,1.720024738E-3
8.261693175E1,1.098499633E-3,-1.592046581E-3,6.848538760E-4
8.262697175E1,4.017809406E-4,4.579573870E-4,-9.225745453E-4
8.263701175E1,-1.789467409E-3,6.310623139E-4,-1.053069485E-3
8.264705275E1,-2.782491967E-3,8.427165449E-4,-1.535479678E-3
8.265712375E1,-7.763318717E-4,1.752717420E-3,-4.814005224E-4
8.266716375E1,-1.941323280E-4,8.493013680E-3,1.063455362E-3
8.267720375E1,1.758764498E-3,1.008744910E-2,1.138556516E-3
8.268724375E1,7.174406201E-4,1.263972186E-2,3.871131921E-4
8.269728475E1,-4.237636924E-3,1.280808821E-3,-2.278178465E-3
8.270732475E1,-3.391126171E-3,8.181892335E-4,-4.241403192E-3
8.271739575E1,-3.280339763E-3,-4.125435837E-3,-6.245165132E-3
8.272743575E1,-4.701163620E-3,-4.162828438E-3,-7.583112456E-3
8.273747575E1,-4.711283371E-3,-5.598005839E-3,-8.652371354E-3
8.274751675E1,-5.167022347E-3,-7.955361158E-3,-8.554107510E-3
8.275755675E1,-4.797643051E-3,-1.064222492E-2,-5.562844686E-3
8.276759675E1,-2.860127017E-3,-6.774045527E-3,-5.257877521E-3
8.277766775E1,-1.864105463E-3,-2.257591113E-3,-4.178489326E-4
8.278770775E1,-2.344273031E-3,2.000536770E-3,-3.384867450E-4
8.279774875E1,-4.332322627E-3,4.834938794E-3,1.325190067E-3
8.280778875E1,-2.050846815E-4,6.403928623E-3,2.130577108E-3
8.281782875E1,2.679385245E-3,6.277162582E-3,9.776947554E-4
8.282786875E1,-7.502026856E-4,8.516050875E-4,1.399574103E-4
8.283793975E1,1.474869438E-3,-1.622737385E-3,3.603636287E-6
8.284798075E1,1.694711857E-3,-3.783752210E-3,-3.103434108E-3
8.285802075E1,3.944816999E-3,-7.291401736E-3,-2.611282049E-3
8.286806075E1,2.429876477E-4,-2.158788033E-3,-3.345728153E-3
8.287810075E1,8.319783956E-5,-2.676506527E-3,-4.809658276E-4
8.288814175E1,8.921660483E-4,2.180002630E-3,1.052141888E-4
8.289818175E1,-2.179523930E-3,4.865268245E-3,1.258629258E-3
8.290825275E1,-2.904171124E-3,3.331020474E-3,8.447739528E-4
8.291829275E1,-1.705482602E-3,3.983762115E-3,-1.272797817E-4
8.292833275E1,-3.051079810E-3,6.170477718E-4,3.426227486E-4
8.293837375E1,-2.984367311E-4,4.117239267E-3,-2.017273800E-4
8.294841375E1,8.412655443E-4,-1.444984227E-4,-1.909148181E-3
8.295845375E1,7.155640051E-4,-1.445719041E-3,-7.120572845E-4
8.296852475E1,1.579764299E-3,-1.428462565E-5,-2.268550452E-3
8.297856475E1,7.115732878E-4,-1.489941962E-3,-2.866696566E-3
8.298859154E1,1.580762677E-3,-1.329984516E-4,-1.803066349E-3
8.299863154E1,-2.915453166E-3,-1.954333857E-3,-2.414794406E-3
8.300867154E1,-2.510583028E-3,-2.232702449E-3,-2.965381369E-3
8.301871154E1,-2.607442439E-4,-6.273500621E-4,-1.761100139E-3
8.302878254E1,-2.741178498E-3,4.220381379E-4,-3.082351293E-3
8.303882254E1,-1.451676711E-3,4.934109747E-4,1.866787206E-4
8.304886354E1,1.552393660E-4,2.142876387E-3,1.295291702E-3
8.305890354E1,1.878304407E-3,1.569576561E-4,6.097940495E-4
8.306894354E1,5.429955199E-4,-3.391895443E-4,-6.911602104E-4
8.307898454E1,-1.504924148E-4,-2.512329258E-3,-2.876550192E-3
8.308905454E1,2.641640604E-4,-5.383994430E-4,-1.561362995E-3
8.309909554E1,-2.180617303E-3,-6.470568478E-4,-3.102001734E-3
8.310913554E1,-6.939316168E-3,1.408679411E-3,-2.206819830E-3
8.311917554E1,-4.906790331E-3,3.063034266E-3,1.160214655E-3
8.312921654E1,-6.943078712E-3,2.723375335E-3,-4.956800258E-4
8.313925654E1,-7.846690714E-3,4.074396566E-3,5.695843138E-4
8.314932754E1,-4.078758880E-3,1.007024199E-3,1.327140490E-4
8.315936754E1,-2.683084458E-4,3.315452486E-3,6.043598987E-4
8.316940754E1,2.144520171E-3,-2.616222017E-3,-2.487977501E-3
8.317944754E1,6.026343442E-3,-1.064399257E-3,-1.253069844E-3
8.318948854E1,6.071621552E-3,-1.765086316E-3,-4.344346933E-3
8.319952854E1,4.667336121E-3,-1.671875827E-3,-2.964296844E-3
8.320959954E1,4.894237965E-3,-1.620743424E-3,-1.589040621E-3
8.321963954E1,9.445035830E-4,1.228040084E-3,-8.108649636E-4
8.322967954E1,3.464221954E-4,3.487400711E-3,1.203853404E-3
8.323972054E1,-1.529773697E-3,9.946823120E-4,5.862663966E-4
8.324976054E1,-5.348414183E-3,1.639636233E-3,1.157667255E-3
8.325980054E1,-2.043431625E-3,2.181589603E-3,7.904174272E-4
8.326984154E1,-1.728380099E-3,1.366926357E-3,1.665682299E-3
8.327991154E1,9.715314955E-4,8.963458240E-4,6.266753189E-6
8.328995254E1,-1.224316657E-4,-6.480682641E-4,1.662132912E-3
8.329999254E1,3.362048417E-3,-2.926137298E-3,4.663736327E-4
8.331003254E1,1.990356483E-3,-2.532506362E-3,-4.404841457E-5
8.332007254E1,2.869466320E-3,-1.311181113E-3,2.771287691E-4
8.333011354E1,3.072897904E-3,2.572946250E-3,-2.234711079E-3
8.334018454E1,-3.087837249E-4,-2.551773563E-3,-3.417361295E-4
8.335022454E1,-2.836193889E-4,4.882311448E-3,-1.621046802E-3
8.336026454E1,-4.045868292E-3,4.020247608E-3,4.413051065E-4
8.337030454E1,-3.673521802E-3,4.465889186E-3,-1.169215189E-3
8.338034554E1,-5.940938368E-3,4.538372159E-4,-2.289607190E-3
8.339038554E1,-7.256207988E-3,2.872455865E-3,-1.841903664E-3
8.340045654E1,-2.994617447E-3,1.853257418E-4,-4.007319920E-3
8.341049654E1,-1.776089892E-3,3.039836884E-6,-2.802701434E-3
8.342053654E1,-1.825090498E-3,-1.873955131E-3,-4.699937068E-3
8.343057754E1,6.425268948E-4,-1.492258161E-3,-3.649622668E-3
8.344061754E1,-8.850619197E-4,-1.172678545E-3,-5.050179083E-3
8.345065754E1,-1.542858779E-3,-1.644231379E-4,-5.583751947E-3
8.346072854E1,-5.239341408E-4,1.357141882E-4,-4.459099378E-3
8.347076854E1,-2.357318997E-3,3.834515810E-4,-1.606357750E-3
8.348080954E1,-3.874255344E-3,-3.381725401E-3,-5.080539268E-5
8.349084954E1,-5.193222314E-3,-1.293763518E-3,-1.196370577E-3
8.350088954E1,-3.291459754E-3,4.418194294E-4,-2.448588843E-3
8.351092954E1,-1.913011074E-3,1.245850697E-3,-1.784524298E-3
8.352100054E1,-1.064527780E-3,-6.389245391E-5,-4.121974343E-4
8.353104054E1,3.482513130E-4,-1.682958566E-3,-2.242017770E-3
8.354108154E1,2.430044115E-3,-2.797757275E-3,-2.106463071E-3
8.355112154E1,8.185654879E-4,-1.591345295E-3,-1.510447473E-3
8.356116154E1,6.153667346E-4,-7.585752755E-4,-1.084874384E-3
8.357120254E1,-1.346191391E-3,-1.237219200E-3,-2.341007814E-3
8.358127254E1,1.095394604E-3,-1.281162724E-3,-1.024074736E-3
8.359131354E1,-7.685273886E-6,3.912709653E-4,-9.017026750E-4
8.360135354E1,1.330020837E-3,-2.004839480E-4,-9.849329945E-5
8.361139354E1,-1.301310956E-3,1.334935427E-3,2.152809175E-4
8.362143454E1,-1.784941182E-3,2.651069313E-3,-4.350630334E-4
8.363147454E1,-8.682850748E-4,1.629766077E-3,-2.187813399E-3
8.364151454E1,-1.470690593E-3,1.258520409E-3,-9.113603155E-4
8.365158554E1,-1.838169992E-4,-1.477255486E-3,4.313534591E-4
8.366162554E1,-1.116190106E-3,-1.540904865E-3,-3.494944889E-3
8.367166554E1,-2.277266234E-3,5.128905177E-4,-1.195932040E-3
8.368170654E1,-9.699203074E-4,2.811960876E-4,-1.867314917E-3
8.369174654E1,5.064252764E-5,1.573162153E-3,-2.102130093E-3
8.370178654E1,-1.111827791E-3,-1.679089852E-3,-9.132949053E-4
8.371185754E1,-9.061340243E-4,2.608649433E-3,-2.175510395E-3
8.372189754E1,-3.138482571E-4,8.549578488E-4,-6.495192065E-4
8.373193854E1,-1.073876396E-3,-4.978515208E-4,-5.369842984E-5
8.374197854E1,-7.014721632E-6,-2.106933855E-3,-5.221484462E-4
8.375201854E1,-6.385520101E-4,4.358366132E-4,-1.152624725E-3
8.376205954E1,3.880960867E-4,-7.146485150E-4,-8.186642663E-4
8.377212954E1,-1.455774531E-3,3.692731261E-4,4.365895875E-4
8.378217054E1,-5.985032767E-4,-5.769468844E-4,1.066160854E-3
8.379221054E1,-3.370214254E-4,-1.398047432E-3,1.600720920E-3
8.380225054E1,3.314325586E-4,1.646477729E-3,-2.903896384E-4
8.381229054E1,1.299498603E-3,1.911951229E-3,-4.818813177E-4
8.382233154E1,4.350366071E-4,3.702472895E-4,-2.099485369E-3
8.383240254E1,-1.163763925E-3,2.962285653E-3,-2.257251646E-3
8.384244254E1,-2.829570323E-3,4.136413336E-4,-1.173611381E-3
8.385248254E1,-2.763489261E-3,1.182587817E-3,-1.435530139E-4
8.386252254E1,-5.094554275E-3,7.343811914E-3,6.564606447E-4
8.387256354E1,-4.524437711E-3,3.116637468E-3,1.390392892E-3
8.388260354E1,-6.246970966E-3,3.105716780E-3,1.911040861E-3
8.389267454E1,-3.270857036E-3,-4.526861012E-4,1.557193929E-3
8.390271454E1,-7.932446897E-5,-2.710577101E-4,1.202993561E-3
8.391275454E1,2.516964450E-3,-2.642994747E-3,-2.252955688E-3
8.392279554E1,6.725290790E-3,-1.269867644E-3,-4.370967858E-3
8.393283554E1,4.488565028E-3,-7.647164166E-4,-2.306039678E-3
8.394287554E1,4.552747123E-3,-3.558637574E-3,-1.444507157E-3
8.395294654E1,1.392373815E-3,-1.474713907E-3,-3.299398813E-3
8.396298654E1,-3.589205444E-4,-6.901472807E-4,-1.792393159E-4
8.397302754E1,-1.241825521E-3,-1.303944737E-3,6.215383764E-4
8.398306754E1,-2.329725772E-3,2.038588747E-3,5.365835968E-4
8.399309950E1,-3.053668886E-3,-1.245137304E-3,7.398391608E-5
8.400313950E1,-4.179120064E-3,-1.994284801E-3,6.201982033E-4
8.401321050E1,-4.111111164E-3,2.759493887E-3,1.608095365E-3
8.402325050E1,-1.242887229E-3,4.310924560E-4,1.851241803E-3
8.403329150E1,-6.718374789E-4,4.306994379E-3,3.047805512E-4
8.404333150E1,2.928756177E-3,1.802291721E-3,1.852045534E-4
8.405337150E1,1.261782832E-3,3.754621372E-3,-1.175119309E-3
8.406341250E1,3.115076572E-3,-5.751457065E-4,-7.692535291E-4
8.407345250E1,3.437877633E-3,9.445901960E-4,-7.568422006E-4
8.408352350E1,8.090715855E-4,4.974454641E-4,-2.887370996E-3
8.409356350E1,-1.543594524E-3,-6.784629077E-4,-2.181984019E-3
8.410360350E1,-7.821973413E-4,2.405744046E-3,-1.201408217E-3
8.411364450E1,-2.607963979E-3,-4.163496196E-4,-1.700506313E-3
8.412368450E1,-4.310255870E-3,-2.707201988E-3,-1.766552683E-3
8.413372450E1,-2.622045577E-3,2.442643046E-3,-2.476602327E-3
8.414379550E1,-4.980539903E-3,2.428796142E-3,-5.613805726E-3
8.415383550E1,6.807101890E-4,-1.900225878E-3,-3.483398119E-3
8.416387550E1,-4.268977791E-4,-8.661206812E-4,-3.739061533E-3
8.417391650E1,1.910120249E-3,-1.268705353E-3,-5.104210228E-3
8.418395650E1,-2.334583551E-4,-3.726003692E-3,-4.536423832E-3
8.419399650E1,-4.629511386E-4,3.553101793E-3,-2.898018342E-3
8.420406750E1,6.174929440E-4,-1.474681310E-3,-3.085504752E-3
8.421410750E1,-2.267645672E-3,-3.194643185E-3,-1.351317158E-3
8.422414850E1,-3.319062293E-3,-1.170951873E-4,-9.686208796E-4
8.423418850E1,-4.040207714E-3,-3.732312471E-4,5.883437116E-4
8.424422850E1,-2.688920125E-3,2.914974466E-3,1.404336421E-3
8.425426950E1,6.805760786E-4,1.436267048E-4,1.789464033E-3
8.426433950E1,-7.283128798E-5,-3.077778965E-4,-2.385573694E-3
8.427438050E1,2.606110647E-3,-5.057342350E-4,6.949005183E-5
8.428442050E1,1.685200259E-4,-7.717832923E-4,-1.728143659E-3
8.429446050E1,-2.252645791E-4,-3.846618347E-3,-2.582629677E-3
8.430450050E1,9.087091312E-4,-7.616132498E-4,-1.230010297E-3
8.431454150E1,2.960009500E-3,7.096678019E-7,-1.481749234E-3
8.432461250E1,7.288130000E-4,8.939392865E-5,-2.368848072E-3
8.433465250E1,1.426870003E-4,1.639708877E-3,-2.223923802E-4
8.434469250E1,-4.456061870E-4,1.907888800E-3,-7.281266153E-4
8.435473250E1,1.490177587E-3,4.087502137E-3,-7.139074733E-4
8.436477350E1,1.875802875E-3,-2.364804037E-3,3.044853220E-4
8.437481350E1,-5.071591586E-4,-2.359116450E-3,8.029767778E-4
8.438488450E1,2.044364810E-4,-6.232690066E-4,-6.428534398E-4
8.439492450E1,-3.845699131E-3,2.909414470E-3,-9.901296580E-4
8.440496450E1,-5.218070000E-4,-4.477668554E-4,-2.153931186E-3
8.441500550E1,-3.740638494E-4,7.325913757E-4,-1.703502960E-3
8.442504550E1,-3.742162138E-3,3.275256604E-4,-1.743184053E-3
8.443508550E1,-2.950841561E-3,-2.477805130E-3,-2.949202899E-3
8.444512550E1,3.600008786E-4,-6.274413317E-4,-4.362441832E-4
8.445519650E1,-1.279208809E-4,4.550436512E-3,-7.047811523E-4
8.446523750E1,-1.168418676E-3,-1.645141281E-3,-1.374299871E-3
8.447527750E1,2.166219056E-4,3.653559834E-4,-9.914962575E-4
8.448531750E1,1.004119404E-3,5.858652294E-4,1.645819284E-4
8.449535750E1,2.720155753E-3,1.250054687E-3,-1.017439994E-3
8.450539850E1,-4.647187889E-4,1.887846738E-4,-2.211068757E-3
8.451546850E1,-1.000966877E-4,2.451756969E-3,-7.493097801E-4
8.452550950E1,-5.142185837E-4,1.235758886E-3,1.289606327E-3
8.453554950E1,-9.809359908E-4,1.140808687E-3,4.706141772E-4
8.454558950E1,1.828186214E-5,1.776771620E-3,1.412041718E-3
8.455563050E1,1.912223175E-3,1.294441521E-3,8.637146093E-4
8.456567050E1,-6.667822599E-4,-3.005232662E-3,-2.317963867E-3
8.457574150E1,7.105115801E-4,-3.438144922E-4,-2.670750488E-3
8.458578150E1,-2.877298743E-3,2.359561622E-4,-3.413505852E-3
8.459582150E1,-5.837773904E-3,-1.409087330E-3,-2.270586789E-3
8.460586250E1,-4.430824891E-3,-1.298300922E-3,6.607547402E-4
8.461590250E1,-4.300927743E-3,3.706850111E-4,-2.378299832E-4
8.462594250E1,-6.339577958E-3,3.354223445E-3,2.714017639E-3
8.463601350E1,-4.965448752E-3,3.424577415E-3,1.419417094E-5
8.464605350E1,-4.928696901E-3,3.382500261E-3,5.838443758E-4
8.465609350E1,-2.079196274E-4,2.010706812E-4,-1.647572033E-3
8.466613450E1,2.600383013E-3,-3.458912484E-3,-2.343456028E-3
8.467617450E1,5.450436845E-3,-3.710549325E-3,-4.933017306E-3
8.468621450E1,3.459990956E-3,-3.744371235E-3,-4.278145730E-3
8.469628550E1,3.109116107E-3,-5.537332036E-3,-3.326796228E-3
8.470632550E1,2.403594553E-4,-8.379183710E-4,-1.994683174E-3
8.471636650E1,-1.251241192E-3,-3.720428795E-4,-2.070367569E-3
8.472640650E1,-1.763368025E-3,2.279665321E-3,5.485849688E-4
8.473644650E1,-1.982416958E-3,2.563739195E-3,2.201810479E-3
8.474648750E1,-3.588836640E-3,-3.654714674E-4,9.418465197E-5
8.475655750E1,-1.732345670E-3,2.169026062E-3,1.186480047E-3
8.476659850E1,-1.953387633E-3,4.601290450E-3,1.033614622E-3
8.477663850E1,-9.021684527E-4,1.809418201E-3,5.829038564E-4
8.478667850E1,1.749007963E-3,4.104599357E-4,1.492906013E-3
8.479671850E1,1.748804934E-3,9.385291487E-4,1.153789926E-3
8.480675950E1,2.583439462E-3,-1.241268590E-3,1.764098415E-4
8.481683050E1,2.920363098E-3,6.792284548E-4,7.915496826E-4
8.482687050E1,2.309167758E-3,-7.788520306E-4,8.759717457E-4
8.483691050E1,2.589996904E-3,1.272460446E-3,-1.780397724E-4
8.484695050E1,-3.056582063E-4,1.275122166E-3,-1.536784461E-3
8.485699150E1,-2.168696374E-4,3.486877307E-3,2.452509943E-4
8.486703150E1,-5.345320329E-3,1.157676801E-3,-6.820617127E-4
8.487707150E1,-4.511190578E-3,2.476096153E-3,-2.371620853E-3
8.488714250E1,-3.465631977E-3,1.628734171E-4,-1.461085980E-3
8.489718250E1,-3.734147176E-3,1.115009189E-3,-3.489914350E-3
8.490722350E1,1.536249183E-3,-8.767470717E-5,-4.542928189E-3
8.491726350E1,1.017268747E-3,-3.170613199E-4,-5.233585835E-3
8.492730350E1,-3.792941570E-4,-6.097424775E-4,-4.717199132E-3
8.493734350E1,3.506457433E-4,-4.329998046E-4,-2.714451402E-3
8.494741450E1,-1.417733729E-4,-1.412243582E-3,-1.973027363E-3
8.495745550E1,-4.240442067E-3,2.090672031E-3,-1.148279523E-3
8.496749550E1,-1.396719366E-3,1.561501995E-3,-1.345886034E-3
8.497753550E1,-3.418393433E-3,-1.642989926E-3,-2.398001496E-3
8.498757550E1,-2.732098103E-3,-5.572196096E-4,-1.882679760E-3
8.499762463E1,-3.162128851E-3,2.163376659E-3,-1.028437284E-3
8.500769562E1,-2.504860982E-3,1.308500767E-3,-2.334836172E-4
8.501773562E1,-3.022234887E-4,-2.277942374E-3,-2.578910207E-4
8.502777562E1,-5.626808852E-4,-6.751902401E-5,-4.243385629E-4
8.503781563E1,2.214092761E-3,-1.553033479E-3,-4.390971153E-4
8.504785662E1,1.080385409E-3,-3.576503135E-3,-2.187728649E-3
8.505789662E1,9.544938803E-5,-2.705414779E-3,-1.243088045E-3
8.506796763E1,-5.578231066E-4,-6.558466703E-4,-1.807944500E-3
8.507800763E1,1.240870915E-3,9.825658053E-4,-1.486369409E-3
8.508804762E1,-4.001688212E-4,-9.998921305E-4,-9.790372569E-4
8.509808862E1,-2.795923501E-4,2.059336752E-3,-1.685872208E-3
8.510812862E1,5.632638931E-6,1.241480932E-3,-1.192921074E-3
8.511816862E1,1.060578972E-3,2.299435437E-5,-5.277629825E-4
8.512823962E1,1.626234502E-3,-3.607682884E-4,-1.307802857E-3
8.513827962E1,9.021544829E-4,7.847696543E-5,-2.141423291E-3
8.514832062E1,-4.195719957E-4,-5.185794085E-3,-1.981146634E-4
8.515836062E1,1.463163644E-4,-1.712588593E-3,-1.520855702E-3
8.516840062E1,7.540490478E-4,-5.131009966E-4,-6.233704626E-4
8.517844063E1,-9.786430746E-4,-3.467129543E-3,-3.291678149E-3
8.518851162E1,-2.244357020E-4,-1.434071921E-3,-8.229280356E-4
8.519855162E1,-2.861659974E-3,-4.897080362E-5,-2.618577797E-3
8.520859263E1,-2.890452743E-4,-1.549928449E-3,-2.655595541E-3
8.521863263E1,-1.237541437E-5,4.049800336E-4,-1.547538443E-3
8.522867262E1,1.945314929E-3,4.856735468E-4,5.600872682E-4
8.523871362E1,9.258883074E-4,3.325786442E-3,4.493838642E-4
8.524878363E1,3.189537674E-4,5.875248462E-4,4.786786158E-4
8.525882463E1,2.192126587E-3,1.618154347E-4,1.326062833E-3
8.526886462E1,1.878319308E-4,1.582877710E-3,8.316559251E-5
8.527890462E1,6.036879495E-4,-1.175142825E-3,-2.142230514E-3
8.528894562E1,-1.480234787E-3,-2.290475182E-3,1.589124324E-3
8.529898562E1,-1.676110551E-3,-2.057290636E-3,-8.965882007E-4
8.530905662E1,-1.554936171E-3,7.504802197E-4,5.375239998E-4
8.531909662E1,-1.111466438E-3,1.135122031E-3,1.746602356E-4
8.532913662E1,-1.089360565E-3,1.213686541E-3,5.469701719E-4
8.533917662E1,-2.926345915E-4,1.480886713E-3,-9.461885784E-4
8.534921763E1,-2.955796197E-3,4.309697077E-3,-2.378170379E-3
8.535925763E1,-5.520805717E-4,2.281887457E-3,-1.676423708E-3
8.536929762E1,-2.661837265E-3,-4.832744598E-4,-1.203446183E-3
8.537936862E1,-5.000395700E-3,1.381658018E-3,3.737101797E-4
8.538940863E1,-7.163148373E-3,8.351784199E-4,2.783072181E-3
8.539944963E1,-4.232374951E-3,2.027392387E-3,2.746635117E-3
8.540948962E1,-3.720780835E-3,5.838908255E-3,3.646250814E-3
8.541952962E1,-2.041088417E-3,2.644496039E-3,3.080148483E-3
8.542957062E1,-7.739569992E-4,2.765137702E-3,1.477191923E-3
8.543964063E1,1.272919588E-3,-1.346638426E-3,-1.134388265E-3
8.544968162E1,5.133704282E-3,-6.400785409E-3,-9.897786658E-4
8.545972162E1,4.811850376E-3,-1.882771030E-3,-4.354888108E-3
8.546976162E1,4.892277531E-3,-3.344046883E-3,-4.693109542E-3
8.547980162E1,1.366623677E-3,3.438796848E-4,-2.614122350E-3
8.548984263E1,-1.037083566E-4,1.625195146E-4,-1.216229284E-3
8.549991362E1,-1.873774454E-3,3.206891939E-3,-4.759359290E-4
8.550995362E1,-2.981916070E-3,2.989843488E-3,1.300658914E-3
8.551999362E1,-1.164842397E-3,2.970403060E-3,2.101204824E-3
8.553003363E1,-2.417899668E-4,2.942439169E-3,3.671671264E-3
8.554007463E1,-1.901375130E-3,-6.020627916E-5,2.637413796E-3
8.555011462E1,-3.008153290E-4,1.603029668E-4,2.021158347E-3
8.556018562E1,3.206668422E-3,3.784447908E-4,1.540973666E-3
8.557022563E1,1.009560190E-3,1.008016989E-3,8.647971554E-4
8.558026563E1,9.679831564E-4,-3.050453961E-4,3.166367533E-4
8.559030662E1,2.917417325E-3,1.212956384E-3,-1.081374940E-4
8.560034662E1,2.558419481E-3,-3.762320615E-3,4.557839129E-4
8.561038662E1,5.155001767E-3,1.083184034E-4,-1.457963604E-3
8.562045762E1,3.185496666E-3,9.468775243E-4,-4.500701907E-4
8.563049762E1,1.207366586E-5,9.327623993E-4,5.366746336E-7
8.564053862E1,-1.343874261E-3,5.840416998E-4,-6.942173932E-4
8.565057862E1,-3.763889894E-3,-1.773554832E-4,4.267925397E-5
8.566061862E1,-3.041211516E-3,3.483712673E-3,-1.605143771E-3
8.567065863E1,-1.243045554E-3,2.408595756E-3,-5.206802860E-3
8.568072962E1,-2.492096275E-3,2.540512010E-3,-3.250916721E-3
8.569076962E1,-1.915255561E-3,2.486716956E-3,-4.814991262E-3
8.570081062E1,-7.775835693E-4,-2.484992146E-3,-5.620681681E-3
8.571085063E1,1.170251518E-3,-3.591535613E-3,-4.149284679E-3
8.572089063E1,1.163985580E-4,-2.208184451E-4,-3.171191551E-3
8.573093162E1,-3.268744797E-3,-1.541481353E-3,-1.978628105E-3
8.574097162E1,-2.517597750E-3,3.284275532E-3,-2.069772221E-3
8.575104263E1,-3.296570852E-3,1.185759902E-4,-1.023150049E-3
8.576108262E1,-3.957172856E-3,3.005648032E-3,-1.926571596E-3
8.577112262E1,-2.680720761E-3,1.863684505E-3,-3.363980795E-4
8.578116362E1,-3.704134375E-3,1.732422039E-3,2.258893801E-4
8.579120362E1,-2.559507266E-3,-8.598342538E-5,3.531884868E-4
8.580124362E1,-8.467957377E-4,1.232899725E-3,7.808428491E-4
8.581131462E1,-2.680905163E-4,-2.161031589E-3,-4.066606634E-4
8.582135462E1,-6.654988974E-4,1.513918862E-3,-1.743866946E-3
8.583139462E1,5.883174017E-4,-7.380489260E-4,-3.723389818E-4
8.584143562E1,8.370568976E-4,-1.498115249E-3,-2.633628901E-3
8.585147563E1,1.411717385E-4,-2.455255948E-3,-1.001639175E-4
8.586151563E1,1.727957278E-4,1.504793763E-4,9.175277082E-4
8.587158662E1,-3.832727671E-4,1.509223133E-3,1.659836853E-4
8.588162662E1,-1.098327339E-4,3.191065043E-3,-2.697418095E-4
8.589166763E1,1.914435066E-3,9.734518826E-4,7.739510620E-4
8.590170762E1,4.869103432E-4,3.593888134E-3,-3.262482351E-4
8.591174762E1,1.884803176E-3,3.445550799E-3,6.431423826E-4
8.592178862E1,-3.959946334E-4,1.761419699E-3,-6.546458462E-4
8.593185863E1,-7.786918432E-4,-2.114512026E-4,-2.482474665E-4
8.594189962E1,-1.110386103E-3,2.009462565E-3,8.646264905E-4
8.595193962E1,-1.170573756E-3,-9.852610528E-4,-1.213704469E-3
8.596197962E1,-2.344192937E-3,-1.653096639E-3,-1.563424827E-3
8.597201962E1,-3.320774063E-3,-1.165738329E-3,1.585496706E-3
8.598206062E1,-3.648741171E-3,4.780739546E-4,-4.228567122E-4
8.599210975E1,-5.028257146E-3,-4.596244544E-4,5.156412954E-4
8.600214975E1,-9.074136615E-4,6.662104279E-4,-1.432261197E-3
8.601218975E1,3.853999078E-5,7.072649896E-5,1.126385760E-4
8.602222975E1,-2.132533118E-3,2.110501751E-3,6.311230827E-4
8.603227075E1,-3.466177732E-4,3.316380084E-3,2.834622515E-3
8.604231075E1,4.745312035E-4,2.010963857E-3,6.754463539E-4
8.605238175E1,7.381839678E-4,7.060151547E-4,-1.107187709E-4
8.606242175E1,-2.557948232E-3,1.666078344E-3,1.763770706E-3
8.607246175E1,-2.380847931E-3,2.490859479E-3,5.695084110E-5
8.608250275E1,-2.395894378E-3,-2.626034431E-3,2.843088936E-3
8.609254275E1,-6.383977830E-3,3.078987822E-3,2.138682641E-3
8.610258275E1,-3.879370168E-3,3.414208069E-3,2.033642959E-3
8.611262275E1,-1.199964434E-3,-1.578952186E-3,6.775615038E-4
8.612269375E1,-1.296672970E-3,-3.931261599E-4,-1.482481253E-3
8.613273475E1,-1.671114936E-3,4.767281935E-3,-1.248921966E-3
8.614277475E1,-2.383504063E-3,-3.162045032E-4,-6.988425157E-4
8.615281475E1,-4.832280800E-3,1.338949427E-3,2.514527645E-3
8.616285475E1,-6.170587614E-3,2.420557663E-3,5.226522218E-3
8.617289575E1,-7.742386311E-3,3.548139706E-3,6.202570628E-3
8.618296575E1,-9.488686919E-3,4.223041236E-3,6.851284299E-3
8.619300675E1,-9.203197435E-3,1.748697832E-3,1.030993182E-2
8.620304675E1,-6.295628846E-3,5.421349779E-3,9.361532517E-3
8.621308675E1,-5.490554497E-3,2.196794376E-3,9.267522953E-3
8.622312775E1,-3.735231236E-3,1.350522041E-3,7.702870294E-3
8.623316775E1,-8.028242737E-4,-1.114500687E-3,4.449020140E-3
8.624323875E1,9.069582447E-4,1.878701150E-3,3.654820379E-3
8.625327875E1,-2.000415698E-3,-1.876447350E-4,2.576239873E-3
8.626331875E1,-1.116978005E-3,-2.344590612E-3,3.064427990E-3
8.627335975E1,-1.453334466E-3,4.450697452E-4,2.513686428E-3
8.628339975E1,-1.595046371E-3,-2.978019416E-3,1.545549487E-3
8.629343975E1,-3.971651196E-3,-3.087475896E-3,4.024685826E-3
8.630351075E1,-3.884103149E-3,5.047004670E-4,5.272469949E-3
8.631355075E1,-2.264101058E-3,2.770252526E-3,6.389932241E-3
8.632359075E1,-2.221183851E-3,1.565441489E-3,5.956861656E-3
8.633363175E1,-8.139684796E-4,3.234444186E-3,5.666843150E-3
8.634367175E1,-2.273390070E-3,1.878436655E-3,4.546712618E-3
8.635371175E1,3.594122827E-4,4.741333425E-3,5.296659190E-3
8.636378275E1,-7.708631456E-4,-2.065300941E-3,4.037970211E-3
8.637382275E1,2.106682397E-3,1.960333437E-3,3.340488300E-3
8.638386375E1,1.421845518E-3,-1.843248494E-3,2.139588119E-3
8.639390375E1,4.244968295E-6,-3.070167266E-3,-5.992067163E-4
8.640394375E1,-1.399906352E-3,-1.256180927E-3,1.474269317E-3
8.641398475E1,-2.936815843E-3,-4.760921001E-6,1.412217622E-3
8.642405475E1,-3.454433754E-3,1.396352425E-3,-1.042965217E-3
8.643409575E1,-5.874715745E-3,4.432071000E-4,1.788241323E-3
8.644413575E1,-7.582399994E-3,3.825739026E-3,1.684880001E-3
8.645417575E1,-8.837815374E-3,1.612119377E-3,1.106707728E-3
8.646421575E1,-5.901345983E-3,4.880299792E-3,3.500653896E-3
8.647425675E1,-7.057424635E-3,1.596888527E-3,1.274517504E-3
8.648429675E1,-5.158957094E-3,3.344696015E-3,1.877738279E-3
8.649436775E1,-6.900131702E-3,-4.369914532E-4,1.711557037E-3
8.650440775E1,-6.695663556E-3,-2.439096570E-4,4.199858289E-3
8.651444775E1,-7.788091898E-3,2.690628171E-3,4.251257516E-3
8.652448875E1,-9.742325172E-3,2.991575748E-4,4.817304667E-3
8.653452875E1,-9.343383834E-3,2.465106547E-3,7.227998227E-3
8.654456875E1,-9.165816009E-3,2.863036469E-3,5.639658310E-3
8.655463975E1,-7.733302191E-3,4.941541702E-4,5.819421262E-3
8.656467975E1,-5.865691230E-3,4.832912236E-4,7.007426582E-3
8.657472075E1,-4.127180204E-3,4.601869732E-3,6.477989722E-3
8.658476075E1,-4.582349211E-3,5.788132548E-4,6.614923943E-3
8.659480075E1,-3.637194633E-3,-1.147180796E-3,5.927029066E-3
8.660484075E1,-2.915544435E-3,1.006200910E-4,4.343071952E-3
8.661491175E1,-2.901162952E-3,1.123273745E-3,4.626698792E-3
8.662495275E1,-1.682570204E-3,1.236036420E-3,4.334106110E-3
8.663499275E1,-2.339305356E-3,1.486640424E-3,4.519462585E-3
8.664503275E1,-2.623761073E-3,1.335628331E-4,5.897185765E-3
8.665507275E1,-1.841057092E-3,-1.511472277E-3,4.491036758E-3
8.666511375E1,-1.529172063E-3,1.604618505E-3,3.645679215E-3
8.667518375E1,-1.928113401E-3,-2.664429136E-3,4.614004865E-3
8.668522475E1,-3.655683249E-4,2.655923367E-3,4.991019145E-3
8.669526475E1,-3.590922803E-3,1.131264493E-3,4.159314092E-3
8.670530475E1,-3.940621391E-3,1.012537628E-3,2.720605582E-3
8.671534575E1,-5.136113614E-3,5.635283887E-4,4.084143788E-3
8.672538575E1,-6.263576448E-3,2.461336553E-3,5.086995661E-3
8.673545675E1,-4.264073446E-3,-6.449744105E-4,3.996430896E-3
8.674549675E1,-6.673997268E-3,-2.110805362E-4,4.890793469E-3
8.675553675E1,-7.361091673E-3,6.986558437E-4,4.340584390E-3
8.676557775E1,-5.888465792E-3,1.242505386E-3,5.463775247E-3
8.677561775E1,-4.367269576E-3,8.827131242E-4,6.817991845E-3
8.678565775E1,-3.303734586E-3,2.236764878E-3,6.749756169E-3
8.679569775E1,-6.479287520E-3,5.023496225E-3,6.701819599E-3
8.680576875E1,-5.777610466E-3,1.115098596E-3,7.156123407E-3
8.681580875E1,-4.880923778E-3,1.635478809E-3,7.361985743E-3
8.682584975E1,-5.530508235E-3,9.696725756E-4,6.271318067E-3
8.683588975E1,-5.714265630E-3,1.824423671E-4,9.382422082E-3
8.684592975E1,-4.493467510E-3,3.014916554E-3,9.563666768E-3
8.685597075E1,-5.069242790E-3,5.111623555E-3,1.051947474E-2
8.686604075E1,-4.712911323E-3,2.915048972E-3,1.069790684E-2
8.687608175E1,-1.865992323E-3,4.000820220E-3,8.689616807E-3
8.688612175E1,-5.712933838E-3,3.884235397E-3,6.802885327E-3
8.689616175E1,-5.669258535E-3,3.377435729E-3,7.957099006E-3
8.690620275E1,-5.591189489E-3,2.771584317E-3,8.333506994E-3
8.691624275E1,-5.332063884E-3,5.021423101E-3,9.381460957E-3
8.692631375E1,-7.171774283E-3,1.899398863E-3,1.058041584E-2
8.693635375E1,-7.925448939E-3,5.546331406E-3,1.101983804E-2
8.694639375E1,-9.083094075E-3,4.034057260E-3,1.205934491E-2
8.695643375E1,-9.785369039E-3,5.534749478E-3,1.206600294E-2
8.696647475E1,-8.677594364E-3,2.660639584E-3,1.172539871E-2
8.697651475E1,-7.196610793E-3,3.070766106E-3,1.160502434E-2
8.698658575E1,-6.154546514E-3,1.843396574E-3,9.639411233E-3
8.699663379E1,-2.985917032E-3,4.364494234E-4,9.635949507E-3
8.700667379E1,-1.309623942E-3,3.757486120E-3,9.413685650E-3
8.701671479E1,-9.383801371E-4,-1.474027522E-3,7.512987591E-3
8.702675479E1,-5.557816476E-4,3.421852365E-3,6.098739337E-3
8.703679479E1,-1.447675750E-3,1.684406772E-3,7.032443304E-3
8.704686579E1,-1.523641869E-3,-1.019135118E-3,5.912945140E-3
8.705690579E1,-1.657599583E-3,2.151889727E-3,6.859432906E-3
8.706694679E1,-3.419982269E-3,1.159681007E-3,8.450776339E-3
8.707698679E1,-5.194712430E-3,3.596207127E-3,1.038210094E-2
8.708702679E1,-4.782754928E-3,2.214215696E-3,9.817820974E-3
8.709706679E1,-5.111388862E-3,2.903440967E-3,1.269030664E-2
8.710713779E1,-5.999552086E-3,2.604842186E-3,1.356184110E-2
8.711717879E1,-6.434712559E-3,2.997126430E-3,1.343720499E-2
8.712721879E1,-6.487308070E-3,1.944482327E-3,1.065760199E-2
8.713725879E1,-5.667055026E-3,3.350896761E-3,1.358787809E-2
8.714729879E1,-7.019141689E-3,2.141555771E-3,9.799798019E-3
8.715733979E1,-4.003643990E-3,3.994850442E-3,1.033509336E-2
8.716737979E1,-4.229150712E-3,2.586841583E-3,1.150064450E-2
8.717745079E1,-5.242217332E-3,1.300269738E-3,1.040208992E-2
8.718749079E1,-5.057359114E-3,3.359768540E-3,9.869679809E-3
8.719753079E1,-5.309561267E-3,9.482763708E-4,1.024598442E-2
8.720757179E1,-6.912982091E-3,4.935454577E-3,1.047279406E-2
8.721761179E1,-7.758535445E-3,8.829217404E-4,8.107108064E-3
8.722765179E1,-8.557584137E-3,1.520454884E-3,8.925513364E-3
8.723772279E1,-8.080344647E-3,1.342821866E-3,8.606200106E-3
8.724776279E1,-6.134377792E-3,2.024648711E-3,9.251604788E-3
8.725780379E1,-4.880027846E-3,1.815591007E-3,7.832672447E-3
8.726784379E1,-4.938716069E-3,1.229938120E-3,7.898999378E-3
8.727788379E1,-5.250573158E-3,2.060044557E-3,9.007139131E-3
8.728792379E1,-4.247559234E-3,1.728143543E-4,7.300498430E-3
8.729799479E1,-5.289919674E-3,1.193337142E-3,6.646425463E-3
8.730803579E1,-3.815924749E-3,1.373158768E-3,8.058402687E-3
8.731807579E1,-3.484629095E-3,1.192329451E-3,1.007414889E-2
8.732811579E1,-5.006592721E-3,5.029719323E-4,1.087876502E-2
8.733815579E1,-3.696052358E-3,1.536278054E-3,1.090539712E-2
8.734819679E1,-3.761261702E-3,5.940776318E-4,1.115769614E-2
8.735826679E1,-3.948748112E-3,4.362717271E-3,1.057446469E-2
8.736830779E1,-6.261179224E-3,4.407968372E-4,1.026098430E-2
8.737834779E1,-6.440144032E-3,-1.179352403E-4,9.431942366E-3
8.738838779E1,-4.341270775E-3,7.529892027E-4,8.889148012E-3
8.739842879E1,-3.003831953E-3,4.457978532E-3,8.500060067E-3
8.740846879E1,-2.424864098E-3,3.155060112E-4,1.060327142E-2
8.741853979E1,-1.340158284E-3,1.424446702E-3,9.222688153E-3
8.742857979E1,-1.367118210E-3,-2.115536481E-4,9.211626835E-3
8.743861979E1,-3.306698054E-3,9.189583361E-4,9.439859539E-3
8.744866079E1,-3.199605271E-3,2.601616085E-3,8.061097004E-3
8.745870079E1,-1.584397629E-3,3.161147237E-3,7.518345024E-3
8.746874079E1,-2.488505095E-3,5.570590496E-3,6.688723806E-3
8.747878079E1,-2.687975764E-3,4.783893004E-3,9.212069213E-3
8.748885179E1,-2.091364935E-3,2.362819389E-3,7.419112138E-3
8.749889179E1,-4.812316969E-3,2.903973684E-3,5.454231985E-3
8.750893279E1,-2.564040944E-3,-5.565173924E-4,7.329464890E-3
8.751897279E1,-3.897486255E-3,7.247310132E-4,6.728122942E-3
8.752901279E1,-6.089765579E-3,-6.338786334E-4,7.950589992E-3
8.753905379E1,-3.581866622E-3,3.171244636E-3,5.840034690E-3
8.754912379E1,-3.017611802E-3,2.431530505E-3,5.847048014E-3
8.755916479E1,-4.036804661E-3,2.555100247E-3,5.847847089E-3
8.756920479E1,-1.635432243E-3,5.801526830E-3,5.680067465E-3
8.757924479E1,-2.738513052E-3,2.486158162E-3,8.537373506E-3
8.758928579E1,-4.178054631E-3,3.239668906E-3,9.171218611E-3
8.759932579E1,-2.979099751E-3,6.117215380E-3,8.838057518E-3
8.760939679E1,-1.622548327E-3,5.916725844E-3,9.464139119E-3
8.761943679E1,-3.165341914E-4,4.907388240E-3,7.726692129E-3
8.762947679E1,-8.207745850E-5,2.160627395E-3,3.569750348E-3
8.763951679E1,-2.719938755E-3,8.223894984E-4,4.248057492E-3
8.764955779E1,-4.069361836E-3,-1.630915329E-3,2.910085255E-3
8.765959779E1,-3.233661875E-3,-1.171752810E-4,3.454435384E-3
8.766966879E1,-4.088968039E-3,-8.622985333E-4,5.356183276E-3
8.767970879E1,-7.266385481E-3,-2.246876247E-3,5.122890696E-3
8.768974879E1,-5.366653204E-3,-4.771798849E-4,5.618223455E-3
8.769978979E1,-7.617291063E-3,1.758262515E-4,6.680025719E-3
8.770982979E1,-6.982658058E-3,2.408083528E-4,6.855261512E-3
8.771986979E1,-2.249423414E-3,2.508489415E-3,5.720755085E-3
8.772994079E1,8.184676990E-4,-2.574038692E-3,3.668344580E-3
8.773998079E1,2.362302504E-3,1.118168235E-3,3.997244872E-3
8.775002179E1,3.625478595E-3,1.437347382E-4,2.156304661E-3
8.776006179E1,3.490456380E-3,-3.287103027E-4,1.615416841E-3
8.777010179E1,1.376000233E-3,-1.014586538E-3,-2.646946814E-5
8.778014179E1,2.770696767E-3,-2.350427210E-3,1.839341130E-3
8.779018279E1,-1.030998304E-3,-2.532601357E-4,1.810886781E-3
8.780025379E1,-1.185195521E-3,4.423577338E-4,1.753628836E-3
8.781029379E1,-1.476606354E-3,2.206675708E-3,5.976462737E-3
8.782033379E1,-1.164218411E-3,1.197071746E-3,4.630767275E-3
8.783037379E1,-2.983925864E-3,4.428695887E-3,3.624430392E-3
8.784041479E1,-7.428769022E-4,2.058481798E-3,3.824700136E-3
8.785045479E1,1.226168126E-3,-2.142746933E-3,4.221676849E-3
8.786052579E1,1.699589193E-4,-1.048455015E-3,4.830474965E-3
8.787056579E1,1.744087785E-3,8.450448513E-5,3.592649009E-4
8.788060579E1,3.364621662E-3,4.340235144E-3,1.923339441E-3
8.789064679E1,1.366883516E-3,-9.251236916E-4,1.346246572E-3
8.790068679E1,2.816176042E-3,-5.703903735E-4,-7.936033071E-4
8.791072679E1,1.995283179E-3,-1.717823558E-3,-5.358376075E-4
8.792079779E1,1.348934136E-3,1.064913347E-3,9.763053386E-4
8.793083779E1,1.098681241E-4,2.008680254E-3,1.093239989E-4
8.794087879E1,-2.110432833E-4,3.564765677E-3,-3.719091765E-4
8.795091879E1,-2.086808905E-3,2.037683502E-3,-3.258219804E-4
8.796095879E1,-1.843661070E-3,-1.210756600E-4,4.217273090E-4
8.797099879E1,8.305534720E-6,1.106841490E-3,-1.400788897E-3
8.798106979E1,2.227516845E-3,-9.142309427E-4,-4.798449576E-3
8.799110979E1,5.508233793E-3,-6.826724857E-4,-3.138043452E-3
8.800117292E1,1.870355569E-3,-1.336479560E-3,-3.715150524E-3
8.801121292E1,1.375638880E-3,-6.157420576E-4,-2.918228973E-3
8.802125292E1,2.287505195E-3,-7.843207568E-4,-3.830095520E-3
8.803129392E1,1.647775993E-3,-3.541032784E-3,-3.260667901E-3
8.804136392E1,3.348470666E-3,-1.693597995E-3,-2.035347745E-3
8.805140492E1,2.160768025E-3,-6.824433804E-4,-3.381014802E-3
8.806144492E1,2.494994551E-3,-7.223915309E-4,-3.498460166E-3
8.807148492E1,1.340680756E-3,-1.650528051E-3,-2.432382433E-3
8.808152592E1,3.454164602E-3,7.191523910E-4,-2.687779488E-3
8.809156592E1,5.362822674E-3,-7.141754031E-5,-4.590678960E-3
8.810160592E1,3.276236355E-3,-3.964959644E-3,-3.265756415E-3
8.811167692E1,6.180075929E-3,-1.349877566E-3,-3.936788999E-3
8.812171692E1,5.666618235E-3,-1.742428169E-3,-4.005764611E-3
8.813175692E1,6.264433265E-3,-2.374881878E-3,-4.385292996E-3
8.814179792E1,6.666836329E-3,-2.510969527E-3,-5.364004523E-3
8.815183792E1,7.028926164E-3,-5.510780029E-3,-5.675313994E-3
8.816187792E1,8.030274883E-3,-2.549611963E-3,-7.031661458E-3
8.817194892E1,7.394915447E-3,-1.293517649E-3,-7.680227514E-3
8.818198892E1,6.942444481E-3,2.998523414E-4,-8.001138456E-3
8.819202992E1,7.533865049E-3,-1.224756241E-3,-9.205449373E-3
8.820206992E1,7.384994067E-3,-3.267399967E-3,-8.991064504E-3
8.821210992E1,7.703003474E-3,-3.144680522E-3,-9.796220809E-3
8.822215092E1,5.868352018E-3,-1.011755317E-3,-1.253767870E-2
8.823222092E1,6.040228531E-3,-9.193886071E-4,-1.173805725E-2
8.824226192E1,6.415467709E-3,-2.380665392E-3,-1.347310748E-2
8.825230192E1,6.153111346E-3,5.408246070E-4,-1.125107892E-2
8.826234192E1,5.442046560E-3,4.311017692E-4,-1.230622269E-2
8.827238192E1,3.392146900E-3,-3.023580648E-3,-1.097584609E-2
8.828242292E1,3.917322494E-3,-1.335935667E-3,-1.096146461E-2
8.829249392E1,-5.082227290E-5,1.409798861E-4,-1.133559644E-2
8.830253392E1,2.491698600E-3,2.941116691E-4,-1.191456802E-2
8.831257392E1,-1.338560134E-3,1.683995128E-3,-9.329156950E-3
8.832261392E1,9.395368397E-5,1.208886504E-3,-7.877468131E-3
8.833265492E1,1.027863473E-3,3.523938358E-4,-8.850997314E-3
8.834269492E1,1.711497083E-3,3.327678889E-3,-9.695218876E-3
8.835276592E1,-1.454807818E-3,1.047667116E-3,-9.521381930E-3
8.836280592E1,-2.097804099E-4,-1.827480271E-3,-1.093445532E-2
8.837284592E1,2.818273380E-3,5.872081965E-4,-1.162303798E-2
8.838288692E1,3.894697875E-4,-2.567307092E-3,-1.116257720E-2
8.839292692E1,4.769517109E-4,-2.842771821E-3,-1.165786758E-2
8.840296692E1,5.227588117E-4,-2.503485419E-3,-1.284563728E-2
8.841300692E1,1.631003805E-3,-7.919147611E-4,-1.068141777E-2
8.842307792E1,-2.856720239E-4,1.960197464E-3,-1.106224954E-2
8.843311892E1,1.474563032E-4,4.328954965E-4,-1.161034219E-2
8.844315892E1,-6.307195872E-4,-1.838915050E-4,-9.998064488E-3
8.845319892E1,-2.648569643E-3,-3.613121808E-4,-1.245757192E-2
8.846323892E1,-1.269850880E-3,1.983068883E-3,-1.170336455E-2
8.847327992E1,-3.334764391E-3,-1.853461377E-3,-1.421287563E-2
8.848334992E1,-6.375163794E-4,-3.157877363E-3,-1.277743187E-2
8.849339092E1,-2.084843814E-3,4.507321864E-4,-1.398705319E-2
8.850343092E1,-3.486732021E-3,1.991903409E-3,-1.502834912E-2
8.851347092E1,-2.340672538E-3,1.071542501E-3,-1.292606536E-2
8.852351192E1,-3.770256415E-3,1.909639686E-3,-1.240301970E-2
8.853355192E1,-2.182181925E-3,-7.022432983E-4,-1.207138691E-2
8.854362292E1,-3.130801022E-3,2.217646688E-3,-1.251400448E-2
8.855366292E1,-1.898124814E-3,5.779787898E-5,-1.074405387E-2
8.856370292E1,-3.359666094E-3,4.940219223E-4,-1.253822539E-2
8.857374392E1,-1.521356404E-3,8.720569313E-4,-1.190910768E-2
8.858378392E1,-2.797542140E-3,-1.958701760E-4,-1.066381391E-2
8.859382392E1,-1.172678545E-3,2.736937255E-3,-1.260214113E-2
8.860389492E1,-2.186544240E-3,1.623734832E-3,-9.921402670E-3
8.861393492E1,-4.175392911E-3,2.513231710E-3,-9.018058889E-3
8.862397492E1,-3.481905907E-3,1.783259213E-3,-9.587442502E-3
8.863401592E1,-3.682671115E-3,3.552928567E-3,-8.811285719E-3
8.864405592E1,-2.324458212E-3,8.817780763E-4,-8.978531696E-3
8.865409592E1,-1.839892939E-3,8.483268321E-4,-9.026262909E-3
8.866416692E1,-5.635697395E-3,-1.463030465E-3,-1.135786064E-2
8.867420692E1,-1.640098169E-3,-1.050148159E-3,-1.148277335E-2
8.868424792E1,-3.404708579E-3,1.690777019E-3,-1.315603778E-2
8.869428792E1,-1.464027911E-3,-9.350292385E-4,-1.385356020E-2
8.870432792E1,-9.468421340E-4,-1.241026446E-3,-1.421521790E-2
8.871436892E1,-1.568457112E-3,-6.600730121E-4,-1.429944206E-2
8.872440892E1,-1.290155575E-3,-9.381063282E-4,-1.189940143E-2
8.873447992E1,-2.102687955E-3,-8.437540382E-4,-1.237679645E-2
8.874451992E1,-2.308284864E-3,2.082794905E-3,-1.134242490E-2
8.875455992E1,-3.826452419E-3,-8.828938007E-6,-9.267570451E-3
8.876459992E1,-5.866432562E-3,1.409571618E-3,-7.739714812E-3
8.877464092E1,-3.208233044E-3,-2.458300442E-4,-8.698998019E-3
8.878468092E1,-2.439113334E-3,5.616415292E-4,-7.853178307E-3
8.879475192E1,-3.468856215E-3,1.738784835E-3,-6.338652689E-3
8.880479192E1,-4.665413871E-3,1.760404557E-4,-6.465685088E-3
8.881483192E1,-2.665547654E-3,1.192944124E-3,-7.271464914E-3
8.882487292E1,-2.651700750E-3,1.069065183E-4,-7.031780668E-3
8.883491292E1,-2.285981551E-3,-9.497031569E-4,-7.183925714E-3
8.884495292E1,-5.013590679E-3,1.442348585E-3,-6.758885458E-3
8.885502392E1,-5.037263036E-4,-2.480037510E-4,-6.570040248E-3
8.886506392E1,-4.411116242E-3,-2.048833296E-3,-6.317306310E-3
8.887510492E1,-3.085857257E-3,1.080183312E-3,-5.943593569E-3
8.888514492E1,-3.265885636E-3,2.817362547E-3,-6.197659299E-3
8.889518492E1,-8.044950664E-5,1.644462347E-3,-4.922090098E-3
8.890522492E1,-6.415769458E-4,4.031453282E-3,-5.756458733E-3
8.891529592E1,-3.542900085E-4,2.158498392E-3,-6.180460565E-3
8.892533692E1,5.096402019E-4,-4.085227847E-4,-6.735996343E-3
8.893537692E1,1.104854047E-3,2.093335614E-3,-4.877802450E-3
8.894541692E1,2.211930230E-3,2.273099497E-3,-4.752899986E-3
8.895545692E1,-4.714671522E-4,-1.540171914E-3,-5.808262620E-3
8.896549792E1,4.334757105E-4,-2.093843184E-3,-5.045267288E-3
8.897553792E1,-1.576181501E-3,1.314971596E-4,-5.240590312E-3
8.898560892E1,-8.962769061E-4,-3.933819011E-3,-5.243519787E-3
8.899565587E1,-1.661537215E-3,-1.422546804E-3,-5.297263619E-3
8.900569587E1,-4.410091788E-4,1.244608313E-3,-4.301507957E-3
8.901573688E1,-3.962377086E-3,1.934550703E-3,-1.644155476E-3
8.902577688E1,-2.695512027E-3,2.706067637E-3,-9.466735064E-4
8.903581687E1,-1.775052398E-3,7.010232657E-4,-3.857298871E-4
8.904588787E1,-1.474115998E-3,1.452034339E-3,-1.219033031E-3
8.905592788E1,-4.741977900E-4,-9.970348328E-4,-1.857378520E-3
8.906596887E1,1.809996553E-3,1.527907327E-3,-1.044848119E-3
8.907600887E1,2.124643885E-3,5.570799112E-5,-3.700127359E-3
8.908604887E1,7.800385356E-5,-2.704393119E-3,-3.393864259E-3
8.909608887E1,7.492555305E-4,-1.126645133E-3,-3.085788339E-3
8.910615987E1,-1.610305160E-3,-1.204144210E-3,-2.192297718E-3
8.911619987E1,-2.185644582E-3,-3.871670924E-3,-3.031819360E-3
8.912624087E1,-2.202689648E-3,1.124180853E-4,-1.993719023E-3
8.913628087E1,-3.512430936E-3,2.282360569E-3,-2.597349812E-4
8.914632087E1,-6.444733590E-4,6.269402802E-4,-2.938075922E-3
8.915636188E1,2.653648145E-3,3.247130662E-4,-1.257489319E-3
8.916643187E1,4.369789734E-3,-4.359521903E-3,-2.948862966E-3
8.917647287E1,3.500464372E-3,-2.317807637E-3,-1.319465810E-3
8.918651287E1,5.668011494E-3,-1.344155520E-3,-1.770605333E-3
8.919655288E1,3.356756642E-3,-1.074541360E-4,-8.910772740E-4
8.920659387E1,1.500799321E-3,-2.445443533E-3,-6.857475964E-4
8.921663387E1,1.659579575E-4,1.565322280E-3,-1.485254499E-3
8.922670488E1,2.728451975E-3,9.160432965E-4,2.508602338E-4
8.923674488E1,3.728540614E-4,-2.826646902E-3,-7.830461254E-4
8.924678487E1,6.559481844E-4,1.092195511E-3,1.225776272E-3
8.925682487E1,1.844714396E-3,-2.035722136E-4,1.750233467E-3
8.926686587E1,2.740069292E-3,6.236061454E-4,2.865602728E-4
8.927690587E1,4.923923872E-3,-4.240311682E-5,1.929324353E-3
8.928694587E1,4.924989305E-3,1.243637875E-3,1.000147546E-3
8.929701687E1,5.051361397E-3,3.948826343E-4,2.280708868E-3
8.930705687E1,6.051644683E-3,1.268399879E-3,1.270572073E-3
8.931709787E1,5.890690722E-3,-5.166700110E-3,7.990972372E-4
8.932713787E1,4.979889840E-3,2.431830391E-3,-9.495342965E-4
8.933717788E1,3.398769535E-3,-2.503721975E-3,-3.661942319E-4
8.934721887E1,3.933532164E-3,-8.445717394E-4,6.476711715E-4
8.935728887E1,8.166329935E-4,2.367954701E-3,-1.091613318E-3
8.936732988E1,1.245136373E-3,6.861686707E-4,1.089249388E-3
8.937736988E1,4.943907261E-4,1.195363700E-3,-1.385360025E-3
8.938740987E1,1.624636352E-3,4.467057064E-3,-1.428236836E-3
8.939744987E1,3.099329770E-3,-1.881895587E-3,-2.725208644E-3
8.940749087E1,-6.535965949E-4,-2.758342773E-3,-2.305228263E-3
8.941756188E1,2.472689375E-3,3.577414900E-4,-2.369252266E-3
8.942760187E1,1.640452072E-3,-3.097710200E-3,-4.063022789E-3
8.943764187E1,5.171033554E-3,-6.103917956E-3,-2.172538545E-3
8.944768187E1,3.100692295E-3,3.654323518E-4,-2.735796850E-3
8.945772287E1,2.424219623E-3,1.118073240E-3,-1.226489781E-3
8.946776287E1,1.526202075E-3,3.588069230E-4,4.113542382E-4
8.947783387E1,1.818415709E-3,2.861022949E-5,6.346611772E-4
8.948787387E1,1.186979935E-3,6.145052612E-4,4.258693662E-4
8.949791387E1,2.253110521E-3,-1.052767038E-3,2.188803162E-3
8.950795488E1,2.519426867E-3,5.464609712E-4,5.333824083E-4
8.951799488E1,4.168789834E-3,-1.766271889E-3,1.311318367E-3
8.952803487E1,4.160000943E-3,-2.133255824E-3,-2.788550919E-4
8.953807487E1,5.315610208E-3,-2.489274368E-3,-6.315956125E-4
8.954814588E1,3.864985891E-3,-8.226688951E-4,2.860208042E-5
8.955818688E1,7.285853848E-3,-4.065621644E-3,7.855965523E-4
8.956822687E1,5.462121218E-3,-3.909915686E-4,-1.260243705E-3
8.957826687E1,4.774921574E-3,-1.168031245E-3,5.747904070E-4
8.958830687E1,6.579745561E-3,-1.072939485E-4,3.356385278E-4
8.959834787E1,4.837544635E-3,-1.652291045E-3,1.092786551E-3
8.960841887E1,5.063381046E-3,-8.293744177E-4,3.353277687E-3
8.961845887E1,2.353178337E-3,1.993490383E-3,2.237354638E-4
8.962849887E1,5.191575736E-3,1.155659556E-3,1.567300060E-3
8.963853887E1,2.685707062E-3,1.810774207E-3,2.803552896E-3
8.964857988E1,2.635106444E-3,8.664466441E-5,2.202211414E-3
8.965861988E1,2.430242486E-3,3.146566451E-4,2.962783445E-3
8.966869087E1,8.097095415E-4,3.472100943E-3,1.357163186E-3
8.967873087E1,1.897780225E-3,3.138035536E-3,1.298214309E-3
8.968877088E1,7.760562003E-4,-7.528439164E-4,1.644425094E-3
8.969881188E1,-1.710539684E-3,1.870984212E-3,2.001928166E-3
8.970885187E1,4.612691700E-4,1.881903037E-3,2.950013615E-3
8.971889187E1,-3.983180970E-3,7.061418146E-4,5.886934232E-3
8.972896288E1,-5.503313616E-3,3.597535193E-3,6.868042517E-3
8.973900288E1,-6.074627861E-3,2.435376868E-3,9.441695176E-3
8.974904387E1,-8.673872799E-3,5.544085056E-3,9.054738097E-3
8.975908387E1,-5.542259663E-3,2.890426666E-3,9.429336525E-3
8.976912387E1,-6.724968553E-3,3.923201934E-3,7.533964701E-3
8.977916387E1,-7.162060589E-3,2.790685743E-3,6.915127859E-3
8.978923487E1,-9.835608304E-3,5.094321445E-3,6.004593335E-3
8.979927487E1,-1.070736535E-2,6.358860061E-3,6.423358340E-3
8.980931587E1,-9.259670973E-3,5.302384496E-3,6.323489826E-3
8.981935587E1,-1.225482486E-2,4.801640287E-3,8.877611719E-3
8.982939588E1,-1.338507049E-2,7.776923478E-3,1.013462339E-2
8.983943688E1,-1.288506575E-2,5.658118054E-3,1.124265231E-2
8.984947687E1,-1.158411242E-2,3.481516615E-3,1.173986495E-2
8.985954787E1,-8.218742907E-3,3.955865279E-3,1.268899068E-2
8.986958788E1,-1.089255512E-2,5.525000393E-3,1.163650863E-2
8.987962788E1,-9.120451286E-3,5.325237289E-3,1.294238120E-2
8.988966887E1,-9.970266372E-3,5.407795310E-3,1.125526894E-2
8.989970887E1,-1.185229234E-2,4.669552669E-3,1.108126529E-2
8.990974887E1,-9.149717167E-3,5.792606622E-3,1.095023751E-2
8.991981987E1,-9.528148919E-3,6.544323638E-3,1.200847607E-2
8.992985987E1,-1.023601741E-2,1.908825710E-3,1.121405512E-2
8.993989987E1,-1.500683837E-2,5.826536566E-3,1.291904971E-2
8.994994087E1,-1.566437073E-2,7.047595456E-3,1.495849807E-2
8.995998087E1,-1.518123783E-2,6.522933021E-3,1.883724704E-2
8.997002088E1,-1.672001369E-2,9.460665286E-3,1.867186464E-2
8.998009187E1,-1.577080041E-2,9.584641084E-3,2.020927332E-2
8.999013187E1,-1.576733962E-2,7.915904745E-3,2.145403437E-2
9.000017829E1,-1.332285628E-2,9.064897895E-3,2.343776263E-2
9.001021829E1,-1.189859770E-2,6.851544604E-3,2.500742860E-2
9.002025829E1,-1.000175811E-2,8.821833879E-3,2.017107792E-2
9.003029929E1,-9.652618319E-3,9.476972744E-3,2.196418494E-2
9.004036929E1,-7.032066584E-3,6.696099415E-3,2.099186368E-2
9.005041029E1,-6.547639146E-3,1.269167475E-2,2.079345845E-2
9.006045029E1,-8.119869977E-3,1.069219597E-2,2.195192128E-2
9.007049029E1,-8.336652070E-3,7.368838415E-3,2.285047248E-2
9.008053029E1,-1.165751182E-2,9.427750483E-3,2.512879297E-2
9.009057129E1,-1.267057844E-2,1.095054485E-2,2.600231022E-2
9.010064229E1,-1.476705261E-2,1.385918260E-2,2.666973695E-2
9.011068229E1,-1.629730500E-2,1.157152653E-2,2.753686160E-2
9.012072229E1,-1.473206468E-2,1.448744535E-2,2.831103094E-2
9.013076229E1,-1.614220999E-2,1.377611235E-2,3.027910553E-2
9.014080329E1,-1.503071003E-2,9.303944185E-3,2.920303494E-2
9.015084329E1,-1.735431701E-2,8.930036798E-3,2.704880387E-2
9.016088329E1,-1.772579178E-2,1.153972559E-2,2.942723781E-2
9.017095429E1,-1.428845152E-2,1.251151226E-2,3.161742166E-2
9.018099429E1,-1.453802548E-2,1.426834241E-2,3.322494030E-2
9.019103529E1,-1.337369159E-2,1.279774494E-2,3.421536833E-2
9.020107529E1,-1.127498597E-2,1.656337269E-2,3.633848950E-2
9.021111529E1,-1.130561158E-2,2.188942768E-2,3.922216222E-2
9.022115529E1,-1.233175769E-2,9.098270908E-3,3.974424675E-2
9.023122629E1,-1.210325956E-2,1.242828742E-2,4.216559231E-2
9.024126729E1,-1.224973612E-2,1.574295200E-2,4.223813117E-2
9.025130729E1,-1.074158773E-2,1.414399035E-2,4.126421362E-2
9.026134729E1,-7.796695456E-3,1.018637232E-2,4.086334258E-2
9.027138729E1,-7.463535294E-3,1.598940045E-2,4.290172830E-2
9.028142829E1,-6.519347429E-3,1.976333000E-2,4.548064619E-2
9.029149829E1,-7.768370211E-3,5.452834070E-3,4.776563868E-2
9.030153929E1,-8.223036304E-3,1.604522206E-2,4.969338700E-2
9.031157929E1,-7.960716262E-3,1.747400500E-2,5.197065696E-2
9.032161929E1,-8.525267243E-3,2.737508155E-2,6.018742919E-2
9.033166029E1,-1.062783413E-2,1.267523132E-2,6.051979214E-2
9.034170029E1,-1.031787321E-2,3.298807517E-2,6.444815546E-2
9.035177129E1,-1.230512373E-2,1.755372435E-2,6.686524302E-2
9.036181129E1,-9.190162644E-3,1.581521146E-2,6.578681618E-2
9.037185129E1,-4.882765934E-3,2.525718324E-2,6.501956284E-2
9.038189229E1,-3.936810419E-3,2.539913170E-2,6.934027374E-2
9.039193229E1,-1.147415489E-3,1.524609514E-2,6.481902301E-2
9.040197229E1,7.570907474E-5,1.985633746E-2,6.463471055E-2
9.041201229E1,2.723156475E-3,2.608253807E-2,6.277555227E-2
9.042208329E1,1.026968751E-2,3.859820217E-2,6.345979869E-2
9.043212329E1,3.871709108E-3,1.270614937E-2,6.593627483E-2
9.044216429E1,3.417973407E-3,1.547233947E-2,6.112369522E-2
9.045220429E1,6.263028830E-3,1.732349955E-2,6.146884337E-2
9.046224429E1,7.067070343E-3,3.671813756E-2,6.429052353E-2
9.047228529E1,1.992416568E-3,2.194957994E-2,6.828206778E-2
9.048235529E1,3.695707768E-3,1.869566366E-2,6.487123668E-2
9.049239629E1,4.634289071E-4,2.973526344E-2,6.437615305E-2
9.050243629E1,-1.009194180E-3,2.141015232E-2,6.096266210E-2
9.051247629E1,3.534158692E-3,3.560533375E-2,5.970218778E-2
9.052251729E1,-3.262765706E-3,1.222420670E-2,5.445559695E-2
9.053255729E1,-5.275849253E-3,1.682934351E-2,5.045952648E-2
9.054262829E1,-3.724923357E-3,1.814465597E-2,4.904193804E-2
9.055266829E1,-4.217609763E-3,1.475631446E-2,4.568848386E-2
9.056270829E1,-7.254611701E-3,9.216900915E-3,4.464668408E-2
9.057274829E1,-6.723310798E-3,1.294159703E-2,3.983195499E-2
9.058278929E1,-6.407726556E-3,6.120176986E-3,3.466728702E-2
9.059282929E1,-4.669213668E-3,2.627173439E-3,3.088053502E-2
9.060290029E1,1.599034294E-3,4.079867154E-3,2.711139992E-2
9.061294029E1,1.310613938E-3,-1.794266514E-3,2.403997630E-2
9.062298029E1,3.085678443E-3,1.061788574E-2,2.604695968E-2
9.063302129E1,3.197797574E-3,1.611571386E-2,2.484054677E-2
9.064306129E1,-2.181984484E-3,1.674984582E-2,2.751711570E-2
9.065310129E1,-8.253993466E-3,1.594157703E-2,2.878291532E-2
9.066317229E1,-1.264534704E-2,1.551906951E-2,2.707830258E-2
9.067321229E1,-1.956903376E-2,1.638193242E-2,2.378716879E-2
9.068325329E1,-2.670014463E-2,9.881749749E-3,1.841580123E-2
9.069329329E1,-3.209970146E-2,4.770644009E-4,1.342370640E-2
9.070333329E1,-3.647917509E-2,-5.333777517E-4,6.947878748E-3
9.071337329E1,-3.671513498E-2,1.531902701E-3,4.654896911E-3
9.072341429E1,-3.334873170E-2,5.075750872E-3,3.195487661E-4
9.073348529E1,-2.802480571E-2,8.411893621E-3,-3.918073140E-3
9.074352529E1,-2.478273958E-2,3.022121266E-3,-7.915595546E-3
9.075356529E1,-2.220746130E-2,-5.800705403E-4,-1.140460279E-2
9.076360529E1,-1.656082831E-2,-6.312217563E-3,-1.539830398E-2
9.077364629E1,-1.722741686E-2,-7.498922758E-3,-1.444329508E-2
9.078368629E1,-1.760065369E-2,-7.982819341E-3,-1.548075210E-2
9.079375729E1,-2.075836621E-2,-9.234771132E-3,-1.375502348E-2
9.080379729E1,-2.350235358E-2,-1.401363779E-2,-1.098767947E-2
9.081383729E1,-2.467441186E-2,-1.071371511E-2,-9.926943108E-3
9.082387829E1,-2.224504761E-2,-1.241324749E-2,-8.343435824E-3
9.083391829E1,-2.203332447E-2,-7.357768714E-3,-5.926883779E-3
9.084395829E1,-2.340445295E-2,-9.945060126E-3,-5.027409177E-3
9.085402929E1,-2.108803391E-2,-3.871454857E-3,-3.546691500E-3
9.086406929E1,-2.176045068E-2,-3.321342170E-3,-1.103181974E-3
9.087411029E1,-2.086562850E-2,-1.489087008E-3,3.074944252E-4
9.088415029E1,-2.028316259E-2,-5.507475697E-3,3.320559626E-3
9.089419029E1,-2.265870199E-2,-6.206555292E-3,8.044208400E-3
9.090423029E1,-2.522335760E-2,-5.077430047E-3,7.070058957E-3
9.091430129E1,-2.180998586E-2,-4.931222647E-3,1.142406091E-2
9.092434129E1,-2.230177261E-2,-1.268025488E-3,1.246907469E-2
9.093438229E1,-2.188125812E-2,-2.613721415E-3,1.609949581E-2
9.094442229E1,-2.195638791E-2,-4.908628762E-5,1.374855917E-2
9.095446229E1,-1.977898926E-2,3.501214087E-4,1.227077097E-2
9.096450329E1,-1.616781391E-2,-4.096321762E-3,1.117558870E-2
9.097457329E1,-1.359226927E-2,-6.960018538E-3,7.580054924E-3
9.098461429E1,-8.428232744E-3,-8.573750034E-3,4.729321692E-3
9.099463325E1,-6.586922333E-3,-1.170429587E-2,1.034984714E-3
9.100467325E1,-8.014442399E-3,-9.475454688E-3,4.085842520E-4
9.101471425E1,-3.184000030E-3,-1.282810792E-2,-2.627419308E-3
9.102475425E1,-4.291743040E-3,-6.802796386E-3,-2.729900181E-3
9.103479425E1,-4.865122959E-3,-8.407084271E-3,-3.420457710E-3
9.104486525E1,-4.810893908E-3,-6.488720886E-3,-4.146860912E-3
9.105490525E1,-1.843333244E-3,-1.216338389E-2,-3.511963412E-3
9.106494525E1,-1.970008016E-4,-1.090973429E-2,-1.142075285E-3
9.107498625E1,1.040303148E-3,-1.188098919E-2,7.136153290E-4
9.108502625E1,3.016834147E-3,-9.151744656E-3,3.677423345E-3
9.109506625E1,2.304172143E-3,-6.031053141E-3,6.437523291E-3
9.110513725E1,5.640714429E-3,-3.348263912E-3,1.038970239E-2
9.111517725E1,8.058864623E-3,-3.596204333E-3,1.223607175E-2
9.112521825E1,1.157746464E-2,1.516861841E-3,1.368958876E-2
9.113525825E1,1.441825926E-2,4.441402853E-4,1.542383898E-2
9.114529825E1,1.865531690E-2,5.622496828E-3,1.508102939E-2
9.115533925E1,2.017891034E-2,1.745732501E-3,1.660755277E-2
9.116540925E1,2.023330890E-2,1.385003328E-3,1.788206585E-2
9.117545025E1,2.040907741E-2,2.729101107E-3,1.964294724E-2
9.118549025E1,2.173123509E-2,3.334242851E-3,1.994293183E-2
9.119553025E1,2.262791991E-2,1.216763631E-3,2.103030123E-2
9.120557025E1,2.346934564E-2,4.425030202E-4,2.012487501E-2
9.121561125E1,2.737247385E-2,8.422434330E-4,2.098560892E-2
9.122568225E1,2.750243619E-2,-8.458215743E-4,1.905304566E-2
9.123572225E1,2.863641083E-2,9.334348142E-4,1.957608946E-2
9.124576225E1,2.897396684E-2,1.814112067E-3,1.854903437E-2
9.125580225E1,3.081234731E-2,4.960369319E-3,2.126332745E-2
9.126584325E1,2.753889002E-2,3.776878119E-3,2.185906656E-2
9.127588325E1,2.755060792E-2,3.623746336E-3,2.181991749E-2
9.128595425E1,2.561851591E-2,6.690390408E-3,2.262487635E-2
9.129599425E1,2.482462674E-2,2.492716536E-3,2.194390632E-2
9.130603425E1,2.218430303E-2,4.698114470E-3,2.275082283E-2
9.131607525E1,2.125938609E-2,1.964114606E-3,2.134893462E-2
9.132611525E1,2.232871391E-2,2.285256982E-3,2.189011127E-2
9.133615525E1,1.680638269E-2,4.870919511E-3,1.969060674E-2
9.134622625E1,1.737273857E-2,3.116292879E-3,2.075525746E-2
9.135626625E1,1.679163612E-2,3.482211381E-3,1.899517514E-2
9.136630725E1,1.406269521E-2,1.285485923E-3,1.896756887E-2
9.137634725E1,1.277638786E-2,7.619546726E-3,1.981445402E-2
9.138638725E1,9.710125625E-3,5.320509896E-3,1.778226160E-2
9.139642725E1,6.521789357E-3,2.454416826E-3,1.899186894E-2
9.140646825E1,7.719976828E-3,9.315162897E-4,1.548108645E-2
9.141653925E1,4.286630079E-3,5.030119792E-3,1.385895442E-2
9.142657925E1,4.457904026E-3,2.443026751E-3,8.295671083E-3
9.143661925E1,4.347116686E-3,2.563400194E-3,9.786508977E-3
9.144665925E1,1.150525175E-3,1.603761688E-3,5.497390870E-3
9.145670025E1,5.156267434E-4,2.447983250E-3,4.114677664E-3
9.146674025E1,1.761745661E-4,-1.109708101E-3,6.879747380E-4
9.147681125E1,-2.110488713E-4,1.573426649E-3,-1.828446169E-3
9.148685125E1,-3.772564232E-3,5.522608757E-3,-2.467969898E-3
9.149689125E1,-4.494812340E-3,9.041558951E-4,-3.990232944E-3
9.150693225E1,-9.171422571E-3,2.374893054E-3,-2.343416214E-3
9.151697225E1,-8.000163361E-3,1.538172364E-4,-6.400475744E-3
9.152701225E1,-9.250052273E-3,1.562934369E-3,-9.303078055E-3
9.153708325E1,-9.309973568E-3,-6.938278675E-4,-8.796545677E-3
9.154712325E1,-9.150551632E-3,-3.953450359E-3,-9.644391015E-3
9.155716425E1,-7.425887510E-3,-4.790748470E-3,-1.156932302E-2
9.156720425E1,-8.294908330E-3,-6.991324015E-3,-1.334474050E-2
9.157724425E1,-8.465085179E-3,-7.595062256E-3,-1.465874445E-2
9.158728425E1,-8.052295074E-3,-4.863356240E-3,-1.226073690E-2
9.159735525E1,-6.442947313E-3,-4.125660285E-3,-1.310442574E-2
9.160739525E1,-8.213715628E-3,-1.341382042E-3,-1.288468204E-2
9.161743625E1,-8.514920250E-3,-3.438088112E-3,-1.315099839E-2
9.162747625E1,-1.123533957E-2,-6.233755499E-3,-1.516479254E-2
9.163751625E1,-1.185825467E-2,-8.899846114E-3,-1.342867780E-2
9.164755725E1,-1.389896683E-2,-1.042652968E-2,-1.588390954E-2
9.165762725E1,-1.320787705E-2,-9.206535295E-3,-1.425485499E-2
9.166766825E1,-1.259498298E-2,-7.610483095E-3,-1.360159274E-2
9.167770825E1,-1.171241142E-2,-7.631255314E-3,-1.308280881E-2
9.168774825E1,-9.064862505E-3,-8.436308242E-3,-1.434968691E-2
9.169778925E1,-7.209170610E-3,-6.168094464E-3,-1.332330424E-2
9.170782925E1,-4.229161888E-3,-5.784027278E-3,-1.382320281E-2
9.171790025E1,-3.282140940E-3,-2.122980542E-3,-1.242637541E-2
9.172794025E1,2.212487161E-4,-5.325807258E-3,-1.198385283E-2
9.173798025E1,-7.073953748E-4,-6.577759050E-3,-1.123124268E-2
9.174802025E1,1.685321331E-3,-6.444945000E-3,-1.326558366E-2
9.175806125E1,7.992871106E-4,-8.835132234E-3,-1.481394563E-2
9.176810125E1,1.441836357E-4,-6.111456081E-3,-1.507630292E-2
9.177814125E1,-1.263298094E-3,-8.877415210E-3,-1.899168268E-2
9.178821225E1,-7.429495454E-4,-1.062877104E-2,-1.870002970E-2
9.179825225E1,2.839658409E-4,-1.400486007E-2,-2.093362249E-2
9.180829325E1,1.336113550E-3,-8.524570614E-3,-2.221303061E-2
9.181833325E1,-2.697724849E-4,-9.457742795E-3,-1.979727671E-2
9.182837325E1,-4.040310159E-3,-9.684055112E-3,-1.946505159E-2
9.183841425E1,-8.371142671E-3,-8.378307335E-3,-2.042911574E-2
9.184848425E1,-9.003775194E-3,-1.044537872E-2,-2.277007885E-2
9.185852525E1,-1.071032882E-2,-1.018252503E-2,-2.431045286E-2
9.186856525E1,-9.646762162E-3,-1.170720346E-2,-2.579249069E-2
9.187860525E1,-9.114930406E-3,-1.128589083E-2,-2.871344611E-2
9.188864525E1,-9.641803801E-3,-1.206392795E-2,-2.987812832E-2
9.189868625E1,-1.099682041E-2,-1.240268163E-2,-2.996867709E-2
9.190875725E1,-1.043009944E-2,-9.323161095E-3,-2.759969980E-2
9.191879725E1,-1.173451543E-2,-1.220337022E-2,-2.740662172E-2
9.192883725E1,-8.246371523E-3,-1.179959625E-2,-2.618318610E-2
9.193887725E1,-7.970202714E-3,-7.997933775E-3,-2.199536562E-2
9.194891825E1,-4.639886320E-3,-7.122380659E-3,-2.030846477E-2
9.195895825E1,-5.661474541E-3,-8.970880881E-3,-1.791321672E-2
9.196902925E1,-7.432013750E-3,-7.795859128E-3,-1.733027399E-2
9.197906925E1,-6.380597129E-3,-1.696154475E-3,-1.642053761E-2
9.198910925E1,-6.148336455E-3,-7.114174776E-3,-1.890627854E-2
9.199916317E1,-4.527002573E-3,-7.132284343E-3,-2.116890065E-2
9.200920317E1,-2.071999013E-3,-9.057695046E-3,-2.505438030E-2
9.201924317E1,-3.184134141E-3,-1.109767612E-2,-2.564959787E-2
9.202931417E1,-3.893401474E-3,-1.407654211E-2,-2.713556774E-2
9.203935417E1,-4.021499306E-3,-1.197797060E-2,-2.716433071E-2
9.204939517E1,-1.915341243E-3,-1.205116510E-2,-2.815143019E-2
9.205943517E1,-3.457577899E-3,-1.146553550E-2,-2.943267860E-2
9.206947517E1,-2.037080005E-3,-8.116363548E-3,-2.954840474E-2
9.207951517E1,-5.959117785E-3,-8.048452437E-3,-3.023550101E-2
9.208958617E1,-5.476253107E-3,-8.834185079E-3,-3.333935514E-2
9.209962617E1,-6.503166631E-3,-8.045889437E-3,-3.440169245E-2
9.210966717E1,-4.592316225E-3,-8.844929747E-3,-3.592683002E-2
9.211970717E1,-2.693215385E-3,-8.762105368E-3,-3.666958585E-2
9.212974717E1,-6.867907941E-4,-1.019754913E-2,-3.634015098E-2
9.213978817E1,-3.524389118E-3,-1.054216176E-2,-3.796308115E-2
9.214982817E1,-4.175897688E-3,-1.397446450E-2,-3.902007639E-2
9.215989917E1,-6.056090817E-3,-1.702058874E-2,-3.855375946E-2
9.216993917E1,-5.898730829E-3,-1.131371595E-2,-3.722206131E-2
9.217997917E1,-5.926160142E-3,-1.482935436E-2,-3.495571017E-2
9.219002017E1,-2.378197387E-3,-1.110879146E-2,-3.303628787E-2
9.220006017E1,-2.962494269E-3,-1.051463932E-2,-2.992811427E-2
9.221010017E1,-5.882866681E-4,-6.145457737E-3,-2.739757672E-2
9.222017117E1,-3.760326654E-4,-8.536176756E-3,-2.464919537E-2
9.223021117E1,-1.196719706E-3,-8.267057128E-3,-2.210713178E-2
9.224025117E1,-3.010332584E-3,-7.020165212E-3,-1.899815723E-2
9.225029217E1,-3.848029301E-3,-5.125788040E-3,-1.746848039E-2
9.226033217E1,-2.688756213E-3,-6.757773459E-3,-1.900938526E-2
9.227037217E1,-2.554100007E-3,-9.501786903E-3,-1.957574487E-2
9.228044317E1,-8.094627410E-4,-6.563787349E-3,-1.982847974E-2
9.229048317E1,-3.210136667E-3,-5.856204778E-3,-1.818582974E-2
9.230052417E1,-3.164330497E-3,-2.839375287E-3,-1.849955134E-2
9.231056417E1,-2.409890294E-3,-4.919486120E-3,-1.952784881E-2
9.232060417E1,-7.214471698E-4,-5.212699994E-3,-1.924475469E-2
9.233064517E1,2.989778295E-4,-5.696173757E-4,-1.843949035E-2
9.234071517E1,-1.608110964E-3,-9.046439081E-4,-1.772176847E-2
9.235075617E1,6.432086229E-5,-2.259714529E-3,-1.736886613E-2
9.236079617E1,-6.265025586E-4,-2.126290463E-3,-1.762772724E-2
9.237083617E1,-9.617935866E-4,-5.224460736E-3,-1.494707912E-2
9.238087617E1,-2.916021273E-3,-5.345900543E-3,-1.642273739E-2
9.239091717E1,-2.148700878E-3,-5.667000078E-3,-1.889456995E-2
9.240098817E1,1.421000808E-3,-7.713372819E-3,-2.198543400E-2
9.241102817E1,1.136743464E-3,-9.766006842E-3,-2.385132387E-2
9.242106817E1,1.081349328E-3,-7.580616511E-3,-2.664924040E-2
9.243110817E1,3.337246366E-3,-5.846210755E-3,-2.696529031E-2
9.244114917E1,3.409150988E-3,-9.809792973E-3,-2.954909019E-2
9.245118917E1,4.197846167E-3,-7.908064872E-3,-2.925042249E-2
9.246126017E1,5.395735614E-3,-4.389496520E-3,-2.584184147E-2
9.247130017E1,4.021044821E-3,-4.400666803E-3,-2.100059763E-2
9.248134017E1,7.046662271E-3,-3.464565612E-3,-1.679493301E-2
9.249138117E1,7.430159487E-3,-3.037885763E-3,-1.504861843E-2
9.250142117E1,8.392626420E-3,-1.926547848E-3,-1.327362098E-2
9.251146117E1,1.014648378E-2,-4.367884248E-3,-1.079127658E-2
9.252150117E1,1.074036863E-2,-8.830809966E-3,-1.021150686E-2
9.253157217E1,1.024105772E-2,-5.427950062E-3,-1.093884651E-2
9.254161317E1,1.111936755E-2,-3.501418978E-3,-1.162913814E-2
9.255165317E1,9.316239506E-3,-7.610116154E-4,-1.229573600E-2
9.256169317E1,1.093730610E-2,-2.190063708E-3,-1.351732854E-2
9.257173317E1,1.157926396E-2,-1.696095802E-3,-1.582082734E-2
9.258177417E1,1.070175320E-2,-5.070853978E-3,-1.740780473E-2
9.259184417E1,1.260048337E-2,-3.243291751E-3,-1.918509975E-2
9.260188517E1,1.475551352E-2,-2.235285938E-3,-2.043758519E-2
9.261192517E1,1.446652878E-2,-6.637665443E-3,-2.292662859E-2
9.262196517E1,1.247714832E-2,-4.877049476E-3,-2.288215421E-2
9.263200617E1,5.931697786E-3,-7.708825171E-3,-2.334099449E-2
9.264204617E1,1.776633784E-3,-1.083644107E-2,-2.224563621E-2
9.265211717E1,-1.515101641E-3,-9.439454414E-3,-2.111293189E-2
9.266215717E1,-4.301834852E-3,-4.082239233E-3,-1.828918047E-2
9.267219717E1,-4.014912993E-3,3.712493926E-4,-1.876555011E-2
9.268223817E1,-1.733116806E-3,-1.971534453E-3,-1.885503344E-2
9.269227817E1,-9.378939867E-4,1.408824697E-3,-1.769858785E-2
9.270231817E1,2.060292289E-3,-1.698551700E-3,-1.593770646E-2
9.271238917E1,4.114021547E-3,-4.337903112E-3,-1.745507866E-2
9.272242917E1,3.723335452E-3,-2.606848255E-3,-1.718796417E-2
9.273246917E1,3.453590907E-3,-6.544014439E-3,-1.663459092E-2
9.274251017E1,4.261860624E-3,-7.912346162E-3,-1.775098778E-2
9.275255017E1,2.622021362E-3,-8.557291701E-3,-1.994787157E-2
9.276259017E1,-1.761615276E-4,-6.016103551E-3,-1.818166301E-2
9.277266117E1,-2.146337181E-3,-5.877830088E-3,-2.068373747E-2
9.278270117E1,-2.360986546E-3,-7.413408719E-3,-1.677102037E-2
9.279274217E1,-1.751821488E-3,-4.249397665E-3,-1.664995216E-2
9.280278217E1,-1.942770556E-3,-1.265060157E-3,-1.722333208E-2
9.281282217E1,-3.563104197E-3,-7.571969181E-4,-1.606363058E-2
9.282286317E1,-1.063195989E-3,-1.709276810E-3,-1.434908621E-2
9.283293317E1,-2.033716068E-3,6.929319352E-4,-1.585246250E-2
9.284297417E1,-3.283005208E-3,-1.718027517E-3,-1.653103530E-2
9.285301417E1,-4.081388935E-3,-2.726778388E-3,-1.455660257E-2
9.286305417E1,-3.362335265E-3,-2.741425298E-3,-1.300318073E-2
9.287309417E1,-6.878973916E-3,-6.151925772E-4,-9.388982318E-3
9.288313517E1,-4.673875868E-3,-1.520682126E-4,-7.905068807E-3
9.289317517E1,-5.609847605E-3,8.153859526E-4,-2.456570510E-3
9.290324617E1,-1.400986686E-3,5.352081731E-3,-5.759519991E-5
9.291328617E1,2.951174974E-4,5.406858400E-3,2.070798073E-3
9.292332617E1,1.816847362E-3,4.622289911E-3,2.659889404E-3
9.293336717E1,5.192670040E-3,5.926026031E-3,2.891407348E-3
9.294340717E1,5.002787337E-3,3.689503297E-3,2.402450889E-3
9.295344717E1,5.589112639E-3,2.828078344E-3,-1.674038358E-4
9.296351817E1,2.950452268E-3,2.168679610E-3,5.435314961E-6
9.297355817E1,2.556069754E-3,1.156071201E-3,-3.245703876E-3
9.298359917E1,1.101450995E-3,2.395773306E-3,-3.218539525E-3
9.299363917E1,1.473697834E-3,-1.423574984E-3,-4.953156225E-3
9.300368542E1,3.373065032E-3,3.074770793E-3,-5.161681212E-3
9.301372542E1,1.932359301E-3,3.538396209E-3,-2.867081203E-3
9.302379642E1,1.663113944E-3,8.270312101E-4,-1.881978009E-3
9.303383742E1,2.775715664E-3,3.251209855E-3,-5.085260491E-4
9.304387742E1,2.665194683E-3,3.318853676E-3,-3.766995505E-4
9.305391742E1,3.184177913E-3,2.216601744E-3,-7.072195876E-5
9.306395742E1,1.847270876E-3,-1.759808511E-4,1.059789909E-3
9.307399842E1,2.660535276E-3,2.591608092E-3,-3.463789471E-4
9.308406842E1,2.684237435E-3,-6.137713790E-4,-1.006043982E-3
9.309410942E1,3.372631036E-3,4.105642438E-4,-2.170163672E-3
9.310414942E1,4.527643323E-3,5.431901664E-4,-1.159227919E-3
9.311418942E1,4.783007316E-3,-7.426347584E-4,8.110104827E-4
9.312423042E1,1.267634332E-3,5.359482020E-4,1.108219265E-3
9.313427042E1,3.843045793E-3,2.631396055E-3,2.895690035E-3
9.314434142E1,1.042336226E-4,2.735527232E-3,5.215037148E-3
9.315438142E1,3.036689013E-4,5.084654316E-3,3.635171335E-3
9.316442142E1,1.545767300E-3,2.812178805E-3,1.002636738E-3
9.317446242E1,3.952801228E-3,4.077404737E-3,9.974413551E-4
9.318450242E1,6.372549571E-3,3.315741196E-3,-1.149066491E-3
9.319454242E1,5.981794558E-3,-1.735443249E-3,-2.943258500E-3
9.320461342E1,6.180199794E-3,-1.996167004E-3,-1.995173283E-3
9.321465342E1,7.700135000E-3,-4.177861847E-3,-1.571976463E-3
9.322469342E1,7.117968053E-3,-2.643615007E-3,-1.670779660E-3
9.323473442E1,6.864435039E-3,-2.757331356E-3,5.058217794E-4
9.324477442E1,9.475132450E-3,2.399880439E-3,5.577534903E-4
9.325481442E1,7.623933256E-3,2.522332594E-3,2.169795567E-3
9.326488542E1,9.195198305E-3,-5.405675620E-4,1.740760170E-3
9.327492542E1,9.546572343E-3,6.133733317E-3,2.261847723E-3
9.328496642E1,1.031063311E-2,8.436292410E-5,2.640016377E-3
9.329500642E1,9.286878631E-3,2.497801557E-3,2.928016707E-3
9.330504642E1,9.091401473E-3,-6.096437573E-5,1.730659860E-3
9.331508742E1,8.236661553E-3,-1.259054989E-3,2.297873609E-3
9.332512742E1,6.032363512E-3,-1.083552837E-3,4.374872893E-3
9.333519842E1,5.107545294E-3,-1.112813130E-3,3.632792039E-3
9.334523842E1,1.704825088E-3,-3.648409620E-3,4.081002437E-3
9.335527842E1,2.944693901E-3,-8.663702756E-4,1.297668903E-3
9.336531842E1,2.077631652E-4,-1.489549875E-3,4.377342993E-4
9.337535942E1,9.775832295E-4,-1.304261386E-4,2.200945280E-3
9.338539942E1,-1.756418496E-3,3.439806402E-3,1.147132483E-3
9.339547042E1,-8.089989424E-4,2.477277070E-3,3.780506086E-4
9.340551042E1,-3.268755972E-5,3.095129505E-3,2.496861853E-4
9.341555042E1,-1.102946699E-3,5.034679547E-3,4.992433824E-4
9.342559142E1,-7.071997970E-4,1.179222018E-3,2.203932730E-3
9.343563142E1,1.325789839E-3,6.213188171E-4,2.164232777E-3
9.344567142E1,2.810236067E-3,3.892745823E-3,1.602305798E-3
9.345574242E1,4.155000672E-3,2.256298438E-3,4.165825434E-3
9.346578242E1,2.351507545E-3,1.681854948E-3,2.506676130E-3
9.347582342E1,4.084093496E-3,1.699337736E-3,3.992245533E-3
9.348586342E1,1.805759035E-3,3.005618230E-3,2.834036713E-3
9.349590342E1,1.845408231E-3,4.169905558E-3,3.386776894E-3
9.350594342E1,1.945543103E-3,-1.894235611E-4,2.995558549E-3
9.351601442E1,1.089967787E-3,2.377880737E-3,2.714745700E-3
9.352605542E1,5.274859257E-3,3.441814333E-3,4.513444379E-3
9.353609542E1,5.178453401E-3,4.647161812E-3,4.759520292E-3
9.354613542E1,5.865016021E-3,2.410106361E-3,2.876399551E-3
9.355617542E1,6.254305132E-3,2.699218690E-3,1.346315490E-3
9.356621642E1,6.357901730E-3,-8.078981191E-4,5.510955816E-4
9.357628742E1,8.931115270E-3,8.662659675E-4,1.723315800E-4
9.358632742E1,6.438663229E-3,1.333653927E-4,-4.377986188E-4
9.359636742E1,4.169383086E-3,-8.775703609E-4,1.792598865E-3
9.360640742E1,2.259097993E-3,3.113174811E-3,1.752385055E-3
9.361644842E1,-4.145856947E-4,3.531388938E-4,1.861431403E-3
9.362648842E1,-1.908618957E-3,4.695156589E-3,4.193294793E-3
9.363655942E1,-3.590105101E-3,5.274444818E-3,1.818524441E-3
9.364659942E1,-3.338968381E-3,1.989701763E-3,1.609730534E-4
9.365663942E1,-1.967208460E-3,2.008559182E-3,1.101631438E-3
9.366668042E1,1.620069146E-3,-3.422424197E-3,5.098771071E-4
9.367672042E1,2.647219226E-4,8.783452213E-4,-1.721778535E-4
9.368676042E1,3.462145105E-4,8.261483163E-4,8.973475778E-4
9.369683142E1,1.905795187E-3,5.690734833E-4,9.021895239E-4
9.370687142E1,1.199258491E-3,2.794943750E-3,3.463878529E-4
9.371691242E1,1.175621524E-3,8.353609592E-4,1.398887602E-3
9.372695242E1,4.272731021E-4,9.863618761E-4,1.030306215E-3
9.373699242E1,6.962539628E-4,1.488901675E-3,4.559681984E-4
9.374703242E1,5.953209475E-4,2.540582791E-3,1.769971917E-3
9.375707342E1,1.314938068E-3,2.514144406E-3,1.264442923E-3
9.376714342E1,1.576460898E-3,2.823604271E-3,1.101457281E-3
9.377718442E1,1.210808754E-3,-2.242673188E-3,-6.613621954E-4
9.378722442E1,2.062487416E-3,-1.339595765E-3,1.029212493E-3
9.379726442E1,3.307616338E-3,-9.658075869E-4,-1.738265273E-4
9.380730542E1,2.723851241E-3,-1.598575152E-3,-1.245482475E-3
9.381734542E1,2.965832129E-3,-9.670201689E-4,-6.408558111E-4
9.382741642E1,3.472630866E-3,-1.506841742E-3,-1.148986979E-3
9.383745642E1,2.275175415E-3,3.238093108E-3,-1.069348538E-3
9.384749642E1,1.369168051E-3,5.280598998E-4,-1.225676155E-3
9.385753742E1,3.092665225E-3,-2.623944543E-3,-5.117505789E-4
9.386757742E1,-7.582660764E-4,-8.920896798E-4,3.018451389E-4
9.387761742E1,-8.777752519E-4,2.842959017E-3,-1.018530456E-3
9.388768842E1,-4.150798544E-3,1.489007846E-3,-2.104301238E-3
9.389772842E1,-2.656133845E-3,-2.116094343E-3,-1.189782284E-3
9.390776842E1,-3.053212538E-3,3.483947366E-4,-2.442000434E-3
9.391780942E1,-2.916757017E-3,-1.476777717E-3,-6.309109740E-3
9.392784942E1,-9.502787143E-4,-1.728179865E-3,-5.640922580E-3
9.393788942E1,-3.558602184E-4,-2.657094970E-3,-4.804583732E-3
9.394796042E1,-1.458141953E-3,-3.299449570E-3,-4.941470455E-3
9.395800042E1,-1.908818260E-3,1.946359873E-3,-1.875424059E-3
9.396804142E1,-5.407519639E-4,-2.195655368E-3,-1.746260794E-3
9.397808142E1,-3.358842805E-3,-3.031231463E-4,-2.146854997E-3
9.398812142E1,-3.766305745E-3,7.695984095E-4,-4.999561934E-4
9.399815337E1,-3.035301343E-3,-3.170166165E-4,-3.180344356E-4
9.400822337E1,-2.901162952E-4,1.770634204E-3,-1.287691412E-3
9.401826438E1,-1.780586317E-3,1.664390787E-3,-1.085566939E-3
9.402830437E1,-1.213332638E-3,-4.349462688E-5,-3.167123650E-4
9.403834437E1,1.757322811E-3,1.013355330E-3,-1.743913162E-5
9.404838437E1,1.966380514E-3,1.021876931E-3,-6.608588155E-4
9.405842537E1,1.376591623E-3,-1.195577905E-3,6.619993364E-4
9.406849637E1,2.445584163E-3,-1.748982817E-3,5.155254621E-4
9.407853637E1,1.065598801E-3,2.108030021E-4,1.252707560E-3
9.408857637E1,1.316469163E-3,1.581797376E-3,-5.579756689E-4
9.409861637E1,2.945157699E-3,-1.322235912E-4,6.007738411E-4
9.410865737E1,3.746503033E-3,-9.641945362E-4,5.789359566E-4
9.411869738E1,5.214039236E-3,4.762262106E-4,1.853944501E-3
9.412876837E1,2.782839350E-3,9.750369936E-4,8.161106380E-4
9.413880837E1,2.643289044E-3,1.680271700E-3,-9.036116535E-4
9.414884837E1,2.029164694E-3,2.038201317E-3,-5.270406837E-4
9.415888938E1,2.932175994E-4,1.809800044E-3,-1.742568798E-3
9.416892937E1,-1.524124295E-3,1.870254055E-3,-2.543381415E-3
9.417896937E1,-2.264784649E-3,-6.729885936E-4,-2.052341122E-3
9.418900937E1,-2.682633698E-3,7.565971464E-4,-1.810792601E-3
9.419908038E1,-2.774313092E-3,1.616703346E-3,-1.518853707E-3
9.420912137E1,1.012169756E-3,-1.547131687E-3,-1.935372129E-3
9.421916137E1,-1.019988209E-3,4.980413243E-3,-7.900311612E-4
9.422920137E1,-2.245040610E-3,1.654656604E-3,-1.616410096E-3
9.423924137E1,-7.241107523E-4,-8.062236011E-4,-1.308237552E-4
9.424928237E1,-2.572610974E-3,-2.098921686E-3,-1.473323209E-3
9.425935237E1,-2.390582114E-3,-4.212073982E-4,-1.480630017E-3
9.426939337E1,-1.677921042E-3,4.342012107E-4,-1.695280778E-3
9.427943337E1,-1.510709524E-3,1.486660913E-3,3.984078066E-4
9.428947337E1,-2.541352063E-3,2.761250362E-3,1.269527827E-3
9.429951438E1,-2.156559378E-3,2.734804526E-3,7.168046432E-4
9.430955437E1,-1.346159726E-3,5.515441298E-4,2.454251517E-4
9.431962537E1,-3.832932562E-4,1.926209778E-3,-6.903721951E-4
9.432966538E1,1.438842155E-3,-1.960674301E-3,-2.297856379E-3
9.433970538E1,2.852781676E-3,-9.389631450E-4,-3.622690216E-3
9.434974637E1,2.347845584E-3,-2.516886219E-3,-2.592313336E-3
9.435978637E1,1.201554202E-3,-9.871385992E-4,-3.797676880E-3
9.436982637E1,5.876962095E-4,-1.254519448E-3,-1.642913092E-3
9.437989738E1,-4.135854542E-4,1.085685566E-3,7.813089760E-4
9.438993737E1,-1.819202676E-3,4.389338195E-3,4.454843001E-4
9.439997737E1,-3.148386255E-3,3.179728985E-3,-8.378929924E-4
9.441001837E1,-3.141460940E-3,2.859618515E-3,-2.266975353E-4
9.442005837E1,-4.124213010E-4,-4.484225065E-4,-1.647845958E-3
9.443009837E1,2.053932287E-3,-5.738567561E-4,-3.566120751E-3
9.444016937E1,3.593619913E-4,-3.421702422E-3,-3.320233896E-3
9.445020937E1,1.746603288E-3,-4.563399591E-3,-3.640345763E-3
9.446025037E1,7.511470467E-4,-1.434789971E-3,-1.744662877E-3
9.447029038E1,-2.565819770E-3,-1.378301531E-4,-2.744147088E-3
9.448033038E1,-3.640672192E-3,1.680161804E-3,-5.710810074E-4
9.449037137E1,-1.266464591E-3,3.088176250E-3,-3.033439629E-3
9.450044137E1,-3.051482141E-3,2.245180309E-3,5.650875391E-4
9.451048238E1,-1.759849489E-3,3.090467304E-3,-1.502324478E-3
9.452052238E1,-6.853286177E-4,1.999666914E-3,1.099566114E-3
9.453056237E1,-8.517764509E-4,2.835262567E-4,-2.820817754E-4
9.454060237E1,1.941979863E-3,3.467883915E-3,1.969877630E-3
9.455064337E1,2.799518406E-3,1.998884603E-3,1.476127771E-3
9.456071437E1,3.094961867E-4,-9.692814201E-4,1.286288723E-3
9.457075437E1,4.023008049E-3,-3.116054460E-3,-1.611394109E-4
9.458079437E1,3.706023097E-3,-2.620681189E-3,-6.842013681E-4
9.459083437E1,4.378470592E-3,4.171859473E-4,-1.569169806E-3
9.460087537E1,5.318168551E-3,1.256031916E-3,-2.382997656E-3
9.461091538E1,3.752496094E-3,-1.105926931E-3,-2.261557616E-3
9.462098637E1,2.879844978E-3,1.204712316E-3,-1.270913519E-3
9.463102637E1,3.884921782E-3,4.499722272E-4,-4.053861485E-4
9.464106637E1,2.803613432E-3,2.424787730E-3,-1.259078854E-3
9.465110738E1,-5.663502961E-4,2.394162118E-3,-1.344299992E-3
9.466114738E1,-1.025615260E-3,9.900331497E-4,-2.625645837E-3
9.467118737E1,-6.181746721E-5,2.727212384E-3,-3.841378726E-3
9.468122737E1,1.704692841E-5,-2.367102541E-3,-3.572426736E-3
9.469129838E1,3.089802340E-3,-1.068545505E-3,-4.382294137E-3
9.470133937E1,-6.569977850E-4,1.059973612E-3,-3.889950458E-3
9.471137937E1,9.108334780E-5,7.212199271E-4,-2.917630598E-3
9.472141937E1,-9.604338557E-4,2.012306824E-3,-2.449171618E-3
9.473145937E1,9.972564876E-4,2.612849697E-3,-1.439300831E-3
9.474150037E1,8.705444634E-5,3.056271002E-3,-1.147523406E-3
9.475157037E1,-1.203246415E-3,9.409226477E-4,3.092257539E-4
9.476161137E1,4.033045843E-4,8.187089115E-4,-2.028147574E-4
9.477165137E1,-1.303248107E-3,-1.387453638E-3,-8.361143991E-4
9.478169137E1,5.127936602E-4,6.853528321E-4,4.361997126E-4
9.479173238E1,2.960504964E-3,1.731708646E-3,-1.752385986E-3
9.480177238E1,1.559415832E-3,-1.214813441E-3,-3.752654302E-4
9.481184337E1,2.974353731E-3,-3.715788014E-3,-1.802453422E-3
9.482188337E1,2.166484483E-3,-4.686296917E-3,-1.332105487E-3
9.483192338E1,7.446231321E-4,-4.650077783E-3,-1.337165479E-3
9.484196437E1,9.830091149E-4,2.086162567E-6,-1.513569732E-4
9.485200437E1,1.434415579E-3,7.901154459E-4,-1.380139496E-3
9.486204437E1,-1.532446593E-3,1.867886633E-3,8.141191211E-5
9.487211538E1,5.437536165E-4,-5.457364023E-4,-1.010217820E-3
9.488215537E1,2.151969820E-3,5.675368011E-4,1.013372908E-3
9.489219537E1,6.733825430E-4,2.869307995E-3,-5.243362975E-4
9.490223637E1,-3.482736647E-4,4.452047870E-3,2.540895948E-4
9.491227637E1,9.042117745E-4,1.883961260E-3,3.638118505E-4
9.492231637E1,3.818043508E-3,2.176189795E-3,-1.023478806E-3
9.493238737E1,2.574080601E-3,1.371381804E-3,-1.650386956E-3
9.494242737E1,1.795638353E-3,-2.466911450E-3,-4.778703442E-4
9.495246837E1,1.579123549E-3,-1.957449131E-3,-1.522362116E-3
9.496250837E1,1.408178359E-4,2.701394260E-4,-2.241591690E-3
9.497254838E1,9.602718055E-4,-3.819943406E-3,-1.917218673E-3
9.498258937E1,-1.159537584E-3,-2.532065846E-3,-2.580062719E-3
9.499265937E1,1.238398254E-4,9.074062109E-4,-2.611488104E-3
9.500270987E1,1.731086522E-4,1.101665199E-3,-1.502085361E-3
9.501274988E1,-7.384922355E-4,2.806620672E-3,2.659872407E-4
9.502278988E1,4.687849432E-4,-3.257964738E-3,3.373790532E-4
9.503282987E1,1.814300194E-4,4.118718207E-4,5.999667337E-4
9.504287087E1,4.861624911E-4,1.540124416E-3,-7.568302681E-4
9.505294188E1,1.380871981E-4,-1.260988414E-3,5.963218864E-4
9.506298187E1,2.922422253E-3,-4.483554512E-4,3.379606642E-5
9.507302187E1,9.101377800E-4,-2.025458962E-4,-7.787343347E-4
9.508306187E1,-8.965507150E-4,-1.776310615E-3,-2.620149171E-4
9.509310287E1,2.062637359E-4,1.410162076E-3,3.853995586E-4
9.510314287E1,2.152854577E-4,7.140785456E-4,1.189271687E-3
9.511318288E1,9.287465364E-4,8.704047650E-4,1.868910389E-3
9.512325387E1,1.037173904E-3,-1.204293221E-4,3.396419343E-4
9.513329387E1,1.078452915E-3,6.873067468E-4,-1.566116000E-3
9.514333487E1,2.545713447E-3,-2.510602586E-3,-8.937473758E-4
9.515337488E1,2.615488134E-3,2.251662314E-3,-7.402640767E-5
9.516341488E1,1.257145777E-4,-2.190922387E-3,-3.352947533E-5
9.517345487E1,-1.553408802E-3,7.393527776E-4,-1.866849605E-3
9.518352587E1,8.676229045E-4,-3.534965217E-3,-4.047873663E-4
9.519356688E1,-3.275190480E-3,3.184456378E-3,2.190196887E-3
9.520360687E1,-2.725096419E-3,5.790952593E-3,2.781134099E-3
9.521364687E1,-4.485178739E-3,1.187678427E-3,1.539834891E-3
9.522368687E1,-9.616930038E-4,7.437411696E-4,2.778148046E-4
9.523372787E1,2.859144472E-3,-7.454995066E-4,8.855481865E-4
9.524379787E1,2.341042273E-3,-1.339398324E-3,1.000878168E-3
9.525383887E1,3.897926770E-3,1.433486119E-3,8.621275774E-4
9.526387887E1,3.129529767E-3,4.809536040E-5,2.389406785E-3
9.527391887E1,3.606235608E-3,2.337880433E-3,8.999006823E-4
9.528395987E1,9.836563841E-4,4.875455052E-4,3.505641362E-3
9.529399988E1,1.860391349E-4,7.810257375E-4,2.927735681E-3
9.530407087E1,-1.423249021E-3,1.460514963E-3,1.701079658E-3
9.531411087E1,-2.397166565E-3,4.369750619E-3,2.017463092E-3
9.532415087E1,7.221661508E-5,1.410657540E-3,3.531937022E-3
9.533419188E1,-1.046311110E-3,5.129761994E-3,9.747698205E-4
9.534423187E1,-8.606556803E-4,9.959917516E-4,1.906151185E-3
9.535427187E1,-8.694436401E-4,7.307417691E-4,1.741301501E-3
9.536434288E1,-7.004328072E-4,8.751172572E-4,3.423233982E-3
9.537438288E1,-1.278519630E-4,1.646369696E-3,3.608057275E-3
9.538442287E1,1.940956339E-3,4.021836445E-3,1.939733862E-3
9.539446387E1,1.685559750E-3,8.707828820E-4,9.943117620E-4
9.540450387E1,3.022933379E-3,6.961524487E-4,1.321200747E-3
9.541454387E1,1.875110902E-3,1.907359809E-3,7.206579903E-4
9.542461487E1,1.106487587E-3,6.824359298E-5,1.037534093E-3
9.543465487E1,9.618783370E-4,3.180947155E-3,8.929243195E-4
9.544469587E1,6.391610950E-4,3.341028467E-3,5.092340871E-4
9.545473587E1,-1.202682033E-3,7.742736489E-4,-8.154222742E-4
9.546477587E1,-1.773339696E-3,-1.402102411E-3,-2.369437832E-3
9.547481688E1,-3.275894560E-3,4.791542888E-4,-3.149477765E-3
9.548488687E1,-5.349703133E-5,-5.009474233E-3,-3.380656242E-3
9.549492787E1,7.835337892E-4,-1.375325024E-3,-2.731111366E-3
9.550496788E1,1.829105429E-3,-1.399992034E-3,-4.554296378E-3
9.551500788E1,5.095088854E-4,-3.318266943E-3,-4.192639142E-3
9.552504787E1,2.285838127E-5,-4.919341765E-3,-1.942426432E-3
9.553508887E1,-2.255741507E-3,3.458429128E-3,-1.591954380E-3
9.554515988E1,-3.062848002E-3,2.253999934E-3,-5.555251846E-4
9.555519988E1,-3.960333765E-3,4.225447774E-4,-1.015719492E-3
9.556523987E1,-2.658346668E-3,-5.713291466E-5,4.945843248E-4
9.557527987E1,-3.648776561E-3,1.038758084E-3,-5.395211047E-4
9.558532087E1,-7.383059710E-4,-8.750054985E-4,-3.174047743E-4
9.559536087E1,-1.563353464E-3,1.146253198E-4,-1.357635483E-3
9.560540087E1,2.587683499E-3,-1.556813717E-3,1.595913782E-4
9.561547187E1,-2.065049484E-4,3.348309547E-4,1.862229547E-4
9.562551187E1,2.575030550E-3,9.354259819E-4,-8.175551193E-4
9.563555287E1,1.767559908E-3,-3.518444486E-3,3.174841404E-4
9.564559288E1,3.690064885E-3,-4.899352789E-4,-4.508133861E-4
9.565563288E1,1.531838439E-3,-2.209272236E-3,-3.900933079E-4
9.566567287E1,-9.278953075E-5,3.379462287E-3,2.257031389E-3
9.567574387E1,-1.889299601E-4,1.018837094E-3,4.878934706E-4
9.568578488E1,4.913080484E-4,1.528436318E-3,8.400442312E-4
9.569582488E1,-1.538019627E-3,3.156960011E-3,1.287988038E-3
9.570586487E1,-2.557085827E-4,-1.707202755E-3,-1.105021802E-4
9.571590487E1,1.160561107E-3,2.027347684E-3,-2.605085261E-3
9.572594587E1,1.845359802E-3,-1.081714407E-3,-1.389562385E-3
9.573601687E1,-1.140309498E-3,1.507144421E-3,-1.947228331E-3
9.574605687E1,3.820201382E-4,2.447851002E-4,-1.010579523E-3
9.575609687E1,-7.274523377E-4,4.329008982E-3,-2.524586627E-3
9.576613687E1,9.955773130E-4,2.445414662E-3,-2.310773358E-3
9.577617787E1,-2.357343212E-3,-8.744820952E-4,-1.190115232E-3
9.578621788E1,2.346499823E-3,2.819307148E-3,-7.299126592E-4
9.579628887E1,2.908054739E-4,-7.368437946E-5,1.512469025E-3
9.580632887E1,-9.428393096E-4,-2.375055104E-3,-4.120149824E-4
9.581636887E1,-1.087374985E-4,1.951515675E-3,1.261249068E-3
9.582640988E1,4.408443347E-4,-1.492183656E-4,2.705406398E-3
9.583644988E1,1.661903225E-3,4.324167967E-4,4.576543346E-3
9.584648987E1,-1.436352730E-3,2.733273432E-3,6.563428324E-3
9.585656087E1,3.239968792E-4,3.668574616E-3,6.021474954E-3
9.586660088E1,-6.554163992E-4,3.779016435E-3,7.306769025E-3
9.587664187E1,-3.470908850E-3,4.977704957E-3,6.313676015E-3
9.588668187E1,-4.836844280E-3,4.859022796E-3,9.669465013E-3
9.589672187E1,-2.049047500E-3,4.890713841E-3,7.424686104E-3
9.590676187E1,4.756292328E-4,5.375580862E-3,7.538198028E-3
9.591683287E1,8.692443371E-4,4.759324715E-3,5.407402292E-3
9.592687287E1,4.703663290E-3,3.041949123E-3,2.992387628E-3
9.593691387E1,5.739366636E-3,3.292551264E-3,1.491429983E-3
9.594695387E1,6.035244092E-3,1.156600192E-3,7.335713599E-5
9.595699387E1,3.653579392E-3,2.215653658E-4,3.846806940E-4
9.596703488E1,5.875456147E-3,-2.591870725E-5,-4.403136554E-4
9.597710487E1,3.379807808E-3,-2.640344203E-3,-4.472378641E-4
9.598714587E1,2.933894284E-3,-7.562674582E-4,-2.340051578E-3
9.599718587E1,3.970130347E-3,-9.354967624E-4,-3.666039556E-3
9.600723612E1,9.016022086E-4,-3.254879266E-4,-2.745571546E-3
9.601727712E1,2.798572183E-3,-3.619019873E-3,-4.444402177E-3
9.602731713E1,-8.245594800E-4,-1.455901191E-3,-3.113684710E-3
9.603738812E1,-3.419544548E-3,-4.861551337E-3,-5.173688987E-4
9.604742812E1,-5.238149315E-3,-2.588350326E-4,2.940227743E-3
9.605746813E1,-7.719948888E-3,2.238944173E-3,1.870968728E-3
9.606750813E1,-9.684529155E-3,7.826467976E-3,3.477423219E-3
9.607754912E1,-8.807817474E-3,3.317736089E-3,5.760817789E-3
9.608758912E1,-7.694980130E-3,5.322024226E-3,1.440377673E-3
9.609766013E1,-4.224615172E-3,8.561685681E-4,2.192986896E-3
9.610770013E1,-7.498580962E-4,-1.328114420E-3,-3.437016276E-4
9.611774012E1,1.065085642E-3,-5.855223164E-3,-1.091783633E-3
9.612778112E1,8.836919442E-4,-6.974848919E-3,-1.953561092E-3
9.613782112E1,1.776879653E-4,-5.204912275E-3,-1.787379850E-3
9.614786112E1,1.323875040E-5,-5.060340278E-3,-3.516011406E-3
9.615790212E1,-5.316436291E-4,-4.416654818E-3,-2.425979357E-3
9.616797212E1,-1.044303179E-3,-5.200689659E-3,-3.439578693E-3
9.617801312E1,-1.543644816E-3,-3.185475245E-3,-3.843846265E-3
9.618805312E1,-7.370077074E-4,2.271514386E-4,-3.056383459E-3
9.619809313E1,-1.081086695E-3,-6.801877171E-4,-2.632408403E-3
9.620813313E1,2.261145972E-3,2.796724439E-4,-2.476383466E-3
9.621817412E1,-2.345014364E-4,2.008415759E-4,-1.966121607E-3
9.622824512E1,1.184029505E-3,-3.443565220E-4,-3.341065021E-4
9.623828513E1,2.973673865E-3,-2.060763538E-3,-1.953841187E-3
9.624832513E1,1.599119976E-3,-3.155413084E-3,-1.764696906E-3
9.625836512E1,2.881165594E-3,-2.833702601E-3,-1.904779230E-3
9.626840612E1,1.839266159E-3,-4.962264560E-3,-2.294467064E-3
9.627844612E1,-5.237665027E-5,-3.175550140E-3,-3.431104124E-3
9.628851713E1,-1.212747768E-3,-3.675990738E-3,-9.285103879E-4
9.629855712E1,6.866184995E-4,-8.959174156E-4,-1.784982975E-3
9.630859712E1,-2.772396430E-3,-1.051463187E-4,-1.945888507E-3
9.631863812E1,-5.666453391E-3,1.200335100E-3,-2.691307105E-3
9.632867812E1,-3.869183362E-3,-2.977009863E-4,-1.781031955E-3
9.633871813E1,-4.159202799E-3,3.082914278E-3,-3.169071628E-3
9.634878912E1,-3.928305581E-3,-1.443216577E-3,-4.488077946E-3
9.635882912E1,-2.959448844E-3,-1.122837886E-3,-4.461179953E-3
9.636887012E1,-3.930103034E-3,7.824543864E-4,-4.806901328E-3
9.637891013E1,-4.056766629E-4,-2.218395472E-3,-4.155758303E-3
9.638895013E1,-1.318408176E-3,-1.638426445E-3,-3.677411936E-3
9.639899012E1,-2.633742988E-3,1.111021265E-3,-4.187140614E-3
9.640906112E1,-5.004024133E-3,1.384640113E-3,-3.787206253E-3
9.641910113E1,-4.177911207E-3,2.988986671E-5,-1.736838603E-3
9.642914213E1,-4.142690450E-3,1.152642071E-4,-2.647034824E-3
9.643918212E1,-2.747194842E-3,1.687329262E-3,-1.572981826E-3
9.644922212E1,-2.949828282E-3,-5.156043917E-4,1.453413395E-3
9.645926312E1,-2.247285098E-3,1.611195505E-3,2.465947298E-3
9.646933312E1,-2.223581076E-3,-1.082940027E-3,1.729903044E-3
9.647937412E1,-2.531176433E-3,8.507799357E-4,2.509143902E-3
9.648941412E1,-3.855023533E-4,7.654316723E-4,3.243820276E-3
9.649945412E1,-5.607027560E-5,1.676499844E-3,1.745792106E-3
9.650949512E1,9.299982339E-4,-2.394244075E-5,1.582814730E-3
9.651953513E1,1.732940786E-3,2.076225355E-3,-3.585458035E-5
9.652960612E1,9.654834867E-4,8.658934385E-4,4.743604222E-4
9.653964612E1,1.864033751E-3,-1.715774648E-3,-5.996924592E-4
9.654968612E1,2.235414460E-3,2.070304006E-3,1.018532901E-3
9.655972613E1,2.261779271E-3,-1.437079161E-3,-1.200146624E-3
9.656976713E1,2.629426308E-3,-1.201052219E-4,-1.008426654E-3
9.657980712E1,3.005198203E-3,2.237409353E-5,2.634990960E-4
9.658987812E1,1.830547117E-3,-9.598210454E-4,-1.815011492E-4
9.659991813E1,2.535485663E-3,3.651710227E-3,3.569900291E-4
9.660995812E1,4.194378853E-4,-1.761768013E-3,-3.305913997E-4
9.661999912E1,1.206668094E-3,-3.196652979E-4,7.692940999E-4
9.663003912E1,-1.187175512E-4,-1.705060713E-3,9.948760271E-4
9.664007912E1,-1.380790025E-3,-4.477817565E-4,1.147475094E-3
9.665012012E1,-2.441294491E-3,1.483248547E-3,1.206615707E-3
9.666019012E1,-2.000274137E-3,-1.402819529E-3,1.431919169E-3
9.667023112E1,-3.730699420E-3,1.204054803E-3,1.869895495E-3
9.668027112E1,-5.420209840E-3,2.645624802E-3,-1.272090012E-4
9.669031112E1,-5.483854562E-3,3.731761128E-3,2.227666322E-3
9.670035113E1,-5.266541615E-3,1.151157543E-3,-4.860946792E-4
9.671039213E1,-1.919750124E-3,9.738672525E-4,3.924310440E-4
9.672046312E1,-1.504030079E-3,-2.621399239E-3,-2.179655130E-4
9.673050312E1,-4.853364080E-4,-3.678457811E-3,-1.350841718E-3
9.674054313E1,-1.924509183E-3,-2.609197982E-3,-2.892812015E-3
9.675058312E1,2.682041377E-4,-1.061597839E-3,-4.796731286E-3
9.676062412E1,-1.696676016E-3,-3.865639679E-3,-3.586590756E-3
9.677066412E1,6.124498323E-4,-2.392652445E-3,-1.835023984E-3
9.678073513E1,-2.203201875E-4,-1.960420981E-3,-3.761820961E-3
9.679077512E1,7.852893323E-4,-1.669870690E-3,-1.243535895E-3
9.680081512E1,-2.299716696E-3,1.114731655E-3,-2.311996184E-3
9.681085612E1,-2.064161003E-3,1.052716747E-3,-2.376737539E-3
9.682089612E1,-3.125963733E-3,8.471217006E-4,-1.186836977E-3
9.683093612E1,-5.172668025E-3,-7.606856525E-4,-1.384137897E-3
9.684100712E1,-4.892770201E-3,-4.267245531E-4,-5.210074596E-4
9.685104712E1,-5.603967234E-3,9.573567659E-4,-4.826837103E-4
9.686108812E1,-5.871880800E-3,1.505967230E-3,2.225484699E-3
9.687112812E1,-5.108486861E-3,4.733493552E-3,1.694955863E-3
9.688116813E1,-3.298602998E-3,2.682592720E-3,2.038503764E-3
9.689120812E1,-4.813672975E-3,3.302766010E-3,1.530691748E-3
9.690127912E1,-2.782480791E-3,4.541402683E-3,3.149588592E-4
9.691131912E1,-1.052590087E-3,-6.429869682E-4,-2.552992664E-3
9.692136013E1,3.849845380E-4,2.121552825E-4,-3.555140225E-3
9.693140012E1,-2.227008343E-3,-2.676087432E-3,-2.112209331E-3
9.694144012E1,-2.177206799E-3,5.071889609E-4,-2.530858153E-3
9.695148112E1,-4.068521783E-3,1.440417022E-3,-2.096000826E-3
9.696155113E1,-6.148716435E-3,-1.777480356E-3,-1.437933766E-3
9.697159212E1,-3.624470904E-3,1.186357811E-3,-5.140888970E-4
9.698163212E1,-4.361901432E-3,2.739578485E-4,-5.119583220E-4
9.699167212E1,-5.890037864E-4,1.455686986E-3,-1.244915416E-3
9.700172037E1,-5.173645914E-4,-3.557980061E-3,-2.087539528E-3
9.701176037E1,1.494257711E-3,-8.944049478E-4,-9.574805736E-4
9.702183138E1,4.146127030E-4,-2.248888835E-3,-2.778550144E-3
9.703187137E1,1.564854756E-4,-4.999749362E-4,-3.357000882E-3
9.704191137E1,1.900410280E-4,-3.843940794E-4,-2.103983657E-3
9.705195137E1,-1.574471593E-3,2.080185339E-3,-2.773828339E-3
9.706199237E1,-1.839989796E-3,-1.668746583E-3,-3.612457775E-3
9.707203237E1,-1.391639933E-3,-2.212476917E-3,-2.040005289E-3
9.708210337E1,-2.569822595E-3,1.087712124E-3,1.289478503E-3
9.709214337E1,-3.924578428E-3,-3.260292113E-3,-1.286425628E-3
9.710218337E1,-3.380760550E-3,2.425024286E-3,1.454499667E-3
9.711222437E1,-4.754751921E-3,-1.491932198E-3,2.622016007E-3
9.712226438E1,-1.281989738E-3,2.007460222E-3,5.530720577E-3
9.713230438E1,-3.064576536E-3,-7.574707270E-4,4.006886389E-3
9.714237537E1,-1.662688330E-3,2.476051450E-4,4.845782183E-3
9.715241537E1,1.987142488E-3,4.643388093E-3,1.855337992E-3
9.716245638E1,-2.650925890E-4,6.360061467E-3,5.644749850E-3
9.717249637E1,6.537009031E-4,2.205727622E-3,4.180325195E-3
9.718253637E1,-1.560185105E-3,1.774560660E-3,4.083385691E-3
9.719257637E1,-1.237081364E-3,3.990709782E-3,3.682226408E-3
9.720264738E1,-1.531094313E-3,1.240996644E-3,4.888904747E-3
9.721268837E1,-3.896979615E-3,1.897707582E-3,4.812752828E-3
9.722272837E1,-6.108468398E-3,-1.215528697E-3,3.469720483E-3
9.723276837E1,-5.080319941E-3,-7.471609861E-4,3.314780071E-3
9.724280837E1,-3.590013832E-3,2.710422501E-3,2.025011461E-3
9.725284937E1,-2.088626847E-3,2.055346966E-3,3.064400516E-3
9.726288938E1,-3.542978317E-3,3.978414461E-3,1.749065355E-3
9.727296037E1,-8.412059397E-4,9.627360851E-4,3.084052820E-3
9.728300037E1,2.115424722E-4,-1.046352088E-3,3.561557736E-3
9.729304037E1,-9.257886559E-4,1.380706206E-3,2.954987343E-3
9.730308138E1,-2.982014790E-3,5.407445133E-4,2.646060660E-3
9.731312137E1,-4.582045600E-3,2.366501838E-3,6.717661861E-3
9.732316137E1,-7.287550718E-3,2.693539485E-3,6.412996445E-3
9.733323238E1,-6.712673232E-3,-1.542584971E-3,7.192300167E-3
9.734327238E1,-5.944350734E-3,3.804510459E-3,6.156330463E-3
9.735331337E1,-5.926707759E-3,2.952441573E-4,3.947251011E-3
9.736335337E1,-7.340047508E-3,1.427887008E-3,4.707316868E-3
9.737339337E1,-4.204738885E-3,-6.478074938E-4,4.849282093E-3
9.738343337E1,-6.218088791E-3,-1.180440187E-3,6.323608104E-3
9.739350437E1,-3.095965832E-3,-1.264052466E-3,6.669546477E-3
9.740354437E1,-6.811873987E-3,-1.934902743E-3,7.734544575E-3
9.741358537E1,-5.465213209E-3,6.688591093E-4,8.598480374E-3
9.742362537E1,-5.703033879E-3,1.732526347E-3,9.921538644E-3
9.743366537E1,-5.828103051E-3,6.896425039E-4,8.478631265E-3
9.744370638E1,-5.652334541E-3,-6.374102086E-4,9.713272564E-3
9.745377637E1,-3.968242556E-3,2.279955894E-3,9.848917834E-3
9.746381737E1,-5.497163162E-3,1.257034019E-3,9.253967553E-3
9.747385738E1,-4.140755162E-3,3.443323076E-3,1.253464445E-2
9.748389738E1,-4.650751129E-3,8.111819625E-6,9.992657229E-3
9.749393837E1,-2.937175333E-3,1.230247319E-3,9.738851339E-3
9.750397837E1,-3.274064511E-3,5.361342803E-3,7.871975191E-3
9.751404938E1,-5.870681256E-3,1.706998795E-3,8.589400910E-3
9.752408938E1,-5.547640845E-3,2.101413906E-3,7.646375336E-3
9.753412937E1,-7.907329127E-3,1.758562401E-3,7.694380824E-3
9.754416937E1,-6.701983511E-3,3.304794431E-3,8.142324165E-3
9.755421037E1,-5.576966330E-3,3.521913663E-3,8.015774190E-3
9.756425037E1,-6.098680198E-3,3.305666149E-3,6.826406345E-3
9.757432137E1,-5.313413218E-3,2.370884642E-3,8.514590561E-3
9.758436137E1,-5.544308573E-3,1.247031614E-3,7.979827933E-3
9.759440137E1,-3.389947116E-3,5.391482264E-3,8.758511394E-3
9.760444237E1,-3.261849284E-3,2.902492881E-3,6.648221985E-3
9.761448238E1,-2.714801580E-3,4.624446854E-3,6.636534818E-3
9.762452238E1,-3.099361435E-3,3.159441054E-3,6.447183900E-3
9.763459337E1,-3.716150299E-3,2.015082166E-3,7.510584779E-3
9.764463337E1,-4.899125546E-3,3.995141014E-3,6.359033287E-3
9.765467438E1,-3.321167082E-3,2.804400399E-3,6.026432849E-3
9.766471438E1,-6.204305217E-3,3.130104393E-3,6.896487437E-3
9.767475437E1,-7.853867486E-3,2.858461812E-3,6.319380365E-3
9.768479437E1,-8.530842140E-3,4.220936447E-3,6.229631603E-3
9.769486538E1,-8.939240128E-3,2.275574952E-4,4.907883238E-3
9.770490637E1,-7.835093886E-3,-1.396927983E-4,4.580314271E-3
9.771494637E1,-8.556280285E-3,4.713727161E-3,6.556330249E-3
9.772498637E1,-6.649723276E-3,-1.577459276E-3,6.219706964E-3
9.773502637E1,-5.668211728E-3,1.857381314E-3,5.071156658E-3
9.774506737E1,-5.012273788E-3,5.740039051E-4,6.422711536E-3
9.775513837E1,-3.441736102E-3,-1.341411844E-3,3.151067067E-3
9.776517837E1,-4.504337907E-3,2.904199064E-3,4.301154986E-4
9.777521837E1,-2.912538126E-3,2.730635926E-3,2.277762629E-3
9.778525837E1,-1.033943146E-3,9.969994426E-5,2.596809296E-3
9.779529938E1,-3.335384652E-3,1.542653888E-3,3.259901190E-3
9.780533938E1,-2.239227295E-3,-2.919975668E-4,4.579231143E-3
9.781541037E1,-5.046000704E-3,5.008241162E-3,5.071904045E-3
9.782545037E1,-5.346670747E-3,4.933848977E-4,6.343829446E-3
9.783549038E1,-5.765954033E-3,2.495087683E-4,8.457001299E-3
9.784553137E1,-6.402982399E-3,1.736616716E-3,7.479887456E-3
9.785557137E1,-2.689901739E-3,-1.859518699E-3,6.565138232E-3
9.786561137E1,-1.511452720E-3,-2.005726099E-3,4.204778466E-3
9.787565137E1,-1.217370853E-3,5.012899637E-4,2.353673335E-3
9.788572237E1,4.186090082E-4,-3.401839174E-3,5.320711061E-4
9.789576337E1,-4.030801356E-4,-3.095442429E-3,1.697912696E-3
9.790580337E1,1.074476168E-4,-3.237122670E-3,2.006834256E-4
9.791584337E1,-1.593740657E-3,7.484462112E-4,9.080988821E-4
9.792588337E1,-2.451278269E-3,6.565656513E-4,1.818101155E-3
9.793592438E1,-3.225527704E-3,4.009772092E-3,3.513989970E-3
9.794599437E1,-4.997596145E-3,7.990654558E-4,3.763794433E-3
9.795603537E1,-3.885122016E-3,2.479832619E-4,3.457050305E-3
9.796607537E1,-3.794042394E-3,7.971264422E-4,3.793407697E-3
9.797611538E1,-5.640482530E-3,4.740277305E-3,3.980042879E-3
9.798615637E1,-4.945397377E-3,2.988450229E-3,3.288952634E-3
9.799619637E1,-3.424499184E-3,1.278478652E-3,2.863083500E-3
9.800627562E1,-1.916084439E-3,2.900077030E-3,4.987487104E-3
9.801631562E1,-2.073409036E-3,4.974862561E-3,4.646393005E-3
9.802635562E1,-2.462230623E-3,1.124730334E-3,1.867917133E-3
9.803639663E1,-2.908010036E-3,2.241147682E-3,3.072716296E-3
9.804643663E1,-2.341022715E-3,1.977760345E-3,1.719031483E-3
9.805647662E1,-3.173863515E-3,-1.333594322E-3,1.997585874E-3
9.806654762E1,-2.152273431E-3,1.053132117E-3,2.251118887E-3
9.807658763E1,-3.867715597E-3,1.619309187E-3,2.107314300E-3
9.808662763E1,-1.622136682E-3,-4.065576941E-4,8.367202245E-4
9.809666862E1,-2.872258425E-3,1.662693918E-3,1.142201247E-3
9.810670862E1,-8.786171675E-4,-5.969982594E-4,2.356336452E-3
9.811674862E1,4.546660930E-4,-1.592003740E-3,-1.627131132E-4
9.812681962E1,6.794370711E-4,-3.292964771E-3,1.514545642E-3
9.813685962E1,-1.397093758E-3,-6.434172392E-4,-1.845256775E-4
9.814690062E1,-2.224536613E-3,-1.282840967E-3,-3.493753611E-4
9.815694062E1,-2.936806530E-3,2.245809883E-4,1.189876348E-3
9.816698062E1,-3.389542922E-3,-2.148028463E-3,3.882648889E-4
9.817702163E1,-3.512112424E-3,-9.259469807E-4,8.309661644E-5
9.818709162E1,-1.561081037E-3,-6.172861904E-4,2.476800000E-4
9.819713262E1,-1.456823200E-3,-1.895515248E-3,-1.112458645E-3
9.820717262E1,-6.815753877E-4,-1.127725467E-3,7.437646855E-4
9.821721263E1,-2.309596166E-3,1.166891307E-4,2.254633000E-3
9.822725263E1,-1.002782956E-3,1.969451085E-3,1.493235352E-3
9.823729362E1,1.258869655E-3,3.750789911E-4,-2.117663389E-4
9.824736463E1,-8.655339479E-4,-3.045592457E-4,2.110776491E-3
9.825740463E1,1.206979156E-3,-1.618919894E-3,1.681273337E-3
9.826744462E1,1.350257546E-3,6.042867899E-4,3.228836227E-3
9.827748462E1,-1.944508404E-5,7.491931319E-4,5.912188208E-4
9.828752562E1,1.703353599E-3,3.212243319E-4,2.042907756E-3
9.829756562E1,4.656482488E-4,1.015540212E-3,2.250613412E-3
9.830763662E1,-6.698351353E-5,3.826506436E-3,1.329958672E-3
9.831767662E1,1.298887655E-4,2.329237759E-5,2.967237961E-3
9.832771662E1,-2.571355551E-3,3.266489133E-3,3.778703045E-3
9.833775762E1,1.173915341E-3,5.792481825E-3,6.327220472E-4
9.834779762E1,2.253293991E-3,7.633678615E-4,3.641295014E-3
9.835783763E1,1.679284498E-3,1.575889066E-3,5.869216984E-4
9.836790862E1,2.743217163E-3,2.899480984E-3,2.480695490E-3
9.837794862E1,1.114096493E-3,1.572651789E-3,2.100958955E-3
9.838798963E1,3.803889267E-3,7.662475109E-4,1.196815982E-3
9.839802963E1,2.106784843E-3,-2.459279262E-3,1.988508273E-3
9.840806962E1,2.388281748E-3,2.968775108E-3,3.312898101E-3
9.841810962E1,1.374423504E-3,-4.356366582E-3,2.130538691E-3
9.842818063E1,8.697537705E-4,6.210803986E-4,1.567546395E-3
9.843822063E1,-7.430911064E-4,1.059997827E-3,8.998694830E-4
9.844826162E1,-5.002114922E-4,3.923160955E-3,9.518010775E-4
9.845830162E1,2.994313836E-4,-6.078816950E-4,8.508287137E-4
9.846834162E1,-3.168229014E-4,3.760768101E-3,1.466817921E-3
9.847838262E1,-1.605492085E-3,1.750573516E-3,5.833688192E-4
9.848842262E1,-3.354307264E-4,3.402264789E-3,2.355600009E-4
9.849849362E1,1.374445856E-4,1.947969198E-3,-5.898390664E-4
9.850853362E1,-1.685755327E-3,1.250356436E-4,-7.525582332E-4
9.851857362E1,-2.382695675E-3,4.056151956E-4,-1.824398059E-3
9.852861463E1,-2.165913582E-3,7.273256779E-4,-2.561560832E-3
9.853865463E1,-2.798456699E-3,1.733291894E-3,-1.793836709E-3
9.854869462E1,-2.907644957E-3,1.947676763E-3,-1.564005855E-3
9.855876562E1,-1.673800871E-3,-1.453626901E-4,1.231023693E-3
9.856880563E1,-3.158561885E-4,-3.412794322E-3,-9.924494661E-4
9.857884563E1,2.443347126E-3,-2.750470303E-3,-1.390854362E-3
9.858888662E1,2.728039399E-3,-1.581075601E-3,-5.198642146E-3
9.859892662E1,3.679951653E-3,-2.886287868E-3,-6.162444130E-3
9.860896662E1,5.166046321E-5,-3.890831955E-3,-6.145399995E-3
9.861903763E1,-3.845356405E-4,-4.133358598E-3,-5.888198037E-3
9.862907762E1,-2.071680501E-4,-1.659281552E-3,-4.556084983E-3
9.863911862E1,-1.122595742E-3,-4.693921655E-4,-2.164826030E-3
9.864915862E1,-2.087458968E-3,-5.081720650E-3,-3.440480214E-3
9.865919862E1,-3.751499578E-3,-1.277996227E-3,-2.667050809E-3
9.866923963E1,-4.400245845E-3,3.997962922E-4,-4.175731447E-3
9.867930962E1,-4.490073770E-4,-3.892472945E-3,-4.667044617E-3
9.868935062E1,-1.296950504E-4,-2.722013742E-3,-5.191953853E-3
9.869939062E1,2.803836949E-3,-6.300148554E-3,-7.571287453E-3
9.870943063E1,1.197418198E-3,-3.123262897E-3,-5.428241566E-3
9.871947063E1,9.531052783E-4,-5.500143394E-3,-6.326253992E-3
9.872951162E1,2.331824042E-3,-2.192763612E-3,-7.418150082E-3
9.873958262E1,-9.337086231E-4,-6.367154419E-4,-6.546472199E-3
9.874962263E1,-4.892274737E-4,-3.275375813E-3,-5.302775651E-3
9.875966263E1,-3.627490252E-3,-1.835980453E-3,-3.031597473E-3
9.876970262E1,-3.244528547E-3,-2.435990609E-3,-2.039836254E-3
9.877974362E1,-4.898095503E-3,7.565170527E-4,-2.042357810E-3
9.878978362E1,-2.704715356E-3,2.083569765E-3,-2.586441580E-3
9.879985462E1,-2.474416047E-3,-2.305060625E-4,-2.796794288E-3
9.880989462E1,-2.967899665E-3,-1.609977335E-4,-2.653516131E-3
9.881993462E1,-3.523061052E-3,2.007240430E-3,-3.417234635E-3
9.882997562E1,-3.442900255E-3,1.843722537E-3,-2.926147776E-3
9.884001562E1,9.186938405E-5,3.436721861E-3,-3.605100792E-3
9.885005563E1,2.808559686E-3,3.917157650E-3,-5.366249010E-3
9.886012662E1,1.610815525E-4,2.295194194E-3,-5.336623173E-3
9.887016662E1,7.200790569E-4,2.331679687E-3,-7.083390839E-3
9.888020762E1,2.947458997E-4,2.089262009E-3,-8.607732132E-3
9.889024763E1,-1.484511420E-3,1.519611105E-3,-8.550474420E-3
9.890028763E1,-4.180230200E-3,-1.113710925E-3,-1.011082903E-2
9.891032762E1,-3.674229607E-3,3.408337012E-3,-9.619741701E-3
9.892039862E1,-4.740132019E-3,9.604040533E-4,-8.992068470E-3
9.893043863E1,-3.910822794E-3,1.619003713E-3,-1.118198503E-2
9.894047962E1,-4.813233390E-3,3.278393298E-3,-9.971825406E-3
9.895051962E1,-3.995643929E-3,3.505295143E-3,-1.324564964E-2
9.896055962E1,-2.388292924E-3,2.267217264E-3,-1.324779913E-2
9.897060062E1,-4.157964140E-3,-2.397575416E-3,-1.283154730E-2
9.898067062E1,-4.877844825E-3,2.969427034E-3,-1.236571092E-2
9.899071162E1,-2.947585657E-3,-3.842139617E-3,-1.229114179E-2
9.900075162E1,-5.471734330E-3,8.914060891E-4,-1.101285871E-2
9.901078150E1,-6.327409297E-3,6.826147437E-4,-8.497503586E-3
9.902082250E1,-5.780655891E-3,-5.294326693E-4,-7.321417332E-3
9.903086250E1,-5.163868889E-3,2.286326140E-3,-7.670024876E-3
9.904093350E1,-4.036186263E-3,4.439558834E-4,-6.397836376E-3
9.905097350E1,-5.372293293E-3,4.429109395E-3,-6.857497618E-3
9.906101350E1,-3.669841215E-3,1.965992153E-3,-5.284932442E-3
9.907105350E1,-4.350012168E-3,-1.728611067E-3,-5.223679822E-3
9.908109450E1,-2.852244303E-3,-1.811745577E-3,-7.253506687E-3
9.909113450E1,-5.824066699E-3,-2.338234335E-4,-7.211694960E-3
9.910120550E1,-3.661682829E-3,-1.018349081E-3,-7.680708077E-3
9.911124550E1,-3.874735907E-3,1.036012545E-3,-6.194131449E-3
9.912128550E1,-4.874281585E-3,2.856779844E-3,-6.923810579E-3
9.913132650E1,-4.542984068E-3,9.110737592E-4,-6.362682674E-3
9.914136650E1,-3.312338144E-3,2.455707639E-3,-7.876423188E-3
9.915140650E1,-7.455833256E-4,4.369188100E-3,-6.182120182E-3
9.916144750E1,-8.992850780E-4,3.169195727E-3,-6.033271551E-3
9.917151750E1,1.555932686E-4,2.646416426E-3,-5.636460613E-3
9.918155850E1,-5.895886570E-4,3.537226468E-3,-6.806373596E-3
9.919159850E1,-9.949225932E-4,7.464997470E-4,-5.431916099E-3
9.920163850E1,-3.615301102E-4,-2.996245399E-3,-4.353113472E-3
9.921167850E1,-3.655593842E-3,3.508161753E-4,-3.006086452E-3
9.922171950E1,-2.558868378E-3,4.478357732E-5,-3.307264997E-3
9.923179050E1,-3.915216774E-3,3.306567669E-5,-1.739728497E-3
9.924183050E1,-2.772986889E-3,3.098897636E-3,-3.087288002E-3
9.925187050E1,-5.660118535E-3,2.262664959E-3,-2.772236010E-3
9.926191050E1,-4.222476855E-3,6.671529263E-4,-3.558125813E-3
9.927195150E1,-1.435743645E-3,2.179030329E-3,-3.394341562E-3
9.928199150E1,-3.353456035E-3,9.340178221E-4,-2.775435802E-3
9.929206250E1,-1.081248745E-3,2.359872684E-3,-2.014038153E-3
9.930210250E1,-1.620469615E-3,-2.748053521E-4,-2.319227206E-3
9.931214250E1,-6.127282977E-4,-4.923846573E-4,-2.742669778E-3
9.932218350E1,-3.432281315E-3,8.775144815E-4,-2.327457536E-3
9.933222350E1,-4.491953179E-3,1.467429101E-4,-1.530906186E-3
9.934226350E1,-5.678223446E-3,6.002727896E-4,-7.021258352E-4
9.935233450E1,-2.894952893E-3,-2.275409177E-3,-4.038517654E-4
9.936237450E1,-2.645712346E-3,-1.777680591E-3,2.456128597E-3
9.937241550E1,-7.199794054E-4,2.767270431E-3,1.209502923E-3
9.938245550E1,3.135241568E-4,2.277523279E-3,1.360230613E-3
9.939249550E1,1.050952822E-3,1.896692440E-3,1.653444488E-3
9.940253550E1,3.428854048E-3,3.466652706E-3,-7.175882929E-4
9.941260650E1,3.939382732E-3,-1.826114021E-3,-3.722965484E-3
9.942264750E1,5.896835588E-3,-3.687378950E-3,-2.273420803E-3
9.943268750E1,-2.071298659E-4,-2.487059683E-4,-1.510425238E-3
9.944272750E1,8.476553485E-4,-6.199963391E-4,-1.579629956E-3
9.945276750E1,-1.695396379E-3,-1.623209566E-3,-1.700803754E-3
9.946280850E1,-3.462143242E-3,-2.881214023E-4,2.353292890E-3
9.947287850E1,-4.106627777E-3,5.992427468E-4,-3.527452354E-4
9.948291950E1,-2.090176567E-3,8.210316300E-4,1.092590042E-3
9.949295950E1,-2.930751070E-4,-1.780343242E-3,-3.605760867E-5
9.950299950E1,2.312095836E-3,1.968048513E-3,-2.283492126E-3
9.951304050E1,2.359500155E-3,-1.093521714E-3,-1.628088299E-3
9.952308050E1,4.724714905E-3,-6.319656968E-4,-5.860165693E-4
9.953315150E1,2.027465962E-3,-2.486057580E-3,-6.920103915E-4
9.954319150E1,4.389537498E-4,2.844022587E-3,1.252883812E-4
9.955323150E1,9.007938206E-5,1.136671752E-3,5.285040243E-5
9.956327250E1,1.770133153E-3,-1.459619030E-3,2.594019752E-3
9.957331250E1,8.606640622E-4,9.947493672E-4,5.745448871E-4
9.958335250E1,7.742773741E-4,4.245638847E-4,1.755927340E-3
9.959342350E1,2.506999299E-4,-5.845316686E-3,3.929865547E-3
9.960346350E1,-1.157779247E-3,-2.882029861E-3,3.092311090E-3
9.961350350E1,2.608867362E-4,-2.698537894E-3,9.692390449E-4
9.962354450E1,4.557172768E-3,-3.345068544E-4,1.586336060E-3
9.963358450E1,4.876751453E-3,-1.824544743E-3,3.607142717E-3
9.964362450E1,3.931595944E-3,-3.201132640E-3,1.998327207E-3
9.965369550E1,5.491143093E-3,-1.396574080E-3,1.214558608E-3
9.966373550E1,4.821060225E-3,-6.386544555E-4,1.282746671E-3
9.967377650E1,4.230370745E-3,-2.030421980E-3,1.268099295E-3
9.968381650E1,2.210295759E-3,1.125697047E-3,3.724712878E-4
9.969385650E1,1.221996732E-3,-8.487701416E-4,5.871220492E-4
9.970389750E1,2.407336608E-3,2.131300047E-3,8.160539437E-6
9.971396750E1,-3.334172070E-3,-8.429177105E-4,1.873912988E-4
9.972400850E1,-3.106867895E-3,-6.815474480E-4,-1.681867987E-3
9.973404850E1,-5.916235968E-3,-1.757465303E-3,-2.204379998E-3
9.974408850E1,-2.552373335E-3,7.118657231E-4,-1.013187692E-3
9.975412850E1,-2.476472408E-3,-2.589655109E-3,-3.352774540E-3
9.976416950E1,-2.417588606E-3,-5.780056119E-3,-2.394618932E-3
9.977424050E1,-9.986571968E-4,-2.567751333E-3,-2.953882795E-3
9.978428050E1,1.822010614E-3,-2.444296144E-3,-2.018489409E-3
9.979432050E1,-1.335699111E-3,-5.803499371E-4,-1.585193095E-3
9.980436050E1,-3.076054156E-3,-1.278540120E-3,-5.114785163E-4
9.981440150E1,-1.337809488E-3,-6.295293570E-4,3.662994131E-4
9.982444150E1,-1.715613529E-3,-1.055097207E-3,-1.460100524E-3
9.983451250E1,-4.560934380E-3,-2.505721524E-3,-2.888423041E-4
9.984455250E1,-3.940511495E-3,-1.768609509E-3,-1.190549578E-3
9.985459250E1,-8.863974363E-4,5.086138844E-5,-8.885471034E-4
9.986463350E1,-6.564743817E-4,-1.006096601E-3,6.402656436E-5
9.987467350E1,2.460712567E-4,-1.562815160E-4,8.692970732E-5
9.988471350E1,2.203737386E-3,-4.664273933E-3,4.251977662E-4
9.989475350E1,1.464176923E-3,-2.304713242E-3,4.960378865E-4
9.990482450E1,2.254029736E-3,-2.366691828E-3,3.963793861E-4
9.991486550E1,2.095838077E-3,-3.055385314E-3,1.409822144E-4
9.992490550E1,-7.569976151E-5,-4.777591676E-4,1.241436461E-3
9.993494550E1,1.673198305E-3,-5.422066897E-4,1.229718560E-3
9.994498550E1,-1.051710919E-3,2.152886242E-3,4.315893166E-4
9.995502650E1,3.336649388E-4,-5.374383181E-4,1.875288901E-3
9.996509650E1,6.928509101E-4,-1.158043742E-4,3.556766547E-3
9.997513750E1,1.046252437E-3,1.857597381E-3,3.454234451E-3
9.998517750E1,1.571103930E-3,-2.293251455E-4,2.538962290E-3
9.999521750E1,-5.490388721E-4,1.850631088E-4,1.490209601E-3
1.000052722E2,4.684505984E-4,8.109360933E-4,6.731259637E-4
1.000153122E2,1.165932976E-3,1.441838220E-3,8.068166208E-4
1.000253832E2,2.844493836E-3,-1.917488873E-3,-6.310119061E-4
1.000354232E2,8.492637426E-5,-1.283656806E-3,-2.496472443E-4
1.000454632E2,3.753094934E-3,3.858879209E-4,-2.914663637E-4
1.000555042E2,1.631887630E-3,3.594905138E-5,6.008718628E-6
1.000655442E2,2.065420151E-3,1.593349501E-3,1.828421489E-3
1.000755843E2,4.335232079E-3,1.526236534E-3,2.343743108E-3
1.000856552E2,7.883021608E-4,9.895954281E-4,1.744545181E-3
1.000956952E2,1.949973404E-3,1.507047564E-3,1.540014404E-3
1.001057352E2,2.172572538E-3,-1.635149121E-3,1.862205914E-3
1.001157763E2,7.943864912E-4,1.307643950E-3,2.464080229E-3
1.001258163E2,-1.677777618E-4,-1.464735717E-3,3.282757476E-3
1.001358562E2,2.450216562E-5,1.581944525E-4,1.574339578E-3
1.001459272E2,-5.712471902E-4,-1.332376152E-3,2.939209808E-3
1.001559673E2,-6.282385439E-4,4.362296313E-4,3.602602985E-3
1.001660082E2,-1.268692315E-3,2.741435543E-3,2.523775678E-3
1.001760482E2,1.463977620E-3,3.628801554E-3,3.625525394E-3
1.001860882E2,1.312278211E-3,1.983234659E-3,1.978090964E-3
1.001961292E2,2.157298848E-3,5.712267011E-4,-3.034389520E-4
1.002061992E2,3.699570894E-3,6.870552897E-4,1.488885842E-3
1.002162402E2,2.657742240E-3,-2.088490874E-3,-1.750849653E-3
1.002262802E2,1.857494004E-3,-2.291144803E-3,7.056398317E-4
1.002363202E2,-6.187129766E-4,-2.209385857E-3,9.213557933E-4
1.002463602E2,-1.474324614E-3,1.809088513E-3,2.857716987E-3
1.002564013E2,-4.558265209E-3,6.322376430E-4,2.993005561E-3
1.002664722E2,-3.477312624E-3,1.505173743E-3,1.670252881E-3
1.002765122E2,-3.645092249E-3,-5.539823323E-4,2.720337361E-3
1.002865522E2,6.079021841E-5,-1.911894418E-3,1.246513566E-3
1.002965923E2,1.285311766E-3,1.961139962E-3,1.369019039E-3
1.003066332E2,2.950152382E-3,-3.424030729E-3,2.347743139E-4
1.003166732E2,6.041282788E-3,-5.291438662E-3,3.333112691E-4
1.003267443E2,1.857123338E-3,-3.183003515E-3,2.795073669E-4
1.003367843E2,2.791094594E-3,-5.009932443E-3,5.471551558E-4
1.003468242E2,-1.658098772E-4,-2.871181816E-3,6.244160468E-4
1.003568652E2,1.542874612E-3,-3.158785403E-4,1.098458655E-3
1.003669052E2,-1.096477732E-3,-2.358284779E-3,1.309669809E-3
1.003769452E2,-8.472073823E-4,1.298235729E-3,2.895557554E-5
1.003870162E2,-8.791703731E-4,-8.580982685E-4,4.750100197E-4
1.003970562E2,-9.646583349E-4,2.045035362E-4,1.088602352E-3
1.004070972E2,-1.309270039E-3,-2.518579364E-3,1.362907933E-3
1.004171372E2,-1.408606768E-3,-2.865589224E-3,1.174089732E-3
1.004271772E2,2.968152985E-4,-1.116950065E-3,4.864598159E-4
1.004372173E2,1.601497643E-3,1.640301198E-4,6.606306415E-4
1.004472882E2,-6.107892841E-5,-1.430511475E-4,-5.042545963E-4
1.004573282E2,9.629065171E-4,-4.466529936E-4,1.287786523E-3
1.004673693E2,1.650462858E-3,-4.560656846E-3,-9.292123723E-4
1.004774093E2,6.339335814E-4,-8.956138045E-4,-2.144945320E-3
1.004874492E2,4.260139540E-4,2.165108919E-3,-1.885851030E-3
1.004974902E2,-1.870697364E-3,2.041272819E-3,-1.066928962E-3
1.005075603E2,-3.776090220E-3,-5.001761019E-4,-2.067319583E-4
1.005176013E2,-4.471175373E-3,2.034619451E-3,-1.578259980E-3
1.005276412E2,-6.831668317E-3,-1.547051594E-3,-2.279483713E-3
1.005376812E2,-3.959981725E-3,5.134362727E-4,-5.095510278E-3
1.005477222E2,-1.496087760E-3,7.666833699E-4,-5.440103356E-3
1.005577622E2,-2.049492672E-3,-1.243470237E-3,-5.252084229E-3
1.005678332E2,-7.429458201E-4,-2.450148575E-3,-9.549095295E-3
1.005778732E2,-2.690250054E-3,-4.878152162E-3,-7.396461442E-3
1.005879132E2,-7.094519213E-3,-3.924747929E-3,-1.016933843E-2
1.005979532E2,-8.127026260E-3,-1.326568425E-3,-1.033099275E-2
1.006079943E2,-9.622788057E-3,-1.576386392E-3,-8.373824880E-3
1.006180343E2,-1.156742871E-2,-1.218190417E-3,-6.939179264E-3
1.006281052E2,-1.275666989E-2,3.467680886E-3,-3.763130633E-3
1.006381452E2,-1.508933119E-2,2.366198227E-3,-3.645951627E-3
1.006481853E2,-1.489326172E-2,4.967605695E-3,-4.591472680E-5
1.006582263E2,-1.649994776E-2,7.608396932E-3,-9.047841886E-4
1.006682662E2,-2.036974207E-2,6.344137713E-3,-5.012677284E-4
1.006783062E2,-2.132501826E-2,5.163557827E-3,-1.753219753E-3
1.006883472E2,-2.327215672E-2,3.169912845E-3,-3.068020334E-3
1.006984173E2,-2.476086468E-2,1.355769113E-3,-5.355942063E-3
1.007084582E2,-2.184417099E-2,4.761151969E-3,-7.523755077E-3
1.007184982E2,-1.734236255E-2,3.778180107E-3,-5.640633870E-3
1.007285382E2,-1.505767740E-2,5.720209330E-3,-4.202838056E-3
1.007385782E2,-1.225629821E-2,9.420672432E-3,-4.188723397E-3
1.007486193E2,-1.244531572E-2,7.584411651E-3,-2.025962342E-3
1.007586902E2,-1.640756801E-2,5.855221301E-3,1.489410293E-3
1.007687302E2,-2.345631830E-2,4.172073677E-3,-3.566679661E-4
1.007787702E2,-3.548927605E-2,1.895869151E-3,-1.747636939E-3
1.007888103E2,-4.662754759E-2,1.538842916E-4,-3.081336152E-3
1.007988513E2,-5.448067561E-2,2.430619672E-3,-5.207071081E-3
1.008088912E2,-5.516970903E-2,7.005434483E-3,-2.870179946E-3
1.008189622E2,-5.823234469E-2,6.887722760E-3,8.459949750E-4
1.008290023E2,-5.930152908E-2,1.320284046E-2,7.375033107E-3
1.008390423E2,-5.424259230E-2,1.739811897E-2,1.270801388E-2
1.008490832E2,-5.713079125E-2,1.249553077E-2,1.761432923E-2
1.008591232E2,-5.262179673E-2,4.692735150E-3,1.674933545E-2
1.008691632E2,-4.806495458E-2,2.258041874E-3,1.582631283E-2
1.008792342E2,-4.396661371E-2,-1.209925860E-3,1.313066017E-2
1.008892742E2,-3.829989582E-2,-3.590714186E-4,8.029936813E-3
1.008993152E2,-3.418371454E-2,2.967484295E-3,7.176660001E-3
1.009093552E2,-2.564213239E-2,1.699307933E-3,6.376889069E-3
1.009193952E2,-1.643185876E-2,5.013344809E-3,1.230189018E-2
1.009294353E2,-6.743917242E-3,7.179314271E-3,1.847614162E-2
1.009395062E2,-6.114561111E-4,3.099884838E-3,2.784167975E-2
1.009495462E2,4.643326625E-3,1.490011811E-3,3.304363042E-2
1.009595872E2,5.420703441E-3,-8.168208413E-3,3.367080539E-2
1.009696273E2,5.934825167E-3,-8.869138546E-3,3.283455595E-2
1.009796673E2,4.868496209E-3,-9.341050871E-3,2.696255408E-2
1.009897082E2,1.957727596E-3,-7.463796996E-3,1.831021719E-2
1.009997782E2,2.118849196E-3,-6.691480987E-3,1.196949650E-2
1.010098019E2,-4.838891327E-4,-6.232097745E-3,7.269559894E-3
1.010198419E2,-1.889772713E-3,-1.994475722E-3,3.463103902E-3
1.010298819E2,-2.654861659E-3,-4.790013656E-3,1.482792897E-3
1.010399229E2,-6.968382746E-3,-5.998556502E-3,1.595178386E-3
1.010499629E2,-5.482612178E-3,-5.676816218E-3,3.975751810E-3
1.010600339E2,-7.159603760E-3,-6.786289625E-3,2.212473191E-3
1.010700739E2,-4.949545488E-3,-6.001194939E-3,9.783683345E-4
1.010801139E2,-4.364982247E-3,-4.731133580E-3,-8.762570214E-4
1.010901539E2,-4.142038524E-3,2.965385094E-3,-3.650455736E-3
1.011001949E2,-6.086677313E-3,5.290323868E-3,-4.658728838E-3
1.011102349E2,-4.884693772E-3,4.622142762E-3,-7.398325950E-3
1.011203059E2,-6.654631346E-3,9.499721229E-3,-9.845770895E-3
1.011303459E2,-8.929807693E-3,7.048565894E-3,-7.698214613E-3
1.011403859E2,-1.202919334E-2,8.545262739E-3,-9.844455868E-3
1.011504269E2,-1.588704437E-2,9.577473626E-3,-1.123859547E-2
1.011604669E2,-1.779466681E-2,3.522245213E-3,-1.065589581E-2
1.011705069E2,-1.991534047E-2,5.240781233E-3,-1.046015322E-2
1.011805779E2,-2.188421600E-2,3.271374851E-3,-1.183887199E-2
1.011906179E2,-2.122558467E-2,1.386402175E-3,-1.286792662E-2
1.012006589E2,-1.983381622E-2,4.483392462E-3,-1.302025933E-2
1.012106989E2,-1.861831360E-2,3.476435319E-3,-1.367484964E-2
1.012207389E2,-1.529069245E-2,2.754451707E-3,-1.435502060E-2
1.012307789E2,-1.415708661E-2,3.126222640E-3,-1.382158697E-2
1.012408499E2,-1.307291351E-2,-1.158535480E-3,-1.634786092E-2
1.012508909E2,-1.308513246E-2,-2.099089324E-4,-1.620831899E-2
1.012609309E2,-1.216048189E-2,-3.070144914E-3,-1.833431982E-2
1.012709709E2,-8.806273341E-3,-6.072803400E-3,-1.762862876E-2
1.012810109E2,-8.427305147E-3,-7.525024936E-3,-1.734313741E-2
1.012910519E2,-7.397919893E-3,-6.801486947E-3,-1.410256792E-2
1.013011229E2,-8.066106588E-3,-9.139476344E-3,-1.562296692E-2
1.013111629E2,-5.568630993E-3,-8.532257751E-3,-1.293878350E-2
1.013212029E2,-4.529999569E-3,-8.667546324E-3,-1.175953541E-2
1.013312429E2,-2.627361566E-3,-5.258200690E-3,-1.267669722E-2
1.013412839E2,-1.274209470E-3,-7.019615732E-3,-1.442958973E-2
1.013513239E2,-6.267530844E-3,-6.637730636E-3,-1.545915194E-2
1.013613949E2,-5.126366392E-3,-8.041482419E-3,-1.522719022E-2
1.013714349E2,-8.849276230E-3,-7.419347763E-3,-1.527674962E-2
1.013814749E2,-1.153187826E-2,-8.925898001E-3,-1.664321683E-2
1.013915159E2,-1.141812839E-2,-8.430276066E-3,-1.722486131E-2
1.014015559E2,-1.581341028E-2,-9.613253176E-3,-1.961078681E-2
1.014115959E2,-1.510727033E-2,-1.378111169E-2,-2.025792189E-2
1.014216669E2,-1.710916869E-2,-1.540484093E-2,-2.013728023E-2
1.014317069E2,-1.773924194E-2,-1.407271624E-2,-2.099535987E-2
1.014417479E2,-1.686465926E-2,-1.047132351E-2,-2.103850432E-2
1.014517879E2,-1.489820518E-2,-1.323091984E-2,-1.951301843E-2
1.014618279E2,-1.114368066E-2,-1.244448870E-2,-2.283371240E-2
1.014718679E2,-5.658969283E-3,-1.392200403E-2,-2.146618441E-2
1.014819389E2,-1.229599118E-3,-1.560805086E-2,-2.306248248E-2
1.014919789E2,4.418250173E-4,-1.359360758E-2,-2.407398261E-2
1.015020199E2,4.538565874E-3,-1.308920514E-2,-1.992610842E-2
1.015120599E2,7.667582482E-3,-1.135043241E-2,-1.848107018E-2
1.015220999E2,8.940573782E-3,-1.114377100E-2,-1.477421727E-2
1.015321409E2,1.222285628E-2,-8.086483926E-3,-1.142447535E-2
1.015421809E2,1.427428890E-2,-7.387137040E-3,-9.920322336E-3
1.015522519E2,1.581945457E-2,-5.529848859E-3,-9.613526054E-3
1.015622919E2,1.725409925E-2,-1.107162051E-2,-6.392166018E-3
1.015723319E2,1.901142113E-2,-4.998013377E-3,-7.495512255E-3
1.015823729E2,1.735600084E-2,-5.853953771E-3,-6.251017097E-3
1.015924129E2,2.026433498E-2,-6.727451459E-3,-5.890976638E-3
1.016024529E2,2.071813680E-2,-2.739899792E-3,-5.927195773E-3
1.016125239E2,2.147238143E-2,-2.263476141E-3,-5.220378283E-3
1.016225639E2,2.367961034E-2,1.453533769E-4,-4.643538035E-3
1.016326039E2,2.231341228E-2,4.092941061E-3,-3.458678955E-3
1.016426449E2,2.559362724E-2,6.623210385E-3,-2.733500442E-3
1.016526849E2,2.590500936E-2,9.961247444E-3,-4.805009521E-4
1.016627249E2,2.775563858E-2,8.812626824E-3,5.772389704E-5
1.016727959E2,2.748120949E-2,9.415801615E-3,-7.726185140E-4
1.016828359E2,2.758507431E-2,8.964397013E-3,-2.549000201E-4
1.016928769E2,2.959096618E-2,1.103900000E-2,-2.413178445E-4
1.017029169E2,3.265786171E-2,1.240626536E-2,-1.575827831E-3
1.017129569E2,3.667909279E-2,1.852038130E-2,1.389304525E-3
1.017229979E2,3.717017919E-2,1.628226042E-2,3.898002207E-3
1.017330679E2,3.737581521E-2,1.498475112E-2,5.192046985E-3
1.017431089E2,3.662932664E-2,1.667905413E-2,7.689825259E-3
1.017531489E2,3.954941779E-2,1.249923371E-2,1.167364232E-2
1.017631889E2,3.903702274E-2,9.677613154E-3,1.323105861E-2
1.017732289E2,4.317261651E-2,7.668249309E-3,1.292427070E-2
1.017832699E2,4.336889088E-2,-1.354539767E-3,1.239776332E-2
1.017933409E2,4.681781679E-2,-3.430601209E-4,1.325821970E-2
1.018033809E2,4.930653796E-2,-2.563870512E-3,1.201132778E-2
1.018134209E2,5.095837265E-2,-5.688849837E-3,7.110607810E-3
1.018234609E2,5.247318000E-2,-8.366391994E-3,4.914831836E-3
1.018335019E2,5.413561687E-2,-8.570907637E-3,4.008804448E-3
1.018435419E2,5.250842497E-2,-1.225965191E-2,4.362472333E-3
1.018536129E2,5.048815161E-2,-9.715533815E-3,3.223171923E-3
1.018636529E2,4.876828194E-2,-1.265220158E-2,1.977877924E-3
1.018736929E2,4.189842194E-2,-9.235088713E-3,2.509435872E-3
1.018837339E2,3.694947064E-2,-8.422558196E-3,1.650300110E-3
1.018937739E2,3.338719904E-2,-3.970562480E-3,7.983637624E-4
1.019038139E2,3.253977746E-2,-3.075208515E-3,8.359143394E-4
1.019138849E2,2.759159356E-2,-1.584107056E-3,-7.276209071E-4
1.019239249E2,2.670662478E-2,2.024209127E-3,-1.608328312E-3
1.019339659E2,2.322047949E-2,3.546742722E-3,-2.162536839E-3
1.019440059E2,2.390571125E-2,-1.209929585E-3,-3.634199733E-3
1.019540459E2,2.385247871E-2,-3.795851022E-3,-4.719712771E-3
1.019640859E2,2.279813215E-2,-3.115679137E-3,-6.337849423E-3
1.019741569E2,2.140625194E-2,-1.717279665E-3,-7.722920272E-3
1.019841969E2,2.312904969E-2,3.938078880E-4,-7.894960232E-3
1.019942379E2,2.097530477E-2,-5.679253489E-3,-8.641731925E-3
1.020042936E2,2.315696701E-2,2.718225121E-3,-1.028836519E-2
1.020143336E2,2.232766524E-2,9.980797768E-4,-1.186440792E-2
1.020243746E2,2.287334763E-2,3.604516387E-3,-1.260716375E-2
1.020344446E2,1.911388524E-2,4.447422922E-3,-1.278588641E-2
1.020444856E2,1.647682302E-2,5.541183054E-3,-1.401493512E-2
1.020545256E2,1.487476472E-2,4.040226340E-3,-1.523972489E-2
1.020645656E2,1.070052572E-2,5.165943876E-3,-1.621790417E-2
1.020746066E2,6.526529789E-3,-1.138040796E-3,-1.815639623E-2
1.020846466E2,6.890051067E-3,6.838273257E-4,-1.927998289E-2
1.020947176E2,3.888487816E-3,-6.873961538E-4,-2.159058489E-2
1.021047576E2,5.457356572E-3,-4.031794146E-3,-2.202947251E-2
1.021147976E2,1.657267101E-3,-4.071236588E-3,-2.427874878E-2
1.021248376E2,2.811214887E-3,-5.650757812E-3,-2.528648823E-2
1.021348786E2,1.645519398E-3,-5.016131327E-3,-2.824738435E-2
1.021449186E2,2.205049619E-3,-2.697316930E-3,-2.635467611E-2
1.021549896E2,4.279149696E-3,-5.708281882E-3,-2.898668312E-2
1.021650296E2,4.610978998E-3,-1.910348423E-3,-2.913555503E-2
1.021750696E2,4.859254695E-3,-1.003139839E-2,-2.876989916E-2
1.021851106E2,3.921555355E-3,-9.081449360E-3,-2.930705808E-2
1.021951506E2,3.490291536E-3,-1.119439863E-2,-2.614908107E-2
1.022051906E2,2.292401157E-3,-1.253823005E-2,-2.401162684E-2
1.022152616E2,3.435295075E-4,-1.225140318E-2,-2.190560475E-2
1.022253016E2,-6.085503846E-4,-8.526971564E-3,-2.091624029E-2
1.022353426E2,-4.658222198E-3,-8.439616300E-3,-1.692949422E-2
1.022453826E2,-6.355721503E-3,-8.421773091E-3,-1.661737077E-2
1.022554226E2,-6.321866065E-3,-9.724056348E-3,-1.581150666E-2
1.022654626E2,-8.657725528E-3,-9.062260389E-3,-1.313476264E-2
1.022755336E2,-8.546527475E-3,-4.238497466E-3,-1.383248530E-2
1.022855746E2,-7.528934628E-3,-3.911194392E-3,-1.396111585E-2
1.022956146E2,-1.031090319E-2,-2.062956803E-3,-1.225802116E-2
1.023056546E2,-1.122623123E-2,7.163174450E-4,-1.112937368E-2
1.023156946E2,-9.930383414E-3,6.994998083E-3,-1.100582629E-2
1.023257356E2,-1.178660616E-2,3.492141142E-3,-1.227721944E-2
1.023358056E2,-1.010607556E-2,-1.180922613E-3,-1.061725058E-2
1.023458466E2,-1.280598901E-2,1.580243930E-3,-1.235363167E-2
1.023558866E2,-9.208915755E-3,2.071205527E-4,-1.226174552E-2
1.023659266E2,-1.126620732E-2,-1.330854371E-3,-1.399200130E-2
1.023759676E2,-8.208543062E-3,4.143275321E-3,-1.520215441E-2
1.023860076E2,-6.609048694E-3,1.860946417E-3,-1.635477133E-2
1.023960786E2,-3.526812419E-3,-4.906393588E-5,-1.554012485E-2
1.024061186E2,-2.210412174E-3,3.491608426E-3,-1.491374895E-2
1.024161586E2,-3.501480445E-3,3.182157874E-3,-1.284155156E-2
1.024261996E2,-4.790982231E-3,4.232509062E-3,-1.333050802E-2
1.024362396E2,-6.313176826E-3,4.220521078E-3,-1.196749695E-2
1.024462796E2,-6.717711687E-3,5.375800654E-3,-1.100822631E-2
1.024563506E2,-6.462309510E-3,4.030356184E-3,-9.727760218E-3
1.024663906E2,-6.245527416E-3,5.004540086E-3,-1.093976479E-2
1.024764306E2,-4.894306883E-3,1.998899505E-3,-1.145908516E-2
1.024864716E2,-6.386209279E-3,2.056157216E-3,-1.057837717E-2
1.024965116E2,-7.310591638E-3,3.055108711E-3,-1.038183644E-2
1.025065516E2,-5.792589858E-3,-1.278920099E-3,-8.733339608E-3
1.025166226E2,-7.065353915E-3,3.338743001E-3,-6.631584372E-3
1.025266626E2,-6.718078628E-3,4.700684920E-3,-4.753523041E-3
1.025367036E2,-8.298026398E-3,3.210103139E-3,-5.037134513E-3
1.025467436E2,-8.549960330E-3,2.303829417E-3,-4.894922022E-3
1.025567836E2,-6.361342967E-3,3.109909594E-4,-5.431288853E-3
1.025668246E2,-5.016978830E-3,-2.085920423E-4,-6.413196214E-3
1.025768646E2,-3.880273551E-3,1.959409565E-4,-6.847021170E-3
1.025869356E2,-4.247790202E-3,6.441511214E-4,-4.358563572E-3
1.025969756E2,-3.176027909E-3,-1.697038300E-3,-4.784658551E-3
1.026070156E2,-3.952872008E-3,-1.956163906E-3,-3.209398594E-3
1.026170556E2,-3.147706389E-3,-3.761611879E-5,-4.746589810E-3
1.026270966E2,-7.201038301E-3,-4.012384452E-3,-3.276258940E-3
1.026371366E2,-5.525894463E-3,-2.927147783E-3,-4.812349100E-3
1.026472076E2,-5.794607103E-3,-3.931958228E-3,-5.073072389E-3
1.026572476E2,-4.017395899E-3,-2.146304585E-3,-4.658441991E-3
1.026672876E2,-3.776913509E-3,-1.462137327E-3,-5.285882857E-3
1.026773286E2,-9.722020477E-4,-5.397499539E-3,-5.995872431E-3
1.026873686E2,1.223041676E-3,-8.173957467E-4,-5.032340996E-3
1.026974086E2,4.530780949E-3,-2.035219222E-4,-3.513826523E-3
1.027074796E2,5.325468257E-3,1.222068444E-3,-3.612097353E-3
1.027175196E2,5.944933742E-3,-3.027291037E-3,-3.130567260E-3
1.027275606E2,4.549969919E-3,-2.076275647E-3,-3.153203987E-3
1.027376006E2,5.808472633E-3,-7.582735270E-4,-2.642686479E-3
1.027476406E2,3.652110696E-3,-1.035507768E-3,-3.309275722E-3
1.027576806E2,3.060090356E-3,7.970128208E-4,-2.795285778E-3
1.027677516E2,1.448611729E-3,-2.101571299E-3,-2.290084027E-3
1.027777926E2,-2.491595224E-4,-2.245604992E-4,-2.340968698E-3
1.027878326E2,-1.386862248E-3,1.077990979E-3,-2.561744768E-3
1.027978726E2,-1.576183364E-3,-6.658378989E-4,-3.527149325E-3
1.028079126E2,-1.641163602E-3,2.566441894E-3,-3.715434810E-3
1.028179536E2,-1.848807558E-3,4.417430609E-4,-2.301258966E-3
1.028280236E2,-4.607042298E-3,2.584788948E-3,-4.239507485E-3
1.028380646E2,-2.683207393E-3,1.972263679E-3,-9.576908196E-4
1.028481046E2,-5.632923916E-3,1.059865579E-3,-1.009888831E-3
1.028581446E2,-3.433562815E-3,3.085734323E-3,-1.844540820E-3
1.028681856E2,-1.564024016E-3,5.477253348E-3,2.260721987E-3
1.028782256E2,-4.092417657E-5,5.324648693E-3,5.627233069E-3
1.028882966E2,8.131507784E-4,2.994382754E-3,5.073295441E-3
1.028983366E2,1.328769140E-3,3.301981837E-3,5.759586580E-3
1.029083766E2,2.431051806E-3,4.504665732E-3,7.411811501E-3
1.029184176E2,4.243637435E-3,1.508072019E-3,8.688272908E-3
1.029284576E2,5.068418570E-3,7.799640298E-4,8.819300681E-3
1.029384976E2,6.731661968E-3,9.605288506E-4,7.360152435E-3
1.029485686E2,5.809941329E-3,-1.898035407E-5,6.738304161E-3
1.029586086E2,8.866688237E-3,-3.303460777E-3,4.451185931E-3
1.029686486E2,9.767901152E-3,-4.370057024E-3,3.323869780E-3
1.029786896E2,1.088596508E-2,-5.171665922E-3,6.489928346E-4
1.029887296E2,9.592467919E-3,-2.933013253E-3,-1.117481850E-3
1.029987696E2,8.767016232E-3,-6.739737466E-3,-2.217637841E-3
1.030088506E2,6.782962009E-3,-1.201162115E-3,-1.209365088E-3
1.030188906E2,5.910441279E-3,-2.125545405E-3,9.712284082E-4
1.030289316E2,6.048921496E-4,3.879461437E-4,7.557786885E-4
1.030389716E2,-2.970667556E-3,2.831129357E-3,6.953250268E-4
1.030490116E2,-4.579484463E-3,1.187007874E-4,9.328789893E-4
1.030590526E2,-3.941496834E-3,-5.404185504E-4,1.022245269E-4
1.030691226E2,-5.180398002E-3,-1.021917909E-3,-1.519906800E-3
1.030791636E2,-3.905346617E-3,-2.608625218E-3,-2.518064110E-3
1.030892036E2,-3.221180290E-3,-1.463200897E-3,-2.669864334E-3
1.030992436E2,-2.479078248E-3,-2.749253064E-3,-4.478394985E-3
1.031092836E2,-3.174962476E-3,-3.237943165E-3,-4.354557954E-3
1.031193246E2,-6.240885705E-4,-2.206505276E-3,-4.550300539E-3
1.031293956E2,-6.760191172E-4,-2.720228396E-3,-4.019799177E-3
1.031394356E2,1.090802252E-4,-1.032849774E-3,-4.616347142E-3
1.031494756E2,3.714011982E-4,-1.334585249E-3,-3.989172634E-3
1.031595156E2,1.926115714E-3,-3.180522472E-4,-3.001147881E-3
1.031695566E2,7.964028046E-4,-2.496251836E-3,-2.060519531E-3
1.031795966E2,-5.584135652E-4,5.770362914E-4,-2.553740516E-3
1.031896676E2,-2.596531063E-3,1.445494592E-3,-2.077567391E-3
1.031997076E2,-5.272964016E-3,6.872899830E-4,1.542828977E-5
1.032097476E2,-8.018149063E-3,4.204418510E-4,-1.217245008E-4
1.032197886E2,-7.314709947E-3,-2.373482101E-3,-1.854110858E-3
1.032298286E2,-3.005182371E-3,-1.597969793E-3,1.219547121E-4
1.032398686E2,-8.100215346E-4,1.544076949E-4,-1.404068666E-3
1.032499396E2,4.467299208E-3,-5.904017948E-3,-2.221659059E-3
1.032599796E2,8.063074201E-3,-1.477066427E-3,-2.102059312E-3
1.032700206E2,1.042822748E-2,-5.151162855E-3,-6.935135461E-4
1.032800606E2,9.362423792E-3,-3.770033829E-3,-9.257571073E-4
1.032901006E2,7.798349019E-3,-2.825676464E-3,-5.944598815E-4
1.033001406E2,5.274508148E-3,7.651746273E-6,8.575060056E-4
1.033102116E2,1.853145659E-3,-8.746534586E-4,2.128899097E-3
1.033202526E2,3.040490672E-3,-8.003407158E-3,1.507061534E-3
1.033302926E2,3.711074591E-3,-2.657910809E-3,9.600481717E-4
1.033403326E2,5.922392011E-4,-9.755827487E-4,4.521706142E-4
1.033503726E2,9.769015014E-5,-4.861668684E-3,1.312105334E-3
1.033604136E2,-7.079150528E-4,-3.606520593E-3,-2.194786794E-4
1.033704836E2,-9.305570275E-4,-2.751722932E-4,-8.245488279E-4
1.033805246E2,1.330268569E-3,-1.835254021E-3,1.226088498E-3
1.033905646E2,1.177934930E-3,-1.279003918E-4,1.148324227E-3
1.034006046E2,1.899728552E-3,3.925161436E-3,-6.857819972E-4
1.034106456E2,1.184136607E-3,6.704032421E-5,2.201617230E-3
1.034206856E2,-2.519823611E-4,2.450039610E-3,4.620242398E-4
1.034307566E2,-8.866135031E-4,2.044973895E-3,7.397920126E-4
1.034407966E2,-3.236817196E-3,-6.892979145E-4,1.880432479E-3
1.034508366E2,-3.304194659E-3,6.386186928E-3,3.327593906E-3
1.034608776E2,-4.405608401E-3,1.680914313E-3,2.322253305E-3
1.034709176E2,-6.104173139E-3,-5.982182920E-4,1.291077351E-3
1.034809576E2,-6.205569953E-3,1.720329747E-3,-1.376875327E-3
1.034910286E2,-4.423117265E-3,2.380261198E-3,-2.960124519E-3
1.035010686E2,-5.200136453E-3,-2.103964798E-3,-3.570001572E-3
1.035111086E2,-2.827525139E-3,1.517934725E-3,-5.687747151E-3
1.035211496E2,-9.146314114E-4,-9.180586785E-4,-6.907457951E-3
1.035311896E2,1.313102432E-3,2.606634051E-3,-4.517270718E-3
1.035412296E2,1.332269982E-3,-9.319167584E-4,-2.069033450E-3
1.035513006E2,-2.381112427E-5,2.431124449E-3,-8.184130420E-4
1.035613406E2,2.425415441E-4,-9.668003768E-4,3.353774082E-5
1.035713816E2,9.059356526E-4,-1.390775666E-3,1.067643170E-3
1.035814216E2,-6.241872907E-4,-4.070028663E-4,1.958731795E-3
1.035914616E2,1.385426149E-4,-2.605442889E-3,9.208979318E-4
1.036015026E2,1.831592061E-3,-4.554869607E-3,7.264953456E-4
1.036115726E2,1.243832521E-3,3.293465823E-3,3.488590592E-4
1.036216136E2,5.010795780E-3,-2.411564812E-3,5.784153473E-4
1.036316536E2,3.824890591E-3,-4.105867818E-3,-1.099376124E-3
1.036416936E2,2.994243056E-3,-8.133985102E-4,-7.545090048E-4
1.036517336E2,2.080434933E-4,-4.349278286E-3,-5.835340708E-4
1.036617746E2,-1.189751551E-3,-4.606002942E-3,-2.247479744E-3
1.036718146E2,-2.105059102E-4,-2.576141618E-3,-1.734288642E-3
1.036818856E2,2.821469679E-4,-2.393987030E-3,-3.552975249E-4
1.036919256E2,2.366062254E-4,2.248169854E-3,3.664191463E-4
1.037019656E2,-1.162009314E-3,3.239395097E-3,1.199203427E-3
1.037120066E2,-1.172928140E-3,1.841502264E-3,1.545946929E-3
1.037220466E2,-1.470936462E-3,1.524852589E-3,1.936632558E-3
1.037320866E2,1.273451373E-3,1.610340551E-3,7.214322686E-4
1.037421576E2,-5.420632660E-4,-1.321271062E-3,1.976308180E-3
1.037521976E2,1.693394966E-3,-4.401803017E-5,3.906620550E-4
1.037622386E2,-6.122421473E-5,-4.211862572E-3,-1.825350104E-3
1.037722786E2,2.194726840E-4,-2.383070067E-3,-4.879105836E-4
1.037823186E2,8.799368516E-4,-7.074084133E-4,-1.648516161E-3
1.037923586E2,5.989735946E-4,-8.368380368E-4,-1.311626285E-3
1.038024296E2,1.080623828E-3,1.887585968E-4,1.125939190E-3
1.038124706E2,3.493195400E-4,1.066271216E-3,-2.711550915E-4
1.038225106E2,3.350709565E-3,-8.187294006E-4,-1.239197445E-3
1.038325506E2,3.590926528E-3,-2.727682702E-3,-1.746795955E-3
1.038425906E2,3.306983039E-3,-3.867773339E-3,-1.939861570E-3
1.038526316E2,1.440374181E-3,-2.254697494E-3,-3.053595545E-3
1.038627016E2,1.800020225E-3,3.827735782E-5,-3.837374505E-3
1.038727426E2,-3.322303295E-3,9.717158973E-4,-6.146832602E-4
1.038827826E2,-6.297865883E-3,2.760319039E-3,1.979512163E-3
1.038928226E2,-6.772439927E-3,3.225041553E-3,1.211988972E-3
1.039028636E2,-8.688900620E-3,3.088394180E-3,1.815458876E-3
1.039129036E2,-7.135212421E-3,-1.311004162E-4,-5.052197957E-4
1.039229746E2,-4.943421111E-3,3.059376031E-4,-1.559295808E-3
1.039330146E2,-2.625938505E-3,-1.326836646E-4,-2.594999271E-3
1.039430546E2,1.010994427E-3,-3.203854896E-3,-4.449632950E-3
1.039530956E2,2.682927065E-3,-1.616877504E-3,-3.980650101E-3
1.039631356E2,3.032806329E-3,-3.461383283E-3,-2.467435319E-3
1.039731756E2,1.262869686E-3,-3.725568764E-3,-7.520933286E-4
1.039832466E2,5.613220856E-4,-4.144608974E-4,6.234279135E-4
1.039932866E2,-6.851553917E-5,-6.185844541E-5,1.163250650E-3
1.040033266E2,-8.949246258E-4,-1.371862367E-3,1.895355061E-3
1.040133522E2,1.269308850E-4,1.706486568E-3,2.486576792E-3
1.040233922E2,-8.965302259E-4,1.623120159E-3,4.144121427E-3
1.040334322E2,-2.067521214E-3,2.956831828E-3,3.979271743E-3
1.040435032E2,-2.854028717E-4,-1.424068585E-3,1.876436872E-3
1.040535432E2,-1.336818561E-3,4.126224667E-3,3.142769914E-3
1.040635842E2,9.822919965E-4,-4.309713840E-4,1.553922659E-3
1.040736242E2,2.591639757E-3,-8.019488305E-4,-6.682189414E-4
1.040836642E2,4.663756117E-3,-3.233151510E-3,-8.210720262E-4
1.040937053E2,6.423040293E-3,-2.657375298E-3,-1.213621930E-3
1.041037752E2,5.441110581E-3,-5.601746030E-3,-1.598177943E-3
1.041138162E2,3.269569017E-3,-2.303686924E-3,-4.090765724E-4
1.041238563E2,1.276245341E-3,2.069957554E-5,8.833473548E-4
1.041338963E2,-1.783734187E-4,-1.503959298E-3,1.005320111E-3
1.041439362E2,-3.217374906E-3,3.344591707E-3,7.485888782E-4
1.041539772E2,-4.036298022E-3,2.042040229E-3,-1.251943177E-4
1.041640483E2,-6.293121725E-3,2.910228446E-3,-9.267981513E-4
1.041740883E2,-6.475549191E-3,6.465427577E-4,-2.011769917E-3
1.041841282E2,-3.683932126E-3,2.804240212E-3,-4.824613687E-3
1.041941682E2,-5.269844085E-3,-2.659767866E-3,-4.180128220E-3
1.042042092E2,-3.000516444E-3,-2.623016015E-3,-6.157510448E-3
1.042142492E2,-3.267023712E-4,-2.486662008E-3,-5.012084730E-3
1.042243202E2,-1.851903275E-3,-3.223029897E-3,-1.914037042E-3
1.042343602E2,-3.096932545E-3,-1.489577815E-3,-2.478893381E-3
1.042444002E2,-9.032562375E-4,-1.702635549E-3,-7.438472821E-4
1.042544412E2,-4.227412865E-3,5.109850317E-4,1.133148791E-3
1.042644813E2,-1.807793975E-3,2.676934004E-3,4.974571057E-4
1.042745213E2,2.818927169E-5,-8.043497801E-4,1.038611401E-3
1.042845922E2,2.501200885E-3,5.186697468E-3,1.606397331E-3
1.042946322E2,1.676419750E-3,-1.253625378E-3,2.246354939E-3
1.043046733E2,1.880546100E-3,-2.264029346E-3,2.052738331E-3
1.043147133E2,3.463262692E-3,-2.218223177E-3,1.971778227E-3
1.043247532E2,2.952675335E-3,-2.612900920E-3,-4.937695339E-4
1.043347932E2,4.053093493E-3,-3.348199651E-3,-1.682604663E-3
1.043448643E2,3.995242529E-3,-2.676279284E-3,-1.268478227E-3
1.043549043E2,2.411994152E-3,-2.378895879E-4,-1.043973723E-3
1.043649452E2,8.622221649E-4,-2.993469127E-3,-1.616029767E-3
1.043749852E2,1.395653002E-3,2.606473863E-4,-1.600050833E-3
1.043850252E2,8.481554687E-5,1.918734983E-3,-2.594129182E-4
1.043950662E2,1.283770427E-3,5.751717836E-4,2.112132031E-3
1.044051362E2,1.162626781E-3,6.255004555E-4,9.121089824E-4
1.044151772E2,-8.816160262E-4,2.574400976E-3,5.864044069E-4
1.044252172E2,-1.364368945E-3,2.183724195E-3,7.475346792E-4
1.044352572E2,-4.591606557E-4,-1.351889223E-3,-8.985651657E-4
1.044452983E2,6.344029680E-4,1.210873947E-3,-3.210210707E-6
1.044553383E2,-2.726698294E-4,-4.266981035E-3,-2.314833924E-3
1.044654092E2,-9.972956032E-4,-3.271499649E-3,5.512511125E-4
1.044754492E2,-1.510219648E-3,-1.179054379E-3,2.588360803E-4
1.044854893E2,-3.765188158E-3,-1.630726270E-3,1.142204041E-3
1.044955293E2,-3.530563787E-3,6.412174553E-4,1.593609806E-3
1.045055702E2,-7.721222937E-4,-3.313701600E-4,-4.588807642E-4
1.045156102E2,-2.413162962E-3,1.537369564E-3,-1.500975690E-3
1.045256813E2,-6.351359189E-4,1.434572041E-3,-2.403256018E-3
1.045357212E2,-2.766463906E-3,-3.827036358E-3,-4.900768399E-3
1.045457612E2,-1.037845388E-3,-2.576148137E-3,-2.367575886E-3
1.045558022E2,-4.217658192E-3,8.769072592E-4,-4.020067398E-3
1.045658422E2,-6.288433447E-3,-5.377680063E-4,-7.499725325E-4
1.045758822E2,-7.822148502E-3,2.056948841E-3,-9.286706336E-4
1.045859532E2,-8.870853111E-3,1.705955714E-3,-1.503902022E-3
1.045959932E2,-6.366416812E-3,-1.297291368E-3,-2.544931835E-3
1.046060342E2,-2.812299877E-3,-1.742430031E-4,-4.004877992E-3
1.046160742E2,-1.568617299E-4,-5.116667598E-4,-5.467486102E-3
1.046261143E2,4.943860695E-3,-7.035607472E-3,-4.681052640E-3
1.046361543E2,2.895623446E-3,-6.284063682E-3,-4.733517300E-3
1.046462252E2,3.099659458E-3,-1.801948063E-3,-3.956939559E-3
1.046562663E2,3.763101995E-4,-2.939916216E-3,-2.554121893E-4
1.046663063E2,1.541839913E-3,1.132844016E-3,7.035921444E-4
1.046763462E2,1.522133127E-3,-1.225119457E-3,4.617770319E-4
1.046863862E2,1.849258319E-3,-1.686922275E-3,3.407759592E-3
1.046964272E2,-2.347616479E-3,-1.870300621E-4,3.905770835E-3
1.047064973E2,2.085315064E-4,-8.192416281E-4,2.564342692E-3
1.047165382E2,1.396833919E-3,-4.319660366E-5,2.653825097E-3
1.047265782E2,1.483209431E-3,2.899045125E-3,2.551023848E-3
1.047366182E2,3.471792676E-3,-2.266953699E-3,3.350238549E-3
1.047466592E2,2.389348112E-3,1.663714647E-4,1.576303737E-3
1.047566992E2,3.407740034E-3,4.073884338E-4,1.223434927E-3
1.047667702E2,2.155650407E-3,-1.465613022E-3,3.091903869E-3
1.047768102E2,3.212393261E-3,3.346838057E-4,3.834688687E-4
1.047868502E2,3.041457385E-3,-8.928775787E-5,1.721446286E-3
1.047968913E2,1.937842928E-3,-8.775833994E-4,-2.293192083E-4
1.048069313E2,-1.249587163E-3,2.762861550E-5,-3.435623948E-4
1.048169712E2,-2.016576007E-3,3.166962415E-3,2.901384141E-5
1.048270422E2,-3.826867789E-3,1.458808780E-3,-5.246608052E-4
1.048370823E2,-4.151772708E-3,3.158437088E-3,9.186100215E-5
1.048471223E2,-6.234431639E-3,1.818066463E-3,-3.979580943E-3
1.048571632E2,-3.081781790E-3,7.695797831E-4,-2.183545381E-3
1.048672032E2,-3.392770886E-3,-1.418471336E-3,-3.004329978E-3
1.048772432E2,-4.454040900E-3,-3.598534502E-3,-3.574512899E-3
1.048873143E2,-5.532111973E-4,-1.475198194E-3,-4.287174903E-3
1.048973542E2,-1.243501902E-3,-3.412115388E-3,-3.471182194E-3
1.049073952E2,-1.731717959E-3,-2.528470010E-3,-1.928143669E-3
1.049174352E2,-1.693900675E-3,-1.519931480E-3,-9.779278189E-4
1.049274752E2,-3.488209099E-3,-2.105035819E-3,-1.826678868E-3
1.049375163E2,-3.568371758E-3,-4.694424570E-5,-1.173454802E-5
1.049475862E2,-2.566983923E-3,3.060705960E-3,2.093100338E-4
1.049576272E2,-2.798411995E-3,7.556937635E-5,-2.386335982E-4
1.049676672E2,1.004345715E-3,-4.982576706E-3,-3.041487653E-4
1.049777073E2,6.714500487E-4,5.293674767E-4,-4.857763706E-4
1.049877473E2,-1.286543906E-3,-2.125276253E-3,8.191688685E-4
1.049977882E2,2.332691103E-3,-3.629695624E-3,-1.859081094E-4
1.050078346E2,3.814216703E-3,-3.049916588E-3,2.548500779E-4
1.050179056E2,2.625647932E-3,-1.648827456E-3,1.709604985E-4
1.050279456E2,2.945285290E-3,-3.108512610E-3,1.271907706E-3
1.050379856E2,1.737008803E-3,-4.959516227E-4,-1.102034119E-3
1.050480266E2,1.194121316E-3,5.309581757E-4,6.319467211E-4
1.050580666E2,4.604198039E-4,1.084096730E-3,6.886720657E-4
1.050681066E2,-3.381632268E-5,-3.848802298E-4,7.909437409E-4
1.050781776E2,7.129339501E-4,6.007552147E-4,8.769639535E-4
1.050882176E2,-7.719229907E-4,7.562655956E-4,1.605675789E-4
1.050982586E2,1.486703753E-3,5.345158279E-3,7.667030441E-4
1.051082986E2,1.181010157E-3,3.296926618E-3,-7.100155344E-4
1.051183386E2,1.177813858E-3,3.267897293E-3,2.585761831E-4
1.051283786E2,6.035156548E-5,5.173850805E-4,2.143676975E-4
1.051384496E2,-2.290420234E-3,2.473406494E-4,-2.501257695E-3
1.051484906E2,-7.534567267E-4,-1.391835511E-3,-1.559315016E-3
1.051585306E2,-2.551786602E-4,-1.070391387E-3,-1.379817957E-3
1.051685706E2,-1.610277221E-3,1.191966236E-3,-1.002695179E-3
1.051786106E2,-2.277931198E-3,-8.421558887E-4,-9.813898942E-4
1.051886516E2,-2.476405352E-3,-8.996855468E-4,1.679906156E-3
1.051987226E2,-4.219178110E-3,1.395426691E-3,1.852212707E-3
1.052087626E2,-5.699964240E-3,4.599472508E-3,1.680704299E-3
1.052188026E2,-3.984356299E-3,3.803987056E-3,1.426904928E-3
1.052288426E2,-1.005038619E-3,4.426108673E-3,1.329169376E-3
1.052388836E2,1.995079219E-4,1.063335687E-3,7.760307635E-4
1.052489236E2,-2.482866868E-3,5.578983575E-3,-9.837882826E-4
1.052589946E2,-3.495933488E-3,-6.938260049E-4,-2.600060776E-3
1.052690346E2,-5.619231611E-3,1.344252378E-4,6.830864004E-4
1.052790746E2,-5.933485925E-3,2.524878830E-3,2.247959841E-3
1.052891156E2,-7.785201073E-3,2.279903740E-3,1.008786727E-3
1.052991556E2,-6.456816569E-3,-5.603581667E-4,-9.033628157E-4
1.053091956E2,-5.021786317E-3,2.193804830E-4,-1.690855948E-3
1.053192666E2,2.166517079E-4,2.558700740E-3,-2.685013926E-3
1.053293066E2,3.647778183E-3,-3.879998811E-3,-1.744653448E-3
1.053393476E2,6.986050867E-3,-4.242987372E-3,-3.303934354E-3
1.053493876E2,7.159976289E-3,-3.879762255E-3,-5.672282539E-3
1.053594276E2,6.224141456E-3,-3.216900863E-3,-1.766490517E-3
1.053694676E2,4.725915380E-3,-2.366550267E-3,-1.063681557E-3
1.053795386E2,1.027584076E-3,-1.087965444E-3,1.338489819E-3
1.053895786E2,-3.568641841E-4,-1.668543555E-3,5.304850056E-4
1.053996196E2,-1.141166314E-3,8.265729994E-4,2.069792012E-3
1.054096596E2,-5.535669625E-4,2.738203853E-3,3.165685106E-3
1.054196996E2,-2.472907305E-3,2.485202625E-3,4.251455888E-3
1.054297406E2,-5.080644041E-4,1.740839332E-3,3.412026213E-3
1.054398106E2,-5.794372410E-4,1.818336546E-3,3.570750589E-3
1.054498516E2,-2.018986270E-4,2.835664898E-3,2.234910149E-3
1.054598916E2,6.508454680E-4,-4.714485258E-4,1.610398875E-3
1.054699316E2,3.017535433E-3,2.074986696E-6,1.178434119E-3
1.054799726E2,2.376511693E-3,1.319276169E-3,-6.791208289E-4
1.054900126E2,2.961362712E-3,-2.871493809E-3,-4.176017828E-4
1.055000836E2,6.683813408E-4,6.780600175E-3,-1.310027088E-3
1.055101236E2,3.457452171E-3,6.382949650E-4,-1.524408464E-3
1.055201636E2,5.980161950E-4,4.132628441E-3,-7.484987145E-5
1.055302036E2,5.107019097E-4,2.103310078E-3,1.729582436E-5
1.055402446E2,-4.122933373E-3,4.447957501E-3,8.109178161E-4
1.055502846E2,-3.676287830E-3,1.840718091E-3,1.306531718E-3
1.055603556E2,-5.386037752E-3,8.399020880E-4,-1.424806193E-3
1.055703956E2,-4.289949313E-3,-1.119391993E-3,-1.126265852E-3
1.055804356E2,-3.972234204E-3,-4.490744323E-4,-3.977712709E-3
1.055904766E2,-3.172872588E-3,-7.829982787E-4,-4.719140008E-3
1.056005166E2,-9.744334966E-4,-1.899662428E-3,-4.108211026E-3
1.056105566E2,-3.210896626E-3,-2.244832925E-3,-4.220592324E-3
1.056206276E2,-1.028701663E-3,-2.065869048E-3,-3.827775829E-3
1.056306676E2,-2.722954378E-4,-2.160295844E-4,-2.109505236E-3
1.056407086E2,-1.723185182E-3,-2.277474850E-4,-3.087684279E-3
1.056507486E2,-4.489084706E-3,-5.015321076E-4,-3.252533730E-3
1.056607886E2,-3.257639706E-3,-4.274956882E-4,-1.116678468E-3
1.056708286E2,-1.054240391E-3,-5.779638886E-4,-2.649989328E-4
1.056808996E2,-3.844967112E-3,-8.562654257E-4,-1.365150791E-3
1.056909406E2,-1.825284213E-3,-1.430157572E-3,-1.008023159E-3
1.057009806E2,-2.883890644E-3,-3.415010870E-3,-2.826962154E-3
1.057110206E2,-1.059003174E-3,-4.655849189E-4,-1.801643521E-3
1.057210606E2,1.650497317E-3,-4.380698316E-3,-7.555538323E-4
1.057311016E2,2.777259797E-3,-3.144164570E-3,-1.151035191E-3
1.057411716E2,3.876878880E-3,-3.211809322E-3,-6.836504326E-4
1.057512126E2,3.937656991E-3,-3.615295514E-3,-4.865742521E-4
1.057612526E2,2.115256153E-3,-2.722293139E-4,4.090467701E-4
1.057712926E2,4.580309615E-3,1.776535064E-3,1.541422447E-3
1.057813336E2,2.808242105E-3,-1.582503319E-4,8.173090755E-4
1.057913736E2,3.380427137E-3,6.074123085E-4,4.364777124E-4
1.058014446E2,3.778303042E-3,9.288564324E-4,-4.155974602E-5
1.058114846E2,1.527369954E-3,4.167463630E-4,5.406050477E-4
1.058215246E2,1.283423975E-3,2.157388255E-3,-4.157360818E-4
1.058315656E2,-8.201077580E-4,1.761900261E-3,-1.861702767E-4
1.058416056E2,-1.058727503E-3,5.549564958E-4,-2.911383053E-3
1.058516456E2,-2.106355503E-3,1.203423366E-3,-1.139848027E-3
1.058617166E2,-4.208404571E-4,-1.638435759E-3,-2.628821414E-3
1.058717566E2,-2.465486526E-3,4.439154640E-3,-1.499517239E-4
1.058817966E2,-2.624478191E-3,3.029543906E-3,2.125985688E-3
1.058918376E2,-2.660984173E-3,2.334488556E-3,6.236956688E-4
1.059018776E2,-4.307083786E-3,4.770215601E-3,2.615057165E-4
1.059119176E2,-2.721495926E-3,1.947283745E-3,9.440694121E-4
1.059219886E2,-3.676505759E-3,-9.009670466E-4,5.919995601E-4
1.059320286E2,-1.710737124E-3,-1.234695315E-3,3.035858972E-4
1.059420696E2,-2.757361159E-3,-1.196302474E-4,1.527841086E-3
1.059521096E2,-3.005841747E-3,4.936100915E-3,4.051451106E-3
1.059621496E2,-3.095857799E-3,6.225779653E-4,4.124155734E-3
1.059721906E2,-3.337169066E-3,3.994088620E-4,1.739562489E-3
1.059822606E2,-1.412769780E-3,1.128848642E-3,-4.588770389E-4
1.059923016E2,2.173985355E-3,8.684173226E-4,-1.872218912E-3
1.060023416E2,8.562533185E-4,1.352580264E-3,-3.477306105E-3
1.060123929E2,8.047465235E-5,-3.658423200E-3,-3.952680156E-3
1.060224329E2,-4.300531000E-4,-5.953269079E-3,-1.845320920E-3
1.060324739E2,-3.739483654E-3,-2.516153269E-3,-2.748409053E-3
1.060425449E2,-4.797823727E-3,1.008540392E-3,-2.975019743E-4
1.060525849E2,-2.941118553E-3,-1.728446223E-3,9.755014908E-4
1.060626249E2,-6.628265604E-3,-2.426194027E-3,1.840496087E-3
1.060726649E2,-2.835728228E-3,1.999512315E-4,-2.628690563E-4
1.060827059E2,-1.765619963E-4,-2.115401439E-3,-1.984869130E-3
1.060927459E2,2.226449549E-3,-5.306387320E-3,-4.082376137E-3
1.061028169E2,3.017142415E-3,-2.032830380E-3,-9.755325736E-4
1.061128569E2,4.681126215E-3,-4.296765663E-3,-3.536964767E-3
1.061228969E2,1.122609712E-3,-5.294918083E-3,-2.929763868E-3
1.061329379E2,7.191114128E-5,-2.613146789E-3,-1.369015081E-4
1.061429779E2,-1.986712217E-3,1.840457320E-3,-2.807122073E-4
1.061530179E2,-3.376575187E-3,-2.265590243E-3,3.765543224E-4
1.061630889E2,-6.753299385E-4,-7.688943297E-4,-2.524843439E-4
1.061731289E2,-3.095878288E-3,4.130257294E-3,3.095109481E-3
1.061831699E2,-3.626912832E-3,2.672709525E-3,1.587493694E-3
1.061932099E2,-2.020956948E-3,2.335289493E-3,2.584847156E-3
1.062032499E2,-1.600444317E-3,4.436522722E-3,1.721450244E-3
1.062132899E2,-8.941739798E-4,3.246622160E-3,2.228516154E-3
1.062233609E2,2.696271986E-4,7.112938911E-4,3.492984921E-3
1.062334009E2,-1.375325024E-3,2.644531429E-3,8.106360328E-4
1.062434419E2,8.248910308E-5,1.520412043E-3,2.119845944E-3
1.062534819E2,1.908231527E-3,4.842903465E-3,4.806861980E-4
1.062635219E2,2.306373790E-3,7.277876139E-4,1.314255525E-3
1.062735629E2,2.689593472E-3,1.077445224E-3,1.429568976E-3
1.062836329E2,1.039233059E-3,-8.304417133E-4,-1.286056242E-3
1.062936739E2,-3.011425957E-3,-5.340185016E-4,6.806895835E-4
1.063037139E2,-1.669725403E-3,1.226065680E-3,4.263576120E-4
1.063137539E2,-4.873607308E-3,3.475910053E-3,-1.666089054E-3
1.063237949E2,-3.983044997E-3,1.744057983E-3,-1.691655489E-3
1.063338349E2,-4.284357652E-3,2.190651372E-3,-2.443997888E-3
1.063439059E2,-4.278764129E-3,-4.352256656E-4,-3.732168814E-3
1.063539459E2,-1.844933257E-3,-1.806480810E-3,-3.746016882E-3
1.063639859E2,-1.421224326E-3,-2.191574313E-3,-4.868539050E-3
1.063740259E2,-8.457526565E-4,-2.646185458E-3,-3.370246151E-3
1.063840669E2,-3.136336803E-3,-1.812083647E-3,-2.911117161E-3
1.063941069E2,-3.317521885E-3,-2.840574831E-3,-1.718819607E-3
1.064041779E2,-2.802466974E-3,-2.108514309E-5,-9.196050232E-4
1.064142179E2,-3.341745585E-3,-1.171810552E-3,-4.397090524E-4
1.064242579E2,-5.021400750E-3,-1.346513629E-3,-3.949679667E-4
1.064342989E2,-4.229485989E-3,-8.125770837E-4,-9.385133162E-4
1.064443389E2,-1.981511712E-3,2.268167213E-3,-9.318554075E-4
1.064543789E2,2.033039927E-4,1.163743436E-3,-1.339584473E-3
1.064644499E2,1.555122435E-5,-2.184916288E-3,-1.869819826E-3
1.064744899E2,2.828886732E-3,-5.353008397E-3,-2.450921573E-3
1.064845309E2,4.096711054E-4,-4.790282808E-3,-1.821350306E-3
1.064945709E2,1.772924326E-3,-4.105270840E-3,-1.834941795E-3
1.065046109E2,4.458455369E-3,-1.995780505E-3,-1.286596875E-3
1.065146509E2,2.921279520E-3,-1.592045650E-3,-1.721224748E-3
1.065247219E2,3.068818711E-3,-4.242423922E-3,-1.505508670E-3
1.065347629E2,1.908116043E-3,4.932116717E-4,-1.014466397E-5
1.065448029E2,2.941155806E-3,-3.174543381E-4,4.660285194E-4
1.065548429E2,9.255642071E-4,-1.806002110E-4,1.558731194E-3
1.065648829E2,4.379171878E-5,2.100132406E-5,-4.844459763E-4
1.065749239E2,2.369992435E-4,1.462295651E-3,3.935997374E-4
1.065849939E2,-1.120680943E-3,2.321431413E-3,3.730932949E-4
1.065950349E2,9.101815522E-6,1.867368817E-3,-1.759833423E-3
1.066050749E2,-2.241535112E-3,-3.198850900E-4,-1.836532494E-3
1.066151149E2,-9.635929018E-4,4.974193871E-5,-1.283392310E-3
1.066251559E2,-4.763390869E-3,2.357104793E-3,-7.006927044E-4
1.066351959E2,-3.160797060E-4,1.787714660E-3,5.264925421E-4
1.066452669E2,-1.019611955E-4,1.272127032E-3,8.207718492E-4
1.066553069E2,-1.152737066E-3,2.986155450E-3,7.129128790E-4
1.066653469E2,-7.282476872E-5,2.214904875E-3,9.890827350E-4
1.066753879E2,-1.846451312E-3,3.109212965E-3,9.331529145E-4
1.066854279E2,-5.681347102E-4,4.228819162E-4,-4.351792741E-4
1.066954679E2,-3.506803885E-3,3.024954349E-4,-3.318465315E-4
1.067055389E2,-1.624215394E-3,1.342194155E-3,2.276835730E-4
1.067155789E2,-1.623583958E-3,1.311026514E-3,1.654074062E-3
1.067256189E2,-3.606839105E-3,1.081196591E-3,8.189067012E-4
1.067356599E2,-4.614748061E-3,3.280546516E-4,7.930737920E-4
1.067456999E2,-3.429107368E-3,-7.504597306E-6,1.192015363E-3
1.067557399E2,-1.364260912E-3,2.087373286E-4,-1.302832854E-3
1.067657809E2,-2.422334626E-3,-1.689563505E-3,-9.702040115E-4
1.067758509E2,-1.190178096E-3,-2.389674075E-3,-3.044547047E-3
1.067858919E2,-5.968250334E-4,-5.795229226E-4,-3.101272276E-3
1.067959319E2,-2.064758912E-3,-2.807257697E-3,-8.876527427E-4
1.068059719E2,-2.747327089E-3,-7.275957614E-4,-7.457062602E-4
1.068160129E2,-4.278695211E-3,1.620208845E-3,2.237572800E-3
1.068260529E2,-4.828372970E-3,8.052811027E-4,1.925450284E-3
1.068361239E2,-1.647651196E-3,4.329461604E-3,1.914263587E-3
1.068461639E2,-6.750654429E-4,-5.907285959E-4,-2.070091665E-3
1.068562039E2,1.935140230E-3,-2.990218811E-3,-1.834672177E-3
1.068662439E2,3.421717323E-3,-3.214457072E-3,-3.713265993E-3
1.068762849E2,5.332818255E-3,-4.481360316E-3,-4.857353866E-3
1.068863249E2,3.515743650E-3,-3.400915302E-3,-3.019772703E-3
1.068963959E2,4.767747596E-3,-3.830436617E-3,-2.978502540E-3
1.069064359E2,3.897771239E-4,-2.151313238E-3,-3.004867816E-3
1.069164759E2,-4.706624895E-4,1.179752871E-3,-1.719621825E-3
1.069265169E2,-1.108223572E-3,-2.460521646E-3,1.223181607E-5
1.069365569E2,-1.411329955E-3,-2.278381027E-3,-6.170697743E-4
1.069465969E2,-1.114120707E-3,3.317836672E-4,1.287623076E-3
1.069566679E2,-6.703473628E-5,2.377647907E-4,2.152086236E-3
1.069667079E2,-2.209814265E-3,2.880420536E-3,4.026951268E-3
1.069767489E2,-1.212598756E-3,1.056151465E-3,3.128666664E-3
1.069867889E2,-7.132552564E-4,1.883061603E-3,3.901249496E-3
1.069968289E2,-3.350358456E-4,2.813076600E-3,1.553134294E-3
1.070068689E2,3.186461516E-3,3.426669165E-3,2.663672436E-3
1.070169309E2,1.592402346E-3,1.519616693E-3,8.202220197E-4
1.070269719E2,1.006240956E-3,4.921685904E-4,6.875965628E-4
1.070370119E2,1.574282534E-3,4.409907386E-3,-1.052154112E-4
1.070470519E2,1.913029701E-4,1.813396811E-4,-7.417108864E-4
1.070570919E2,-4.345716909E-3,1.355821267E-3,-2.769966959E-4
1.070671329E2,-3.236243501E-3,5.394771695E-3,-1.463168650E-3
1.070772039E2,-5.361063406E-3,2.358714119E-3,-2.965445165E-3
1.070872439E2,-2.785520628E-3,3.374977037E-3,-1.786730019E-3
1.070972839E2,-4.144914448E-3,3.353191540E-3,-1.804319560E-3
1.071073239E2,-3.536647186E-3,3.941483796E-3,-2.149198903E-3
1.071173649E2,-4.534367472E-4,-3.645317629E-3,-3.205412067E-3
1.071274049E2,6.211474538E-4,-3.803509288E-3,-2.357994439E-3
1.071374759E2,1.649649814E-3,-8.815284818E-4,-2.751065884E-3
1.071475159E2,1.100637019E-5,4.188939929E-4,-2.330819145E-3
1.071575559E2,1.188766211E-3,-1.286827028E-3,-3.818470752E-3
1.071675969E2,-1.000884920E-3,-3.744923510E-3,-1.961182104E-3
1.071776369E2,-2.367086709E-3,-1.091616228E-3,-1.717236592E-3
1.071876769E2,-1.470666379E-3,-1.565126702E-3,-2.386494889E-4
1.071977479E2,-2.459174022E-3,-2.761892974E-4,-1.954781357E-3
1.072077879E2,-2.391796559E-3,1.449538395E-3,-1.282333164E-3
1.072178289E2,-1.573922113E-3,3.989413381E-5,-6.346463342E-4
1.072278689E2,4.764450714E-4,9.288582951E-4,-8.101486601E-4
1.072379089E2,-8.945949376E-4,-1.286361367E-4,-4.469030828E-4
1.072479489E2,3.461716697E-4,-7.755178958E-4,-1.768363640E-3
1.072580199E2,-2.685673535E-4,-3.786795773E-3,-8.112142095E-4
1.072680599E2,1.708563417E-3,-2.703688107E-3,-7.997626089E-4
1.072781009E2,4.272591323E-4,-5.445653573E-3,1.736175618E-4
1.072881409E2,-2.531791106E-4,-3.435686231E-4,-8.578246925E-4
1.072981809E2,1.569290645E-3,-2.741736360E-3,-5.190732772E-4
1.073082219E2,2.363711596E-3,-1.440782100E-3,-1.387158409E-5
1.073182919E2,1.538774930E-3,-1.409463584E-5,-6.607925752E-5
1.073283329E2,-8.823052049E-4,2.464510500E-3,-4.794018460E-4
1.073383729E2,5.768872797E-4,2.334754914E-3,2.612394746E-4
1.073484129E2,-1.482002437E-3,6.218086928E-4,-1.471146825E-3
1.073584539E2,-2.234414220E-3,6.622821093E-4,-1.251701266E-3
1.073684939E2,-3.064787015E-3,6.212685257E-4,-9.329208406E-4
1.073785649E2,-1.688258722E-3,1.017060131E-4,-9.454409010E-4
1.073886049E2,-3.247540444E-3,5.227513611E-4,1.328730141E-4
1.073986449E2,-1.303756610E-3,9.355694056E-4,-6.498382427E-4
1.074086849E2,-1.973807812E-3,-9.214319289E-5,3.030407825E-4
1.074187259E2,-3.600772470E-3,2.378979698E-3,5.296822055E-4
1.074287659E2,-3.178939223E-4,4.079408944E-3,4.519179347E-4
1.074388369E2,-7.543172687E-4,2.684455365E-3,2.394691342E-3
1.074488769E2,5.562249571E-4,2.688715234E-3,4.066415713E-4
1.074589169E2,-3.004437312E-4,2.753969282E-3,-3.731335164E-4
1.074689579E2,1.680681482E-3,8.964147419E-4,-1.102306996E-3
1.074789979E2,-8.583478630E-4,-4.769740626E-3,2.673601848E-4
1.074890379E2,-7.484573871E-5,8.200667799E-5,-1.883066143E-4
1.074991089E2,-2.489533275E-3,-2.701263875E-3,3.416814608E-3
1.075091489E2,-2.831749618E-3,1.401068643E-3,1.023165416E-3
1.075191899E2,-1.100013033E-3,-1.619952731E-3,-2.274756553E-4
1.075292299E2,2.176474780E-3,-1.799818128E-4,-1.118569286E-3
1.075392699E2,1.521818340E-3,-2.458118834E-3,-2.593673067E-3
1.075493099E2,-7.996596396E-4,-2.469836734E-3,-3.683971241E-3
1.075593809E2,-1.078788191E-3,-1.647972502E-3,-1.278074691E-3
1.075694219E2,-6.466895342E-3,-1.316940412E-3,-1.149177784E-3
1.075794619E2,-5.545483902E-3,-5.774032325E-4,-7.113488973E-4
1.075895019E2,-5.083424971E-3,2.801349387E-3,3.371010534E-3
1.075995419E2,-7.141485810E-3,4.984065890E-3,2.123321872E-3
1.076095829E2,-5.988869816E-3,1.724623144E-3,1.610396779E-3
1.076196529E2,-2.611830831E-3,3.364916891E-3,-2.639554441E-5
1.076296939E2,1.133106649E-3,-2.795507200E-3,1.152846380E-4
1.076397339E2,2.659954131E-3,-1.375542954E-3,-2.207068959E-3
1.076497739E2,3.320951015E-3,-3.584634513E-3,-4.671291914E-3
1.076598149E2,3.655443899E-3,-3.704209812E-3,-2.852086443E-3
1.076698549E2,3.005099483E-3,-4.310877994E-3,-2.293888014E-3
1.076799259E2,7.433164865E-5,-1.759811305E-3,-2.198820002E-3
1.076899659E2,1.318028197E-3,-1.687106676E-3,-3.604397643E-4
1.077000059E2,6.504599005E-4,3.319859505E-3,6.221485091E-5
1.077100469E2,-1.959970221E-3,1.549124718E-3,6.869924255E-4
1.077200869E2,-1.647304744E-3,3.222959116E-3,1.903780736E-3
1.077301269E2,-4.398282617E-4,2.468751743E-3,2.972507384E-3
1.077401979E2,1.711758785E-3,2.205848694E-3,4.901180044E-3
1.077502379E2,2.332808450E-3,4.353156313E-3,4.821551964E-3
1.077602779E2,5.198520608E-3,1.843977720E-3,6.535549648E-3
1.077703189E2,3.821133636E-3,2.022409812E-3,6.887353025E-3
1.077803589E2,8.980249986E-3,3.371860832E-3,6.144055631E-3
1.077903989E2,6.297647953E-3,9.134970605E-4,4.024711903E-3
1.078004699E2,6.401764229E-3,6.482060999E-4,5.352311302E-3
1.078105099E2,7.155438885E-3,1.323582605E-3,3.726184834E-3
1.078205509E2,5.626026541E-3,-2.738777548E-3,2.533880062E-3
1.078305909E2,3.049151972E-3,-3.842125647E-3,-4.722961457E-4
1.078406309E2,-5.453731865E-5,-4.836308770E-3,-9.460646543E-4
1.078506719E2,-3.868982196E-3,-2.540131100E-3,-2.574321348E-3
1.078607419E2,-5.893081427E-3,1.913208514E-3,-3.887260566E-3
1.078707829E2,-7.961824536E-3,2.108685672E-3,-3.251563990E-3
1.078808229E2,-8.339375257E-3,-1.431753859E-3,-3.615610301E-3
1.078908629E2,-1.089041866E-2,1.226879656E-3,-4.771954846E-3
1.079009029E2,-1.165429875E-2,1.645294949E-3,-4.962911829E-3
1.079109439E2,-1.310039498E-2,2.629864961E-3,-3.870216431E-3
1.079210149E2,-1.258888282E-2,2.935022116E-3,-3.325856989E-3
1.079310549E2,-1.133826189E-2,4.168333486E-3,-4.125071689E-3
1.079410949E2,-1.164563745E-2,5.157494918E-3,-2.133842325E-3
1.079511349E2,-7.668472826E-3,8.721603081E-3,-2.864347305E-3
1.079611759E2,-6.963100284E-3,1.555839553E-3,-2.423329279E-3
1.079712159E2,-1.765143126E-3,-9.878166020E-5,-1.007859129E-3
1.079812869E2,1.824153587E-4,-6.366893649E-5,9.370591142E-4
1.079913269E2,2.910558134E-3,-2.646668814E-3,-9.202294168E-4
1.080013669E2,4.413744435E-3,-3.462663852E-3,-2.219318878E-3
1.080114297E2,4.973807372E-3,-1.596320421E-3,-1.580160111E-3
1.080214697E2,6.073484197E-3,-4.007837735E-3,-7.200677646E-5
1.080315097E2,8.634113707E-3,-3.092400730E-4,5.902070552E-5
1.080415807E2,7.214520127E-3,6.335414946E-5,6.169496919E-4
1.080516207E2,7.318649441E-3,-1.479148865E-3,2.391680377E-3
1.080616617E2,7.140606642E-3,7.727928460E-5,1.823338447E-3
1.080717017E2,1.022907533E-2,5.502570421E-4,2.285929630E-3
1.080817417E2,9.599295445E-3,-3.255435266E-3,2.446796047E-3
1.080917817E2,1.190905459E-2,-4.353189841E-3,2.208709251E-3
1.081018527E2,1.276433561E-2,2.275703475E-3,3.439082997E-3
1.081118927E2,1.510951482E-2,-5.591540597E-3,4.400483798E-3
1.081219337E2,1.374063734E-2,-4.721526057E-3,2.210313920E-3
1.081319737E2,1.084098779E-2,-1.751835458E-3,2.962999279E-4
1.081420137E2,9.805031121E-3,-6.314588711E-3,1.227860339E-3
1.081520547E2,6.568491459E-3,-7.175855339E-3,2.009231830E-3
1.081621247E2,3.874987364E-3,-3.708739765E-3,1.136264298E-3
1.081721657E2,2.341005951E-3,-2.539878711E-3,-5.995841930E-4
1.081822057E2,3.585037775E-3,1.773554832E-4,5.511650234E-4
1.081922457E2,1.193785109E-3,-5.600750446E-4,1.693128608E-3
1.082022867E2,2.106351778E-3,2.435453236E-3,1.536534051E-3
1.082123267E2,2.121265978E-3,3.163827583E-3,2.971445210E-3
1.082223977E2,2.005250193E-3,3.302840516E-3,4.338978790E-3
1.082324377E2,3.859076649E-3,6.467740983E-3,6.100393366E-3
1.082424777E2,8.352659643E-4,6.567105651E-3,4.721134435E-3
1.082525177E2,-7.791426033E-4,6.468834355E-3,5.308094900E-3
1.082625587E2,3.257757053E-4,7.825199515E-3,6.539268419E-3
1.082725987E2,-2.060417086E-3,6.837697700E-3,5.082253367E-3
1.082826697E2,-5.716711283E-3,5.255220458E-3,4.280384630E-3
1.082927097E2,2.091144212E-3,6.072811782E-3,2.748268191E-3
1.083027497E2,-1.480925828E-3,2.993384376E-3,1.701916452E-3
1.083127907E2,1.951621845E-3,4.516635090E-4,-1.233686111E-3
1.083228307E2,1.752795652E-3,1.371819526E-4,3.511491814E-4
1.083328707E2,-3.758687526E-4,2.016840503E-3,6.520863972E-4
1.083429417E2,-2.818364650E-3,3.533940762E-4,3.418399720E-4
1.083529817E2,-4.977123812E-3,3.359835595E-3,1.301909680E-3
1.083630227E2,-5.244562402E-3,2.037871629E-3,3.830305301E-3
1.083730627E2,-9.594570845E-3,4.839517176E-3,1.197770820E-3
1.083831027E2,-8.041877300E-3,5.331680179E-3,5.420530215E-5
1.083931427E2,-5.770733580E-3,2.854142338E-3,-4.079020582E-3
1.084032137E2,-5.564548075E-3,-3.502055071E-3,-6.880123168E-3
1.084132547E2,-6.461767480E-3,-2.175268717E-3,-9.310258552E-3
1.084232947E2,-2.989467233E-3,-6.067733280E-3,-9.756607004E-3
1.084333347E2,-5.063271150E-3,-6.704495288E-3,-1.039816253E-2
1.084433747E2,-6.014958024E-3,-1.022927463E-3,-8.293459192E-3
1.084534157E2,-9.363349527E-3,-1.778466627E-3,-4.396456294E-3
1.084634867E2,-1.129110157E-2,3.244824708E-3,-4.530425183E-3
1.084735267E2,-1.107565127E-2,4.277864471E-3,-2.447566716E-3
1.084835667E2,-1.115147583E-2,9.123943746E-3,-2.249940066E-3
1.084936067E2,-1.120926626E-2,2.827962860E-3,-6.062370958E-4
1.085036477E2,-8.468208835E-3,6.215086207E-3,1.599212410E-4
1.085136877E2,-6.272697821E-3,2.341784537E-3,1.345027937E-3
1.085237587E2,-1.651646569E-3,-1.939181238E-4,2.170107327E-3
1.085337987E2,-6.098169833E-4,5.616210401E-4,1.015626825E-3
1.085438387E2,2.460859716E-3,-4.063167609E-3,2.271292498E-3
1.085538797E2,3.877394833E-3,-3.898317926E-3,-8.802924422E-4
1.085639197E2,2.231267281E-3,-6.519385614E-3,-1.545555540E-3
1.085739597E2,5.012139678E-3,-4.267416894E-3,-2.611086238E-3
1.085840307E2,4.017743282E-3,-3.909236751E-3,-3.979679197E-3
1.085940707E2,6.846020930E-3,-1.991875470E-4,-2.689910354E-3
1.086041117E2,1.036781818E-3,-5.167255178E-3,-3.680360503E-3
1.086141517E2,1.611758024E-3,-2.228301018E-4,-3.953334410E-3
1.086241917E2,5.459776148E-4,-1.106005162E-3,-6.120590493E-3
1.086342317E2,-5.344673991E-4,-3.993137740E-3,-5.155460909E-3
1.086443027E2,-2.865027636E-5,-1.398358494E-3,-4.931243602E-3
1.086543427E2,-2.169357613E-4,-1.261662692E-4,-3.668106394E-3
1.086643837E2,3.589535132E-3,-7.779076695E-4,-1.158588100E-3
1.086744237E2,2.986329608E-3,1.479120925E-3,6.891131052E-4
1.086844637E2,1.874826849E-3,7.179826498E-4,2.628162969E-3
1.086945047E2,1.821829937E-3,2.865493298E-4,5.026939907E-4
1.087045747E2,3.333033994E-3,1.865789294E-3,2.704599872E-3
1.087146157E2,2.803331241E-3,2.580378205E-4,2.877172548E-3
1.087246557E2,5.736379884E-3,2.009900287E-3,2.172756707E-3
1.087346957E2,5.110004917E-3,1.492714509E-3,3.332030727E-3
1.087447367E2,6.966603920E-3,-1.463349909E-3,2.851581899E-3
1.087547767E2,6.940770894E-3,-2.767233178E-3,3.353055101E-3
1.087648477E2,4.658096470E-3,-2.346517518E-3,2.567709191E-3
1.087748877E2,4.359289072E-3,-1.485250890E-3,2.979700221E-3
1.087849277E2,4.234595224E-3,-2.001336776E-3,4.574093618E-4
1.087949677E2,2.517655492E-3,2.912461758E-3,1.239579869E-3
1.088050087E2,-4.077125341E-4,2.046609297E-3,-4.832021368E-4
1.088150487E2,-1.516386867E-3,3.462878987E-3,-7.391318795E-4
1.088251197E2,-2.827296034E-3,-5.722306669E-4,1.165258931E-3
1.088351597E2,-3.581503406E-3,-2.164337784E-4,-2.672554692E-4
1.088451997E2,-3.727233037E-3,-3.408640623E-5,1.672351966E-3
1.088552407E2,-2.684073523E-3,3.034673631E-3,-4.270177451E-4
1.088652807E2,-4.207389429E-3,8.906088769E-4,5.383634125E-4
1.088753207E2,-1.537302509E-3,1.470539719E-4,8.128001355E-6
1.088853917E2,-2.875877544E-3,-1.413838938E-3,-1.331171021E-3
1.088954317E2,-3.894003108E-3,-1.812514849E-3,-2.232384868E-3
1.089054727E2,-5.304805934E-3,1.391023397E-5,-2.166081686E-3
1.089155127E2,-2.422200516E-3,-8.082091808E-4,-2.686729655E-3
1.089255527E2,-2.310669050E-3,1.471098512E-4,-1.490720082E-3
1.089355927E2,-1.760458574E-3,7.841382176E-4,-1.353034633E-3
1.089456637E2,1.151816919E-3,8.285306394E-4,-1.751946285E-3
1.089557047E2,1.517735422E-3,-1.721979119E-3,4.741899902E-4
1.089657447E2,2.513770945E-3,-5.535949022E-4,3.265163861E-3
1.089757847E2,4.097552970E-3,1.410752535E-3,3.162632231E-3
1.089858247E2,6.275513209E-3,-3.637287766E-3,3.887285478E-3
1.089958657E2,8.622556925E-3,2.623803914E-3,3.926433623E-3
1.090059357E2,7.960832678E-3,1.741774380E-3,4.364519846E-3
1.090159727E2,5.914193578E-3,2.743123099E-3,5.061735399E-3
1.090260127E2,6.443756633E-3,-2.853268757E-3,5.766682792E-3
1.090360527E2,5.111909471E-3,5.619693547E-4,5.551232956E-3
1.090460937E2,3.280471079E-3,1.324903220E-3,4.284652881E-3
1.090561337E2,3.634937108E-3,1.794151962E-3,4.100628197E-3
1.090662047E2,2.185559832E-3,1.271421090E-3,2.567964606E-3
1.090762447E2,3.268932924E-3,1.732947305E-3,2.027609153E-3
1.090862847E2,1.715132967E-3,3.282167017E-4,1.302399440E-3
1.090963257E2,2.572138794E-3,8.997302502E-4,6.693659816E-4
1.091063657E2,-7.398091257E-4,2.818927169E-3,2.757865004E-3
1.091164057E2,-9.789615870E-4,6.451744586E-3,3.129109740E-3
1.091264767E2,6.343368441E-4,6.208403036E-3,6.178407464E-3
1.091365167E2,-3.781970590E-4,9.227627888E-3,6.643661764E-3
1.091465567E2,1.361227594E-3,7.669730112E-3,6.385849789E-3
1.091565977E2,3.137023188E-3,4.212681204E-3,4.082748201E-3
1.091666377E2,3.124506213E-3,2.606796101E-3,5.680911243E-3
1.091766777E2,4.630790092E-3,2.758862451E-3,3.232933581E-3
1.091867487E2,6.920265034E-3,-2.384803258E-3,8.060078835E-4
1.091967887E2,2.851753496E-3,2.858135849E-4,9.467761265E-5
1.092068297E2,2.571772784E-4,-9.709056467E-4,-9.397036629E-4
1.092168697E2,-4.732787609E-3,-2.654343843E-4,-1.028653234E-3
1.092269097E2,-6.981657818E-3,5.312567577E-3,-3.788455797E-4
1.092369507E2,-1.290266402E-2,5.977025256E-3,-2.031603362E-3
1.092470207E2,-1.746124029E-2,6.445439532E-3,-1.447292743E-3
1.092570617E2,-1.768894121E-2,6.952771917E-3,-4.370644689E-3
1.092671017E2,-2.130023018E-2,3.851750866E-3,-2.804693766E-3
1.092771417E2,-2.183312550E-2,2.585152164E-3,-4.028416239E-3
1.092871817E2,-2.222693898E-2,6.424643099E-3,-3.597787349E-3
1.092972227E2,-1.845297404E-2,4.136987031E-3,-4.594875034E-3
1.093072937E2,-1.495632529E-2,3.016659990E-3,-2.430280671E-3
1.093173337E2,-1.173097081E-2,7.234575227E-3,-3.899014089E-3
1.093273737E2,-8.128093556E-3,5.985768512E-3,-2.756499453E-3
1.093374137E2,-5.424186587E-3,3.119142726E-3,-3.857716685E-3
1.093474547E2,-2.851275727E-3,5.108119920E-3,-4.711042624E-3
1.093574947E2,7.202895358E-4,2.535507083E-3,-4.969103262E-3
1.093675657E2,2.231492661E-3,2.139588818E-3,-3.395910840E-3
1.093776057E2,1.815240830E-3,2.842662856E-3,-2.567135030E-3
1.093876457E2,3.365576267E-3,3.017941490E-3,-2.472606488E-3
1.093976867E2,6.578680128E-3,3.760866821E-4,-2.010814380E-3
1.094077267E2,7.469620556E-3,-2.668390051E-3,-1.471276395E-3
1.094177667E2,7.476012222E-3,-6.557670422E-3,-2.616435755E-3
1.094278377E2,7.661774755E-3,-9.043027647E-3,-4.738675430E-3
1.094378777E2,9.023182094E-3,-9.469932877E-3,-4.646529909E-3
1.094479187E2,6.535117514E-3,-8.133462630E-3,-5.617019255E-3
1.094579587E2,9.203338996E-3,-8.496185765E-3,-4.152280744E-3
1.094679987E2,7.680430077E-3,-8.986789733E-3,-4.046801012E-3
1.094780387E2,7.173630409E-3,-7.362261415E-3,-4.330960102E-3
1.094881097E2,8.081797510E-3,-9.878167883E-3,-4.620972555E-3
1.094981497E2,8.199509233E-3,-7.061609067E-3,-4.816182423E-3
1.095081907E2,5.134604871E-3,-5.611807108E-3,-3.084054682E-3
1.095182307E2,7.769802120E-3,-9.081906639E-3,-4.532281309E-3
1.095282707E2,4.602462053E-3,-5.287342705E-3,-3.642551601E-3
1.095383117E2,4.780360498E-3,-5.396000110E-3,-1.758365193E-3
1.095483817E2,4.234131426E-3,-4.114173353E-4,-2.184717217E-3
1.095584227E2,1.960591413E-3,-2.119834535E-3,-2.172732959E-3
1.095684627E2,1.083670184E-3,-4.526169039E-3,-1.907784492E-3
1.095785027E2,-1.316370443E-3,9.178649634E-4,-1.132005709E-3
1.095885437E2,-1.093186438E-3,2.720210701E-3,5.426212447E-4
1.095985837E2,-4.902463406E-4,-1.038841903E-3,3.353587817E-3
1.096086547E2,-2.798505127E-3,3.469627351E-3,1.997770509E-3
1.096186947E2,-1.323647797E-3,1.337233931E-3,3.227085806E-3
1.096287347E2,-8.348431438E-4,9.194370359E-4,1.690421952E-3
1.096387747E2,2.670941874E-3,2.500023693E-3,1.878441079E-3
1.096488157E2,2.040599473E-3,1.384669915E-3,1.228904701E-3
1.096588557E2,3.047274426E-3,1.484805718E-3,2.052354161E-3
1.096689267E2,1.798124984E-3,2.260077745E-3,2.507477067E-3
1.096789667E2,5.641066469E-3,2.487778664E-3,2.458741423E-3
1.096890067E2,6.097713485E-3,5.766227841E-4,1.669674180E-3
1.096990477E2,4.569324665E-3,-4.082154483E-4,-6.960118189E-4
1.097090877E2,3.107782453E-3,1.890359446E-3,3.503441694E-4
1.097191277E2,3.607125022E-3,2.759082243E-3,-2.976210322E-3
1.097291987E2,-1.738846302E-3,-2.350226045E-3,-3.296843497E-3
1.097392387E2,-2.951117232E-3,-2.846639603E-3,-4.612977616E-3
1.097492797E2,-4.448823631E-3,-3.363208845E-3,-3.933368716E-3
1.097593197E2,-7.361790165E-3,-3.791444935E-3,-3.903807839E-3
1.097693597E2,-6.845401600E-3,-4.493720829E-3,-4.095288925E-3
1.097793997E2,-6.134871393E-3,-2.824717201E-3,-1.591369510E-4
1.097894707E2,-7.381916046E-3,4.787258804E-4,-6.461807061E-5
1.097995117E2,-5.414638668E-3,6.249796599E-3,-2.813532948E-3
1.098095517E2,-3.827326000E-3,4.959367216E-3,-1.596451038E-4
1.098195917E2,-3.764741123E-3,3.157738596E-3,-2.248925157E-4
1.098296317E2,-3.664579242E-3,2.439202741E-3,2.228683094E-3
1.098396727E2,-5.407616496E-3,2.383010462E-3,3.203932429E-3
1.098497427E2,-6.492855027E-3,2.616705373E-3,4.449442960E-3
1.098597837E2,-7.036672905E-3,2.045191824E-3,6.246544421E-3
1.098698237E2,-7.002066821E-3,-1.241749153E-3,6.994385738E-3
1.098798637E2,-5.191383883E-3,-1.309661195E-3,5.717399996E-3
1.098899047E2,-3.204066306E-4,-7.071183063E-3,5.987192504E-3
1.098999447E2,4.783275537E-3,-7.909546606E-3,2.975157462E-3
1.099100157E2,1.085082442E-2,-7.375833578E-3,1.147691393E-3
1.099200557E2,1.623866521E-2,-1.168509480E-2,-3.114964115E-3
1.099300957E2,1.978695020E-2,-9.450342506E-3,-4.375739954E-3
1.099401367E2,1.699968614E-2,-6.632984616E-3,-3.693970852E-3
1.099501767E2,1.702693291E-2,-1.651882194E-3,-6.406638306E-3
1.099602167E2,1.467775926E-2,-6.902143359E-4,-1.782325562E-3
1.099702877E2,1.089827344E-2,-3.367739730E-3,-2.902723383E-3
1.099803277E2,3.860604018E-3,3.106184304E-4,-1.803903142E-3
1.099903677E2,-1.930790022E-4,-4.836097360E-4,4.259868292E-4
1.100004087E2,-3.457048908E-3,1.057479531E-4,2.876627725E-3
1.100104487E2,-2.853928134E-3,2.039797604E-3,5.483574700E-3
1.100204988E2,-3.287224099E-3,1.050166786E-3,6.126727909E-3
1.100305698E2,-3.708872944E-3,7.523223758E-6,6.183458958E-3
1.100406098E2,-1.480072737E-3,2.731138840E-3,5.510744639E-3
1.100506508E2,3.474047408E-4,5.447363481E-3,3.846244421E-3
1.100606908E2,2.324269153E-3,-9.018797427E-4,3.722141031E-3
1.100707308E2,6.652707234E-4,3.859262913E-3,2.389249858E-3
1.100807718E2,-1.447947696E-3,-4.760976881E-4,1.435039449E-3
1.100908418E2,-3.340611234E-3,2.338636667E-3,1.523441868E-3
1.101008828E2,-3.955801949E-3,3.075266257E-3,1.266180305E-3
1.101109228E2,-4.533680156E-3,4.902707413E-3,1.843029750E-3
1.101209628E2,-6.139298901E-3,7.034566253E-3,2.043832093E-3
1.101310028E2,-7.249865681E-3,1.048391499E-2,1.358325826E-3
1.101410438E2,-6.665302441E-3,9.534763172E-3,2.664872678E-3
1.101511148E2,-3.799712285E-3,8.351234719E-3,2.121862490E-3
1.101611548E2,-3.106225282E-3,4.896314815E-3,1.464061788E-3
1.101711948E2,-1.769179478E-3,5.199942738E-3,1.244073501E-3
1.101812348E2,1.895597205E-3,5.076903850E-3,3.780135303E-4
1.101912758E2,2.452169545E-3,5.987469107E-3,7.345997146E-4
1.102013158E2,2.353899181E-3,4.550160840E-3,1.078413799E-3
1.102113868E2,2.707775682E-3,3.903709352E-3,1.942914445E-3
1.102214268E2,9.980257601E-4,-2.865083516E-4,2.120280871E-3
1.102314668E2,-1.465579495E-3,4.463311285E-3,4.702454433E-3
1.102415078E2,-3.233496100E-4,5.183704197E-4,4.477683455E-3
1.102515478E2,1.903979108E-3,-1.730162650E-3,6.677199621E-3
1.102615878E2,1.891728491E-3,5.676131696E-4,2.726133913E-3
1.102716588E2,2.570229582E-3,-2.335943282E-5,3.610575572E-3
1.102816988E2,2.730019391E-3,2.376414835E-3,1.261134981E-3
1.102917398E2,-2.031529322E-3,-1.031793654E-4,1.188768656E-4
1.103017798E2,-7.255133241E-4,-4.879559390E-3,-8.201537421E-4
1.103118198E2,-4.238530993E-3,1.185743138E-3,-3.585828934E-3
1.103218598E2,-7.673742250E-3,-8.382592350E-4,-5.619418807E-3
1.103319308E2,-5.022326484E-3,-3.964780830E-3,-6.791220047E-3
1.103419718E2,-6.187992170E-3,-2.686729655E-3,-5.580813158E-3
1.103520118E2,-7.063739002E-3,-3.928822465E-3,-9.437073953E-3
1.103620518E2,-7.699968293E-3,-4.773044027E-3,-7.809615694E-3
1.103720918E2,-7.992621511E-3,-8.172094822E-4,-7.784306072E-3
1.103821328E2,-3.499336541E-3,-2.382615581E-3,-8.048491552E-3
1.103922028E2,-4.716986790E-3,1.741072163E-3,-5.071363878E-3
1.104022438E2,-3.854656592E-3,-1.315170899E-3,-3.533388255E-3
1.104122838E2,-3.374727443E-3,3.540739417E-4,-1.061964547E-3
1.104223238E2,-2.837035805E-3,-2.696843818E-3,1.081613824E-3
1.104323648E2,-2.070788294E-3,-7.098295726E-3,-1.617748057E-3
1.104424048E2,-3.242313862E-3,-5.411716178E-3,-2.883282024E-3
1.104524758E2,-1.303797588E-3,-5.031417124E-3,-6.361104548E-3
1.104625158E2,-4.457512870E-3,-1.267548837E-2,-9.414950386E-3
1.104725558E2,-3.462836146E-3,-1.164928079E-2,-1.067306474E-2
1.104825968E2,-4.935830832E-3,-1.203730330E-2,-1.181209926E-2
1.104926368E2,-4.949763417E-3,-7.578993216E-3,-9.641055949E-3
1.105026768E2,-7.302401587E-3,-7.509217598E-3,-1.108395681E-2
1.105127478E2,-7.902774960E-3,-6.449148059E-4,-1.013374235E-2
1.105227878E2,-8.946733549E-3,-2.759322524E-5,-9.588593617E-3
1.105328278E2,-1.235336624E-2,2.293024212E-3,-8.821047843E-3
1.105428688E2,-1.489721797E-2,3.178523853E-3,-9.395224974E-3
1.105529088E2,-1.424443722E-2,4.196951166E-3,-7.018366363E-3
1.105629488E2,-1.588734053E-2,8.844966069E-3,-3.549066372E-3
1.105730198E2,-1.312331110E-2,4.806432873E-3,1.949769212E-3
1.105830598E2,-1.060369425E-2,7.044287398E-3,4.256865475E-3
1.105931008E2,-8.637638763E-3,2.468599007E-3,6.026580930E-3
1.106031408E2,-6.183536723E-3,8.070025593E-3,5.920320749E-3
1.106131808E2,-9.370669723E-4,5.486268550E-3,6.619117223E-3
1.106232218E2,2.875248902E-3,3.983445466E-3,5.272889044E-3
1.106332918E2,6.428916939E-3,-1.413924620E-3,5.744779017E-3
1.106433328E2,1.258934103E-2,4.054076970E-3,4.177508410E-3
1.106533728E2,1.137172803E-2,-4.472107626E-3,3.315473441E-3
1.106634128E2,1.303700171E-2,-2.492046915E-3,3.800168633E-3
1.106734528E2,1.181887183E-2,-4.122700542E-3,3.395634703E-3
1.106834938E2,1.105188206E-2,-6.548307836E-3,4.648918286E-3
1.106935648E2,8.994547650E-3,5.231425166E-4,3.875818336E-3
1.107036048E2,6.995844655E-3,6.459131837E-4,5.208997056E-3
1.107136448E2,7.247682661E-3,3.540366888E-4,4.545866977E-3
1.107236848E2,7.721459027E-3,-1.741603948E-3,5.143480375E-3
1.107337258E2,8.960067295E-3,-1.815076917E-3,4.564232659E-3
1.107437658E2,5.921666510E-3,2.071540803E-3,6.228175480E-3
1.107538368E2,8.947352879E-3,3.471847624E-3,6.124305073E-3
1.107638768E2,7.776627317E-3,3.319248557E-3,6.019376684E-3
1.107739168E2,6.781029515E-3,4.461059347E-3,7.582071237E-3
1.107839578E2,7.360533811E-3,4.492737353E-4,5.902415607E-3
1.107939978E2,6.202543154E-3,-2.038592473E-3,4.860670771E-3
1.108040378E2,5.878969096E-3,-3.949143924E-3,5.315272138E-3
1.108140778E2,9.764712304E-4,1.917578280E-3,2.464606892E-3
1.108241488E2,-3.502698615E-3,4.080332816E-3,1.560729812E-3
1.108341898E2,-4.582721740E-3,-6.384123117E-4,2.032732009E-4
1.108442298E2,-9.195316583E-3,-1.298610121E-3,-1.634440850E-4
1.108542698E2,-1.046933234E-2,-1.671040431E-3,-8.510240004E-4
1.108643098E2,-1.142780483E-2,-1.942416653E-3,-3.528566100E-3
1.108743508E2,-7.169928402E-3,3.071313724E-3,-3.840447869E-3
1.108844208E2,-5.855126306E-3,-2.357007936E-3,-5.414109677E-3
1.108944618E2,-2.626406029E-3,-1.470966265E-3,-1.147120632E-2
1.109045018E2,-5.030669272E-4,8.869972080E-4,-1.056706347E-2
1.109145418E2,2.782681026E-3,6.621237844E-4,-7.757921237E-3
1.109245828E2,4.799226299E-3,3.132738173E-3,-5.641773343E-3
1.109346228E2,2.063689753E-4,2.413818613E-3,-3.709702287E-3
1.109446938E2,-7.710121572E-4,-4.562698305E-4,-8.444073028E-4
1.109547338E2,-1.411711797E-3,1.254754141E-3,1.409981516E-3
1.109647738E2,2.194208093E-3,2.981461585E-4,4.157831427E-3
1.109748148E2,9.129187092E-4,-4.384530708E-3,4.381020088E-3
1.109848548E2,5.743093789E-3,-1.321919262E-5,5.187158938E-3
1.109948948E2,9.196584113E-3,-1.892339438E-3,5.524312612E-3
1.110049658E2,1.369066816E-2,-2.267578617E-3,4.981293809E-3
1.110150118E2,1.751788333E-2,-4.746373743E-4,8.164264262E-3
1.110250517E2,2.048650943E-2,-3.621429205E-3,5.909632426E-3
1.110350927E2,2.022361383E-2,-1.026499830E-2,6.446544547E-3
1.110451327E2,1.782943122E-2,-1.928505488E-3,5.180477630E-3
1.110551727E2,1.613812894E-2,-2.272564918E-3,3.166587558E-3
1.110652437E2,1.202354394E-2,-1.698386855E-3,5.260098726E-3
1.110752837E2,1.109864563E-2,-1.406425610E-3,4.420370795E-3
1.110853247E2,4.828498699E-3,2.113208175E-3,3.922891803E-3
1.110953647E2,4.172225483E-3,5.839988589E-4,3.762046341E-3
1.111054048E2,2.294430509E-3,5.989130586E-4,3.293330316E-3
1.111154458E2,-2.359265462E-3,4.238486290E-4,2.435032278E-3
1.111255157E2,-4.806444049E-3,1.703763381E-3,2.450212371E-3
1.111355567E2,-4.697758704E-3,1.171905547E-3,1.790290466E-3
1.111455968E2,-5.744913593E-3,1.903209835E-3,2.259539440E-3
1.111556368E2,-3.079047427E-3,4.185579717E-3,2.975718817E-4
1.111656767E2,-1.945339143E-3,1.374347135E-3,1.222487655E-3
1.111757177E2,-5.836987868E-3,5.345363170E-3,-6.283989642E-4
1.111857888E2,-3.778630868E-3,4.803942516E-3,1.362313982E-3
1.111958287E2,-7.751157507E-3,7.699394599E-3,1.852043439E-3
1.112058687E2,-9.753054008E-3,9.657617658E-3,1.347108046E-3
1.112159087E2,-1.109523140E-2,7.985627279E-3,8.539134869E-4
1.112259497E2,-8.518889546E-3,6.370153278E-3,1.929169521E-4
1.112359897E2,-1.008219086E-2,6.862597540E-3,8.067652816E-4
1.112460607E2,-7.708249614E-3,6.155794486E-3,3.207384143E-4
1.112561007E2,-6.891867146E-3,7.399460301E-3,-7.359907031E-4
1.112661407E2,-6.511567160E-3,4.909403622E-3,-2.744648955E-4
1.112761817E2,-4.903255031E-3,7.859358564E-3,2.280840417E-4
1.112862218E2,-3.902174532E-3,9.294802323E-3,4.764512647E-3
1.112962618E2,-5.251990631E-3,1.298677735E-2,5.517108832E-3
1.113063327E2,-2.586964518E-3,9.731329978E-3,8.489728905E-3
1.113163727E2,-1.098580658E-3,6.136652082E-3,6.446528714E-3
1.113264138E2,2.385366708E-3,5.517199636E-3,7.647348568E-3
1.113364537E2,5.745603703E-3,-2.705083229E-3,5.419895519E-3
1.113464937E2,9.941946715E-3,-5.192209035E-3,2.335955389E-3
1.113565337E2,1.071847044E-2,-6.630258635E-3,6.626684335E-4
1.113666048E2,9.420711547E-3,-5.693359300E-3,-1.108067343E-3
1.113766447E2,1.036980376E-2,-8.843195625E-3,-8.297209279E-4
1.113866857E2,6.361213513E-3,-8.695390075E-3,-1.625739736E-3
1.113967257E2,1.491470262E-3,-6.084900349E-3,-2.714463277E-3
1.114067657E2,-2.608895302E-4,-5.839357153E-3,-1.975169871E-3
1.114168067E2,-7.794760168E-3,-1.062121242E-3,-3.978955094E-3
1.114268767E2,-1.559302770E-2,-1.273527741E-4,-5.655148532E-3
1.114369177E2,-1.832061075E-2,-2.395861782E-3,-5.513723008E-3
1.114469577E2,-2.475587465E-2,2.632187679E-3,-7.155295461E-3
1.114569977E2,-2.870144695E-2,5.506660789E-3,-7.132071536E-3
1.114670388E2,-2.961863950E-2,4.639001563E-3,-8.580830880E-3
1.114770787E2,-2.932389453E-2,6.662607193E-3,-1.001073327E-2
1.114871497E2,-3.249811754E-2,8.327348158E-3,-1.094736625E-2
1.114971897E2,-3.241446614E-2,6.647134200E-3,-1.193965040E-2
1.115072298E2,-2.931401692E-2,9.324675426E-3,-1.314952411E-2
1.115172697E2,-2.661477402E-2,8.033273742E-3,-1.052816026E-2
1.115273107E2,-2.237076312E-2,1.036833227E-2,-9.712968022E-3
1.115373507E2,-1.659140550E-2,6.002230570E-3,-6.073819473E-3
1.115474218E2,-1.511707902E-2,4.542551935E-3,-3.396277316E-3
1.115574617E2,-8.486257866E-3,2.957085148E-3,-2.777853981E-3
1.115675017E2,-2.359390259E-3,-2.930369228E-4,-4.695862532E-3
1.115775427E2,1.432266086E-3,-6.906927563E-3,-5.501231644E-3
1.115875827E2,4.372928292E-3,-6.130882539E-3,-7.392609026E-3
1.115976227E2,1.011187304E-2,-7.568203844E-3,-7.399794180E-3
1.116076937E2,1.473032683E-2,-1.118371077E-2,-8.687166497E-3
1.116177337E2,1.475118008E-2,-5.266782828E-3,-3.889979329E-3
1.116277747E2,1.383718289E-2,-2.737578936E-3,-2.009787830E-3
1.116378147E2,1.291599590E-2,-4.711247981E-3,3.066297504E-4
1.116478548E2,1.049917750E-2,-1.160722226E-3,1.721833600E-3
1.116578947E2,8.709266782E-3,1.717356965E-3,1.871236833E-3
1.116679657E2,3.191196360E-3,-1.168711111E-3,2.864329610E-3
1.116780068E2,1.269450411E-3,2.609007061E-5,4.330888391E-3
1.116880468E2,4.569198936E-4,-2.944400534E-3,3.770559328E-3
1.116980867E2,1.590848900E-3,-6.019072607E-3,1.004888327E-3
1.117081267E2,3.540549427E-3,-7.998866960E-3,-1.018581446E-3
1.117181677E2,3.401266411E-3,-8.001796901E-3,-1.913403510E-3
1.117282378E2,3.926973790E-3,-7.337337360E-3,-2.825003583E-3
1.117382787E2,1.203137450E-3,-6.624889560E-3,-7.814457640E-3
1.117483187E2,-2.204643562E-3,-5.479729734E-3,-7.630965672E-3
1.117583587E2,-4.034109414E-3,-1.575046219E-3,-7.580880076E-3
1.117683997E2,-4.609353840E-3,8.460339159E-4,-6.498571485E-3
1.117784397E2,-7.873225957E-3,8.515827358E-5,-4.910524935E-3
1.117885107E2,-7.972829044E-3,-2.910365351E-3,-7.133831386E-4
1.117985507E2,-7.702980191E-3,-2.710605040E-3,9.532143013E-4
1.118085907E2,-8.096061647E-3,-1.767580397E-3,3.036072478E-3
1.118186318E2,-9.342055768E-3,-4.999073222E-3,1.955899643E-3
1.118286718E2,-6.774503738E-3,2.292450517E-4,-1.499019330E-3
1.118387117E2,-5.531720817E-3,1.788996160E-3,-9.176253807E-4
1.118487827E2,-2.682404593E-3,-2.443033271E-3,-1.287272200E-3
1.118588228E2,-2.429587767E-4,3.256946802E-4,-3.629300045E-3
1.118688628E2,3.544588573E-3,-3.047730774E-3,-3.907334059E-3
1.118789037E2,2.460726537E-3,3.784801811E-4,-2.995757852E-3
1.118889437E2,4.746251740E-3,-3.971260972E-3,-7.485826500E-4
1.118989837E2,3.352167085E-3,-3.174541518E-3,-3.841003170E-3
1.119090548E2,4.786279052E-3,-6.216670386E-3,-3.463899484E-3
1.119190947E2,4.356534220E-3,-5.334517919E-3,-6.034696940E-3
1.119291357E2,8.659670129E-3,-3.517176956E-3,-8.801455610E-3
1.119391757E2,9.131535888E-3,-5.001151934E-3,-6.211238448E-3
1.119492157E2,1.045406144E-2,-5.810487084E-3,-5.507631227E-3
1.119592568E2,9.700582363E-3,-3.193149343E-3,-3.138208995E-3
1.119693267E2,6.943944842E-3,1.205593348E-3,1.051209634E-3
1.119793677E2,2.971502952E-3,9.254086763E-4,7.736018859E-3
1.119894077E2,-1.114320010E-3,4.951842129E-3,8.542956784E-3
1.119994478E2,-2.539446577E-3,8.984643966E-3,8.223918267E-3
1.120094878E2,-6.955500692E-3,9.314076975E-3,1.186446007E-2
1.120195424E2,-3.710759804E-3,7.629156113E-3,1.038398314E-2
1.120296134E2,-4.273485392E-3,5.744170398E-3,1.051687542E-2
1.120396534E2,-1.706391573E-3,8.514337242E-4,1.090382319E-2
1.120496934E2,3.466391936E-4,1.829806715E-4,7.525602821E-3
1.120597334E2,-1.392744482E-3,4.679150879E-4,7.380736992E-3
1.120697744E2,2.134346403E-3,1.521995291E-3,4.939683247E-3
1.120798144E2,4.323634319E-3,-3.904447891E-3,3.671746701E-3
1.120898854E2,6.993186660E-3,-1.981378533E-3,3.062681761E-3
1.120999254E2,9.231768548E-3,-2.267424949E-3,4.828633741E-3
1.121099654E2,1.291092671E-2,-1.528747380E-4,4.389744252E-3
1.121200064E2,1.047706325E-2,3.155570477E-3,5.365526304E-3
1.121300464E2,1.236844063E-2,-3.185234964E-4,4.828101024E-3
1.121400864E2,1.189635880E-2,9.278263897E-4,3.756182268E-3
1.121501574E2,9.028933011E-3,-2.601395361E-3,1.779584214E-3
1.121601974E2,6.827733479E-3,-2.356374636E-3,1.438961830E-3
1.121702384E2,2.309947275E-3,-2.583009191E-3,-1.638054382E-3
1.121802784E2,2.475536428E-3,-2.835866995E-3,-4.878537729E-3
1.121903184E2,-1.703228801E-3,-1.819605008E-3,-5.078807473E-3
1.122003584E2,-2.911446616E-3,-6.232605316E-3,-6.499920972E-3
1.122104294E2,-2.351382747E-3,6.354209036E-4,-3.346472280E-3
1.122204704E2,-4.262750968E-3,-2.323164605E-3,-2.127776388E-3
1.122305104E2,-6.770649925E-3,4.045784473E-3,-6.332104676E-4
1.122405504E2,-5.870820954E-3,2.639159560E-3,5.095279193E-4
1.122505904E2,-5.333395675E-3,3.654090688E-3,2.047769725E-3
1.122606314E2,-7.775204256E-3,3.245614469E-3,1.657593530E-3
1.122707014E2,-3.585252911E-3,-1.259388402E-3,9.531875257E-4
1.122807424E2,-4.599135369E-3,1.073457301E-3,-1.449480886E-3
1.122907824E2,-2.741580829E-3,-3.318917006E-4,-1.064121490E-3
1.123008224E2,-4.332216457E-3,-3.291973844E-3,-1.064929180E-3
1.123108634E2,-8.281949908E-3,-2.946294844E-3,-2.405298175E-3
1.123209034E2,-6.309054792E-3,-1.422464848E-3,-2.075853059E-3
1.123309744E2,-8.249433711E-3,1.289699227E-3,-2.425329294E-4
1.123410144E2,-9.711632505E-3,3.276720643E-3,-1.405497314E-4
1.123510544E2,-1.203604043E-2,4.520151764E-3,2.420345787E-3
1.123610954E2,-9.032404050E-3,8.496744558E-3,2.869370859E-3
1.123711354E2,-5.122084171E-3,1.117908023E-2,4.867007956E-3
1.123811754E2,-3.622731194E-3,8.699793369E-3,6.742356811E-3
1.123912464E2,-8.256137371E-4,1.145083830E-2,7.081110496E-3
1.124012864E2,2.011798322E-3,7.845353335E-3,8.223116398E-3
1.124113264E2,4.370027222E-3,8.274920285E-3,1.071157400E-2
1.124213674E2,7.772383280E-3,3.027440980E-3,1.030943170E-2
1.124314074E2,8.065863512E-3,1.854585484E-3,1.329004113E-2
1.124414474E2,1.144777611E-2,3.982633352E-4,1.150885038E-2
1.124515184E2,1.433224604E-2,-4.838043824E-3,1.006009057E-2
1.124615584E2,1.486242004E-2,-1.253582537E-3,9.092363529E-3
1.124715994E2,1.402299106E-2,-3.758817911E-3,6.149836816E-3
1.124816394E2,1.161972713E-2,2.234390005E-3,2.868276322E-3
1.124916794E2,1.222639531E-2,4.607252777E-4,4.140734673E-3
1.125017204E2,9.356353432E-3,4.080571234E-4,1.713237609E-3
1.125117904E2,8.111325093E-3,1.215793192E-3,5.760677159E-4
1.125218314E2,6.140805781E-3,-1.923603006E-3,7.372148684E-4
1.125318714E2,2.702131867E-3,-1.087104902E-3,1.476508332E-3
1.125419114E2,-3.579340875E-3,-2.148678526E-3,4.336315324E-4
1.125519514E2,-5.142616108E-3,-1.872775145E-3,1.845905790E-3
1.125619924E2,-9.015828371E-3,-1.435374841E-3,3.081298666E-3
1.125720634E2,-1.003688388E-2,-7.746443152E-4,2.650132868E-3
1.125821034E2,-1.255423576E-2,1.466779038E-3,2.940218896E-3
1.125921434E2,-1.188152283E-2,4.657246172E-3,7.590901805E-4
1.126021834E2,-1.156032830E-2,8.905511349E-4,1.943897223E-3
1.126122244E2,-1.239975728E-2,2.538515255E-3,-6.984912325E-4
1.126222644E2,-1.267508231E-2,4.794800654E-3,-1.664156443E-4
1.126323354E2,-1.370865479E-2,2.470659092E-3,-1.073488267E-3
1.126423754E2,-1.823483966E-2,1.050190814E-2,2.421131590E-3
1.126524154E2,-2.013447322E-2,1.383964717E-2,3.172941972E-3
1.126624564E2,-1.941756718E-2,1.000221819E-2,4.350093193E-3
1.126724964E2,-1.968734525E-2,9.287426248E-3,4.743441939E-3
1.126825364E2,-1.745874062E-2,8.713001385E-3,3.204393201E-3
1.126926074E2,-1.059497707E-2,6.798721850E-3,3.043272067E-3
1.127026474E2,-7.673053071E-3,5.039446056E-3,-2.939389669E-4
1.127126884E2,-3.562996164E-3,1.652970910E-3,-2.137645381E-3
1.127227284E2,-1.045031473E-3,-3.246113658E-3,-4.297763109E-3
1.127327684E2,-3.550071269E-4,-4.333216697E-3,-7.282633800E-3
1.127428084E2,3.012362868E-5,-8.760862052E-3,-9.058372118E-3
1.127528794E2,-2.951551229E-3,-6.043106318E-3,-1.029088348E-2
1.127629194E2,-5.353748798E-3,-5.260378122E-3,-1.141847484E-2
1.127729604E2,-7.519431412E-3,-7.057479583E-3,-9.695943445E-3
1.127830004E2,-8.683536202E-3,-2.008244395E-3,-9.565509856E-3
1.127930404E2,-1.156108268E-2,-2.630358562E-3,-1.036525704E-2
1.128030814E2,-1.313691959E-2,-2.708710730E-3,-7.734828629E-3
1.128131514E2,-1.060585119E-2,-4.725256003E-3,-1.009572204E-2
1.128231924E2,-5.278756842E-3,-1.743817702E-3,-6.561454386E-3
1.128332324E2,-4.879962653E-4,1.424279064E-3,-4.965421744E-3
1.128432724E2,3.214622848E-3,2.392308787E-3,-3.795214929E-3
1.128533134E2,4.323829897E-3,-6.183963269E-4,-9.048861684E-4
1.128633534E2,6.023939699E-3,-3.825570457E-3,-2.405341016E-3
1.128734244E2,7.772038225E-3,-2.056166530E-3,-7.698938716E-4
1.128834644E2,6.464167498E-3,-5.323722027E-3,-1.356536523E-3
1.128935044E2,8.617865853E-3,-2.929007635E-3,8.110102499E-4
1.129035444E2,8.326234296E-3,-1.268530264E-3,2.462056698E-3
1.129135854E2,5.898763426E-3,-5.115466192E-3,9.829369374E-4
1.129236254E2,5.025030114E-3,-7.289217785E-3,-1.622132375E-3
1.129336964E2,3.261485137E-3,-8.382445201E-3,-2.951049712E-3
1.129437364E2,3.866635263E-3,-6.577461958E-3,-3.896690905E-3
1.129537764E2,1.197587699E-5,-4.843478091E-3,-5.409632809E-3
1.129638174E2,2.378852107E-3,-6.574312225E-3,-8.478906937E-3
1.129738574E2,4.592351615E-5,-1.409377903E-3,-7.350259461E-3
1.129838974E2,-2.301102504E-3,6.139185280E-4,-7.341510151E-3
1.129939684E2,-3.609899431E-4,-4.441477358E-5,-6.156935822E-3
1.130040084E2,-5.308948457E-3,6.791895255E-3,-5.910849664E-3
1.130140332E2,-5.201090127E-3,-1.562440768E-3,-6.131093018E-3
1.130240732E2,-3.283126280E-3,1.266846433E-3,-4.548353143E-3
1.130341132E2,-2.847965807E-3,3.030391410E-3,-6.155037787E-3
1.130441532E2,-3.433132544E-3,-8.898023516E-4,-5.982189905E-3
1.130542242E2,-2.063203603E-3,-3.912579268E-4,-6.339319516E-3
1.130642652E2,1.631274819E-3,9.507313371E-5,-4.532115534E-3
1.130743052E2,2.459518611E-3,-2.592856064E-3,-3.408794291E-3
1.130843452E2,1.975765452E-3,1.795422286E-4,-3.159808693E-3
1.130943852E2,9.664269164E-4,1.014709473E-3,-3.072190564E-3
1.131044262E2,2.292584628E-3,5.316268653E-4,-2.705213148E-3
1.131144962E2,7.319720462E-4,1.982003450E-4,-4.047445953E-3
1.131245372E2,2.588558942E-3,5.224347115E-5,-4.505770281E-3
1.131345772E2,-3.981757909E-4,1.512987539E-3,-4.743057769E-3
1.131446172E2,-1.241138205E-3,-2.052743919E-3,-4.689252004E-3
1.131546582E2,-3.833323717E-6,-3.499639221E-3,-4.178723786E-3
1.131646982E2,-1.093208790E-3,-2.599530853E-3,-3.805064596E-3
1.131747692E2,-2.871667966E-3,-1.262890175E-3,-4.193619825E-3
1.131848092E2,-2.665717155E-3,-4.541660659E-3,-5.622987635E-3
1.131948492E2,-3.458272666E-3,-2.821524628E-3,-5.407271441E-3
1.132048902E2,-2.331409603E-3,-1.580862328E-3,-4.686574917E-3
1.132149302E2,-5.135718733E-3,4.934743047E-4,-1.937926398E-3
1.132249702E2,-6.489740685E-3,4.777146503E-3,-1.815145370E-3
1.132350412E2,-8.979529142E-3,8.771620691E-3,9.734505438E-4
1.132450812E2,-7.410572842E-3,8.940845728E-3,3.793423530E-3
1.132551212E2,-8.561857045E-3,9.262820706E-3,3.830707632E-3
1.132651622E2,-5.524948239E-3,8.970804513E-3,3.505060449E-3
1.132752022E2,-8.597703651E-3,8.124984801E-3,3.546605818E-3
1.132852422E2,-7.757741958E-3,5.776077509E-3,2.376279444E-4
1.132953132E2,-5.527611822E-3,3.313452005E-3,1.162810251E-3
1.133053532E2,-5.457792431E-3,3.704454750E-3,-1.030325075E-3
1.133153942E2,-3.668416291E-3,1.125449315E-3,-1.222072751E-3
1.133254342E2,-3.369776532E-3,6.410125643E-4,-2.634875476E-3
1.133354742E2,-1.933800057E-3,4.141125828E-4,-3.221037332E-3
1.133455152E2,1.860032789E-3,-1.648364589E-3,-5.362280644E-3
1.133555852E2,4.024383612E-3,-5.314350128E-4,-6.701584440E-3
1.133656262E2,4.566409625E-3,-2.495754510E-3,-8.743442595E-3
1.133756662E2,8.622404188E-3,-1.929832622E-3,-8.059009910E-3
1.133857062E2,9.863125160E-3,-2.827383578E-3,-7.065888494E-3
1.133957462E2,9.167773649E-3,-3.106749617E-3,-8.327428252E-3
1.134057872E2,3.045538440E-3,-2.938572317E-3,-5.588308442E-3
1.134158582E2,2.792804502E-3,-3.988123499E-3,-2.868954558E-3
1.134258982E2,6.931610405E-4,-2.444434911E-3,-2.191765001E-3
1.134359382E2,-2.030720934E-3,-8.127149194E-4,-1.073769876E-3
1.134459782E2,-4.016000777E-3,-1.238688827E-3,-1.187163172E-3
1.134560192E2,-5.938271061E-3,1.048965380E-3,-1.406075084E-3
1.134660592E2,-5.742100999E-3,6.240606308E-4,-1.232876675E-4
1.134761302E2,-5.383640528E-3,3.414992243E-4,3.676832421E-5
1.134861702E2,-5.701543763E-3,-9.254682809E-4,-3.832495073E-3
1.134962102E2,-4.855724052E-3,2.501532435E-5,-1.607157756E-3
1.135062512E2,-2.154557034E-3,-1.666791737E-3,-3.242914565E-3
1.135162912E2,-1.027774066E-3,-1.610332169E-3,-4.465837963E-3
1.135263312E2,3.284079023E-3,1.545226201E-3,-4.838404711E-3
1.135364022E2,2.001384273E-4,2.316212282E-3,-2.967268229E-3
1.135464422E2,-4.475060850E-4,5.233021453E-3,-5.316911731E-3
1.135564832E2,-1.518895850E-3,7.685527205E-3,-5.002925172E-3
1.135665232E2,-8.309096098E-3,7.766088471E-3,-4.022140056E-3
1.135765632E2,-1.083670184E-2,6.661143154E-3,-3.291102359E-3
1.135866032E2,-1.354204677E-2,2.015147358E-3,-6.868062075E-3
1.135966742E2,-1.285814680E-2,3.033807501E-3,-8.508035913E-3
1.136067142E2,-1.183645427E-2,6.629060954E-4,-9.727695957E-3
1.136167552E2,-1.081806049E-2,2.159602940E-3,-1.255650632E-2
1.136267952E2,-8.981889114E-3,-2.481905743E-3,-1.167212054E-2
1.136368352E2,-4.542132840E-3,-1.268569380E-3,-1.344498619E-2
1.136468762E2,-3.585981205E-3,-2.178686671E-3,-1.250830293E-2
1.136569462E2,-4.842193797E-3,-5.547852255E-3,-1.106646750E-2
1.136669872E2,-5.365503952E-3,-2.076421864E-3,-9.137007408E-3
1.136770272E2,-2.324974164E-3,-6.420426071E-4,-6.193415727E-3
1.136870672E2,-4.168972373E-4,-6.049107760E-4,-4.641907755E-3
1.136971082E2,-3.597777337E-3,5.344059318E-3,-2.738013864E-3
1.137071482E2,-2.848524600E-3,2.557970583E-5,8.314853185E-4
1.137172192E2,-4.592362791E-3,1.011215150E-3,2.337236423E-3
1.137272592E2,-4.252906889E-3,1.569688320E-3,2.909811912E-3
1.137372992E2,-2.784973010E-3,6.927084178E-4,3.703167662E-3
1.137473392E2,2.189744264E-4,-1.291278750E-4,3.127386328E-3
1.137573802E2,2.215546556E-3,-1.871900633E-3,1.307914965E-3
1.137674202E2,6.554031745E-3,-2.673268318E-3,1.644548262E-3
1.137774912E2,8.609991521E-3,3.531482071E-4,-1.607437618E-3
1.137875312E2,7.494686171E-3,-4.759263247E-4,-1.087042503E-3
1.137975712E2,7.431835867E-3,2.696432173E-3,-1.139773056E-3
1.138076122E2,9.085295722E-3,-2.527615987E-3,-3.783792490E-4
1.138176522E2,8.123095147E-3,-7.828105241E-3,-8.020881796E-4
1.138276922E2,7.355519570E-3,-1.757093705E-3,-4.614997888E-4
1.138377632E2,4.585033283E-3,-2.136060968E-3,4.629399162E-3
1.138478032E2,1.493245363E-3,-3.921780735E-4,4.256003071E-3
1.138578442E2,-2.276992425E-3,8.938629180E-4,5.115671549E-3
1.138678842E2,-3.672169521E-3,5.620904267E-3,6.717327517E-3
1.138779242E2,-5.165936425E-3,2.565192059E-3,6.014519371E-3
1.138879642E2,-4.153961316E-3,7.127754390E-3,4.605159629E-3
1.138980352E2,-6.345743313E-3,4.934374243E-3,1.457835548E-3
1.139080762E2,-5.906321108E-3,5.376992747E-3,2.207781654E-3
1.139181162E2,-1.089948229E-2,4.914235324E-4,-1.579499571E-3
1.139281562E2,-7.839392871E-3,1.352246851E-3,-2.428021980E-3
1.139381962E2,-1.022452116E-2,4.531262442E-3,-2.950800350E-3
1.139482372E2,-1.129643433E-2,2.867711708E-3,-2.388014458E-3
1.139583082E2,-1.001385599E-2,4.034709185E-3,-4.268472549E-3
1.139683482E2,-1.046039723E-2,6.484309211E-3,-3.731855657E-3
1.139783882E2,-9.344266728E-3,3.832068294E-3,-5.024021491E-3
1.139884282E2,-6.892854348E-3,5.206560716E-3,-3.475941019E-3
1.139984692E2,-5.130905658E-3,6.356779486E-3,-4.646134097E-3
1.140085092E2,-1.570722088E-3,-1.271020621E-3,-5.588638131E-3
1.140185911E2,-6.780307740E-4,-3.602206707E-4,-5.318327341E-3
1.140286311E2,-4.255622625E-4,-4.725141451E-3,-5.888243672E-3
1.140386711E2,-1.908676699E-3,-1.972763799E-3,-6.391314790E-3
1.140487121E2,-7.357504219E-3,-7.143025286E-3,-7.062165067E-3
1.140587521E2,-7.955649868E-3,-4.527534358E-3,-6.602503359E-3
1.140687921E2,-8.527014405E-3,-4.041326232E-3,-4.816018511E-3
1.140788631E2,-8.882014081E-3,-5.626972765E-3,-5.991537590E-3
1.140889031E2,-3.932483494E-3,-4.824235104E-3,-4.344930872E-3
1.140989441E2,-3.970567137E-3,-3.979214467E-3,-3.653574036E-3
1.141089841E2,-1.918725669E-3,-4.565058276E-3,-2.852517879E-3
1.141190241E2,-2.465276048E-4,2.420945093E-3,-2.033329336E-3
1.141290641E2,2.372380346E-3,-3.070288338E-3,-1.697744010E-3
1.141391351E2,4.232864827E-3,-3.289733082E-3,3.731301404E-4
1.141491751E2,4.072108306E-3,-2.837271430E-3,-2.058363170E-4
1.141592161E2,6.560034119E-3,-2.618359402E-3,-1.353126136E-3
1.141692561E2,4.602459259E-3,-3.274250776E-4,-2.662639599E-3
1.141792961E2,5.502874032E-3,-4.546138458E-3,1.475379919E-3
1.141893371E2,3.377911635E-3,-3.694148734E-3,-2.733232453E-3
1.141994071E2,2.787914127E-4,-9.178034961E-4,-1.156108454E-3
1.142094481E2,-1.566123217E-3,-5.925633013E-5,-3.026155988E-3
1.142194881E2,-2.957625315E-3,-1.018662006E-4,-4.139090888E-3
1.142295281E2,-1.496322453E-3,2.206042409E-4,-6.139108445E-3
1.142395691E2,-3.114726394E-3,2.799928188E-4,-5.828050897E-3
1.142496091E2,-1.879142597E-3,4.357874393E-3,-7.391881198E-3
1.142596801E2,5.699004978E-4,-1.546087675E-3,-8.538371883E-3
1.142697201E2,-1.150716096E-3,-6.271041930E-4,-6.238699891E-3
1.142797601E2,3.374591470E-4,-2.167743631E-3,-7.607564330E-3
1.142898001E2,1.589748077E-3,-9.269528091E-4,-3.048776416E-3
1.142998411E2,2.303741872E-3,-3.506448120E-4,-5.020048004E-3
1.143098811E2,2.995826304E-3,1.193165779E-3,-1.438352047E-3
1.143199521E2,3.440841101E-3,3.282682970E-3,-1.671112375E-3
1.143299921E2,4.216301255E-3,3.038277850E-3,-6.738927914E-5
1.143400321E2,3.829077817E-3,3.029756248E-3,7.571254391E-4
1.143500731E2,4.946514033E-3,2.003684640E-3,3.388842102E-3
1.143601131E2,5.397653207E-3,8.273664862E-4,3.114270512E-3
1.143701531E2,5.459828302E-3,-3.354270011E-4,3.812309122E-3
1.143802241E2,5.084321834E-3,2.749579027E-3,3.237332450E-3
1.143902641E2,6.445400417E-3,1.554468647E-3,3.911710810E-3
1.144003051E2,5.653376691E-3,-1.639194787E-3,2.062678104E-3
1.144103451E2,5.894847214E-3,6.570834666E-4,3.836033866E-3
1.144203851E2,5.903635174E-3,-4.337485880E-4,2.603789326E-3
1.144304251E2,7.017486729E-3,-1.412635669E-3,2.509739716E-3
1.144404961E2,8.143737912E-3,9.570457041E-4,6.463257596E-4
1.144505371E2,7.025731727E-3,1.586392522E-3,1.125259558E-3
1.144605771E2,8.248122409E-3,-1.759337261E-3,-3.488000948E-4
1.144706171E2,8.501212113E-3,-1.568009146E-3,2.500467934E-3
1.144806571E2,8.166719228E-3,-3.666047007E-3,2.999277785E-3
1.144906981E2,8.608119562E-3,5.572773516E-4,3.990202677E-3
1.145007681E2,8.630756289E-3,-1.568724401E-3,5.049341824E-3
1.145108091E2,9.809393436E-3,-7.145218551E-4,4.359526560E-3
1.145208491E2,1.111141313E-2,-6.751082838E-4,4.725710955E-3
1.145308891E2,1.097887382E-2,3.707241267E-4,1.843220089E-3
1.145409301E2,1.098632999E-2,-1.704409719E-3,1.133221434E-3
1.145509701E2,7.251868956E-3,-4.345614463E-3,3.195733880E-4
1.145610411E2,5.313087255E-3,-6.297711283E-3,1.411735546E-3
1.145710811E2,2.517089248E-3,-3.124892712E-3,9.949830128E-4
1.145811211E2,7.740501314E-4,-3.364843316E-3,1.378744491E-3
1.145911621E2,-9.822342545E-4,-2.333380282E-3,2.118561417E-3
1.146012021E2,-2.957234159E-3,1.853108406E-3,2.367833164E-3
1.146112421E2,-1.263730228E-3,4.999563098E-4,2.393665956E-3
1.146213131E2,-9.513404220E-4,-1.444417983E-3,-2.612278098E-3
1.146313531E2,-3.282912076E-3,-4.064471461E-3,-2.646084875E-3
1.146413931E2,-2.410504967E-4,-4.075656645E-3,-2.973653609E-3
1.146514341E2,3.992803395E-4,-4.893107340E-3,-5.374439526E-3
1.146614741E2,6.851553917E-5,-4.768204875E-3,-4.494797438E-3
1.146715141E2,-5.402555689E-3,-5.880832672E-3,-6.251819432E-3
1.146815851E2,-6.292318925E-3,-8.197613060E-4,-5.590556189E-3
1.146916251E2,-9.851535782E-3,-3.672284074E-3,-3.752436722E-3
1.147016661E2,-1.113677770E-2,-1.328703016E-3,-5.185483955E-3
1.147117061E2,-1.487880945E-2,-4.796460271E-4,-2.470676322E-3
1.147217461E2,-1.581118256E-2,-8.695311844E-4,1.112342579E-5
1.147317871E2,-1.668825559E-2,5.014587194E-3,9.419590933E-4
1.147418571E2,-1.695430465E-2,8.497202769E-3,4.071972333E-3
1.147518981E2,-1.590649225E-2,7.669974118E-3,7.279505488E-3
1.147619381E2,-1.504389383E-2,7.664913312E-3,6.500797812E-3
1.147719781E2,-1.039186306E-2,9.042935446E-3,7.054956630E-3
1.147820181E2,-8.779851720E-3,2.524316311E-3,7.301298901E-3
1.147920591E2,-3.925774246E-3,3.130825236E-3,5.764191970E-3
1.148021301E2,-3.479162231E-3,2.219490707E-3,4.643533845E-3
1.148121701E2,-1.053925604E-3,1.204442233E-3,5.089282990E-3
1.148222101E2,1.383133233E-3,1.742932945E-3,2.304148860E-3
1.148322501E2,9.882794693E-4,-5.586985499E-4,2.461477881E-3
1.148422911E2,2.985917032E-3,5.672300234E-3,1.261723693E-3
1.148523311E2,6.824705750E-3,1.678587869E-3,1.686299802E-4
1.148624021E2,5.724021234E-3,1.221589744E-3,-3.255129792E-3
1.148724421E2,6.502463482E-3,-4.057594575E-3,-4.680720158E-3
1.148824821E2,8.674804121E-3,-3.826698288E-3,-4.813877866E-3
1.148925231E2,8.004765026E-3,-9.972233325E-3,-9.589564055E-3
1.149025631E2,6.892096251E-3,-1.095786877E-2,-9.872924536E-3
1.149126031E2,9.504273534E-3,-1.073399372E-2,-9.490984492E-3
1.149226741E2,6.218997762E-3,-7.472686470E-3,-7.953541353E-3
1.149327141E2,5.304254591E-3,-9.026448242E-3,-5.370242987E-3
1.149427551E2,4.432069138E-3,-6.690589711E-3,-2.827190561E-3
1.149527951E2,4.885670729E-3,-7.296022959E-3,-2.138839103E-3
1.149628351E2,3.877131268E-3,-7.331176661E-3,-1.225108630E-3
1.149728751E2,1.812628470E-3,-6.835670210E-3,-7.171952166E-4
1.149829461E2,-2.262871712E-4,-8.660467342E-3,-1.465809764E-3
1.149929861E2,7.253848016E-4,-5.376308225E-3,-1.663127448E-3
1.150030271E2,-7.902197540E-4,5.494244397E-5,-2.594434889E-3
1.150130671E2,2.316012979E-4,1.365939155E-3,-2.205431694E-3
1.150231120E2,1.076355577E-3,-1.317728311E-3,-1.261341036E-3
1.150331530E2,1.411316916E-4,-2.031316049E-3,-2.930553630E-3
1.150432230E2,6.869435310E-5,-9.687151760E-4,-3.611524124E-3
1.150532640E2,2.508359030E-4,-1.044712961E-3,-2.119045239E-3
1.150633040E2,-1.324957237E-3,-7.461719215E-4,-3.427456366E-3
1.150733440E2,8.321776986E-4,-1.368783414E-3,-2.954494208E-3
1.150833850E2,1.059344970E-3,1.022469252E-3,-2.528654877E-3
1.150934250E2,2.816329710E-3,4.179198295E-4,-5.026961211E-3
1.151034960E2,3.460814245E-3,4.106398672E-3,-5.028559361E-3
1.151135360E2,4.755078815E-3,5.640564486E-3,-1.541233156E-3
1.151235760E2,7.709856145E-3,5.955351517E-3,-1.387302531E-3
1.151336160E2,8.480554447E-3,5.064677447E-3,-1.081787283E-3
1.151436570E2,8.694672957E-3,2.570360899E-3,2.551195212E-4
1.151536970E2,9.963642806E-3,5.659937859E-3,-2.064778935E-3
1.151637680E2,1.000252552E-2,2.318993211E-6,-3.322057193E-3
1.151738080E2,6.608352065E-3,-4.439080134E-3,-1.471674070E-3
1.151838480E2,6.553225219E-3,7.199961692E-4,-3.510323819E-3
1.151938890E2,4.856985062E-3,-5.367584527E-5,-4.368383903E-3
1.152039290E2,1.476367936E-3,2.355420962E-3,-2.808304271E-3
1.152140000E2,1.020962372E-3,2.514826134E-3,-2.359628677E-3
1.152240400E2,-7.679313421E-5,5.605956540E-3,-4.056674079E-4
1.152340800E2,4.705907777E-4,6.728049368E-3,-2.420759411E-4
1.152441210E2,-1.711869612E-3,3.299228847E-3,-2.818151610E-3
1.152541610E2,2.342462540E-4,1.096166670E-4,-3.385161981E-3
1.152642010E2,4.297215492E-4,4.947092384E-4,-1.870622276E-3
1.152742720E2,1.123144291E-3,9.060055017E-4,-1.449506730E-3
1.152843120E2,2.628362738E-3,9.645950049E-4,-1.503036241E-3
1.152943530E2,-9.255018085E-5,2.683866769E-3,3.127047792E-3
1.153043930E2,-6.507486105E-4,7.170761004E-3,1.855122158E-3
1.153144330E2,-1.648318022E-3,7.011691108E-3,2.482864074E-3
1.153244730E2,-3.603344783E-3,1.889633015E-3,4.201934673E-3
1.153345440E2,-1.391977072E-3,5.507055670E-3,4.933216609E-3
1.153445850E2,-1.426331699E-3,-8.709486574E-4,5.669048056E-3
1.153546250E2,-1.281091943E-3,2.672109753E-3,5.127898883E-3
1.153646650E2,6.302576512E-4,9.900573641E-4,2.685779938E-3
1.153747050E2,3.443717957E-3,6.118714809E-4,2.792046871E-3
1.153847460E2,4.497530870E-3,-4.725679755E-4,1.774985460E-3
1.153948160E2,6.592833437E-3,5.178395659E-4,1.145957154E-3
1.154048570E2,7.372074760E-3,1.788167283E-3,-1.042362186E-3
1.154148970E2,6.367024966E-3,8.263997734E-5,-3.730539232E-3
1.154249370E2,7.757195272E-3,2.821700647E-3,-2.613876015E-3
1.154349780E2,5.741436966E-3,2.257691696E-3,-4.130422138E-3
1.154450180E2,3.731549717E-3,-5.490146577E-4,-4.705398344E-3
1.154550890E2,2.023188397E-3,-4.656127654E-3,-5.751640536E-3
1.154651290E2,2.762215212E-3,-2.167137340E-3,-8.084569126E-3
1.154751690E2,2.084751613E-3,-2.941512503E-3,-7.176196668E-3
1.154852100E2,4.065344110E-3,1.183457673E-3,-8.519494906E-3
1.154952500E2,-4.572514445E-5,-2.528273501E-3,-8.239559829E-3
1.155052900E2,5.638729781E-4,-1.890179701E-3,-8.324781433E-3
1.155153610E2,1.181576401E-3,-1.220567152E-3,-9.226836264E-3
1.155254010E2,-2.001432702E-3,-1.839485019E-3,-8.095259778E-3
1.155354410E2,-3.753723577E-3,1.348515972E-3,-6.738735829E-3
1.155454820E2,-3.107106313E-3,2.611121163E-3,-4.112592898E-3
1.155555220E2,-6.643274799E-3,2.067178488E-3,-3.210256342E-3
1.155655620E2,-7.049672306E-3,2.411525697E-3,-2.320227912E-3
1.155756330E2,-7.877061144E-3,1.717541367E-3,-3.563096980E-4
1.155856730E2,-7.196890190E-3,4.215586931E-3,-1.748610288E-3
1.155957140E2,-7.777491584E-3,-1.507891342E-3,-2.699974459E-3
1.156057540E2,-5.021918565E-3,1.128638163E-3,-4.292811267E-3
1.156157940E2,-4.766108468E-3,2.855220810E-3,-2.051787451E-3
1.156258350E2,-4.033207893E-3,1.312719658E-3,-4.284581635E-3
1.156359050E2,-4.471441731E-3,-2.359304577E-3,-3.507711226E-3
1.156459460E2,-6.331393495E-3,4.006981850E-3,-5.603353027E-3
1.156559860E2,-6.713097915E-3,-7.590409368E-4,-3.752975259E-3
1.156660260E2,-7.496332750E-3,2.276599407E-4,-2.688776236E-3
1.156760660E2,-4.427427426E-3,5.560889840E-4,-3.788155969E-3
1.156861070E2,-9.320285171E-4,6.905775517E-4,-4.071515985E-3
1.156961780E2,1.236704178E-3,1.234335825E-3,-5.712263286E-3
1.157062180E2,5.057275295E-3,-9.270869195E-4,-4.069625400E-3
1.157162580E2,4.422526807E-3,-2.618021332E-3,-3.913521301E-3
1.157262980E2,3.030225635E-3,-1.661680639E-3,-3.652265063E-3
1.157363390E2,5.931350403E-3,-9.289886802E-4,-3.573992290E-3
1.157463790E2,1.954185776E-3,-2.944468521E-3,-3.337243106E-4
1.157564500E2,2.224107273E-3,-3.228019923E-4,-9.875546675E-4
1.157664900E2,2.386560664E-3,-2.331358381E-3,-5.025930004E-4
1.157765300E2,3.230204806E-3,-1.296522096E-3,-2.079153201E-3
1.157865710E2,-3.562960774E-5,1.733623445E-3,-8.463759441E-4
1.157966110E2,-3.539528698E-4,-3.007207997E-3,1.242877333E-4
1.158066510E2,-3.040816635E-3,-4.998426884E-4,1.437287428E-4
1.158167220E2,-4.034172744E-3,4.310736433E-3,9.720424423E-4
1.158267620E2,-4.883985966E-3,2.130672336E-3,9.541993495E-4
1.158368030E2,-9.657826275E-3,2.660430968E-3,3.112134058E-3
1.158468430E2,-1.114147343E-2,3.209309652E-3,1.584545011E-3
1.158568830E2,-1.276839711E-2,2.052698284E-3,1.115029678E-3
1.158669230E2,-1.415910013E-2,1.388238743E-3,-9.005062748E-5
1.158769940E2,-1.108859852E-2,1.070315018E-3,-3.163630841E-3
1.158870340E2,-1.092907600E-2,4.175733775E-4,-3.581747180E-3
1.158970750E2,-9.714795277E-3,4.610244185E-3,-4.887787625E-3
1.159071150E2,-1.068205573E-2,5.894420668E-3,-6.818579510E-3
1.159171550E2,-1.048151962E-2,7.211886346E-3,-7.309133653E-3
1.159271960E2,-1.140670106E-2,5.817722529E-3,-6.529892795E-3
1.159372660E2,-1.484222151E-2,6.896616891E-3,-7.977222092E-3
1.159473070E2,-1.097318158E-2,1.299982890E-3,-9.458205663E-3
1.159573470E2,-1.298726536E-2,2.253074199E-4,-8.758938871E-3
1.159673870E2,-1.161307469E-2,-1.146754250E-3,-7.934955880E-3
1.159774280E2,-9.413180873E-3,1.714225858E-3,-6.635841448E-3
1.159874680E2,-9.767912328E-3,3.010919318E-3,-5.566582084E-3
1.159975390E2,-4.654644057E-3,8.412076160E-3,-5.317843053E-3
1.160075790E2,-6.554275751E-3,6.617637351E-3,-4.536204971E-3
1.160176235E2,-2.970051020E-3,4.532704130E-3,-3.611580702E-3
1.160276635E2,-4.236117005E-3,5.581723526E-3,-3.443535184E-3
1.160377045E2,-4.505507648E-3,5.486592650E-3,-2.505012089E-3
1.160477445E2,-4.040518776E-3,1.522211358E-3,-7.272602990E-3
1.160578155E2,-8.419554681E-3,5.909236148E-3,-8.752788417E-3
1.160678555E2,-9.477894753E-3,7.782503963E-3,-9.802073240E-3
1.160778955E2,-1.178997941E-2,3.605626523E-3,-1.034084242E-2
1.160879365E2,-1.539110579E-2,3.825072199E-3,-1.004017144E-2
1.160979765E2,-1.747490466E-2,4.837287590E-3,-1.136640180E-2
1.161080165E2,-1.868318021E-2,3.431405872E-3,-1.097864565E-2
1.161180875E2,-2.194613963E-2,4.768393934E-3,-1.114273444E-2
1.161281275E2,-2.203402296E-2,7.516242564E-3,-9.736585431E-3
1.161381685E2,-2.140183374E-2,6.678609177E-3,-9.899005294E-3
1.161482085E2,-2.114963159E-2,3.843940794E-3,-1.059036143E-2
1.161582485E2,-1.963333040E-2,4.802854732E-3,-1.027139649E-2
1.161682885E2,-1.745566353E-2,2.352481708E-3,-1.159152575E-2
1.161783595E2,-1.647929661E-2,3.059992567E-3,-6.810843945E-3
1.161884005E2,-1.308776066E-2,7.158778608E-4,-9.059084579E-3
1.161984405E2,-1.245550252E-2,2.607740462E-3,-9.528578259E-3
1.162084805E2,-1.393089443E-2,3.426661715E-3,-8.829765022E-3
1.162185205E2,-9.749367833E-3,1.974960789E-3,-1.117973216E-2
1.162285615E2,-1.079332642E-2,3.342494369E-3,-9.880376048E-3
1.162386315E2,-8.519349620E-3,1.016767696E-3,-1.045189612E-2
1.162486725E2,-1.836679876E-3,5.323626101E-5,-8.828965947E-3
1.162587125E2,-1.172563061E-3,1.245938241E-3,-7.068679668E-3
1.162687525E2,2.972362563E-4,1.404395327E-3,-6.921406835E-3
1.162787935E2,4.897136241E-4,-8.765235543E-4,-4.253364634E-3
1.162888335E2,1.250579022E-3,-7.548183203E-4,-3.720732406E-3
1.162989045E2,2.692025155E-3,-1.584075391E-3,-4.185211845E-3
1.163089445E2,1.794273034E-3,-1.381408423E-3,-4.706126172E-3
1.163189845E2,3.982298076E-3,-1.813421026E-3,-3.367988858E-3
1.163290255E2,9.582787752E-4,1.759603620E-4,-2.060376573E-3
1.163390655E2,-2.106269822E-4,-3.547836095E-4,-1.946280943E-3
1.163491055E2,2.116976306E-3,-7.553230971E-4,-1.666382770E-3
1.163591765E2,-4.191547632E-4,1.246204600E-3,2.994884271E-4
1.163692165E2,-8.998811245E-5,2.885645255E-3,1.934402972E-3
1.163792565E2,2.030955628E-3,1.516619697E-3,4.612285644E-3
1.163892975E2,1.152112149E-3,4.086036235E-3,4.082316998E-3
1.163993375E2,1.292626373E-3,1.892838627E-3,5.599969998E-3
1.164093775E2,2.188403159E-4,1.260869205E-3,5.301099154E-4
1.164194485E2,-1.329369843E-4,-4.614646547E-3,-1.131945988E-3
1.164294885E2,-3.412352875E-3,-1.279037446E-3,-3.739713458E-3
1.164395295E2,-4.779206589E-3,-1.342501491E-4,-4.339941777E-3
1.164495695E2,-5.127815530E-3,-1.859712414E-3,-3.538863035E-3
1.164596095E2,-5.849167705E-3,-2.642255276E-4,-3.342049429E-3
1.164696505E2,-6.961837411E-3,-2.664532512E-3,-5.099203438E-3
1.164797205E2,-9.055059403E-3,-3.475346602E-3,-4.524013959E-3
1.164897615E2,-5.944753066E-3,-1.100072637E-3,-2.462727483E-3
1.164998015E2,-4.458470270E-3,1.133140177E-4,-1.853951951E-3
1.165098415E2,-1.429390162E-3,2.649974078E-3,-1.196950092E-3
1.165198815E2,-4.363898188E-4,5.265574902E-3,-5.934067885E-4
1.165299225E2,-7.579848170E-5,2.385100350E-3,1.266811276E-3
1.165399935E2,-7.044747472E-4,2.814568579E-4,7.621480618E-4
1.165500335E2,-2.955377102E-3,-4.418585449E-4,2.942211693E-3
1.165600735E2,-2.730388194E-3,9.510610253E-4,3.158421023E-3
1.165701135E2,4.243915901E-4,-5.356635898E-3,2.201547148E-3
1.165801545E2,1.717501320E-3,-2.285043709E-3,8.335265447E-4
1.165901945E2,4.308757372E-3,6.750598550E-4,5.538946134E-4
1.166002655E2,5.073542707E-3,-3.263092600E-3,1.617501490E-3
1.166103055E2,6.802200340E-3,1.944899559E-4,3.062798874E-3
1.166203455E2,8.112283424E-3,-4.004913382E-3,2.446070546E-3
1.166303865E2,8.565288037E-3,-1.517253928E-3,2.397601027E-3
1.166404265E2,8.651717566E-3,1.312315464E-3,3.256099066E-3
1.166504665E2,9.825904854E-3,9.977817535E-5,4.022822715E-3
1.166605375E2,9.725868702E-3,1.278040931E-3,2.357901074E-3
1.166705775E2,8.522653021E-3,2.311080694E-3,2.151239663E-3
1.166806185E2,9.085523896E-3,9.872801602E-4,1.617515925E-3
1.166906585E2,7.148073986E-3,1.268243417E-3,-2.509579062E-4
1.167006985E2,5.022779107E-3,2.997027710E-3,2.141957171E-3
1.167107385E2,3.316491842E-3,-2.469377592E-3,2.039691666E-3
1.167208095E2,8.039893582E-4,-5.219466984E-4,1.334161730E-3
1.167308495E2,3.070338629E-3,-1.390136778E-3,-1.626740675E-3
1.167408905E2,1.515876502E-3,-4.273850471E-3,-2.578800777E-3
1.167509305E2,5.678130314E-3,-7.297603413E-3,-4.656865261E-3
1.167609705E2,2.036790363E-3,-7.201730274E-3,-4.911463708E-3
1.167710115E2,4.276508465E-3,-3.976908512E-3,-4.127695225E-3
1.167810815E2,1.992654987E-3,-3.914826550E-3,-2.866435796E-3
1.167911225E2,1.996649429E-3,-6.934851408E-3,-1.776936580E-3
1.168011625E2,3.578122705E-4,-5.345716141E-3,-1.329271821E-3
1.168112025E2,-7.407404482E-4,-2.457518131E-3,-1.528742490E-3
1.168212435E2,-3.968687728E-3,-1.553342678E-3,-2.381891827E-4
1.168312835E2,-3.341514617E-3,6.349757314E-4,2.105392516E-3
1.168413545E2,-6.000002846E-3,3.112312406E-3,2.092046896E-3
1.168513945E2,-6.649812683E-3,2.054771408E-3,1.924140961E-4
1.168614345E2,-4.389854148E-3,3.544542938E-3,1.700295834E-3
1.168714745E2,-4.724347964E-3,3.279825673E-3,3.577558091E-3
1.168815155E2,-4.607485607E-3,-7.286667824E-4,4.322930705E-3
1.168915555E2,-1.518484205E-3,2.855682746E-3,3.852350172E-3
1.169016265E2,1.629516482E-3,-8.219890296E-4,4.451082088E-3
1.169116665E2,4.302531481E-3,-5.492810160E-4,5.104888231E-3
1.169217065E2,4.972925410E-3,5.150455981E-4,4.910807125E-3
1.169317475E2,8.110129274E-3,2.853300422E-3,4.111858550E-3
1.169417875E2,8.631821722E-3,-1.367423683E-4,4.064504988E-3
1.169518275E2,1.306678448E-2,-1.005232334E-4,4.600599408E-3
1.169618985E2,1.222303882E-2,-1.149024814E-3,3.754132660E-3
1.169719385E2,1.453892328E-2,3.535319120E-4,4.875057377E-3
1.169819795E2,1.387746911E-2,-3.052890301E-3,4.512587097E-3
1.169920195E2,1.460184902E-2,-3.293373622E-3,3.339997260E-3
1.170020595E2,1.658638753E-2,-6.007214077E-3,3.675059648E-3
1.170120995E2,1.588943787E-2,-6.241305731E-3,3.753356403E-3
1.170221759E2,1.533532981E-2,-3.226178698E-3,2.141535282E-3
1.170322169E2,1.360507403E-2,-5.874692462E-3,-3.224212560E-4
1.170422569E2,1.254765596E-2,-1.535401680E-3,-1.483795117E-3
1.170522969E2,1.120462362E-2,-3.852086142E-3,1.146076480E-3
1.170623369E2,7.604951970E-3,-2.200887538E-3,7.212877972E-5
1.170723779E2,5.441400222E-3,-3.961237147E-3,8.433801704E-4
1.170824489E2,3.193498589E-3,-1.619476825E-4,3.563521430E-3
1.170924889E2,1.396663487E-3,-4.080235958E-4,1.155757345E-3
1.171025289E2,3.922889009E-4,-8.336640894E-5,1.245765015E-3
1.171125689E2,-7.155872881E-4,-2.525218762E-3,2.445518970E-3
1.171226099E2,7.213121280E-4,-2.039781772E-3,2.051130868E-3
1.171326499E2,3.599124029E-3,-4.278700799E-3,1.431146869E-3
1.171427209E2,5.885154940E-3,-7.343427278E-3,-4.778255825E-4
1.171527609E2,7.426592521E-3,-6.885363720E-3,-2.509551123E-3
1.171628009E2,3.963440657E-3,-5.083079450E-3,-1.055521425E-3
1.171728419E2,5.591963418E-3,-6.318725646E-4,-2.126911189E-3
1.171828819E2,4.475033842E-3,-2.347214147E-3,-1.585490420E-3
1.171929219E2,3.259033896E-3,1.155108213E-3,-1.046732999E-3
1.172029929E2,2.625782974E-3,-7.708091289E-4,5.902747507E-4
1.172130329E2,1.487281173E-3,-3.599085845E-3,2.780724782E-3
1.172230739E2,8.156318218E-4,4.372019321E-4,4.292334896E-3
1.172331139E2,-4.861205816E-4,-7.215403020E-4,4.125088453E-3
1.172431539E2,-3.227982670E-4,4.668733105E-3,3.605489852E-3
1.172531939E2,1.111846417E-3,3.640221432E-3,5.031879060E-3
1.172632649E2,8.889902383E-4,4.160234705E-3,5.399175454E-3
1.172733049E2,3.198483959E-3,4.128277302E-3,4.848700017E-3
1.172833459E2,7.942011580E-3,-2.587214112E-5,4.577659070E-3
1.172933859E2,9.865080006E-3,3.341428936E-3,3.827979090E-3
1.173034259E2,1.279567089E-2,-7.744133472E-4,6.862147129E-4
1.173134669E2,1.200657617E-2,-2.218912356E-3,2.177318558E-3
1.173235369E2,1.360771526E-2,-3.375445493E-3,1.817756449E-3
1.173335779E2,1.174456719E-2,-1.904315315E-3,2.359443344E-3
1.173436179E2,1.072820835E-2,-1.638863236E-3,1.681839814E-3
1.173536579E2,7.145191543E-3,-2.803729847E-3,2.715146402E-3
1.173636989E2,3.230731934E-3,1.034703106E-3,1.194331795E-3
1.173737389E2,7.039252669E-4,-5.948841572E-4,2.128302353E-3
1.173838099E2,1.932828687E-3,1.777397469E-3,3.028212581E-3
1.173938499E2,-7.945578545E-5,5.656592548E-4,2.290783217E-3
1.174038899E2,-4.481928423E-3,1.795772463E-3,2.769086976E-3
1.174139299E2,-3.951692954E-3,-1.919869334E-3,2.793854335E-3
1.174239709E2,-4.248995334E-3,-2.530515194E-3,2.962424885E-3
1.174340109E2,-4.823707044E-3,-3.060750663E-3,4.095067270E-3
1.174440819E2,-3.011330962E-3,-4.318404943E-3,7.961370866E-4
1.174541219E2,5.999160931E-4,-2.614514902E-3,4.573830520E-4
1.174641619E2,2.346850932E-3,-1.630461775E-3,-1.669158228E-3
1.174742029E2,2.631276846E-3,3.360155970E-4,-2.585285576E-3
1.174842429E2,4.925349727E-3,-4.132550210E-3,-1.117861131E-3
1.174942829E2,4.941594787E-3,-3.226010129E-3,-4.496740876E-4
1.175043539E2,6.146823056E-3,-6.284760311E-3,-6.985670188E-5
1.175143939E2,4.798997194E-3,-3.100418486E-3,-1.208890695E-3
1.175244349E2,6.516905501E-3,-6.417105906E-3,-1.143915812E-3
1.175344749E2,5.695586093E-3,-6.760920398E-3,8.470634348E-4
1.175445149E2,4.977452569E-3,-5.198500119E-3,7.967559504E-4
1.175545549E2,1.020071097E-2,-6.295722909E-3,2.382910461E-4
1.175646259E2,9.033009410E-3,-2.076590434E-3,-1.588441781E-3
1.175746669E2,1.144343615E-2,-7.894265465E-3,-1.317065675E-3
1.175847069E2,1.249504648E-2,-4.472934641E-3,-1.082425937E-3
1.175947469E2,1.147026196E-2,-6.875372492E-3,-2.017185325E-4
1.176047869E2,1.328856964E-2,-6.570421159E-3,1.086976845E-3
1.176148279E2,9.356145747E-3,-5.740846507E-3,2.619626001E-3
1.176248979E2,5.093538202E-3,-4.449930042E-3,5.401525646E-3
1.176349389E2,6.486105733E-3,-3.673352301E-3,6.178902462E-3
1.176449789E2,4.350978881E-3,-2.183765173E-4,4.226901103E-3
1.176550189E2,2.907811664E-3,-2.351533622E-4,3.240466351E-3
1.176650599E2,1.323157921E-3,2.278210595E-3,3.443600843E-3
1.176751299E2,7.545733824E-4,1.081386581E-3,1.305348938E-3
1.176851709E2,-9.062923491E-4,2.632301301E-3,8.193727699E-4
1.176952109E2,-4.475994036E-3,4.233926535E-3,4.268965684E-3
1.177052509E2,-7.163731381E-3,7.318276912E-3,4.767708946E-3
1.177152919E2,-9.283607826E-3,3.564285114E-3,6.634585094E-3
1.177253319E2,-1.590599306E-2,4.602899775E-3,9.235170670E-3
1.177354029E2,-1.654914767E-2,8.660491556E-3,7.427150384E-3
1.177454429E2,-1.645206101E-2,3.923682496E-3,7.613090333E-3
1.177554829E2,-1.250312477E-2,2.909550443E-3,5.781101529E-3
1.177655229E2,-7.994782180E-3,4.017675295E-3,2.349502407E-3
1.177755639E2,-4.042118788E-3,2.288484946E-3,-2.348292037E-4
1.177856039E2,-8.829310536E-4,2.312425524E-3,-8.522794815E-4
1.177956749E2,5.985893309E-3,1.363808289E-3,-3.169841366E-4
1.178057149E2,5.160871893E-3,-1.086965203E-4,1.605571015E-3
1.178157549E2,1.092395280E-2,-1.339077950E-3,1.193553908E-5
1.178257959E2,8.277663961E-3,-3.635370173E-3,2.415103372E-3
1.178358359E2,1.177066658E-2,-5.062292330E-3,2.942675725E-3
1.178458759E2,9.384885430E-3,1.141434535E-3,6.407497451E-3
1.178559469E2,1.209625043E-2,1.038104296E-3,8.005393669E-3
1.178659869E2,8.544341661E-3,2.325046808E-4,1.069426071E-2
1.178760279E2,1.070789341E-2,1.999510452E-3,1.127935667E-2
1.178860679E2,1.099919528E-2,-6.402991712E-4,1.290072966E-2
1.178961079E2,1.411189791E-2,3.421418369E-4,1.091401186E-2
1.179061479E2,1.495454833E-2,3.998093307E-4,1.188333519E-2
1.179162189E2,1.607999951E-2,-2.407696098E-3,1.016772725E-2
1.179262599E2,1.696760580E-2,-3.546872176E-3,9.992291220E-3
1.179362999E2,1.695002802E-2,-4.663003609E-3,5.175698083E-3
1.179463399E2,1.468568761E-2,-6.626215763E-3,8.114996366E-3
1.179563799E2,1.125660166E-2,-1.814949326E-3,6.920035928E-3
1.179664209E2,5.542743020E-3,6.902944297E-4,6.540389266E-3
1.179764909E2,2.502478659E-3,2.110293135E-3,5.464205518E-3
1.179865319E2,-1.817630604E-3,-6.155110896E-4,5.271296948E-3
1.179965719E2,-4.997178912E-3,2.144590020E-3,2.779643517E-3
1.180066119E2,-7.067227736E-3,1.148778945E-3,1.427847426E-3
1.180166529E2,-6.116479635E-3,1.647416502E-4,3.900136217E-4
1.180266906E2,-5.474003032E-3,7.963813841E-4,-4.547122517E-4
1.180367616E2,-5.019668490E-3,-8.379481733E-5,-1.485888148E-3
1.180468016E2,-4.675006494E-3,-1.460313797E-4,-2.294727601E-3
1.180568416E2,-5.436938256E-3,2.079572529E-3,-3.273971844E-3
1.180668826E2,-6.080383435E-3,-2.010192722E-3,-4.052437376E-3
1.180769226E2,-5.649749190E-3,-1.400062814E-3,-4.165887833E-3
1.180869626E2,-7.724931464E-3,-2.997294068E-4,-5.588509608E-3
1.180970336E2,-8.091649041E-3,-2.654496580E-3,-6.803443655E-3
1.181070736E2,-8.260980248E-3,-5.329381675E-4,-7.374464069E-3
1.181171136E2,-9.572053328E-3,-1.400329173E-3,-8.780347183E-3
1.181271546E2,-1.024360582E-2,8.534882218E-4,-6.660729647E-3
1.181371946E2,-1.138104126E-2,-7.420107722E-4,-6.415452808E-3
1.181472346E2,-1.208767109E-2,-2.642075531E-3,-6.433486473E-3
1.181573056E2,-9.815461934E-3,-3.938502632E-3,-5.796458572E-3
1.181673456E2,-7.000092417E-3,-2.400995232E-3,-4.734418821E-3
1.181773866E2,-7.985727862E-3,9.971987456E-4,-3.318149596E-3
1.181874266E2,-5.478603765E-3,-1.227917150E-3,-3.755153157E-3
1.181974666E2,-2.515304834E-3,-2.203700133E-3,3.559037577E-5
1.182075076E2,-1.626512036E-3,1.849830151E-4,-2.029328374E-3
1.182175776E2,3.924295306E-4,-3.820144571E-3,-6.103962078E-4
1.182276186E2,8.161142468E-4,-8.213091642E-4,1.046426827E-3
1.182376586E2,5.764001049E-3,-5.662669428E-3,4.501345567E-3
1.182476986E2,3.182213753E-3,-4.217756912E-3,6.691053044E-3
1.182577386E2,6.093315780E-3,2.246629447E-4,5.117124878E-3
1.182677796E2,9.252160788E-3,-2.718895674E-3,6.301416550E-3
1.182778506E2,9.763222188E-3,-2.301312052E-3,3.778337501E-3
1.182878906E2,1.339059230E-2,-2.451444976E-3,-3.245607950E-4
1.182979306E2,1.238285191E-2,-6.277114153E-4,-2.322996967E-3
1.183079706E2,1.179041993E-2,-9.835809469E-4,-3.341357224E-3
1.183180116E2,1.055444777E-2,-8.556278422E-3,-1.494188560E-3
1.183280516E2,8.313374594E-3,-1.842249185E-4,-2.216644818E-3
1.183381226E2,6.909090094E-3,-8.131098002E-3,-3.418442793E-5
1.183481626E2,4.479706287E-3,-4.092854448E-3,3.413234139E-3
1.183582026E2,-1.501221210E-3,-3.284756094E-4,3.455311758E-3
1.183682436E2,-1.896942034E-3,9.207651019E-4,3.329366446E-3
1.183782836E2,-3.010677174E-3,1.666450873E-3,1.599377370E-3
1.183883236E2,-4.252629355E-3,6.335835904E-3,2.304285299E-3
1.183983946E2,-3.020917997E-3,2.999961376E-3,2.780458424E-3
1.184084346E2,-2.279397100E-3,3.121042624E-3,1.698866952E-3
1.184184756E2,-2.055957913E-3,2.245418727E-5,1.116167288E-3
1.184285156E2,-3.775294870E-3,-2.557542175E-3,1.635840163E-3
1.184385556E2,-4.027761519E-3,-2.610981464E-4,2.824941650E-3
1.184485956E2,-4.596492276E-3,-8.862037212E-4,2.496602945E-3
1.184586666E2,-4.899825901E-3,-8.547790349E-4,1.661435585E-3
1.184687066E2,-2.272013575E-3,-9.636692703E-4,6.374352961E-4
1.184787476E2,-3.364177421E-3,1.402016729E-3,-3.729680320E-4
1.184887876E2,-2.342198044E-3,1.264268532E-3,-3.286969382E-3
1.184988276E2,-5.421675742E-4,2.985469997E-3,-2.836895175E-3
1.185088686E2,-1.153945923E-3,5.393736064E-4,-4.581133369E-3
1.185189386E2,-2.297239378E-3,-4.272958264E-3,-2.964860760E-3
1.185289796E2,-1.552380621E-3,-1.555074006E-3,-2.871850505E-3
1.185390196E2,-3.100741655E-3,1.115011051E-3,-2.616719808E-3
1.185490596E2,-3.870489076E-3,-1.016749069E-3,1.066241646E-3
1.185591006E2,-4.354916513E-3,1.757999882E-3,2.167991363E-3
1.185691406E2,-3.448478878E-3,-1.345720142E-3,7.162115071E-4
1.185792116E2,-4.119062796E-3,-2.279425040E-3,1.408100710E-3
1.185892516E2,-4.646124318E-3,2.925327048E-3,1.126666204E-3
1.185992916E2,-3.514014184E-3,3.908032551E-3,-1.651809784E-3
1.186093316E2,-4.269456491E-3,1.882417127E-3,-2.897629980E-3
1.186193726E2,-2.932282165E-3,3.967406228E-3,-1.534091425E-3
1.186294126E2,-3.926925361E-3,3.019668162E-3,-1.165014692E-3
1.186394836E2,-2.756731585E-3,2.306740731E-3,-9.985670913E-4
1.186495236E2,-2.724001184E-3,-5.718320608E-7,-1.807658700E-3
1.186595636E2,-4.503525794E-3,-3.573734313E-3,2.788424492E-3
1.186696046E2,-1.909192652E-3,7.753577083E-4,3.816192504E-3
1.186796446E2,-2.376046032E-3,-1.201506704E-3,5.655105226E-3
1.186896846E2,-5.502551794E-4,5.569458008E-4,6.471112370E-3
1.186997556E2,3.140353598E-3,1.899445429E-3,6.739559583E-3
1.187097956E2,6.070607342E-3,5.818199366E-3,7.687967271E-3
1.187198366E2,6.958238780E-3,4.762522876E-3,5.859440658E-3
1.187298766E2,6.798397750E-3,9.869281203E-4,3.232906340E-3
1.187399166E2,9.102830663E-3,-2.498616464E-3,4.048898816E-3
1.187499566E2,7.606570143E-3,-2.433622256E-3,4.485117272E-3
1.187600276E2,7.134391926E-3,-1.971297897E-3,3.653412219E-3
1.187700686E2,7.138023153E-3,4.082582891E-4,4.265929572E-3
1.187801086E2,3.026901744E-3,-1.443438232E-3,3.765788162E-3
1.187901486E2,2.581574023E-3,5.430225283E-4,5.802161060E-3
1.188001886E2,-2.250730991E-3,1.961953938E-3,7.348658517E-3
1.188102296E2,-2.788836136E-3,3.977196291E-3,7.297655568E-3
1.188203006E2,-4.388064146E-3,3.702623770E-3,6.786062382E-3
1.188303406E2,-4.701202735E-3,6.025524810E-3,7.517322898E-3
1.188403806E2,-1.697422937E-3,1.840367913E-3,3.918327391E-3
1.188504206E2,2.521820366E-3,2.716083080E-3,6.516600028E-3
1.188604616E2,3.391609527E-3,1.421384513E-4,5.153327715E-3
1.188705016E2,3.401898779E-3,-6.690397859E-4,6.634958554E-4
1.188805726E2,4.591000266E-3,-1.695688814E-3,2.371381037E-3
1.188906126E2,3.309174441E-3,-1.988003962E-3,8.938104729E-4
1.189006526E2,2.082788385E-3,-6.574500352E-3,-1.474005985E-3
1.189106936E2,2.988795750E-3,-2.458318137E-3,-3.971784841E-3
1.189207336E2,1.642471179E-4,-3.685503267E-3,-3.212517593E-3
1.189307736E2,-2.100674435E-3,-2.616258338E-3,-3.595472081E-3
1.189408446E2,-4.091121256E-3,3.268010914E-4,-7.157743676E-5
1.189508846E2,-8.767947555E-3,1.016780734E-4,-8.097648970E-4
1.189609256E2,-9.323216975E-3,1.865489408E-3,-1.482357038E-4
1.189709656E2,-1.287897304E-2,5.229841918E-3,-9.117552545E-4
1.189810056E2,-1.266991533E-2,1.205272973E-3,-2.036940772E-3
1.189910456E2,-1.496241055E-2,3.660811111E-3,-1.995178638E-3
1.190011166E2,-1.844875515E-2,6.548210979E-3,2.418766380E-4
1.190111566E2,-1.826419681E-2,4.427535459E-3,1.593164634E-3
1.190212187E2,-1.802131906E-2,5.644334480E-3,3.214763245E-3
1.190312587E2,-1.967172883E-2,8.423257619E-3,5.870774388E-3
1.190412987E2,-1.700990088E-2,1.027921587E-2,6.003933027E-3
1.190513397E2,-1.705350168E-2,7.053090259E-3,5.997792818E-3
1.190614097E2,-1.369419135E-2,3.632793203E-3,6.349596195E-3
1.190714507E2,-8.087970316E-3,2.485768870E-3,3.525846638E-3
1.190814907E2,-5.541989580E-3,-4.033382982E-3,1.793460106E-3
1.190915307E2,-7.802061737E-4,-7.818972692E-3,1.277296338E-3
1.191015717E2,4.607634619E-3,-8.506600745E-3,-5.453709746E-4
1.191116117E2,7.014938630E-3,-8.635655977E-3,-3.634031396E-3
1.191216827E2,8.202441968E-3,-5.030002445E-3,-4.719535820E-3
1.191317227E2,7.718350273E-3,-4.881095141E-3,-4.209290259E-3
1.191417627E2,4.580081441E-3,-2.881061286E-3,-5.799729377E-3
1.191518027E2,1.504109241E-3,-2.532738261E-3,-4.648298025E-3
1.191618437E2,-1.962527633E-3,-1.452826895E-3,-3.274639836E-3
1.191719147E2,-7.419830188E-3,-5.993191153E-4,-2.363695065E-3
1.191819547E2,-8.873118088E-3,6.113536656E-4,-1.476862351E-3
1.191919947E2,-1.206975989E-2,2.801585943E-4,2.244324423E-3
1.192020347E2,-1.517021284E-2,1.762742177E-3,4.481379874E-3
1.192120757E2,-1.402374543E-2,5.376253277E-3,4.907015245E-3
1.192221157E2,-1.235394366E-2,5.552288145E-3,5.530727562E-3
1.192321867E2,-1.307519712E-2,7.371580228E-3,8.012359962E-3
1.192422267E2,-1.279876009E-2,4.675395787E-3,9.018768556E-3
1.192522667E2,-1.198364235E-2,5.437083542E-3,8.378392085E-3
1.192623077E2,-9.376408532E-3,6.980651990E-3,8.652964607E-3
1.192723477E2,-9.328518063E-3,5.436927080E-3,7.782325149E-3
1.192823877E2,-9.243296459E-3,1.423809677E-3,7.078452036E-3
1.192924587E2,-4.357533529E-3,3.879738972E-3,5.393753760E-3
1.193024987E2,-1.570535824E-3,-1.864966005E-3,2.270931145E-3
1.193125397E2,3.462377936E-4,2.080388367E-5,6.671834853E-4
1.193225797E2,3.458940424E-3,1.991542056E-3,1.478116028E-3
1.193326197E2,6.643015891E-3,-7.383842021E-4,8.393111639E-4
1.193426597E2,7.312800735E-3,-1.477943733E-3,3.462790977E-3
1.193527307E2,9.036374278E-3,-5.242936313E-4,1.359846443E-3
1.193627707E2,8.070180193E-3,-3.815960139E-3,1.121759880E-3
1.193728117E2,8.132521994E-3,-4.532403313E-3,1.119144144E-4
1.193828517E2,8.801241405E-3,-6.708738394E-3,4.267221084E-5
1.193928917E2,9.032160044E-3,-5.703983828E-3,-2.582391025E-4
1.194029327E2,6.437442265E-3,-3.326313570E-3,-3.077738802E-4
1.194130027E2,3.257990815E-3,-1.072028652E-3,-7.864311337E-4
1.194230437E2,1.907502301E-3,3.074891865E-4,1.308145002E-3
1.194330837E2,-1.952361315E-3,-3.124604002E-3,1.042930176E-3
1.194431237E2,-5.341766402E-3,-7.168389857E-4,3.032577923E-3
1.194531647E2,-6.607180461E-3,2.408040687E-3,2.746056067E-3
1.194632047E2,-8.034368977E-3,-4.503298551E-4,2.554308623E-3
1.194732757E2,-9.967993945E-3,1.222917810E-3,4.746364430E-3
1.194833157E2,-1.139624603E-2,1.310270280E-3,3.912794404E-3
1.194933557E2,-1.268906146E-2,1.953968778E-3,4.683380015E-3
1.195033957E2,-8.683135733E-3,3.339078277E-3,6.133737508E-3
1.195134367E2,-4.936771467E-3,5.747679621E-3,5.076305009E-3
1.195234767E2,-5.250757560E-3,2.434974536E-3,6.347964052E-3
1.195335477E2,-5.360577255E-3,2.123938873E-3,4.882950336E-3
1.195435877E2,-4.404235631E-3,-6.633251905E-4,2.622459084E-3
1.195536277E2,-4.186291248E-3,2.650635317E-3,4.265006166E-3
1.195636687E2,-5.690710619E-3,5.521256477E-3,2.010107739E-3
1.195737087E2,-5.789807066E-3,1.501133665E-3,1.507733716E-3
1.195837487E2,-6.840422750E-3,3.953639418E-3,4.251587088E-4
1.195938197E2,-7.376397029E-3,5.367364734E-3,9.995459113E-4
1.196038597E2,-7.257353514E-3,3.828857094E-3,1.519927755E-3
1.196139007E2,-7.532000542E-3,3.847729415E-3,2.860313514E-3
1.196239407E2,-8.640673012E-3,6.641875952E-4,2.999330405E-3
1.196339807E2,-5.047267303E-3,-1.558820717E-3,2.918008715E-3
1.196440207E2,-1.776905730E-3,1.653218642E-3,1.919323346E-3
1.196540917E2,-3.348076716E-3,-4.863180220E-4,3.202538937E-3
1.196641327E2,1.763505861E-4,-2.973711118E-3,2.076287754E-3
1.196741727E2,1.134775579E-3,-3.054365516E-5,3.858956741E-3
1.196842127E2,1.165135764E-3,2.648331225E-3,4.476277158E-3
1.196942527E2,3.787741996E-3,3.085229546E-4,3.824173706E-3
1.197042937E2,3.758447245E-3,-4.118981771E-3,4.313130397E-3
1.197143637E2,2.676576376E-3,-1.094756648E-3,3.374003107E-3
1.197244047E2,1.709582284E-3,-1.195691526E-3,5.663789343E-3
1.197344447E2,1.698177308E-3,-2.493822947E-3,2.968454268E-3
1.197444847E2,1.190046780E-3,-5.018233322E-3,3.818801371E-3
1.197545257E2,-1.803465188E-3,-5.723634735E-3,5.510141607E-3
1.197645657E2,-4.566762596E-3,-3.862884827E-3,5.025979131E-3
1.197746367E2,-2.917055041E-3,-4.582135007E-3,3.966007847E-3
1.197846767E2,-3.929056227E-3,-3.036169335E-3,3.105540294E-3
1.197947167E2,-3.492563963E-3,-9.980518371E-4,1.239729463E-3
1.198047577E2,-2.178028226E-3,-1.239068806E-3,-7.789465017E-4
1.198147977E2,-2.218117937E-3,1.371204853E-4,-9.920633165E-4
1.198248377E2,-2.965668216E-3,1.132609323E-3,1.148052863E-3
1.198349087E2,-3.825677559E-3,3.030139953E-3,1.404097071E-3
1.198449487E2,-7.557831705E-3,5.400832742E-4,3.042740049E-3
1.198549887E2,-8.553031832E-3,7.842462510E-4,4.947456531E-3
1.198650297E2,-9.563168511E-3,2.678019926E-3,7.239906117E-3
1.198750697E2,-1.011475548E-2,4.077345133E-3,8.335747756E-3
1.198851097E2,-9.191971272E-3,3.516750410E-3,7.134927902E-3
1.198951807E2,-1.079630852E-2,1.684876159E-3,6.107959896E-3
1.199052207E2,-4.747204483E-3,1.486737281E-3,3.513775067E-3
1.199152617E2,-1.936744899E-3,1.964980736E-3,4.220605828E-3
1.199253017E2,5.138963461E-4,1.796135679E-3,1.699923887E-3
1.199353417E2,8.974168450E-4,2.658626065E-3,2.141934354E-3
1.199453827E2,1.084636897E-3,-1.656562090E-4,5.624135374E-4
1.199554527E2,1.028371975E-3,-2.528188750E-3,3.800060949E-4
1.199654937E2,2.813553438E-4,1.161621884E-3,1.674568746E-3
1.199755337E2,9.744064882E-4,-1.036692411E-4,2.365136519E-3
1.199855737E2,-9.236279875E-4,3.213563934E-3,3.531601047E-3
1.199956137E2,-3.092654049E-3,2.361547202E-3,6.314373109E-3
1.200056547E2,-1.734174788E-3,-1.048363745E-3,7.527177222E-3
1.200157257E2,-2.005403861E-3,1.680647954E-3,6.844573654E-3
1.200257767E2,-3.607828170E-3,8.404217660E-4,7.964165881E-3
1.200358167E2,-3.335582092E-3,2.550540492E-3,7.785280235E-3
1.200458567E2,-1.895876601E-3,-5.674883723E-4,6.824411452E-3
1.200558977E2,-1.361068338E-3,4.403196275E-3,7.130990736E-3
1.200659377E2,-2.400234342E-3,3.642458469E-4,5.014044233E-3
1.200760087E2,-2.451168373E-3,1.614440233E-3,4.923586268E-3
1.200860487E2,-3.804586828E-3,3.644300625E-3,3.781356383E-3
1.200960887E2,-3.080962226E-3,-1.188861206E-3,3.486964386E-3
1.201061297E2,-3.951549530E-3,5.890652537E-4,3.350078128E-3
1.201161697E2,-2.810359001E-3,-1.023063436E-3,8.895142237E-4
1.201262097E2,-3.641530871E-3,-1.755433157E-3,-7.083824603E-4
1.201362807E2,-2.171682194E-3,-1.456532627E-3,1.012506895E-3
1.201463207E2,-2.110961825E-3,2.137137577E-3,-5.092233187E-4
1.201563617E2,-2.187324688E-3,-1.403173432E-3,-1.047633938E-3
1.201664017E2,-2.254968509E-3,1.072766259E-3,-6.998749450E-5
1.201764417E2,-1.201977953E-3,-2.114499919E-3,-3.516512923E-3
1.201864817E2,2.073673531E-4,-2.259109169E-3,-1.193969976E-3
1.201965527E2,1.849792898E-5,-1.808276400E-3,-1.562938327E-3
1.202065927E2,1.517857425E-3,1.733461395E-3,-2.085184213E-3
1.202166337E2,2.842467278E-3,-1.636123285E-3,-3.516153200E-3
1.202266737E2,3.457657062E-3,-3.096867353E-3,-1.411291305E-4
1.202367137E2,2.295170911E-3,3.439607099E-3,7.546244888E-4
1.202467547E2,1.735640690E-3,2.144778147E-3,6.539570168E-4
1.202568247E2,1.976794563E-3,2.556413412E-3,1.152669778E-3
1.202668657E2,3.593066707E-3,2.606747672E-3,-7.203314453E-4
1.202769057E2,4.671429284E-3,2.001503482E-3,-8.804308018E-4
1.202869457E2,3.546509892E-3,-3.095787019E-3,-1.563173137E-4
1.202969867E2,4.675790668E-3,-1.333111897E-3,-2.715709619E-3
1.203070267E2,5.550638773E-3,4.080627114E-4,-1.122032991E-4
1.203170977E2,4.334732890E-3,-4.478432238E-4,1.116957865E-3
1.203271377E2,5.468706600E-3,-2.113117836E-3,1.442928682E-3
1.203371777E2,3.153846599E-3,-8.994434029E-4,3.545064945E-3
1.203472177E2,6.710231304E-3,7.629394531E-6,1.139964210E-3
1.203572587E2,4.119575955E-3,1.466594636E-3,7.789284573E-4
1.203673297E2,4.487091675E-3,1.481508836E-3,7.139474037E-4
1.203773697E2,5.186851136E-3,1.399558038E-3,2.265733201E-3
1.203874097E2,6.544530392E-3,1.291433349E-3,2.351753181E-3
1.203974497E2,5.421109498E-3,2.561299130E-3,-5.857925862E-5
1.204074907E2,4.645596258E-3,6.419587880E-4,-1.173911151E-3
1.204175307E2,4.519145004E-3,1.809116453E-3,-1.774402568E-3
1.204276017E2,4.611023702E-3,-2.566457726E-3,-2.498249756E-3
1.204376417E2,4.584174603E-3,-3.363716416E-3,-3.296708688E-3
1.204476817E2,3.759127110E-3,-1.421472989E-3,-4.373158328E-3
1.204577227E2,3.699447960E-3,-2.448865213E-3,-7.628366817E-3
1.204677627E2,9.020632133E-4,-1.138856634E-3,-6.909845863E-3
1.204778027E2,8.059721440E-4,-5.150751211E-3,-6.406722125E-3
1.204878737E2,3.457777202E-4,-1.002877951E-3,-8.699171245E-3
1.204979137E2,-1.947833225E-3,3.878399730E-4,-1.037670486E-2
1.205079547E2,-9.475499392E-4,1.626210287E-3,-1.089575514E-2
1.205179947E2,-1.691734418E-3,-3.285333514E-4,-1.261003967E-2
1.205280347E2,-2.872845158E-3,-2.537892200E-3,-1.360659488E-2
1.205380747E2,-1.255119219E-3,1.863893121E-4,-1.453077514E-2
1.205481457E2,-9.967926890E-4,-3.511410207E-3,-1.456646156E-2
1.205581867E2,5.326792598E-5,-2.687897533E-3,-1.423466206E-2
1.205682267E2,9.664651006E-4,-5.380619317E-3,-1.349137351E-2
1.205782667E2,-1.613087952E-4,-1.788778231E-3,-1.414599735E-2
1.205883067E2,-5.804896355E-4,-1.163734123E-3,-1.542271674E-2
1.205983477E2,-1.146947965E-3,-1.311484724E-3,-1.645512134E-2
1.206084177E2,-1.435369253E-3,-2.289130352E-3,-1.768283918E-2
1.206184587E2,-1.896603033E-3,-1.349622384E-3,-1.582845300E-2
1.206284987E2,-5.760317668E-3,-1.021254808E-3,-1.612246595E-2
1.206385387E2,-9.718814865E-3,-1.908204518E-3,-1.589483768E-2
1.206485797E2,-1.241073757E-2,-3.961501643E-3,-1.460719854E-2
1.206586197E2,-1.553365774E-2,-1.249853522E-3,-1.271183603E-2
1.206686907E2,-1.697043143E-2,1.328352839E-3,-1.064415835E-2
1.206787307E2,-1.846153475E-2,5.295397714E-3,-1.057917718E-2
1.206887707E2,-1.803809218E-2,6.309794262E-3,-1.049129292E-2
1.206988117E2,-1.670288295E-2,2.255210653E-3,-1.237006299E-2
1.207088517E2,-1.527782530E-2,-6.337873638E-4,-1.363639627E-2
1.207188917E2,-1.658422872E-2,-8.060168475E-4,-1.787405275E-2
1.207289627E2,-1.654827595E-2,-3.760260530E-3,-1.637496054E-2
1.207390027E2,-1.515413448E-2,-2.093333751E-3,-1.924134605E-2
1.207490427E2,-1.591340080E-2,1.111781225E-3,-1.862349361E-2
1.207590837E2,-1.520654932E-2,-1.386169344E-3,-1.647277176E-2
1.207691237E2,-1.580416225E-2,-3.405909985E-3,-1.292437594E-2
1.207791637E2,-1.648709550E-2,4.301887006E-3,-1.145981252E-2
1.207892347E2,-1.675527543E-2,4.056282341E-5,-1.179670170E-2
1.207992747E2,-2.041719295E-2,2.514015883E-3,-8.816174231E-3
1.208093157E2,-1.895138808E-2,1.079104841E-3,-9.622046724E-3
1.208193557E2,-1.978604868E-2,-4.017706960E-4,-1.025713701E-2
1.208293957E2,-1.596095040E-2,-6.901919842E-4,-1.222894154E-2
1.208394367E2,-1.278727874E-2,-2.314442769E-3,-1.366105489E-2
1.208495067E2,-9.253796190E-3,-2.501131035E-3,-1.494816132E-2
1.208595477E2,-4.822643474E-3,-2.604980953E-3,-1.486361586E-2
1.208695877E2,-9.240414947E-4,-3.914457746E-3,-1.366226375E-2
1.208796277E2,-8.400548249E-4,-4.229532555E-3,-9.620907716E-3
1.208896677E2,9.352080524E-4,-1.026282087E-3,-1.009974442E-2
1.208997087E2,-2.953557298E-3,-3.661204129E-3,-6.780512631E-3
1.209097797E2,-6.923796609E-3,-4.197830334E-3,-6.603145972E-3
1.209198197E2,-7.067518309E-3,-1.139428467E-3,-7.000108249E-3
1.209298597E2,-8.111210540E-3,-3.569927067E-4,-7.106901146E-3
1.209398997E2,-8.142586797E-3,-3.579587676E-3,-8.723219857E-3
1.209499407E2,-6.736703217E-3,-4.046172835E-3,-1.096959598E-2
1.209599807E2,-7.215710357E-3,-3.911700100E-3,-1.138796937E-2
1.209700517E2,-7.261250168E-3,-3.817424178E-3,-1.253472641E-2
1.209800917E2,-6.469359621E-3,-4.797891714E-3,-1.057881862E-2
1.209901317E2,-6.696794182E-3,-4.676717333E-3,-1.099879853E-2
1.210001727E2,-8.598402143E-3,-6.555095315E-4,-8.200671524E-3
1.210102127E2,-9.002937004E-3,-1.630913466E-4,-6.729807705E-3
1.210202550E2,-1.052379049E-2,3.160443157E-4,-7.129565813E-3
1.210303260E2,-1.010460965E-2,5.346909165E-4,-5.004096776E-3
1.210403660E2,-1.242198981E-2,2.706971020E-3,-3.558897413E-3
1.210504070E2,-1.284809597E-2,4.671584815E-3,-3.743987298E-3
1.210604470E2,-1.792137511E-2,1.752100885E-3,-3.952718806E-3
1.210704870E2,-1.783428900E-2,1.829657704E-4,-2.070929389E-3
1.210805270E2,-1.556999981E-2,9.700227529E-4,-1.219433383E-3
1.210905980E2,-1.673060283E-2,3.955792636E-4,-1.580291661E-3
1.211006380E2,-1.227535307E-2,2.520609647E-3,-2.185488120E-5
1.211106790E2,-1.212435029E-2,4.686025903E-3,-6.287893048E-4
1.211207190E2,-1.051674411E-2,7.102716714E-3,2.022053814E-3
1.211307590E2,-1.046454720E-2,8.367985487E-3,1.694485079E-3
1.211408000E2,-9.384049103E-3,7.121197879E-3,1.706684940E-3
1.211508700E2,-7.391206920E-3,5.728365853E-3,2.737594536E-3
1.211609110E2,-8.213862777E-3,4.603490233E-3,1.190672396E-3
1.211709510E2,-1.107170060E-2,2.523029223E-3,1.733690966E-3
1.211809910E2,-9.079413489E-3,2.406971529E-3,-2.874103375E-4
1.211910320E2,-1.124935783E-2,-1.465797424E-3,-1.885307021E-3
1.212010720E2,-1.018884219E-2,-1.833692193E-3,-2.127862535E-4
1.212111430E2,-1.108100079E-2,3.964275122E-3,4.612597986E-4
1.212211830E2,-1.160082407E-2,4.279533401E-3,1.457576058E-3
1.212312230E2,-1.050413400E-2,5.672900006E-3,1.848261920E-3
1.212412630E2,-1.285035349E-2,4.503929988E-3,8.505675360E-4
1.212513040E2,-1.577530243E-2,3.302311525E-3,-5.396025372E-4
1.212613440E2,-1.677817851E-2,1.692522317E-3,-3.029575571E-3
1.212714150E2,-1.656885445E-2,-3.622348420E-3,-4.998716991E-3
1.212814550E2,-1.571330242E-2,-7.415944710E-3,-7.471498102E-3
1.212914950E2,-1.365334727E-2,-9.437017143E-3,-6.841926835E-3
1.213015360E2,-1.132189296E-2,-6.543887779E-3,-8.003130555E-3
1.213115760E2,-7.721299306E-3,-3.508416936E-3,-5.848367698E-3
1.213216470E2,-6.332281977E-3,-1.480523497E-4,-3.846060485E-3
1.213316870E2,-4.222525284E-3,-4.266183823E-4,-2.744310535E-3
1.213417270E2,-4.362786189E-3,-5.203504115E-4,-1.335907378E-3
1.213517680E2,-3.663705662E-3,-4.766751081E-4,9.637321928E-4
1.213618080E2,-3.874983639E-3,-2.745166421E-3,-7.892841240E-4
1.213718480E2,-5.570882931E-3,-3.984068520E-3,1.229391899E-3
1.213819190E2,-7.403124124E-3,-2.659707330E-3,8.827917627E-4
1.213919590E2,-9.515542537E-3,-2.969698980E-3,-9.816873353E-4
1.214020000E2,-1.103240810E-2,2.086402848E-3,-5.432484904E-4
1.214120400E2,-9.789245203E-3,-4.964848049E-3,5.694202264E-4
1.214220800E2,-7.698588073E-3,7.681231946E-4,4.502563388E-4
1.214321200E2,-2.954432741E-3,-2.168012783E-3,6.643745000E-4
1.214421910E2,-7.766708732E-4,1.399807632E-3,3.200371284E-4
1.214522310E2,3.748307005E-3,1.445081085E-3,1.392225851E-3
1.214622720E2,4.639239982E-3,2.583209425E-4,8.001021342E-4
1.214723120E2,6.151915528E-3,-4.652282223E-3,2.190005966E-3
1.214823520E2,7.800820284E-3,-4.192504101E-3,1.782615553E-3
1.214923930E2,6.327825598E-3,-2.973575145E-3,2.822313458E-3
1.215024630E2,5.592497066E-3,-2.474925481E-3,4.257834982E-3
1.215125040E2,5.835111253E-3,-2.710881643E-3,2.852751175E-3
1.215225440E2,2.819160931E-3,-2.068261616E-3,6.481978111E-3
1.215325840E2,2.694792114E-3,-1.704207622E-3,4.844133742E-3
1.215426250E2,3.620692529E-3,1.011151820E-3,7.592378650E-3
1.215526650E2,1.986044459E-3,2.681754529E-3,8.109298535E-3
1.215627360E2,1.511741430E-3,1.904599369E-3,1.000882313E-2
1.215727760E2,1.039562747E-3,7.364345714E-3,1.100164931E-2
1.215828160E2,7.069492713E-4,7.804553956E-3,1.340821758E-2
1.215928560E2,-1.010540873E-4,5.034865811E-3,1.411129255E-2
1.216028970E2,-8.371248841E-4,5.362590775E-3,1.240279898E-2
1.216129370E2,-6.664153188E-4,4.256313667E-3,1.062540524E-2
1.216230080E2,-8.443873376E-4,3.054652363E-3,1.176179573E-2
1.216330480E2,-4.171473905E-3,5.345502868E-3,1.146272197E-2
1.216430880E2,-4.916306585E-3,7.079059258E-3,1.113590412E-2
1.216531290E2,-2.084568143E-3,5.270238966E-3,9.079943411E-3
1.216631690E2,-2.147344872E-3,4.839381203E-3,8.579514921E-3
1.216732090E2,-1.361712813E-3,1.197243109E-3,7.173099089E-3
1.216832800E2,-2.597691491E-4,2.146352082E-3,6.949147675E-3
1.216933200E2,2.438947558E-5,1.848077402E-3,4.924613051E-3
1.217033610E2,3.671417944E-3,-9.136386216E-4,4.321416840E-3
1.217134010E2,1.416785643E-3,1.744728535E-3,2.979183337E-3
1.217234410E2,1.306959428E-3,1.798592508E-3,3.844539868E-3
1.217334810E2,-5.455352366E-4,4.821922630E-4,3.530819202E-3
1.217435520E2,1.506907865E-4,4.396159202E-4,7.661098614E-3
1.217535930E2,-2.984382212E-3,1.534175128E-3,6.665076129E-3
1.217636330E2,-4.418266937E-3,7.485598326E-5,7.217776030E-3
1.217736730E2,-3.891227767E-3,2.077464014E-4,7.467314601E-3
1.217837130E2,-6.617290899E-3,7.897987962E-4,6.602640264E-3
1.217937540E2,-8.406668901E-3,4.698254168E-3,4.816724453E-3
1.218038240E2,-8.478993550E-3,1.422265545E-3,4.447755869E-3
1.218138650E2,-7.256336510E-3,-3.659045324E-3,4.515932873E-3
1.218239050E2,-7.501978427E-3,-1.632623374E-3,4.888498690E-3
1.218339450E2,-5.710203201E-3,-9.471252561E-4,4.204332363E-3
1.218439860E2,-4.947245121E-3,-1.616794616E-4,4.393781535E-3
1.218540260E2,-4.710489884E-3,-1.107633114E-3,3.570332192E-3
1.218640970E2,-3.720453009E-3,-2.793564461E-3,4.315557890E-3
1.218741370E2,-4.743106663E-3,-3.109947778E-3,6.872668164E-4
1.218841770E2,-5.780991167E-3,-1.149961725E-3,2.668441273E-3
1.218942180E2,-1.093474217E-2,-1.736389473E-3,-4.738224670E-4
1.219042580E2,-1.176181436E-2,-1.619538292E-3,1.073906664E-3
1.219142980E2,-1.118896902E-2,-3.775899298E-3,-9.895105613E-4
1.219243690E2,-1.099753939E-2,-4.670560360E-3,-1.232073409E-3
1.219344090E2,-8.496565744E-3,-3.521407023E-3,1.098458888E-3
1.219444490E2,-5.881516263E-3,-3.471307456E-3,8.532952052E-4
1.219544900E2,-6.741983816E-3,1.185495406E-3,7.765961345E-4
1.219645300E2,-5.887923762E-3,-4.592612386E-4,1.741592074E-3
1.219745700E2,-6.773158908E-3,1.962084323E-3,2.931758529E-3
1.219846410E2,-3.688974306E-3,1.273186877E-3,2.855295083E-3
1.219946810E2,-6.168112159E-3,2.055624500E-3,4.726698156E-3
1.220047220E2,-7.017273456E-3,6.476119161E-3,4.284921568E-3
1.220147620E2,-5.476634949E-3,6.304811686E-4,6.315315608E-3
1.220247804E2,-4.914252087E-3,3.521032631E-3,9.743622504E-3
1.220348214E2,-5.230901763E-3,6.472347304E-3,1.002591755E-2
1.220448914E2,-1.998785883E-3,6.655259058E-3,1.361255813E-2
1.220549324E2,-1.410493627E-3,7.559137419E-3,1.296647545E-2
1.220649724E2,1.829989254E-3,4.359234124E-3,1.313750446E-2
1.220750124E2,1.930922270E-3,4.338195547E-3,1.490690932E-2
1.220850524E2,2.900099382E-3,3.769725561E-3,1.336967852E-2
1.220950934E2,3.330998123E-3,6.061641499E-3,1.636759937E-2
1.221051644E2,2.056974918E-4,8.443824947E-3,1.563216746E-2
1.221152044E2,-1.516569406E-3,4.975590855E-3,1.681354642E-2
1.221252444E2,-4.463871941E-3,2.952070907E-3,1.661570370E-2
1.221352844E2,-1.981804147E-3,2.551265061E-3,1.630518027E-2
1.221453254E2,3.245715052E-4,3.669029102E-3,1.547664870E-2
1.221553964E2,1.969605684E-3,1.677250490E-3,1.427210029E-2
1.221654364E2,2.656318247E-5,-3.465846181E-3,1.015804894E-2
1.221754764E2,9.038085118E-4,-1.871411689E-3,1.017029956E-2
1.221855164E2,3.650769591E-3,-1.876221970E-3,1.021039207E-2
1.221955574E2,3.321869299E-3,-3.701552749E-3,9.664177895E-3
1.222055974E2,1.565723680E-3,2.143489197E-3,7.749790791E-3
1.222156684E2,-4.225932062E-4,-4.965029657E-4,6.467478350E-3
1.222257084E2,-1.276278868E-3,1.222707331E-3,8.006985299E-3
1.222357484E2,-2.442210913E-3,4.002781585E-3,9.301281534E-3
1.222457894E2,-3.742912784E-3,4.424661398E-3,1.144977286E-2
1.222558294E2,-3.263542429E-3,3.430504352E-3,1.349401474E-2
1.222658694E2,-2.457419410E-3,7.488969713E-3,1.715102419E-2
1.222759404E2,-3.162624314E-3,5.857782438E-3,1.904266700E-2
1.222859804E2,-1.193357632E-3,8.033988997E-3,1.996938139E-2
1.222960214E2,-1.438064501E-4,7.846768945E-3,1.918508112E-2
1.223060614E2,3.619115800E-3,4.666818306E-3,2.046293020E-2
1.223161014E2,2.838542685E-3,4.184253514E-3,1.498800423E-2
1.223261414E2,2.754299901E-3,3.219630569E-3,1.507071313E-2
1.223362124E2,6.247834302E-3,5.308346823E-3,1.492690202E-2
1.223462524E2,5.411141552E-3,2.619605511E-4,1.409091614E-2
1.223562934E2,3.922967240E-3,3.504626453E-3,1.359689981E-2
1.223663334E2,2.227043733E-3,-9.558331221E-4,1.417956688E-2
1.223763734E2,3.554629162E-3,4.386201501E-3,1.097365376E-2
1.223864144E2,2.097927034E-3,5.998536944E-4,1.062164735E-2
1.223964844E2,1.004433259E-3,1.215843484E-3,7.496959995E-3
1.224065254E2,1.679528505E-4,2.866409719E-3,5.626385566E-3
1.224165654E2,4.105670378E-4,-1.549377106E-3,4.854335450E-3
1.224266054E2,-1.316802576E-3,1.776233315E-3,3.203914035E-3
1.224366464E2,-1.426525414E-3,1.767389476E-4,3.700859845E-3
1.224466864E2,-8.832626045E-4,7.445942611E-4,3.401843132E-4
1.224567574E2,-4.585588351E-3,3.440547734E-4,9.931914974E-4
1.224667974E2,-5.488140509E-3,-9.864289314E-4,1.790387789E-3
1.224768374E2,-8.616290987E-3,2.056024969E-4,1.204492524E-3
1.224868774E2,-8.139768615E-3,2.904795110E-5,2.530771308E-4
1.224969184E2,-9.055895731E-3,1.733917743E-4,1.535122981E-3
1.225069584E2,-9.228041396E-3,-1.427919604E-3,-3.929004888E-4
1.225170294E2,-7.312428206E-3,-2.538458444E-3,-1.357231056E-3
1.225270694E2,-7.813250646E-3,-2.673901618E-4,-6.378731923E-4
1.225371094E2,-7.045460865E-3,-6.144986488E-3,-2.062398009E-3
1.225471504E2,-5.448140204E-3,-6.890553050E-3,-3.082979936E-3
1.225571904E2,-1.671511680E-3,-5.315292627E-3,-3.848106135E-3
1.225672304E2,-2.601703629E-3,-8.431885391E-3,-4.870012403E-3
1.225773014E2,-7.950142026E-4,-6.345299073E-3,-5.553379655E-3
1.225873414E2,-2.902477980E-3,-3.191258758E-3,-4.162576050E-3
1.225973824E2,-3.079045564E-3,-8.939958178E-3,-4.419837147E-3
1.226074224E2,-2.829262987E-3,-5.460212007E-3,-4.701096099E-3
1.226174624E2,-6.067933515E-3,-5.968077108E-3,-6.890214514E-3
1.226275024E2,-6.505556405E-3,-5.024059676E-3,-3.156822640E-3
1.226375734E2,-7.162557915E-3,-9.801237844E-3,-3.666817909E-3
1.226476144E2,-7.083417848E-3,-4.500341602E-3,-2.123986371E-3
1.226576544E2,-9.494377300E-3,-1.484577544E-3,-1.895753434E-3
1.226676944E2,-9.022532031E-3,-1.053219661E-3,-8.710638504E-4
1.226777344E2,-9.901640937E-3,1.523923129E-4,1.073842752E-3
1.226877754E2,-9.541589767E-3,5.628149956E-3,1.108046388E-3
1.226978454E2,-7.248874754E-3,4.002023488E-3,1.317903399E-3
1.227078864E2,-4.501728341E-3,6.211157888E-4,2.186903497E-3
1.227179264E2,-4.660720006E-3,3.367368132E-3,5.028230138E-3
1.227279664E2,-2.141531557E-3,3.856809810E-3,6.779419258E-3
1.227380074E2,-1.361757517E-3,2.609651536E-3,1.016642805E-2
1.227480474E2,1.139358617E-3,3.248924389E-3,9.763299488E-3
1.227581184E2,3.185731359E-3,5.633786321E-3,1.053029019E-2
1.227681584E2,6.914378144E-3,7.556181401E-3,7.921128534E-3
1.227781984E2,7.074434310E-3,4.267442971E-3,8.397568017E-3
1.227882394E2,5.422112532E-3,4.502093419E-3,6.927225739E-3
1.227982794E2,4.243397154E-3,3.603810444E-3,9.309156798E-3
1.228083194E2,4.635556601E-3,6.097313017E-4,1.180248149E-2
1.228183904E2,1.188094728E-3,3.889681771E-3,1.258811448E-2
1.228284304E2,-7.109250873E-5,2.044236287E-3,1.383707393E-2
1.228384704E2,-5.704350770E-4,4.018170759E-3,1.290044095E-2
1.228485114E2,3.625452518E-5,3.862844780E-3,1.144585386E-2
1.228585514E2,2.761733718E-3,2.410357818E-3,9.000805207E-3
1.228685914E2,7.606362924E-3,3.235489130E-4,8.723015897E-3
1.228786624E2,6.226312369E-3,1.475140452E-4,5.658250768E-3
1.228887024E2,8.181562647E-3,8.866731077E-4,2.950549591E-3
1.228987434E2,9.805558249E-3,-1.008432359E-3,3.064000281E-3
1.229087834E2,8.794495836E-3,-3.884005360E-3,1.371105551E-3
1.229188234E2,9.487982839E-3,-9.606871754E-3,-2.060185070E-4
1.229288944E2,6.441732869E-3,-7.856524549E-3,-1.813696930E-3
1.229389344E2,5.053160712E-3,-7.806723006E-3,-1.297576353E-3
1.229489754E2,4.355028272E-3,-5.354932509E-3,-4.851872101E-3
1.229590154E2,3.576320596E-3,-6.761081517E-3,-1.619859715E-3
1.229690554E2,3.091320395E-4,-5.655007437E-3,-9.416579269E-5
1.229790954E2,9.648026899E-4,-2.420332283E-3,2.399618272E-3
1.229891664E2,2.317058854E-3,-2.675436437E-3,2.518916503E-3
1.229992074E2,5.845746957E-3,7.813461125E-4,6.350672338E-3
1.230092474E2,4.988136701E-3,3.199452534E-3,5.788234528E-3
1.230192874E2,6.527443416E-3,4.599209875E-3,6.632722914E-3
1.230293484E2,6.707473658E-3,3.440201283E-3,4.476893693E-3
1.230393894E2,5.515175872E-3,7.355315611E-3,3.904047888E-3
1.230494594E2,4.902351648E-3,3.907177597E-4,5.192506942E-4
1.230595004E2,4.265457392E-6,8.218828589E-4,2.135523129E-3
1.230695404E2,-2.553183585E-4,2.285592258E-3,2.140298253E-3
1.230795804E2,-2.888739109E-4,1.164134592E-3,2.806088421E-3
1.230896214E2,-5.715228617E-4,4.418790340E-4,6.525305798E-4
1.230996614E2,-1.715617254E-3,-1.410879195E-4,-1.347769634E-3
1.231097324E2,1.442078501E-4,2.733640373E-3,-2.234793501E-3
1.231197724E2,2.364219166E-3,5.285423249E-4,-5.778661929E-3
1.231298124E2,3.212659620E-3,-8.399207145E-4,-8.103665896E-3
1.231398534E2,6.275294349E-3,-4.200829193E-3,-1.128028426E-2
1.231498934E2,5.539572798E-3,-1.788853668E-3,-9.365851060E-3
1.231599334E2,4.243944772E-3,-2.691664733E-3,-9.284624830E-3
1.231700044E2,4.483688623E-3,-2.622887492E-3,-1.129893679E-2
1.231800444E2,1.430108212E-3,-5.343839526E-3,-1.052928343E-2
1.231900844E2,2.215422690E-3,-5.429171026E-3,-1.346536539E-2
1.232001254E2,1.141885296E-4,-9.177755564E-4,-1.147971209E-2
1.232101654E2,2.606622875E-4,-4.688279703E-3,-1.540867426E-2
1.232202054E2,2.817830071E-3,-5.298675969E-3,-1.441291813E-2
1.232302764E2,6.109295413E-3,-4.698850214E-3,-1.721606962E-2
1.232403164E2,7.990818471E-3,-4.227204248E-3,-1.783925109E-2
1.232503574E2,1.014411077E-2,-6.752273068E-3,-1.954161189E-2
1.232603974E2,1.166371070E-2,-7.348820567E-3,-1.939220913E-2
1.232704374E2,1.100922003E-2,-1.714938320E-3,-1.771613583E-2
1.232804784E2,1.024862099E-2,-5.099016242E-3,-1.914438792E-2
1.232905484E2,1.149273664E-2,-3.711475059E-3,-1.592184231E-2
1.233005894E2,1.073453389E-2,-1.899193972E-3,-1.461369917E-2
1.233106294E2,1.069342718E-2,-3.690678626E-3,-1.515326649E-2
1.233206694E2,8.976220153E-3,-4.474979825E-3,-1.326961257E-2
1.233307094E2,5.458286963E-3,-8.742737584E-3,-1.170831081E-2
1.233407504E2,8.232502267E-3,-8.593068458E-3,-1.101695374E-2
1.233508214E2,1.010448299E-2,-6.174252369E-3,-9.032033384E-3
1.233608614E2,8.471964858E-3,-2.055764198E-4,-9.083166718E-3
1.233709014E2,8.894852363E-3,-2.787178382E-3,-7.238959894E-3
1.233809414E2,9.948398918E-3,1.189453527E-3,-6.732692942E-3
1.233909824E2,1.006119233E-2,2.718381584E-4,-3.430563956E-3
1.234010224E2,8.031064644E-3,-2.520219423E-3,-3.533628304E-3
1.234110934E2,6.345838308E-3,1.724798232E-3,1.058491180E-3
1.234211334E2,6.584990770E-3,2.374341711E-3,1.726411982E-3
1.234311734E2,7.743005175E-3,1.620439813E-3,1.934118802E-3
1.234412144E2,8.668454364E-3,3.120597452E-3,4.432164133E-3
1.234512544E2,7.092521526E-3,2.932732925E-3,5.319187418E-3
1.234612944E2,9.604681283E-3,5.124514922E-3,6.559954491E-3
1.234713654E2,8.585223928E-3,1.081169397E-2,6.041436922E-3
1.234814054E2,1.002093405E-2,7.494460791E-3,8.323233575E-3
1.234914464E2,1.413728483E-2,6.947208196E-3,8.838810027E-3
1.235014864E2,1.017583255E-2,1.259204373E-2,8.900328539E-3
1.235115264E2,9.827876464E-3,8.867520839E-3,9.432472289E-3
1.235215664E2,4.955889657E-3,1.118846610E-2,1.086951420E-2
1.235316374E2,2.829112113E-3,1.118147746E-2,1.260299701E-2
1.235416784E2,3.068316728E-4,1.358577982E-2,1.443818118E-2
1.235517184E2,-1.353064552E-3,1.160103641E-2,1.435423829E-2
1.235617584E2,-2.716602758E-3,1.003110409E-2,1.720009185E-2
1.235717984E2,-1.996707171E-3,1.276683435E-2,1.567869261E-2
1.235818394E2,-6.110649556E-4,1.191408932E-2,1.391221862E-2
1.235919094E2,3.395135514E-3,9.160095826E-3,1.295149606E-2
1.236019504E2,4.801550880E-3,7.938504219E-3,8.083237335E-3
1.236119904E2,3.720959648E-3,3.947930411E-3,6.244902499E-3
1.236220304E2,5.838438869E-3,3.224615008E-3,2.577729523E-3
1.236320714E2,6.106353365E-3,2.032592893E-4,-1.299061114E-4
1.236421414E2,3.904717974E-3,-1.871343702E-3,-1.311816974E-3
1.236521824E2,1.367812976E-3,-3.950272687E-3,-4.754719324E-3
1.236622224E2,1.312951557E-3,-7.683225907E-3,-7.249568589E-3
1.236722624E2,-1.940067858E-3,-4.978339188E-3,-7.050186861E-3
1.236823034E2,-3.374978900E-3,-5.353045650E-3,-8.093080483E-3
1.236923434E2,-8.208766580E-3,-4.536342807E-3,-7.036559749E-3
1.237024144E2,-1.065647788E-2,-7.463422604E-3,-6.980633363E-3
1.237124544E2,-1.163635030E-2,-4.365613684E-3,-6.486361381E-3
1.237224944E2,-1.618422940E-2,-2.144803293E-3,-6.101001985E-3
1.237325344E2,-1.429657079E-2,-7.815323770E-4,-7.481715176E-3
1.237425754E2,-1.638928428E-2,2.337828279E-3,-7.090230472E-3
1.237526154E2,-1.648570970E-2,4.424754530E-3,-5.877996329E-3
1.237626864E2,-1.762767509E-2,1.255858690E-3,-4.717390984E-3
1.237727264E2,-1.959573850E-2,2.517325804E-3,-5.414439365E-3
1.237827664E2,-2.144636959E-2,1.353790984E-3,-1.810383517E-3
1.237928074E2,-2.115527540E-2,2.919157967E-3,-3.016114235E-3
1.238028474E2,-1.762232557E-2,4.376705736E-3,-4.530879378E-4
1.238128874E2,-1.436785981E-2,3.016915172E-3,-2.064971020E-3
1.238229584E2,-1.330978610E-2,3.110924736E-3,-1.665230375E-3
1.238329984E2,-1.063576899E-2,3.181710839E-3,-3.955399734E-4
1.238430394E2,-5.082279444E-3,1.375820488E-3,-2.114610514E-3
1.238530794E2,-2.643750980E-3,-4.193149507E-4,-1.329961349E-3
1.238631194E2,-1.295393333E-3,1.997504383E-3,-1.602935372E-3
1.238731594E2,2.393871546E-4,1.720534638E-3,-2.258148161E-4
1.238832304E2,1.907324418E-3,1.375654712E-3,1.249576453E-3
1.238932714E2,2.358656377E-3,-2.456946298E-3,-4.199363175E-4
1.239033114E2,2.833764069E-3,-4.239133559E-3,-1.199709950E-3
1.239133514E2,3.579715267E-3,-2.604751848E-3,-1.813035924E-3
1.239233914E2,3.424452618E-3,-5.786195397E-4,2.953886869E-4
1.239334324E2,4.552793689E-3,-2.899160609E-3,-7.467743126E-4
1.239435024E2,6.525662728E-3,-4.466963001E-3,-6.263994146E-4
1.239535434E2,6.253240630E-3,-2.357277088E-3,-1.112658065E-3
1.239635834E2,7.105984725E-3,-2.039029263E-3,-1.580042765E-3
1.239736234E2,6.278127432E-3,-1.881729811E-3,1.921526971E-3
1.239836644E2,6.233119406E-3,-1.082515344E-3,7.172453916E-4
1.239937044E2,4.299079999E-3,-3.605172038E-3,3.254493233E-3
1.240037754E2,4.436499439E-3,-6.663054228E-5,1.542346668E-3
1.240138154E2,4.304724745E-3,-4.947558045E-5,3.283999860E-3
1.240238650E2,1.923859119E-3,-3.104656935E-4,3.452578094E-3
1.240339060E2,1.840524375E-3,-2.791797742E-3,5.345852114E-3
1.240439460E2,2.360905521E-3,-1.295899972E-3,3.328773426E-3
1.240539860E2,2.930341288E-3,-5.129165947E-5,4.252036568E-3
1.240640570E2,2.788661979E-3,-9.700823575E-4,2.919390565E-3
1.240740970E2,1.972424798E-3,-2.178158611E-3,-6.161889178E-4
1.240841370E2,1.767361537E-3,-1.257237047E-3,1.570000080E-3
1.240941780E2,2.483801916E-3,-1.100530848E-3,-1.074308529E-3
1.241042180E2,3.403391689E-3,-2.019321546E-3,-8.522009011E-4
1.241142580E2,1.508139074E-3,-2.887339331E-3,-3.141675144E-3
1.241243290E2,1.375514083E-3,-4.023443907E-3,-4.501218908E-3
1.241343690E2,9.440388530E-4,-3.369763494E-3,-3.573176218E-3
1.241444100E2,1.703039743E-3,-3.777493723E-3,-2.342263004E-3
1.241544500E2,-1.346396282E-3,-1.371230930E-3,-9.454827523E-4
1.241644900E2,-1.243865117E-3,-2.111588605E-3,-7.084613899E-4
1.241745310E2,2.322437242E-3,-1.885964535E-3,-2.845277078E-3
1.241846010E2,2.318974584E-3,-4.633031785E-4,-2.834624378E-3
1.241946420E2,5.850646645E-3,-3.462174907E-3,-3.536158241E-3
1.242046820E2,4.595498554E-3,-1.177715138E-3,-4.618200473E-3
1.242147220E2,5.828496069E-5,-1.497077756E-3,-4.555994645E-3
1.242247620E2,-1.228554174E-3,5.714222789E-5,-3.632410662E-3
1.242348030E2,-4.019420594E-3,-3.244914114E-5,-2.776012523E-3
1.242448740E2,-6.113197654E-3,1.331996173E-4,-1.826063031E-3
1.242549140E2,-7.568202913E-3,5.238037556E-3,-1.943894895E-4
1.242649540E2,-8.064083755E-3,1.248888671E-3,-4.015834420E-4
1.242749940E2,-5.423674360E-3,6.947759539E-4,-1.539863646E-3
1.242850350E2,-4.346957430E-3,5.292722955E-3,-5.294603761E-4
1.242951050E2,-1.695856452E-3,1.771442592E-3,-1.266333507E-3
1.243051460E2,2.119654790E-3,1.658258960E-3,-2.796852030E-3
1.243151860E2,1.667662524E-3,-3.887619823E-4,-2.055638004E-3
1.243252260E2,-5.952250212E-4,-2.556033432E-4,-1.427664421E-3
1.243352670E2,-2.938689664E-3,-3.697823733E-3,-2.272642916E-3
1.243453070E2,-1.968234777E-3,-1.228008419E-3,-3.310476895E-3
1.243553780E2,-2.608574927E-3,-3.105718642E-3,-3.317710012E-3
1.243654180E2,-1.347834244E-3,-1.818879507E-3,-3.948878963E-3
1.243754580E2,-3.559775651E-4,-3.519859165E-3,-3.251919523E-3
1.243854990E2,-1.463862136E-4,-2.034613863E-3,-1.745102927E-3
1.243955390E2,1.905024983E-3,-1.817501150E-3,-6.753442576E-4
1.244055790E2,1.956423745E-3,-3.426848911E-3,-8.814728935E-4
1.244156500E2,4.713871516E-3,-4.656432196E-3,-2.076829784E-3
1.244256900E2,2.186798491E-3,-3.824727610E-3,-2.050730865E-3
1.244357300E2,6.022219546E-3,-4.110595211E-3,-2.686242107E-3
1.244457710E2,4.380380735E-3,-4.231235944E-3,-4.014627077E-3
1.244558110E2,5.477420054E-3,-4.819490947E-3,-5.803621374E-3
1.244658510E2,5.435342900E-3,-2.866328694E-3,-5.249151029E-3
1.244759220E2,1.200589351E-3,-4.373513162E-3,-5.480398890E-3
1.244859620E2,-1.749340445E-4,-3.860055469E-3,-5.753373262E-3
1.244960030E2,-1.640919596E-3,-2.135632560E-3,-4.898375832E-3
1.245060430E2,-3.479300067E-3,-3.625138663E-3,-5.933014210E-3
1.245160830E2,-6.052447483E-3,-2.331374213E-3,-6.040339358E-3
1.245261240E2,-5.770152435E-3,-3.588653170E-3,-7.187629119E-3
1.245361940E2,-6.362993270E-3,-3.988318145E-3,-7.090194151E-3
1.245462350E2,-5.957661197E-3,7.225479931E-4,-7.249983959E-3
1.245562750E2,-8.221549913E-3,9.790640324E-4,-6.834692322E-3
1.245663150E2,-7.225262001E-3,7.638800889E-4,-6.984894630E-3
1.245763550E2,-8.947420865E-3,-3.741197288E-4,-5.304556340E-3
1.245863960E2,-9.767940268E-3,1.103667542E-3,-4.542093258E-3
1.245964670E2,-7.053006440E-3,2.441028133E-3,-3.630056046E-3
1.246065070E2,-5.988275632E-3,3.177393228E-3,-2.767724451E-3
1.246165470E2,-5.038902164E-3,1.030484214E-3,-3.175253514E-3
1.246265870E2,-5.889780819E-3,3.193236887E-3,-2.622114960E-3
1.246366280E2,-4.060771316E-3,-2.336688340E-5,-3.421574831E-3
1.246466680E2,-4.478087649E-3,3.144729882E-3,-2.339798491E-3
1.246567390E2,-2.568628639E-3,-1.274529845E-3,-2.531811129E-3
1.246667790E2,-2.563834190E-3,-1.664415933E-3,-2.839406021E-3
1.246768190E2,-9.697023779E-5,-1.449692063E-3,-1.129159005E-3
1.246868600E2,-2.368647605E-3,3.480352461E-3,8.764676168E-4
1.246969000E2,-1.356177032E-3,6.970260292E-4,1.367715886E-3
1.247069400E2,-1.955654472E-3,3.399334848E-3,2.404218074E-3
1.247170110E2,-1.133982092E-3,1.873593777E-3,2.478660084E-3
1.247270510E2,-1.572072506E-3,4.147142172E-4,9.665172547E-4
1.247370920E2,-7.966347039E-4,-1.815723255E-3,-5.373490276E-4
1.247471320E2,2.284908667E-3,2.168366686E-3,-1.282501500E-3
1.247571720E2,4.412155598E-3,-1.582951285E-3,-1.390763326E-3
1.247672120E2,5.639340729E-3,1.296458766E-3,-9.225795511E-4
1.247772830E2,4.172855057E-3,-7.630623877E-4,-2.025288995E-5
1.247873230E2,5.783800967E-3,-2.690125257E-3,-1.613888424E-3
1.247973640E2,4.896052182E-3,-2.478039823E-3,-1.268790569E-3
1.248074040E2,5.995937623E-3,-5.192849785E-4,-2.331125550E-3
1.248174440E2,3.864385188E-3,-4.337336868E-3,-3.661740338E-4
1.248274850E2,-4.291627556E-4,-2.716271207E-3,2.033866709E-3
1.248375550E2,-2.580676228E-3,-4.761684686E-4,1.605838304E-3
1.248475960E2,-8.456259966E-4,-4.865545779E-4,1.671884675E-3
1.248576360E2,2.756826580E-4,3.144834191E-3,1.654887921E-3
1.248676760E2,1.401400194E-3,-4.967711866E-4,1.650360529E-3
1.248777170E2,4.650305957E-3,2.888284624E-3,1.024828525E-3
1.248877570E2,4.292377271E-3,3.143381327E-4,-1.563763944E-3
1.248978280E2,1.278285868E-3,2.158891410E-3,4.982987302E-4
1.249078680E2,9.738868102E-4,-1.176718622E-3,6.905788905E-4
1.249179080E2,6.674760953E-4,-1.011693850E-3,1.718604472E-3
1.249279480E2,-2.006070688E-3,4.157610238E-4,2.873084741E-3
1.249379890E2,-7.124897093E-4,-6.049927324E-4,3.576541785E-3
1.249480600E2,-9.345971048E-4,5.995538086E-4,2.379184356E-3
1.249581000E2,1.483401284E-4,7.835030556E-5,4.880853812E-4
1.249681400E2,2.788597718E-3,4.549212754E-4,-1.651880448E-4
1.249781800E2,4.229920916E-3,-3.077033907E-3,8.012476610E-5
1.249882210E2,5.421419628E-3,-8.860509843E-4,-2.612330951E-3
1.249982610E2,3.485132009E-3,-8.384063840E-4,-3.012059024E-3
1.250083320E2,2.283528447E-4,-1.651203260E-3,-3.670658683E-3
1.250183720E2,-7.343795151E-4,-1.304991543E-3,-2.376096323E-3
1.250284140E2,-2.057172358E-3,-1.363977790E-4,-3.510336392E-3
1.250384550E2,-3.980230540E-3,-1.726089045E-3,-2.038252074E-3
1.250484950E2,-3.563178703E-3,3.224145621E-4,-1.143430010E-3
1.250585350E2,-3.001093864E-3,2.039430663E-3,-1.435746555E-3
1.250686060E2,-1.646876335E-3,-1.821353100E-3,7.275391836E-4
1.250786460E2,-4.854202271E-3,1.030806452E-4,8.070187760E-4
1.250886870E2,-4.913590848E-3,3.041081131E-3,2.169225598E-3
1.250987270E2,-2.616349608E-3,-3.938656300E-4,2.466700738E-3
1.251087670E2,-7.521361113E-4,2.583015710E-3,1.822482096E-3
1.251188070E2,-1.446148381E-3,1.802295446E-4,2.296697116E-3
1.251288780E2,-1.020042226E-3,7.312372327E-4,9.637851617E-4
1.251389190E2,1.077462919E-3,1.024659723E-4,1.302006422E-3
1.251489590E2,-2.466138452E-3,1.653756946E-3,1.085225260E-3
1.251589990E2,-2.998450771E-3,2.463212237E-3,1.026576618E-3
1.251690390E2,-4.486892372E-3,-1.629267819E-3,7.797014550E-4
1.251790800E2,-5.030123517E-3,2.085432410E-3,7.058703923E-4
1.251891500E2,-3.137679771E-3,1.114711165E-3,-2.600581502E-4
1.251991910E2,-2.598326653E-3,-2.720994875E-3,1.037277281E-3
1.252092310E2,-5.474258214E-4,-4.322752357E-4,-1.662369119E-3
1.252192710E2,7.772184908E-4,-3.517791629E-5,-2.966396511E-3
1.252293120E2,2.191090956E-3,3.949217498E-4,-4.303835798E-3
1.252393520E2,1.892562024E-3,4.558898509E-4,-1.453577308E-3
1.252494230E2,1.187623478E-3,4.210025072E-4,-3.909810912E-3
1.252594630E2,-1.674115658E-3,-5.374923348E-4,2.242252813E-4
1.252695030E2,-2.426724881E-3,1.075249165E-4,-2.295657760E-3
1.252795440E2,-9.976923466E-4,1.444770023E-3,9.592228453E-4
1.252895840E2,-4.341676831E-4,-1.078527421E-4,-9.364152211E-4
1.252996240E2,-2.406045794E-3,9.898543358E-4,-1.256769639E-3
1.253096950E2,-1.254761592E-3,-4.455894232E-4,-5.435751518E-4
1.253197350E2,1.274250448E-3,7.004272193E-4,-2.538470435E-4
1.253297750E2,-3.795735538E-4,-3.424677998E-4,6.247298443E-4
1.253398160E2,-2.155648544E-4,-2.466852777E-3,1.253428170E-3
1.253498560E2,-1.433162019E-3,-1.044191420E-3,7.639391697E-4
1.253598960E2,-2.403564751E-3,-1.971082762E-3,-4.238651018E-4
1.253699670E2,-1.716468483E-3,1.969970763E-4,-4.134787887E-4
1.253800070E2,-2.755112946E-3,-1.458784565E-3,3.000904690E-4
1.253900480E2,-2.403043211E-3,1.108236611E-3,-1.502070576E-3
1.254000880E2,3.598285839E-4,-8.748024702E-4,-8.822105592E-4
1.254101280E2,-1.026347280E-3,3.478545696E-4,-4.619637330E-4
1.254201690E2,2.198654227E-3,5.024690181E-4,-1.209620619E-3
1.254302390E2,3.797083162E-3,-3.400925547E-3,-5.720598856E-4
1.254402800E2,4.423630424E-3,-3.527322784E-3,9.638251504E-5
1.254503200E2,5.032961257E-3,-3.168062307E-3,-2.423716360E-4
1.254603600E2,5.434566177E-3,-1.823904924E-3,2.377646277E-3
1.254704000E2,2.378322184E-3,-2.690497786E-3,-1.112160040E-3
1.254804710E2,-1.244001091E-3,-1.802220941E-4,1.796177239E-4
1.254905120E2,-2.698354423E-3,-3.507043235E-3,-4.126693239E-4
1.255005520E2,-4.108820111E-3,-2.930860966E-3,7.128907600E-5
1.255105920E2,-3.276050091E-3,-6.645116955E-4,1.814860618E-3
1.255206320E2,-2.303004265E-3,-1.674426720E-3,-1.373452717E-3
1.255306730E2,1.236069947E-3,4.284046590E-4,-3.429679433E-3
1.255407430E2,3.167435527E-3,3.638168797E-3,-2.306286944E-3
1.255507840E2,-5.239713937E-4,3.439497203E-3,-2.855164232E-3
1.255608240E2,-3.802552819E-4,-1.304637641E-3,-1.365403063E-3
1.255708640E2,-2.062041312E-3,1.735894009E-3,4.402201157E-4
1.255809050E2,-3.759006038E-3,-7.102191448E-4,7.968173595E-4
1.255909450E2,-4.705760628E-3,4.245122895E-3,1.858087140E-3
1.256010160E2,-4.463553429E-3,2.595730126E-3,5.247408990E-3
1.256110560E2,-5.613239482E-3,4.361139610E-3,4.811183084E-3
1.256210960E2,-2.563023940E-3,4.304125905E-3,3.411970101E-3
1.256311370E2,2.187523060E-3,2.760291100E-3,1.800757600E-3
1.256411770E2,2.116696909E-3,-3.202244639E-3,-1.504098647E-3
1.256512170E2,4.110871814E-3,-8.826311678E-4,-1.339515322E-3
1.256612880E2,6.568348035E-3,-2.783127129E-3,-1.870918553E-3
1.256713280E2,5.064195022E-3,-1.178305596E-3,-1.399538945E-3
1.256813680E2,3.147606738E-3,-2.846446820E-3,9.912427049E-5
1.256914090E2,2.846403047E-3,-5.200681277E-3,5.385058466E-5
1.257014490E2,2.620073967E-3,-9.895823896E-4,3.016429022E-3
1.257114890E2,3.766564652E-3,-9.874515235E-4,-4.190488835E-4
1.257215600E2,1.776324585E-3,4.502572119E-5,3.343081567E-3
1.257316000E2,2.565685660E-3,-4.074618220E-3,6.255917251E-4
1.257416410E2,1.458881423E-3,9.610597044E-4,2.929138718E-3
1.257516810E2,-2.122521400E-4,-1.521538943E-3,1.826856518E-3
1.257617210E2,4.756217822E-4,1.432511955E-3,2.897943370E-3
1.257717620E2,2.303616144E-3,-3.703926690E-3,3.411666956E-3
1.257818320E2,1.155888662E-3,2.194685861E-3,1.891013933E-3
1.257918730E2,5.733408034E-5,7.832106203E-4,-7.503092056E-4
1.258019130E2,3.226229921E-3,-2.670109272E-3,-2.514991211E-4
1.258119530E2,2.460571006E-3,-7.059797645E-5,-1.652055536E-3
1.258219930E2,-4.556532949E-4,3.463421017E-4,-1.820714679E-3
1.258320340E2,-2.296963707E-3,-1.017462462E-3,-2.012464684E-4
1.258421050E2,-2.180082723E-3,8.309036493E-4,-7.764199399E-4
1.258521450E2,-5.193183199E-3,4.404857755E-4,-1.635555644E-3
1.258621850E2,-4.297392443E-3,2.259984612E-3,-7.519320934E-4
1.258722250E2,-1.817189157E-3,-5.723163486E-5,-5.042580888E-4
1.258822660E2,-2.148998901E-3,-3.573857248E-5,-2.315435791E-3
1.258923060E2,2.472650260E-3,-1.632836647E-3,-3.086953657E-3
1.259023770E2,5.750320852E-4,-1.279333606E-3,-1.695501967E-3
1.259124170E2,1.349746250E-3,-9.509660304E-4,-1.354351058E-3
1.259224570E2,6.332481280E-4,-3.080939874E-3,-1.740122214E-3
1.259324980E2,-1.409130171E-3,7.490627468E-5,2.710970002E-4
1.259425380E2,-1.021128148E-3,-4.373300821E-3,-3.997882595E-4
1.259525780E2,-1.364409924E-3,-1.898691058E-3,-6.183312507E-5
1.259626490E2,-2.018619329E-3,-2.038600855E-3,-3.635266330E-5
1.259726890E2,8.767377585E-5,-5.781940185E-3,8.041409892E-4
1.259827300E2,2.605884336E-3,3.137178719E-4,1.307769911E-3
1.259927700E2,1.361656003E-3,-1.890313812E-3,5.602205638E-4
1.260028100E2,2.939161845E-3,-3.392964602E-3,1.647370867E-3
1.260128810E2,2.527437173E-3,-1.050181687E-3,4.212515196E-4
1.260229210E2,-2.042567357E-3,-1.605910249E-3,2.329298877E-4
1.260329407E2,5.873031914E-4,-1.956116408E-3,1.437743893E-3
1.260429817E2,-2.954509109E-3,4.081875086E-4,3.120886628E-3
1.260530217E2,-1.279912889E-3,-1.857363619E-3,5.424138508E-4
1.260630617E2,-4.087183625E-4,-3.158748150E-4,3.253415343E-4
1.260731327E2,-7.890183479E-4,1.531075686E-4,3.420733381E-3
1.260831727E2,-1.146201044E-3,3.615627065E-3,5.535343662E-3
1.260932137E2,6.684763357E-4,1.303205267E-3,4.214149434E-3
1.261032537E2,-1.593707129E-3,1.977805048E-3,5.204301793E-3
1.261132938E2,-2.262162045E-3,8.483584970E-4,3.703077789E-3
1.261233347E2,-1.603221521E-3,2.492111176E-3,1.446556998E-3
1.261334047E2,-2.645049244E-3,-5.782470107E-4,3.168290481E-3
1.261434457E2,-1.511309296E-3,-2.970363945E-3,3.464334644E-3
1.261534858E2,-3.868738189E-3,9.942837059E-4,5.353581160E-3
1.261635257E2,-2.473980188E-3,2.112055197E-3,4.015985876E-3
1.261735657E2,-1.461979002E-3,1.036139205E-3,4.045015201E-3
1.261836067E2,-6.487984210E-4,7.819756866E-4,3.284996143E-3
1.261936778E2,-2.382514998E-3,-1.192390919E-4,2.009342192E-3
1.262037177E2,-1.088069752E-3,1.417502761E-3,1.944046933E-3
1.262137577E2,-3.525927663E-3,2.973321825E-3,4.948625341E-3
1.262237977E2,-2.137055621E-3,1.598265022E-3,8.373884484E-3
1.262338387E2,-4.427641630E-3,2.361260355E-3,1.068870351E-2
1.262438787E2,-6.364719942E-3,9.789820760E-4,1.213737763E-2
1.262539497E2,-6.682701409E-3,8.749820292E-3,1.243618410E-2
1.262639897E2,-7.679263130E-3,5.966618657E-3,1.138060726E-2
1.262740297E2,-7.369538769E-3,4.771925509E-3,7.932346314E-3
1.262840707E2,-7.605217397E-4,1.467909664E-3,5.648734048E-3
1.262941108E2,1.268274151E-3,2.979841083E-4,6.601080764E-3
1.263041507E2,3.238905221E-3,-4.260787740E-3,4.641911015E-3
1.263142217E2,3.819207661E-3,-3.702056594E-3,5.576947238E-3
1.263242618E2,3.293118440E-3,-5.658857524E-3,2.628516173E-3
1.263343028E2,3.708837554E-3,-6.899312139E-4,5.715119652E-3
1.263443427E2,1.346223988E-3,1.146776602E-3,6.099453196E-3
1.263543827E2,7.360940799E-4,1.927614212E-3,7.572447881E-3
1.263644227E2,-2.326309681E-3,2.858303487E-4,8.698804304E-3
1.263744938E2,-3.290640190E-3,2.128204331E-3,9.738768451E-3
1.263845337E2,-3.189310431E-3,-5.089417100E-4,8.767955005E-3
1.263945747E2,-4.775755107E-3,1.928916201E-3,8.476071991E-3
1.264046147E2,-6.482036784E-3,3.186907619E-3,9.171334095E-3
1.264146547E2,-2.967463806E-3,2.732571214E-3,9.740717709E-3
1.264246957E2,-4.691388458E-3,2.780199051E-3,8.876410313E-3
1.264347657E2,-2.800544724E-3,3.350116313E-3,8.068407886E-3
1.264448067E2,-3.833925352E-3,1.228451729E-4,5.754678976E-3
1.264548467E2,-3.295434639E-3,3.121830523E-3,3.623351222E-3
1.264648868E2,-3.675734624E-3,1.282384619E-3,3.834539792E-3
1.264749278E2,-2.813935280E-3,5.540102720E-4,4.472100642E-3
1.264849677E2,-4.240017384E-3,-1.002488658E-3,3.133669496E-3
1.264950387E2,-8.531434461E-3,-4.059411585E-4,5.405495758E-4
1.265050788E2,-6.699051708E-3,5.236940458E-3,1.950339996E-3
1.265151188E2,-6.763765588E-3,-1.081941649E-3,1.672039623E-3
1.265251587E2,-7.623413578E-3,3.522057086E-3,1.213184441E-4
1.265351997E2,-4.830023274E-3,1.697791740E-3,2.094720723E-3
1.265452708E2,-3.757910803E-3,1.503596082E-3,4.262825008E-3
1.265553108E2,-4.268703982E-3,2.317458391E-3,1.954397187E-3
1.265653507E2,-5.086183548E-3,-1.386211254E-3,2.485037548E-3
1.265753907E2,-3.046201542E-3,9.328704327E-4,2.883712761E-3
1.265854317E2,-2.092123032E-3,3.587858751E-3,1.698963111E-3
1.265954717E2,-4.128376022E-3,1.373706385E-3,2.467817627E-3
1.266055427E2,-2.865578979E-3,-3.709785640E-3,4.115540534E-3
1.266155827E2,-1.839198172E-3,-1.423195004E-3,5.921962671E-3
1.266256227E2,-2.404246479E-3,-5.064848810E-4,3.998869099E-3
1.266356637E2,-2.228744328E-3,-2.498552203E-5,6.629539654E-3
1.266457038E2,1.613816246E-3,-1.731167547E-3,5.775677972E-3
1.266557438E2,2.191456035E-3,9.341239929E-4,6.254248321E-3
1.266658147E2,3.438163549E-4,-2.215825021E-3,5.085766781E-3
1.266758547E2,1.191234216E-3,-1.250695437E-3,5.023981445E-3
1.266858958E2,-9.140353650E-4,1.625251025E-4,3.336795373E-3
1.266959358E2,-4.290733486E-4,-8.398871869E-4,3.667559708E-3
1.267059757E2,1.389693469E-3,3.201607615E-4,4.202866927E-3
1.267160157E2,9.199120104E-4,-3.695886582E-3,1.947702374E-3
1.267260868E2,5.109328777E-5,-1.655880362E-3,4.159978125E-3
1.267361277E2,-3.880616277E-4,-2.570410259E-3,4.161309451E-3
1.267461677E2,-1.215279102E-3,-1.330550760E-3,3.061612137E-3
1.267562077E2,-1.163879409E-3,-1.600861549E-3,5.453663412E-3
1.267662477E2,-1.460859552E-3,-1.747007482E-3,3.820715239E-3
1.267762887E2,-1.550873742E-3,4.844553769E-4,3.938959911E-3
1.267863587E2,-4.671886563E-3,4.467355087E-3,5.363013595E-3
1.267963997E2,-4.969894886E-3,2.911536023E-3,6.115090102E-3
1.268064397E2,-5.560178310E-3,1.501226798E-3,5.929816049E-3
1.268164797E2,-2.699410543E-3,-2.393645234E-3,4.833658691E-3
1.268265208E2,-2.245027572E-3,-5.537308753E-4,1.515393262E-3
1.268365608E2,-2.506017685E-3,1.113940030E-3,1.666394644E-3
1.268466317E2,-2.087617293E-3,-4.382301122E-4,7.194145001E-4
1.268566717E2,-5.418963730E-3,-2.784475684E-3,5.566953332E-4
1.268667118E2,-5.380703136E-3,-1.573856920E-3,4.753614194E-4
1.268767527E2,-5.563661456E-3,3.207316622E-3,3.549980698E-3
1.268867927E2,-6.747862324E-3,8.594505489E-4,7.516638841E-3
1.268968327E2,-7.946284488E-3,2.573195845E-3,7.014366332E-3
1.269069038E2,-6.978524849E-3,9.354474023E-3,8.874948137E-3
1.269169437E2,-7.248036563E-3,2.673666924E-3,7.295161020E-3
1.269269837E2,-3.242000937E-3,2.706138417E-3,5.865452811E-3
1.269370247E2,-6.528757513E-4,2.332497388E-3,4.654780030E-3
1.269470647E2,1.978922635E-3,1.229990274E-3,3.027699888E-3
1.269571047E2,3.177344799E-3,-2.156484872E-3,1.577342628E-3
1.269671757E2,1.513231546E-4,-1.460961066E-3,1.359942602E-3
1.269772157E2,-2.460705116E-3,-1.793324016E-3,8.779105847E-4
1.269872567E2,-6.919279695E-4,-4.396006465E-3,2.312277211E-3
1.269972967E2,-4.130868241E-3,-1.378378831E-3,3.020411590E-3
1.270073368E2,-2.855101600E-3,-1.220718026E-3,2.723336220E-3
1.270173777E2,-4.735827446E-3,-4.947409034E-4,3.168616910E-3
1.270274619E2,-2.787774429E-3,2.085374668E-3,5.814442877E-3
1.270375029E2,-6.918337196E-3,2.151422203E-3,8.425938897E-3
1.270475429E2,-3.968661651E-3,8.242465556E-4,1.077823713E-2
1.270575829E2,-3.922322765E-3,3.890076652E-3,1.060619764E-2
1.270676229E2,-2.971122041E-3,6.650757045E-3,1.085770968E-2
1.270776939E2,-2.698680386E-3,3.593061119E-4,8.989502676E-3
1.270877349E2,-2.329923213E-3,1.206120476E-3,7.624533027E-3
1.270977749E2,5.454923958E-4,8.063800633E-4,5.397598259E-3
1.271078149E2,1.697609201E-3,-3.716014326E-4,4.537562374E-3
1.271178549E2,5.423296243E-4,3.597028553E-4,3.352189437E-3
1.271278959E2,-5.377363414E-5,-1.437454484E-3,2.650341485E-3
1.271379659E2,-1.205855981E-3,-2.722695470E-3,1.794135314E-3
1.271480069E2,4.629483446E-4,-2.052509226E-3,1.249318360E-3
1.271580469E2,-2.375448123E-3,5.669761449E-4,3.296756651E-3
1.271680869E2,-1.216987148E-3,-1.161694527E-3,2.605007263E-3
1.271781279E2,-1.768795773E-3,-1.241590828E-3,1.484881854E-3
1.271881679E2,4.906645045E-4,6.651673466E-4,-9.580515325E-5
1.271982389E2,1.295395195E-4,-2.837162465E-4,7.923590601E-4
1.272082789E2,-2.979243174E-3,5.407482386E-4,-5.740828346E-4
1.272183189E2,3.286693245E-4,2.983994782E-4,5.239385064E-4
1.272283599E2,-2.328479663E-3,-2.389423549E-3,4.325394402E-4
1.272383999E2,-1.482393593E-3,-1.307114959E-3,2.094085561E-3
1.272484399E2,-1.993246377E-3,-1.699794084E-3,9.063807083E-4
1.272585109E2,-4.581995308E-4,-2.946420573E-3,1.979634631E-3
1.272685509E2,-2.274570987E-3,1.886766404E-4,1.898129703E-3
1.272785909E2,6.608199328E-5,5.221050233E-4,3.963677213E-3
1.272886319E2,-5.943812430E-4,8.768383414E-4,3.814273980E-3
1.272986719E2,7.419921458E-4,-1.052888110E-3,3.647826612E-3
1.273087119E2,2.029146999E-4,1.802692190E-3,4.554962274E-3
1.273187829E2,-5.907081068E-4,-3.785685636E-3,4.119002726E-3
1.273288229E2,-1.391541213E-3,9.002219886E-4,2.984459046E-3
1.273388639E2,-2.608338371E-3,1.421933994E-3,3.899254603E-3
1.273489039E2,4.056515172E-4,-1.505861990E-3,4.025314935E-3
1.273589439E2,-9.182654321E-5,9.133536369E-4,3.678837558E-3
1.273689849E2,-1.755425707E-3,1.769239083E-3,3.813753370E-3
1.273790549E2,-4.827007651E-4,1.362575218E-3,1.502396190E-3
1.273890959E2,-5.979407579E-4,2.279669046E-3,1.973558916E-3
1.273991359E2,-2.437653020E-3,-7.243771106E-4,1.735472353E-3
1.274091759E2,1.529939473E-4,2.168823034E-3,2.108875895E-3
1.274192159E2,-2.236926928E-3,4.878360778E-4,2.972805407E-3
1.274292569E2,-2.597499639E-3,2.274462953E-3,7.208792958E-4
1.274393279E2,-3.002034500E-3,2.116538584E-3,5.834602052E-4
1.274493679E2,4.181927070E-4,8.529853076E-4,7.511809818E-4
1.274594079E2,-2.319004387E-3,3.733504564E-4,4.158890224E-4
1.274694479E2,-1.395061612E-3,-2.670697868E-4,9.358370444E-4
1.274794889E2,-5.223453045E-4,2.221520990E-4,1.601893688E-3
1.274895289E2,-3.071222454E-4,-2.190562896E-3,4.003539798E-4
1.274995999E2,5.112672225E-4,-1.207590103E-3,-9.378843824E-4
1.275096399E2,3.236480057E-3,2.612449229E-3,-2.550694859E-3
1.275196799E2,1.846309751E-3,3.048200160E-4,-3.588262247E-3
1.275297209E2,2.530932426E-3,-1.555717550E-3,-2.419907600E-3
1.275397609E2,-2.391921356E-3,1.943409443E-3,-3.527618246E-4
1.275498319E2,6.643990055E-4,-1.622510143E-3,3.905003541E-4
1.275598719E2,-3.270687535E-3,3.006862476E-3,4.940973013E-4
1.275699119E2,-4.511514679E-3,-1.349832863E-3,2.847147174E-3
1.275799529E2,-4.798602313E-3,1.822790131E-3,3.830119967E-3
1.275899929E2,-2.784769982E-3,3.687497228E-4,3.339276882E-3
1.276000329E2,-2.249741927E-3,1.175155863E-3,4.007996991E-3
1.276101039E2,2.083975822E-3,1.023873687E-3,1.466016984E-3
1.276201439E2,4.626762122E-3,3.229305148E-4,-1.057061716E-3
1.276301839E2,3.527221270E-3,-1.260373741E-3,-9.306677384E-4
1.276402249E2,4.940827377E-3,-1.809783280E-3,-7.690138882E-4
1.276502649E2,2.266618423E-3,-2.001440153E-3,-7.723887684E-4
1.276603049E2,4.000086337E-4,1.510418952E-5,-1.335381065E-3
1.276703759E2,8.431384340E-4,9.949542582E-4,-3.252804163E-4
1.276804159E2,-1.914830878E-3,-5.187857896E-4,2.119767712E-3
1.276904569E2,-1.787554473E-3,-1.002214849E-4,1.203682506E-3
1.277004969E2,-1.411516219E-3,8.124448359E-4,1.492102863E-3
1.277105369E2,-7.919035852E-5,2.030074596E-3,2.917409176E-3
1.277205779E2,2.116262913E-4,-1.289490610E-4,3.276935779E-3
1.277306479E2,1.445428468E-3,-4.197657108E-5,3.160214052E-3
1.277406889E2,1.357543282E-3,-3.250706941E-4,7.156984648E-4
1.277507289E2,3.684751689E-3,1.834165305E-4,4.931453732E-4
1.277607689E2,1.130247489E-3,-9.420346469E-4,2.982019796E-4
1.277708089E2,1.926374622E-3,3.642847762E-3,-2.526472323E-3
1.277808499E2,2.554347739E-3,2.896098420E-3,-7.834333228E-4
1.277909209E2,2.033720724E-3,5.560249090E-3,1.404556679E-4
1.278009609E2,-2.316553146E-3,1.456318423E-3,-4.925777903E-4
1.278110009E2,-2.260951325E-3,1.076258719E-3,-2.143966267E-4
1.278210409E2,-2.025794238E-3,4.794429988E-4,-1.531438902E-4
1.278310819E2,-9.633637965E-4,6.623733789E-4,7.566063432E-4
1.278411219E2,-1.097055152E-3,-2.171230502E-3,-9.044072358E-4
1.278511929E2,-1.571247354E-3,1.236978918E-3,-1.858565374E-3
1.278612329E2,-2.143828198E-3,-5.974080414E-4,-8.289873367E-4
1.278712729E2,7.437486202E-4,-1.239608973E-4,-8.551888168E-4
1.278813139E2,8.904887363E-4,-1.513864845E-3,-7.542549865E-4
1.278913539E2,1.597878523E-3,-1.882057637E-3,-1.015305519E-3
1.279013939E2,3.300514072E-5,8.743144572E-4,-2.571656834E-3
1.279114649E2,1.095486805E-3,-1.633055508E-4,-1.404099865E-3
1.279215049E2,-1.165803522E-3,-1.084227115E-3,-2.218760783E-3
1.279315459E2,1.732081175E-3,-9.889137000E-4,-3.154127393E-3
1.279415859E2,1.011962071E-3,-1.516751945E-3,-1.972749131E-3
1.279516259E2,2.271700650E-4,1.572232693E-3,-2.397449687E-3
1.279616659E2,2.628009766E-3,-3.124783747E-3,-3.547402564E-3
1.279717369E2,6.109934300E-3,-6.005007774E-3,-2.982139122E-3
1.279817769E2,5.772777833E-3,-1.723177731E-3,-3.905457212E-3
1.279918179E2,4.199078307E-3,-3.072169609E-3,-5.114346743E-3
1.280018579E2,5.327193998E-3,-1.933935098E-3,-3.922049422E-3
1.280118979E2,5.928991362E-3,-1.173924655E-3,-5.715927109E-3
1.280219689E2,5.153479055E-3,7.470138371E-4,-4.333214369E-3
1.280320179E2,2.992788330E-3,-7.492937148E-4,-3.434992861E-3
1.280420589E2,3.622093238E-3,5.719009787E-4,-4.022486508E-3
1.280520989E2,1.563994214E-3,8.839666843E-4,-3.347746329E-3
1.280621389E2,1.865464263E-3,1.641636714E-3,-5.523815285E-3
1.280721799E2,1.118067652E-3,-2.910782583E-3,-6.601189729E-3
1.280822499E2,7.414966822E-4,3.634467721E-3,-4.967606626E-3
1.280922909E2,2.398351207E-4,-3.755319864E-3,-7.562966552E-3
1.281023309E2,3.857770935E-4,1.508951187E-3,-6.205553189E-3
1.281123709E2,6.483606994E-4,7.575042546E-4,-7.480325177E-3
1.281224109E2,5.604764447E-4,4.597783089E-3,-6.808409467E-3
1.281324519E2,-4.974026233E-4,2.412777394E-3,-7.916342467E-3
1.281425229E2,6.200606003E-4,2.168832347E-3,-6.683832034E-3
1.281525629E2,7.610721514E-4,4.047604278E-3,-7.331069093E-3
1.281626029E2,-8.562654257E-4,4.829633981E-4,-6.911620963E-3
1.281726429E2,-2.486120909E-3,2.481665462E-3,-6.899104454E-3
1.281826839E2,-2.701040357E-4,1.080309972E-3,-5.497748964E-3
1.281927239E2,-4.418417811E-3,-2.748891711E-4,-7.291031070E-3
1.282027949E2,-3.909189254E-4,7.538907230E-4,-8.656700142E-3
1.282128349E2,-2.596974373E-4,-1.522212289E-3,-1.048154850E-2
1.282228749E2,4.814602435E-4,-9.395126253E-4,-1.103814878E-2
1.282329159E2,-2.367649227E-3,-1.266842708E-3,-1.110884175E-2
1.282429559E2,-3.016395494E-3,1.171814278E-3,-1.096050348E-2
1.282529959E2,-5.571337417E-3,-1.898873597E-4,-1.009629481E-2
1.282630669E2,-6.722355261E-3,4.429366440E-3,-9.477642365E-3
1.282731069E2,-8.402658626E-3,5.060372874E-3,-5.499465857E-3
1.282831479E2,-5.437228829E-3,4.155430943E-3,-5.770842079E-3
1.282931879E2,-6.855567917E-3,5.660681054E-3,-5.198409781E-3
1.283032279E2,-3.011828288E-3,5.153615028E-3,-6.139304489E-3
1.283132679E2,-2.419123426E-3,2.172039822E-3,-7.255753037E-3
1.283233389E2,5.950219929E-6,-2.592620440E-3,-6.502344739E-3
1.283333799E2,-3.491044044E-4,-4.164148122E-4,-8.885275573E-3
1.283434199E2,-3.008536994E-3,-2.425108105E-4,-6.758208852E-3
1.283534599E2,-2.230590209E-3,6.911437958E-4,-5.459226202E-3
1.283634999E2,-2.838857472E-3,1.971857622E-3,-6.865641568E-3
1.283735409E2,-1.558732241E-3,-1.921020448E-3,-5.515351892E-3
1.283836109E2,-2.367800102E-3,2.348026261E-3,-4.671396222E-3
1.283936519E2,-3.053944558E-3,1.660237089E-3,-5.414470565E-3
1.284036919E2,-3.170592710E-3,9.403843433E-4,-5.357212387E-3
1.284137319E2,-3.136238083E-3,3.903683275E-3,-4.753474146E-3
1.284237729E2,-1.847267151E-3,2.259714529E-3,-4.686095752E-3
1.284338129E2,-8.429884911E-4,2.677032724E-3,-3.375820816E-3
1.284438839E2,1.615108922E-3,6.716717035E-4,-3.131342586E-3
1.284539239E2,-6.389152259E-4,1.108646393E-4,-3.563601058E-3
1.284639639E2,-1.962976530E-4,-7.053948939E-4,-4.454961047E-3
1.284740049E2,-3.352742642E-4,3.186389804E-3,-2.531812526E-3
1.284840449E2,-1.941693947E-3,1.346943900E-3,-4.745432176E-3
1.284941159E2,-1.839069650E-3,1.921476796E-3,-5.744827911E-3
1.285041559E2,-5.551781505E-3,-1.796296798E-3,-4.469440319E-3
1.285141959E2,-6.611300632E-3,-1.594310626E-3,-4.846602678E-3
1.285242359E2,-5.816347897E-3,-1.575136557E-3,-5.417584442E-3
1.285342769E2,-5.718933418E-3,-2.020559274E-3,-6.979722530E-3
1.285443169E2,-5.033968017E-3,2.324748784E-4,-5.179957952E-3
1.285543879E2,-6.620887667E-3,9.190533310E-4,-6.918344647E-3
1.285644279E2,-5.554558709E-3,2.249302343E-3,-8.350859396E-3
1.285744679E2,-5.910472944E-3,2.141814679E-3,-6.801485550E-3
1.285845089E2,-7.557371631E-3,3.127718344E-3,-7.694443222E-3
1.285945489E2,-7.129495963E-3,2.431599423E-3,-5.197478458E-3
1.286045889E2,-6.382480264E-3,-4.589948803E-4,-5.444353446E-3
1.286146599E2,-6.449948996E-3,2.053808421E-4,-3.602337325E-3
1.286246999E2,-7.704297081E-3,-1.300103962E-3,-4.054808524E-3
1.286347409E2,-7.843757048E-3,-1.444364898E-3,-4.872039892E-3
1.286447809E2,-4.789376631E-3,1.858221367E-3,-5.552477203E-3
1.286548209E2,-2.946583554E-3,9.363479912E-4,-3.297369462E-3
1.286648609E2,-3.551119938E-3,1.331562176E-3,-4.781282973E-3
1.286749319E2,-1.996327192E-3,-6.923452020E-4,-3.866935149E-3
1.286849729E2,-2.186477184E-3,-6.790291518E-4,-2.535354579E-3
1.286950129E2,-2.032240853E-3,-4.073387012E-3,-4.938777536E-3
1.287050529E2,-1.635164022E-3,-1.083189622E-3,-5.551837385E-3
1.287150929E2,-5.545182154E-3,-1.289902255E-3,-4.188139923E-3
1.287251339E2,-4.544366151E-3,4.581976682E-4,-3.873088164E-3
1.287352039E2,-3.960484639E-3,1.539532095E-4,-4.033887759E-3
1.287452449E2,-4.135988653E-3,-4.605017602E-5,-4.010984674E-3
1.287552849E2,-3.621788695E-3,1.208962873E-3,-5.417866167E-3
1.287653249E2,-4.289442673E-3,9.479727596E-4,-3.291864879E-3
1.287753659E2,-3.989284858E-3,5.063451827E-4,-5.001842044E-3
1.287854059E2,-1.480853185E-3,2.088714391E-4,-3.350415733E-3
1.287954769E2,-1.457761973E-3,3.511244431E-3,-3.086124081E-3
1.288055169E2,-2.160836011E-3,-2.195643261E-3,-3.380137030E-3
1.288155569E2,-1.379540190E-3,-2.398366109E-3,-2.347335452E-3
1.288255979E2,-1.094048843E-3,-1.510468312E-3,-1.781413797E-3
1.288356379E2,-2.766819671E-3,3.454366699E-3,-2.089093439E-3
1.288456779E2,-3.966307268E-3,2.372857183E-3,6.451740046E-4
1.288557489E2,-1.473665237E-3,4.273764789E-3,6.377457175E-4
1.288657889E2,-1.505203545E-5,-4.961155355E-5,1.552807866E-3
1.288758289E2,-8.065607399E-4,6.643459201E-4,1.486378722E-3
1.288858699E2,1.073630527E-3,2.656124532E-3,1.306349179E-3
1.288959099E2,3.271652386E-3,1.632941887E-3,-1.320195384E-3
1.289059809E2,4.774740897E-3,3.189293668E-3,-2.304233378E-3
1.289160209E2,2.966947854E-3,1.569241285E-4,-1.934672939E-3
1.289260609E2,1.207397319E-3,-8.886326104E-4,-1.681140158E-3
1.289361019E2,-1.935247332E-3,3.144979477E-3,1.219605911E-4
1.289461419E2,-3.210367635E-3,3.358777612E-4,9.403500590E-4
1.289561819E2,-3.228079528E-3,1.078827307E-3,-8.251571562E-4
1.289662529E2,-2.218741924E-3,1.000531018E-3,4.835201544E-4
1.289762929E2,-1.988414675E-3,-8.737612516E-4,7.171914913E-4
1.289863339E2,4.478450865E-4,-1.395740546E-3,-1.750493422E-3
1.289963739E2,3.789769486E-3,-5.092304200E-4,-1.453523757E-3
1.290064139E2,4.365811124E-3,-3.203816712E-3,-1.780560007E-3
1.290164539E2,2.939840779E-3,-3.656176850E-3,-1.738270512E-3
1.290265249E2,9.845485911E-4,-9.093917906E-4,-3.204340581E-3
1.290365551E2,5.388297141E-4,2.922005951E-4,2.688576933E-5
1.290465951E2,-5.368199199E-4,-5.408357829E-4,-1.077793422E-3
1.290566351E2,-1.253571361E-3,-2.908627503E-3,-6.633799057E-5
1.290666751E2,-7.531642914E-4,-1.691030338E-3,-6.248028949E-4
1.290767161E2,-6.863586605E-4,-2.389140427E-3,9.421165450E-4
1.290867861E2,-5.995389074E-4,-2.013368532E-3,1.975955674E-3
1.290968271E2,2.647144720E-4,1.285770908E-3,2.372625284E-3
1.291068671E2,1.270057634E-3,5.427487195E-4,8.823204553E-4
1.291169071E2,4.014329985E-3,2.312524244E-3,2.149132546E-3
1.291269481E2,5.169874988E-3,6.195530295E-4,1.859114273E-3
1.291369881E2,4.180207849E-3,3.855135292E-4,1.022722572E-3
1.291470591E2,6.573856808E-3,-4.023616202E-3,1.267733285E-3
1.291570991E2,4.478177987E-3,-1.948848367E-3,1.525870175E-4
1.291671391E2,3.460584208E-3,8.408129215E-4,-4.855064035E-4
1.291771801E2,2.752088010E-3,3.329560161E-3,3.608330153E-4
1.291872201E2,5.832100287E-4,2.046981826E-3,1.088941237E-3
1.291972601E2,-8.933804929E-4,2.643607557E-3,1.627877937E-4
1.292073311E2,-2.056382596E-3,3.482503816E-3,1.664277865E-3
1.292173711E2,-2.427132800E-3,6.839521229E-4,-6.889719516E-4
1.292274111E2,-7.597263902E-4,1.441296190E-4,-1.900177682E-3
1.292374521E2,2.696845680E-3,5.802251399E-4,-3.454733873E-3
1.292474921E2,2.427066676E-3,-1.390513033E-3,-4.857420921E-3
1.292575321E2,6.744218990E-4,-1.049280167E-3,-3.342923475E-3
1.292676031E2,1.606987789E-4,-3.560595214E-4,-2.557290718E-3
1.292776431E2,5.289949477E-4,-3.316467628E-3,-2.945959102E-3
1.292876841E2,-2.028705552E-3,3.384537995E-4,-2.846356947E-3
1.292977241E2,-2.091478556E-3,-3.724141978E-3,-2.293511992E-3
1.293077641E2,-2.322908491E-3,-2.223983407E-3,-4.063961096E-4
1.293178051E2,1.958408393E-3,2.650488168E-4,-6.188051775E-4
1.293278751E2,6.100498140E-4,-2.153102309E-3,7.979964721E-4
1.293379161E2,3.620603122E-3,-3.087032586E-3,8.581651491E-4
1.293479561E2,1.234143972E-3,-1.695797779E-3,3.466997761E-3
1.293579961E2,4.365753382E-3,-3.246444277E-3,3.958627349E-5
1.293680361E2,2.641889267E-3,-5.697617307E-3,6.518470473E-4
1.293781071E2,2.358262427E-3,-3.567088395E-3,1.300859265E-3
1.293881481E2,4.787864164E-3,-3.077332862E-3,9.011189104E-4
1.293981881E2,3.949408419E-3,-3.726163879E-3,2.815841231E-3
1.294082281E2,3.364577889E-3,-2.272077836E-3,8.131439681E-4
1.294182681E2,1.949048601E-3,1.425798982E-4,-2.810018486E-4
1.294283091E2,2.317363396E-3,-8.161570877E-4,1.181606203E-3
1.294383801E2,1.244206913E-3,-8.414816111E-4,2.273781691E-3
1.294484201E2,3.807765432E-3,6.371047348E-4,1.280955272E-3
1.294584601E2,2.621116117E-3,6.700009108E-4,1.123492839E-3
1.294685001E2,2.570516430E-3,-4.055778496E-3,8.909989265E-4
1.294785411E2,8.688513190E-4,1.169050112E-3,-1.047435799E-4
1.294885811E2,-3.157220781E-4,-2.632611431E-3,-1.115679508E-3
1.294986521E2,2.696655691E-3,1.459214836E-4,-1.306124032E-3
1.295086921E2,6.787786260E-4,8.489973843E-4,-2.676320495E-3
1.295187321E2,-5.333218724E-4,1.239441335E-3,-2.340509556E-3
1.295287731E2,-4.356633872E-5,-1.999495551E-3,-9.460783913E-4
1.295388131E2,-5.901977420E-4,3.868490458E-4,6.624625530E-5
1.295488531E2,-3.119401634E-3,7.112212479E-4,-2.703773207E-4
1.295589241E2,1.569120213E-4,-6.028059870E-4,2.043124055E-3
1.295689641E2,-2.122018486E-4,-1.492834650E-3,1.180526335E-3
1.295790051E2,2.272643149E-3,-1.805406064E-4,-1.711345045E-3
1.295890451E2,9.578401223E-4,-1.271903515E-3,-3.477287246E-3
1.295990851E2,-7.974486798E-4,1.478610560E-3,-3.675139742E-4
1.296091251E2,-4.104828462E-3,-2.068188041E-3,-2.837063279E-3
1.296191961E2,-2.800412476E-3,-4.512970336E-3,-1.643168041E-3
1.296292361E2,-3.115996718E-3,-3.381986171E-4,-1.065241522E-4
1.296392771E2,-5.149014294E-3,-1.322273165E-4,1.139115077E-3
1.296493171E2,-6.296304986E-3,2.308825031E-3,5.500236875E-4
1.296593571E2,-3.168957308E-3,2.194691449E-3,5.607518251E-4
1.296693981E2,-8.291043341E-4,-1.486595720E-3,5.262071500E-5
1.296794681E2,3.570361994E-3,-1.555362716E-3,-8.469665772E-4
1.296895091E2,3.319492564E-3,-5.238780752E-3,-2.004376380E-3
1.296995491E2,4.500909708E-3,-4.183676094E-3,-2.522742841E-3
1.297095891E2,1.867575571E-3,-6.773600355E-3,-5.639877636E-4
1.297196301E2,9.511429816E-4,-4.811876453E-3,-2.276285086E-3
1.297296701E2,2.260619774E-3,-3.550336696E-3,2.225589706E-4
1.297397411E2,-1.830849797E-3,-1.425537281E-3,-1.127328258E-3
1.297497811E2,2.183332108E-3,4.136413336E-4,-8.210646920E-4
1.297598211E2,-6.991252303E-5,8.065942675E-4,5.360129289E-4
1.297698611E2,1.077909954E-3,-7.976945490E-4,1.343483338E-3
1.297799021E2,3.344519064E-4,1.900400966E-4,2.330998424E-3
1.297899731E2,1.464164816E-3,-4.800111055E-4,1.278250944E-3
1.298000131E2,1.542784274E-3,1.864777878E-3,4.318272113E-4
1.298100531E2,3.321242519E-3,2.031490207E-3,2.496309578E-3
1.298200931E2,2.987129614E-3,2.023242414E-4,4.428023240E-4
1.298301341E2,3.169023432E-3,4.255121574E-3,2.435978968E-4
1.298401741E2,1.993714832E-3,6.017852575E-4,1.563830301E-4
1.298502451E2,1.842980273E-3,-1.657363027E-4,3.382769646E-4
1.298602851E2,1.129938290E-3,4.395786673E-4,2.271610079E-3
1.298703251E2,-2.476248890E-3,1.576216891E-3,1.678790431E-3
1.298803661E2,-2.380471677E-3,3.448983654E-3,1.004729304E-3
1.298904061E2,-2.729078755E-3,2.093700692E-3,-7.092811284E-4
1.299004461E2,-3.254786134E-3,1.673985273E-3,1.810136018E-4
1.299105171E2,-1.017199829E-3,4.276426509E-3,-2.804450924E-5
1.299205571E2,5.110567436E-4,3.306576982E-3,-3.224540036E-3
1.299305981E2,1.865806989E-3,-1.963019371E-3,-2.124654595E-3
1.299406381E2,1.717867330E-3,-2.291460522E-3,-3.125833580E-3
1.299506781E2,1.485639252E-3,-5.850775167E-3,-4.892041907E-3
1.299607181E2,7.438352332E-4,-3.207479604E-3,-2.047043061E-3
1.299707891E2,3.499537706E-4,-1.440471970E-3,-3.928603837E-5
1.299808291E2,-6.845891476E-4,-3.143589944E-3,-8.922825800E-4
1.299908701E2,-1.054501161E-3,-2.823211253E-3,-9.527363000E-4
1.300009101E2,9.680921212E-4,-1.861600205E-3,-1.041657059E-3
1.300109501E2,-1.155512407E-3,2.300919965E-3,-7.628241437E-4
1.300209911E2,1.293722540E-3,1.403909177E-3,-1.194760436E-3
1.300310741E2,8.596275002E-4,-1.706129871E-3,-2.570016775E-3
1.300411151E2,1.790516078E-3,7.441397756E-4,-2.739872318E-3
1.300511551E2,-1.501291990E-4,-2.246590331E-3,-2.201114781E-3
1.300611951E2,-6.602592766E-4,-4.072524607E-3,-1.557792770E-3
1.300712361E2,3.147237003E-4,-1.711898483E-3,-2.141823992E-3
1.300812761E2,-8.238349110E-4,-2.157059498E-3,-1.927900710E-3
1.300913471E2,1.852109097E-3,-4.634598270E-3,-1.824303763E-3
1.301013871E2,-1.191768795E-3,-2.166091464E-3,-1.770119183E-3
1.301114271E2,-1.975003630E-3,3.077939153E-3,-1.208192203E-3
1.301214671E2,-2.197206020E-3,3.370786086E-3,1.129203010E-4
1.301315081E2,-2.085354179E-3,-1.371238381E-3,-6.000079447E-4
1.301415481E2,-5.096569657E-4,1.347737387E-3,-2.297453582E-3
1.301516191E2,-1.601286232E-3,-1.280536875E-3,-8.739939658E-4
1.301616591E2,-3.343336284E-3,7.283706218E-4,-2.124121878E-3
1.301716991E2,-8.671283722E-4,-1.161172986E-4,-3.470083699E-3
1.301817401E2,-4.502912983E-3,-7.284823805E-4,-2.931407886E-3
1.301917801E2,-3.310617059E-3,-1.382023096E-3,-2.727675950E-3
1.302018511E2,-2.349654213E-3,-5.492772907E-4,-2.866147086E-3
1.302118911E2,-1.489453018E-3,-4.392880946E-4,-2.033376601E-3
1.302219311E2,-1.689607278E-3,6.389152259E-4,-2.389119472E-3
1.302319721E2,-2.844620496E-3,-5.906671286E-4,-1.890842104E-3
1.302420121E2,-2.222334966E-3,-3.533570096E-3,-1.132054254E-3
1.302520521E2,-2.545643598E-3,-3.039557487E-4,-3.645312390E-4
1.302621231E2,-2.026440576E-3,8.617714047E-5,2.359760692E-3
1.302721631E2,-7.254853845E-4,2.240674570E-3,4.872920108E-4
1.302822041E2,3.770254552E-4,-1.218454912E-3,-1.018350711E-3
1.302922441E2,1.669989899E-3,-1.355873421E-3,-2.659923164E-3
1.303022841E2,1.149397343E-3,-2.899173647E-3,-2.733162604E-3
1.303123241E2,-3.161393106E-4,-1.347083598E-3,-2.642348642E-3
1.303223951E2,-2.102473751E-3,-3.924876451E-3,-1.670767786E-3
1.303324351E2,-4.455642775E-3,-1.956522465E-4,-1.381548471E-3
1.303424761E2,-6.058314815E-3,2.413628623E-3,-1.130887540E-5
1.303525161E2,-6.127024069E-3,3.482354805E-3,1.838256372E-3
1.303625561E2,-6.407700479E-3,5.293892696E-3,1.049083075E-4
1.303725971E2,-2.050235868E-3,3.013694659E-3,-1.714030746E-3
1.303826671E2,-2.155452967E-3,-2.052492462E-3,-4.408986773E-3
1.303927081E2,2.474985085E-3,-3.528948873E-3,-5.382105708E-3
1.304027481E2,2.714955248E-3,-5.555963144E-3,-5.095241126E-3
1.304127881E2,2.364216372E-3,-2.058167942E-3,-3.516252851E-3
1.304228291E2,-3.955233842E-5,-2.805184573E-3,-2.156442963E-3
1.304328691E2,6.683152169E-4,-1.597707160E-3,-3.897617571E-3
1.304429401E2,-1.445472240E-3,-6.864722818E-4,-1.995939761E-3
1.304529801E2,-4.206905141E-3,-1.527760178E-4,-3.662812291E-3
1.304630201E2,-4.910722375E-3,5.204826593E-4,-4.027803428E-3
1.304730601E2,-1.627311110E-3,-2.289684489E-3,-1.411513658E-3
1.304831011E2,-2.579826862E-3,-3.483737819E-3,-3.666775883E-4
1.304931411E2,-1.432269812E-3,-2.781195566E-3,8.858070360E-4
1.305032121E2,1.031476073E-3,3.011452034E-3,1.618308015E-3
1.305132521E2,7.409248501E-4,8.457694203E-4,1.959458925E-3
1.305232921E2,3.480233252E-3,-2.324618399E-4,2.504565287E-3
1.305333331E2,4.130577669E-3,-2.375226468E-4,1.966606826E-3
1.305433731E2,3.941264004E-3,4.274506122E-3,2.585609909E-3
1.305534131E2,2.984390594E-3,-1.938913949E-3,1.669748919E-3
1.305634841E2,2.634832636E-4,6.183683872E-4,1.940264017E-3
1.305735241E2,-1.141866669E-3,4.025882110E-3,1.189785195E-3
1.305835651E2,-9.571630508E-4,4.372335970E-4,1.132682199E-3
1.305936051E2,-1.950521022E-3,-3.262944520E-4,-3.704060218E-4
1.306036451E2,-3.084877506E-3,4.729963839E-3,-9.609498666E-4
1.306137161E2,-1.594306901E-3,1.800486818E-3,8.780299686E-5
1.306237561E2,-1.553939655E-3,-5.608294159E-4,-1.220131642E-3
1.306337971E2,-1.799482852E-3,1.208839938E-3,-3.510183888E-3
1.306438371E2,2.224072814E-4,-1.680771820E-3,-3.364998847E-3
1.306538771E2,-8.282102644E-4,-4.014765844E-3,-1.316228998E-3
1.306639171E2,-3.976861015E-3,-3.037732095E-4,-2.059192630E-3
1.306739881E2,-4.056489095E-3,1.784410328E-3,-1.462644665E-3
1.306840281E2,-3.537956625E-3,-3.108575009E-3,-5.585179897E-4
1.306940691E2,-4.487108439E-3,-8.712522686E-4,-8.879509987E-4
1.307041091E2,-4.977623001E-3,-3.272402100E-3,-1.267298823E-3
1.307141491E2,-4.348585382E-3,2.110112458E-3,1.042290824E-4
1.307241901E2,-1.786960289E-3,8.651800454E-4,8.372147568E-4
1.307342601E2,-7.933359593E-4,-5.742590874E-4,1.008189749E-3
1.307443011E2,1.698349603E-3,-3.245993517E-3,1.190113602E-3
1.307543411E2,9.270980954E-4,-9.094737470E-5,1.223403029E-3
1.307643811E2,1.555891708E-3,-1.183455810E-3,4.471325665E-4
1.307744221E2,2.553511411E-3,-3.195274621E-4,1.741961343E-3
1.307844621E2,1.030658372E-3,-1.144595444E-3,1.428115647E-3
1.307945331E2,2.751059830E-3,-4.455170594E-3,1.903223572E-3
1.308045731E2,2.641721629E-3,8.171200752E-4,1.710528042E-3
1.308146131E2,-4.637911916E-4,-9.011514485E-4,3.383525880E-3
1.308246531E2,1.823874190E-4,-7.770769298E-4,1.896964153E-3
1.308346941E2,-4.120301455E-4,-1.370695420E-3,3.327347804E-3
1.308447341E2,5.625560880E-4,3.140382469E-3,1.426540199E-3
1.308548051E2,-2.519786358E-3,-8.364021778E-5,1.926415483E-3
1.308648451E2,-9.631142020E-4,1.081747934E-3,1.406174386E-3
1.308748851E2,1.611895859E-3,3.274859861E-3,2.367575420E-3
1.308849261E2,-1.031521708E-3,-2.140551805E-4,1.139413798E-3
1.308949661E2,8.942093700E-4,-4.105959088E-4,7.641743287E-4
1.309050061E2,-5.940552801E-4,-6.073713303E-5,9.988365928E-4
1.309150771E2,1.068888232E-4,1.025144011E-4,1.847053296E-3
1.309251171E2,-1.205313951E-3,1.690257341E-3,3.422067035E-3
1.309351581E2,-1.015696675E-3,-2.131644636E-3,5.296079325E-4
1.309451981E2,-1.603616402E-4,1.159306616E-3,2.198167611E-3
1.309552381E2,-1.910058782E-3,2.749213949E-3,3.430145793E-3
1.309652781E2,-4.026396200E-3,1.228343695E-3,2.674309770E-3
1.309753491E2,-2.474306151E-3,6.187893450E-5,5.611244123E-3
1.309853901E2,-2.441780642E-3,6.555821747E-4,4.327692557E-3
1.309954301E2,-1.885978505E-3,3.144571558E-3,3.505574539E-3
1.310054701E2,-1.087976620E-3,-3.212243319E-4,2.824448980E-3
1.310155101E2,-2.106102183E-3,2.086272463E-3,1.977563836E-3
1.310255811E2,-2.133231610E-3,2.051733434E-3,2.186982427E-3
1.310356315E2,-3.124726936E-3,1.857588068E-3,2.940656850E-3
1.310456715E2,-3.640698269E-3,-1.997314394E-4,5.207953975E-3
1.310557115E2,-5.838871002E-3,8.034761995E-3,5.450035445E-3
1.310657515E2,-7.912522182E-3,4.537351429E-3,7.725115400E-3
1.310757925E2,-5.295433104E-3,9.423494339E-4,7.987702265E-3
1.310858625E2,-5.114434287E-3,4.626592621E-3,6.753846072E-3
1.310959035E2,-2.141546458E-3,3.564804792E-4,7.542940788E-3
1.311059435E2,-1.196935773E-5,-4.180065356E-3,5.311004817E-3
1.311159835E2,2.782751806E-3,-5.467142910E-4,2.849444747E-3
1.311260245E2,2.793309279E-3,-4.185847938E-4,2.761279000E-3
1.311360645E2,2.631655894E-3,-5.720406771E-3,2.270458266E-3
1.311461355E2,-5.992148072E-4,1.077106223E-3,2.017428400E-3
1.311561755E2,-1.861553639E-3,-4.479046911E-3,2.816643100E-3
1.311662155E2,-4.471603781E-3,-2.647135407E-4,4.060397856E-3
1.311762565E2,-2.805531025E-3,3.456255421E-3,3.431093181E-3
1.311862965E2,-3.651767969E-3,-2.766334452E-3,5.711881444E-3
1.311963365E2,-4.744729027E-3,-7.183626294E-4,6.603774149E-3
1.312064075E2,-4.773886874E-3,4.167668521E-4,8.092964999E-3
1.312164475E2,-5.010107532E-3,2.645034343E-3,8.927865885E-3
1.312264875E2,-3.803223372E-3,5.075279623E-3,1.011651289E-2
1.312365285E2,-3.146488219E-3,5.127476528E-3,1.130348444E-2
1.312465685E2,-1.923657954E-3,3.513630480E-3,1.153356582E-2
1.312566085E2,-2.316739410E-3,-1.427599229E-3,1.046989951E-2
1.312666795E2,-6.327889860E-4,1.799708232E-3,9.549336508E-3
1.312767195E2,-1.644257456E-3,4.968885332E-4,8.394589648E-3
1.312867605E2,-3.451118246E-3,2.136033028E-3,8.022828028E-3
1.312968005E2,-3.404779360E-3,1.410055906E-3,9.730447084E-3
1.313068405E2,-3.521194682E-3,1.433139667E-3,9.921835735E-3
1.313168815E2,-4.048233852E-3,2.836892381E-3,8.162551560E-3
1.313269515E2,-4.562759772E-3,1.361090690E-3,6.149410270E-3
1.313369925E2,-3.909487277E-3,-7.457360625E-4,5.456455983E-3
1.313470325E2,-4.969557747E-3,1.269413158E-3,4.386828747E-3
1.313570725E2,-4.520548508E-3,3.170376644E-3,2.283730544E-3
1.313671125E2,-1.898571849E-3,2.101890743E-3,3.215274191E-4
1.313771535E2,-5.994811654E-4,1.433970407E-3,6.429709611E-4
1.313872245E2,-3.818877041E-3,-8.000303060E-4,-1.719984575E-3
1.313972645E2,-1.585815102E-3,-4.441903904E-3,-1.261121943E-3
1.314073045E2,-3.263700753E-3,-4.320435226E-3,-9.583359933E-4
1.314173445E2,-3.083936870E-3,-1.400709152E-4,-3.364878939E-4
1.314273855E2,-3.520684317E-3,-1.205846667E-3,1.850226661E-3
1.314374555E2,-5.710335448E-3,-5.842652172E-4,1.303746132E-3
1.314474965E2,-2.613002434E-3,9.766705334E-4,2.197207417E-3
1.314575365E2,-4.480144009E-3,2.945013344E-3,5.360510200E-3
1.314675765E2,-4.263458773E-3,5.543269217E-4,1.561495243E-3
1.314776175E2,-2.745989710E-3,2.060344443E-3,2.808653517E-3
1.314876575E2,-1.576252282E-3,1.908596605E-4,3.176141530E-3
1.314977285E2,-3.746729344E-3,-1.216087490E-3,1.996627543E-3
1.315077685E2,-1.804638654E-3,-2.257730812E-4,2.633180935E-3
1.315178085E2,-1.112749800E-3,3.436114639E-4,3.399106208E-3
1.315278495E2,5.572298542E-4,6.095804274E-4,1.616157242E-3
1.315378895E2,7.119597867E-4,4.351437092E-4,4.558180226E-4
1.315479295E2,-1.284796745E-4,-4.013665020E-4,7.899187622E-4
1.315580005E2,-2.333311364E-3,3.644773737E-3,1.502047991E-3
1.315680405E2,-1.643210649E-3,5.608946085E-4,1.896964153E-3
1.315780805E2,-1.527627930E-3,-4.524383694E-4,-2.133247908E-4
1.315881215E2,-7.672961801E-4,3.344431520E-3,-4.394777352E-5
1.315981615E2,-1.446401700E-3,5.662441254E-7,-1.446102047E-3
1.316082015E2,-3.210574389E-3,1.326847821E-3,6.460627192E-4
1.316182725E2,-2.443052828E-3,2.389715984E-3,7.651060005E-4
1.316283125E2,-2.598734573E-3,1.889189705E-3,1.483777887E-4
1.316383535E2,-6.900466979E-4,1.170668751E-3,-5.384514807E-4
1.316483935E2,-1.699971035E-3,5.962345749E-4,1.721900189E-3
1.316584335E2,-3.163110465E-3,3.176571801E-3,9.940583259E-4
1.316684745E2,-3.899268806E-3,-6.673261523E-4,2.356610959E-3
1.316785445E2,-4.773851484E-3,-7.131136954E-5,1.271905378E-3
1.316885855E2,-4.145782441E-3,2.504736185E-3,2.085782122E-3
1.316986255E2,-4.888804629E-3,2.883970737E-3,-5.957547110E-4
1.317086655E2,-2.785898745E-3,9.448397905E-4,-1.854986534E-3
1.317187055E2,-3.106277436E-3,2.718586475E-4,-4.011081532E-3
1.317287465E2,-2.954971045E-3,-1.596653834E-3,-4.047949333E-3
1.317388175E2,-1.738172024E-3,4.411973059E-4,-5.444244482E-3
1.317488575E2,-8.762795478E-4,-9.495336562E-4,-2.478800714E-3
1.317588975E2,-3.374056891E-3,-1.060320064E-3,-1.921933610E-3
1.317689375E2,-4.062009975E-3,-1.375783235E-3,-1.183679560E-4
1.317789785E2,-3.721125424E-3,2.236528322E-3,1.001491328E-3
1.317890185E2,-4.497963935E-3,2.619909123E-3,1.332577784E-3
1.317990895E2,-3.351205960E-3,-1.186814159E-3,4.566640710E-4
1.318091295E2,-5.184970796E-4,-4.903692752E-4,-8.823883254E-4
1.318191695E2,5.164071918E-4,-3.470978700E-3,-1.099435962E-3
1.318292105E2,3.040171228E-3,-2.614762634E-4,-8.297222084E-4
1.318392505E2,4.857245833E-3,-3.541425802E-3,-1.010018284E-3
1.318493215E2,9.666187689E-4,-4.150663503E-3,-2.085451037E-3
1.318593615E2,1.014822163E-3,-1.077186316E-4,7.713217055E-4
1.318694015E2,2.659980208E-3,-8.700229228E-4,-6.502151955E-4
1.318794425E2,1.041044481E-3,-1.840745099E-3,1.343160868E-3
1.318894825E2,3.580255434E-4,2.447161824E-3,1.503505628E-3
1.318995225E2,4.184786230E-4,2.161670476E-3,1.785534318E-3
1.319095935E2,-1.520248130E-3,-1.676488668E-3,2.083416097E-3
1.319196335E2,-6.475299597E-4,1.330753788E-3,2.861858113E-3
1.319296735E2,-4.714597017E-4,-1.721403562E-3,3.018273972E-3
1.319397145E2,1.055330969E-3,1.044590026E-4,9.026587359E-4
1.319497545E2,2.568786032E-3,1.925349236E-3,1.722069574E-3
1.319597945E2,2.969325520E-3,4.350690171E-3,5.550725618E-4
1.319698655E2,1.102035865E-3,-1.411289908E-3,1.372776460E-3
1.319799055E2,1.055164263E-3,2.998106182E-3,9.171096608E-4
1.319899465E2,2.403878607E-3,6.738305092E-5,-7.804298075E-4
1.319999865E2,3.199558705E-4,2.567825839E-3,-1.816399395E-3
1.320100265E2,-1.214386895E-3,3.290899098E-3,-1.641976414E-3
1.320200675E2,-2.267399803E-3,2.234689891E-3,-2.715762937E-3
1.320301442E2,-1.937925816E-3,-5.981400609E-4,-1.149144722E-3
1.320401852E2,-2.699885517E-4,2.514028922E-3,-3.800854320E-3
1.320502253E2,-1.334816217E-3,-1.159507781E-3,-4.815266933E-3
1.320602652E2,-3.155885264E-3,-9.565744549E-4,-4.054934718E-3
1.320703052E2,-1.053798944E-3,-1.368566416E-3,-5.148027558E-3
1.320803462E2,2.918306738E-3,-2.018378116E-3,-6.659371778E-3
1.320904173E2,1.575220376E-3,-1.106243581E-3,-7.948210463E-3
1.321004572E2,1.954986714E-3,-2.370978706E-3,-7.506657857E-3
1.321104972E2,2.577101812E-3,-1.701193862E-3,-7.702399977E-3
1.321205372E2,3.287100233E-3,-4.426939413E-3,-7.821177132E-3
1.321305782E2,3.100679256E-3,-5.449859425E-3,-5.825670436E-3
1.321406182E2,4.988327622E-3,-2.593618818E-3,-3.946011420E-3
1.321506892E2,4.064486362E-3,-1.927923411E-3,-4.063680302E-3
1.321607292E2,5.697269924E-3,-2.071733586E-3,-3.889243351E-3
1.321707692E2,7.912383415E-3,1.674924046E-3,-2.941215411E-3
1.321808102E2,8.880175650E-3,-3.113706596E-3,-4.664813168E-3
1.321908503E2,7.882650942E-3,-1.663909294E-3,-3.382220166E-3
1.322009212E2,5.586473271E-3,-1.047121361E-3,-4.512199666E-3
1.322109612E2,7.165487856E-3,-5.473485216E-3,-4.889743868E-3
1.322210012E2,6.196363829E-3,-4.732860252E-3,-6.350221578E-3
1.322310423E2,6.394702010E-3,-3.918778151E-3,-5.021542776E-3
1.322410822E2,7.204569876E-3,-3.346730955E-3,-7.996560074E-3
1.322511222E2,5.333893932E-3,-1.609990373E-3,-1.075737458E-2
1.322611933E2,3.294711933E-3,-1.905601472E-3,-1.129852887E-2
1.322712333E2,7.673474029E-4,-5.678834394E-3,-1.272022258E-2
1.322812732E2,-5.583558232E-5,-4.313964397E-3,-1.335352287E-2
1.322913142E2,-1.193171367E-3,-3.885599785E-3,-1.641582511E-2
1.323013542E2,-3.232620656E-3,-1.497010700E-3,-1.600889303E-2
1.323113942E2,-3.904249519E-3,-2.279277891E-3,-1.529565081E-2
1.323214652E2,-5.714934319E-3,-3.444943577E-3,-1.440535672E-2
1.323315052E2,-7.673636079E-3,1.987945288E-4,-1.633787714E-2
1.323415462E2,-1.144840010E-2,-8.981600404E-4,-1.416713465E-2
1.323515862E2,-1.109910570E-2,1.353656873E-3,-1.339913718E-2
1.323616262E2,-1.364375651E-2,-5.220081657E-4,-1.560290344E-2
1.323716673E2,-1.417850144E-2,1.160489395E-3,-1.568355225E-2
1.323817372E2,-1.487092488E-2,-9.151790291E-4,-1.546304207E-2
1.323917782E2,-1.354341395E-2,4.176739603E-4,-1.781325229E-2
1.324018183E2,-1.053590700E-2,-4.204775207E-3,-1.710112207E-2
1.324118583E2,-1.454472169E-2,-2.242852934E-3,-1.789619587E-2
1.324218982E2,-1.337639429E-2,-1.587981358E-3,-1.787329279E-2
1.324319392E2,-1.212864369E-2,-2.809949219E-3,-1.554390509E-2
1.324420103E2,-9.921681136E-3,-3.401170485E-3,-1.648240350E-2
1.324520503E2,-1.029705629E-2,-2.820282243E-3,-1.804876514E-2
1.324620902E2,-1.002275199E-2,-4.587289877E-3,-1.701173000E-2
1.324721302E2,-8.629197255E-3,-2.572670579E-3,-1.759040542E-2
1.324821712E2,-1.040499285E-2,-8.174895309E-3,-1.442124415E-2
1.324922112E2,-1.305068843E-2,-9.931931272E-3,-1.420665253E-2
1.325022822E2,-1.376201957E-2,-5.898840725E-3,-1.443408709E-2
1.325123222E2,-1.345763728E-2,-4.298717715E-3,-1.231053006E-2
1.325223622E2,-1.305070519E-2,-1.601734199E-3,-1.365489326E-2
1.325324032E2,-1.499435864E-2,7.679313421E-5,-1.223965921E-2
1.325424433E2,-8.356429636E-3,-1.116836444E-3,-1.375126932E-2
1.325524833E2,-5.129061639E-3,-1.810885966E-3,-1.197345834E-2
1.325625542E2,-3.425437957E-3,-1.367735676E-3,-1.155401114E-2
1.325725942E2,-2.477200702E-3,-5.645989440E-3,-1.238018088E-2
1.325826353E2,9.092753753E-4,-1.705043949E-3,-1.067575812E-2
1.325926753E2,-2.485698089E-3,-7.718019187E-4,-7.452971768E-3
1.326027152E2,-4.473481327E-3,-2.208577469E-3,-6.562144030E-3
1.326127862E2,-4.965407774E-3,-1.091357321E-3,-5.694361404E-3
1.326228263E2,-4.980588332E-3,-6.745737046E-4,-3.240525257E-3
1.326328672E2,-8.617479354E-3,-6.525311619E-4,-4.835994449E-3
1.326429072E2,-5.758043379E-3,-2.695433795E-5,-2.818383742E-3
1.326529472E2,-6.175205112E-3,1.295689493E-3,-3.957743756E-3
1.326629872E2,-4.815662280E-3,2.595311031E-3,-1.646918943E-3
1.326730582E2,-2.377141267E-3,3.700852394E-3,7.358717266E-5
1.326830982E2,-1.540642232E-3,6.531791762E-3,-4.957966739E-4
1.326931392E2,1.683095470E-3,6.708180532E-3,-2.238347195E-3
1.327031792E2,2.662939951E-4,2.187464386E-3,8.069774485E-4
1.327132192E2,-6.985701621E-4,3.153925762E-3,-1.472954638E-3
1.327232603E2,-1.257034019E-3,5.632024258E-4,1.568998559E-4
1.327333302E2,-2.327967435E-3,3.652941436E-3,-1.200216939E-3
1.327433712E2,-3.100285307E-3,4.588510841E-3,-4.089918220E-4
1.327534112E2,-1.596167684E-3,2.939924598E-3,-2.872239565E-3
1.327634513E2,-4.477707669E-3,3.509575501E-3,-5.073874723E-3
1.327734922E2,-1.877276227E-3,-1.644734293E-4,-4.293462262E-3
1.327835322E2,1.949295402E-4,2.318657935E-3,-5.441816989E-3
1.327936033E2,8.970871568E-5,-1.032967120E-4,-6.749787368E-3
1.328036433E2,-6.250832230E-4,-1.748864539E-3,-8.172447793E-3
1.328136832E2,1.769848168E-4,-2.710860223E-3,-7.741783746E-3
1.328237232E2,-2.482447773E-3,-4.258689471E-3,-7.145502139E-3
1.328337642E2,-2.231296152E-3,1.091513783E-3,-7.528686896E-3
1.328438042E2,-4.375139251E-3,-1.676309854E-3,-7.252783049E-3
1.328538752E2,-5.177626386E-3,-1.423636451E-3,-7.022922393E-3
1.328639152E2,-4.784544930E-3,-2.653217874E-3,-5.381349940E-3
1.328739552E2,-4.283923656E-3,2.178825438E-3,-6.304803770E-3
1.328839962E2,-4.347307608E-3,-3.692880273E-4,-8.227073587E-3
1.328940362E2,-2.720955759E-3,1.103471965E-3,-9.130298160E-3
1.329040763E2,-2.143582329E-3,1.974059269E-3,-6.689243950E-3
1.329141472E2,-3.334773704E-3,-1.371967606E-3,-5.719707347E-3
1.329241872E2,6.714202464E-4,1.320488751E-3,-5.383616313E-3
1.329342283E2,-1.968471333E-4,-2.512658946E-3,-6.757244002E-3
1.329442683E2,1.710242592E-3,-1.222623512E-3,-7.711987477E-3
1.329543082E2,6.052618846E-4,3.565493971E-4,-7.166400086E-3
1.329643792E2,1.935777254E-3,-7.076486945E-4,-6.078498904E-3
1.329744193E2,2.573169768E-4,2.259165049E-3,-6.564150099E-3
1.329844603E2,7.966067642E-4,2.220015973E-3,-6.491978187E-3
1.329945002E2,-1.810807735E-3,-1.306312159E-3,-6.036566570E-3
1.330045402E2,-3.093119711E-3,-1.467764378E-5,-6.180377211E-3
1.330145802E2,-3.201493993E-3,1.355689019E-3,-6.983270869E-3
1.330246513E2,-3.225462511E-3,-8.211787790E-4,-6.181126460E-3
1.330346891E2,-1.066977158E-3,-2.452917397E-5,-4.581943620E-3
1.330447301E2,-4.497129470E-3,2.093216404E-3,-5.510054994E-3
1.330547701E2,3.610942513E-4,1.557355747E-3,-3.252481576E-3
1.330648101E2,-1.901794225E-3,1.734722406E-3,-2.538221655E-3
1.330748511E2,-1.333614811E-3,4.145991057E-3,-2.758883871E-3
1.330849211E2,-1.792743802E-3,9.914766997E-4,-2.203081967E-3
1.330949621E2,-1.012230292E-3,-1.463579945E-3,-3.576395568E-3
1.331050021E2,-1.655649394E-3,-3.099826165E-3,-3.630457679E-3
1.331150421E2,-3.782277927E-3,-4.403647035E-4,-3.736732760E-3
1.331250831E2,-3.106899559E-3,-1.462752931E-3,-9.356200462E-4
1.331351231E2,-4.196252674E-3,6.594881415E-4,-3.572797403E-3
1.331451941E2,-4.305174574E-3,1.878151670E-3,-1.284343074E-3
1.331552341E2,-2.179820091E-3,3.442611545E-3,-2.709726803E-3
1.331652741E2,-1.603778452E-3,2.160565928E-3,-1.509706257E-3
1.331753141E2,-1.216571778E-3,3.171857446E-3,-1.216004952E-3
1.331853551E2,-2.432569861E-3,1.121757552E-3,-1.141170156E-3
1.331953951E2,-4.453165457E-3,1.827772707E-3,-2.907520393E-3
1.332054661E2,-2.929303795E-3,1.370241866E-3,-1.320276526E-3
1.332155061E2,-2.837009728E-3,8.298456669E-4,-2.566745505E-3
1.332255461E2,-2.437535673E-3,3.965497017E-4,-9.499403532E-4
1.332355871E2,-5.012042820E-4,-1.533703879E-3,7.665934390E-4
1.332456271E2,-6.332956254E-4,-1.647421159E-3,-5.399533547E-4
1.332556671E2,1.131668687E-3,-1.607926562E-3,2.483060816E-4
1.332657381E2,5.593794398E-3,-2.771448344E-4,-1.700764988E-4
1.332757781E2,7.886629552E-3,-6.827134639E-4,-4.718947457E-5
1.332858191E2,7.179560140E-3,-1.205224544E-3,6.556187291E-4
1.332958591E2,6.160787307E-3,-5.132195540E-3,4.456980387E-4
1.333058991E2,5.748796277E-3,-3.438957036E-3,2.488342579E-3
1.333159701E2,5.684040487E-3,-3.250649199E-3,4.751171800E-4
1.333260101E2,4.765782505E-3,-2.666884102E-3,3.412050894E-3
1.333360511E2,6.623301655E-3,-5.376204848E-3,2.841243520E-3
1.333460911E2,4.163073376E-3,-2.573493868E-3,2.828726545E-3
1.333561311E2,5.210280418E-3,7.338784635E-4,3.450713586E-3
1.333661711E2,4.376711324E-3,3.465216607E-3,4.407586996E-3
1.333762421E2,4.494542256E-3,1.352839172E-3,2.332829405E-3
1.333862821E2,4.376297817E-3,-3.214906901E-4,2.480102237E-3
1.333963231E2,4.462379031E-3,6.509870291E-4,2.136207651E-3
1.334063631E2,6.439776160E-3,2.098681405E-3,1.669621794E-3
1.334164031E2,6.196002476E-3,1.394305378E-3,3.040335141E-3
1.334264441E2,8.169670589E-3,-6.111338735E-5,2.964701271E-3
1.334365141E2,5.868485197E-3,-1.916270703E-4,2.207442652E-3
1.334465551E2,6.834680215E-3,-1.423582435E-4,3.151799785E-3
1.334565951E2,4.476883449E-3,-8.162539452E-4,3.415114013E-3
1.334666351E2,2.320522442E-3,2.172878012E-3,2.422287595E-3
1.334766761E2,3.574119881E-3,-4.624519497E-4,3.487479873E-3
1.334867161E2,5.860533565E-4,1.586051658E-3,2.802781062E-3
1.334967871E2,-9.045954794E-4,2.297319472E-3,8.704242646E-4
1.335068271E2,3.751674667E-3,-3.369621933E-3,-5.927163875E-4
1.335168671E2,2.482257783E-3,-1.176632941E-3,-5.148887285E-4
1.335269071E2,4.268972203E-3,-1.389951445E-3,5.607620697E-4
1.335369481E2,3.849429078E-3,-1.377034932E-4,-3.077102592E-4
1.335469881E2,7.649566978E-4,-8.160099387E-4,2.614072291E-4
1.335570591E2,8.902885020E-5,-6.512950175E-3,-8.915230865E-4
1.335670991E2,-1.035356894E-3,-4.198397510E-3,-1.754653640E-3
1.335771391E2,-1.324560493E-3,-1.090049744E-3,-2.394296927E-3
1.335871801E2,-2.552010119E-3,-1.417085528E-3,-1.867790008E-3
1.335972201E2,-1.337153837E-3,-1.496511512E-3,-6.562859635E-4
1.336072601E2,-2.091625705E-3,1.531502232E-3,-4.429667606E-4
1.336173311E2,-3.316979855E-4,-2.809017897E-4,-1.174740493E-3
1.336273711E2,1.219859347E-3,8.839648217E-4,-9.507687064E-4
1.336374121E2,9.884396568E-4,-7.715485990E-4,-1.429297612E-3
1.336474521E2,1.469673589E-3,1.664161682E-4,5.052226479E-4
1.336574921E2,2.720550634E-3,-2.956047654E-3,-1.080464688E-3
1.336675631E2,2.594317310E-3,-3.038872033E-3,-3.177353065E-4
1.336776031E2,3.914505243E-3,-1.909799874E-3,6.727827713E-5
1.336876441E2,3.267090768E-3,-5.867425352E-4,1.614558278E-5
1.336976841E2,2.030105330E-3,-8.285660297E-4,3.340000403E-4
1.337077241E2,2.642366104E-3,-1.636036672E-3,4.823381896E-4
1.337177641E2,4.807352088E-3,-2.030051313E-3,8.919959073E-4
1.337278351E2,3.217178397E-3,2.265892923E-3,9.905328043E-4
1.337378751E2,3.330664709E-3,-2.334636636E-3,5.139220157E-4
1.337479161E2,4.051581956E-3,-1.599604264E-3,1.754342229E-4
1.337579561E2,1.796640456E-3,-1.962305047E-3,2.481855452E-3
1.337679961E2,2.330338582E-3,-2.057113685E-3,-2.164595062E-4
1.337780371E2,2.637469210E-3,-1.360107213E-3,-2.955899108E-4
1.337881071E2,2.779149450E-3,-3.384908661E-3,-7.169612218E-6
1.337981481E2,3.711040132E-3,-1.185953617E-3,-1.244062209E-3
1.338081881E2,1.154937781E-3,-3.372674808E-3,-1.903993543E-3
1.338182281E2,5.839914083E-4,-2.305464819E-3,1.147284172E-3
1.338282691E2,-1.477828249E-3,1.757986844E-3,7.579300436E-4
1.338383091E2,-3.136385232E-3,-7.891096175E-5,1.607401064E-3
1.338483801E2,-2.239698544E-3,2.821538597E-3,2.888381481E-3
1.338584201E2,-2.814278007E-3,6.702881306E-3,3.319655545E-3
1.338684601E2,-1.199580729E-4,4.654644057E-3,1.248781569E-3
1.338785001E2,1.311293803E-3,1.138538122E-3,1.958475681E-3
1.338885411E2,1.852980815E-3,-2.625574358E-3,-2.934933873E-4
1.338985811E2,-1.218579710E-4,7.391832769E-4,-3.771716729E-4
1.339086521E2,-1.589259133E-3,3.274586052E-4,-7.433563005E-4
1.339186921E2,-2.841744572E-3,4.614882171E-3,1.259074314E-3
1.339287321E2,-4.621800035E-3,2.394871786E-3,1.147487899E-3
1.339387731E2,-6.296275184E-3,3.402393311E-3,1.055181492E-3
1.339488131E2,-6.249936298E-3,1.101689413E-3,2.788700513E-4
1.339588531E2,-5.220042542E-3,-1.002158970E-4,4.768890794E-4
1.339689241E2,-1.709995791E-3,1.322178170E-3,-7.673397777E-4
1.339789641E2,1.707372256E-3,-1.748180017E-3,-1.462906366E-4
1.339890051E2,3.337759525E-3,-2.085336484E-3,-9.108841768E-4
1.339990451E2,2.991489135E-3,1.326020807E-3,-1.940118382E-3
1.340090851E2,2.937161364E-3,6.522405893E-4,-2.357968362E-3
1.340191251E2,2.124200575E-3,-6.991755217E-4,-4.723903257E-4
1.340291961E2,-2.230335027E-3,-7.588304579E-4,-2.559243236E-3
1.340392156E2,3.813980147E-4,-4.817821085E-3,-1.796349185E-3
1.340492556E2,-1.896403730E-3,-1.021219417E-3,-3.691611928E-4
1.340592956E2,-1.022975892E-3,-7.468946278E-4,1.442917855E-4
1.340693356E2,5.094064400E-4,1.092016697E-3,7.200671826E-4
1.340794066E2,9.142793715E-4,-7.273722440E-4,1.871843706E-3
1.340894476E2,2.364370972E-3,3.786385059E-4,2.955750562E-3
1.340994876E2,3.629214130E-3,2.775354311E-3,4.594659898E-3
1.341095276E2,3.247583285E-3,-2.848841250E-4,4.136329982E-3
1.341195676E2,5.983860232E-3,-9.286329150E-4,2.227009973E-3
1.341296086E2,6.362294778E-3,-5.278270692E-4,3.567379201E-3
1.341396786E2,7.057268173E-3,-9.520165622E-5,1.402163529E-3
1.341497196E2,7.577383891E-3,-2.474469133E-3,2.452247776E-3
1.341597596E2,6.202940829E-3,1.642150804E-3,3.502913285E-3
1.341697996E2,5.026089959E-3,1.338018104E-3,2.554561710E-3
1.341798406E2,1.216742210E-3,-1.206289977E-3,1.134127728E-3
1.341898806E2,2.363765612E-3,-9.833835065E-4,2.389275469E-3
1.341999516E2,1.797920093E-3,1.793025061E-3,8.906833827E-4
1.342099916E2,-2.292776480E-4,-2.990278415E-3,-7.679333794E-4
1.342200316E2,1.364719123E-3,-3.211082891E-3,-1.553018345E-3
1.342300726E2,1.414519735E-3,4.707369953E-4,-3.722695634E-3
1.342401126E2,-5.359537899E-4,2.455115318E-4,-2.659206279E-3
1.342501526E2,-3.604516387E-4,-4.578270949E-3,-2.829648554E-3
1.342602236E2,-2.477690578E-3,-8.411351591E-4,-9.383606957E-4
1.342702636E2,-4.053216428E-3,-6.375834346E-5,-1.185768284E-3
1.342803036E2,-1.734126359E-3,-1.360535622E-3,-9.303592378E-5
1.342903446E2,-7.226362824E-3,2.600118518E-3,-4.248658079E-4
1.343003846E2,-5.560241640E-3,3.508761525E-3,-1.400244655E-4
1.343104246E2,-4.570610821E-3,6.296169013E-4,-5.624018377E-4
1.343204956E2,-4.548989236E-4,1.595972106E-3,-4.844529321E-4
1.343305356E2,3.440501168E-4,1.825002953E-3,-1.649585902E-3
1.343405766E2,5.751661956E-4,-7.228087634E-4,-1.389282406E-3
1.343506166E2,-8.805189282E-4,-2.162754536E-4,4.871808342E-4
1.343606566E2,2.686613239E-3,-2.371608280E-3,-1.153574442E-3
1.343706976E2,2.326020971E-3,-1.628586091E-3,7.809457602E-4
1.343807676E2,4.655018449E-3,-6.119180471E-4,8.834128384E-4
1.343908086E2,5.745583214E-3,-5.128906108E-3,7.782179746E-4
1.344008486E2,3.803622909E-3,-1.864396036E-4,8.389858995E-4
1.344108886E2,4.646779969E-3,-8.626151830E-4,2.168169711E-3
1.344209286E2,3.690749407E-3,8.130315691E-4,1.990140183E-3
1.344309996E2,1.274463721E-3,-1.905256882E-3,2.172300359E-3
1.344410406E2,1.364918426E-3,7.512848824E-4,1.090240665E-3
1.344510806E2,6.810184568E-4,4.434231669E-4,-5.239014281E-4
1.344611206E2,-1.416610554E-3,-3.862064332E-4,-2.542262664E-4
1.344711606E2,2.306222916E-3,-5.687494762E-3,1.668194891E-4
1.344812016E2,1.876982860E-3,-3.090222366E-3,-2.196856658E-4
1.344912716E2,7.091863081E-4,-1.294186339E-3,1.784569467E-4
1.345013126E2,-7.085874677E-4,-2.327793278E-3,1.286082901E-3
1.345113526E2,-1.000735909E-3,-1.190090552E-3,6.549135433E-4
1.345213926E2,-3.091450781E-4,-1.187231392E-3,-7.297637640E-4
1.345314336E2,-4.537552595E-4,-2.197634429E-3,-1.481041545E-3
1.345414736E2,-1.084847376E-3,6.943605840E-4,-1.418757485E-3
1.345515446E2,-2.401780337E-3,3.332752734E-3,-1.432073303E-3
1.345615846E2,-4.247205332E-3,-2.248763107E-3,2.381613594E-4
1.345716246E2,-4.511924461E-3,2.638669685E-3,-4.638479440E-4
1.345816656E2,-3.608031198E-3,-2.125550061E-3,1.145281480E-3
1.345917056E2,-3.307092935E-3,1.214586198E-3,8.693780983E-4
1.346017456E2,-7.426589727E-4,2.454351634E-3,-3.620997304E-4
1.346118166E2,-1.783156767E-3,1.026896760E-3,-1.284618746E-3
1.346218566E2,-3.320708871E-3,-2.023626119E-3,-3.496705554E-3
1.346318966E2,-1.663424075E-3,-5.146786571E-4,-2.119851066E-3
1.346419376E2,-4.241930321E-3,6.796754897E-4,1.016454538E-3
1.346519776E2,-3.417149186E-3,1.070894301E-3,6.563951611E-4
1.346620176E2,-2.493720502E-3,2.299809828E-3,2.154224552E-3
1.346720886E2,-6.457529962E-4,4.699584097E-3,3.033067798E-3
1.346821286E2,-3.610774875E-4,2.592593431E-3,2.545658033E-3
1.346921696E2,3.775877878E-3,3.431756049E-3,3.435952589E-3
1.347022096E2,4.030947573E-3,-5.919113755E-4,-3.248805297E-4
1.347122496E2,5.706874654E-3,-2.000723034E-3,-1.762761385E-4
1.347222906E2,7.472470403E-3,-1.667625271E-3,4.851492122E-6
1.347323606E2,6.843431853E-3,-2.408516593E-3,-6.737219519E-4
1.347424016E2,5.726534873E-3,-3.113099374E-3,1.345743658E-5
1.347524416E2,3.213043325E-3,-3.736811690E-3,6.318434607E-4
1.347624816E2,4.275363870E-3,-1.653604209E-3,8.587088087E-4
1.347725216E2,4.017836414E-3,-6.661678664E-3,-2.065556473E-4
1.347825926E2,5.821233615E-3,6.673932076E-4,1.682923175E-3
1.347926336E2,-2.553006634E-4,-8.388906717E-4,1.771872863E-3
1.348026736E2,2.232737839E-3,1.876052469E-3,2.933625598E-3
1.348127136E2,1.740852371E-3,1.897357404E-3,4.085442983E-3
1.348227536E2,1.896796748E-4,5.089204758E-3,5.237898324E-3
1.348327946E2,-1.086240634E-3,1.088337973E-3,5.463734735E-3
1.348428646E2,2.652313560E-5,4.619322717E-4,3.716450650E-3
1.348529056E2,-2.826694399E-4,1.986324787E-3,4.167589825E-3
1.348629456E2,-1.221746206E-3,6.249491125E-4,2.679796191E-3
1.348729856E2,-1.292055473E-3,-3.195355646E-3,2.378859092E-3
1.348830266E2,-1.273553818E-3,-3.377497196E-4,2.043685876E-3
1.348930666E2,3.094291314E-4,5.685240030E-4,-3.078853479E-4
1.349031376E2,-2.217315137E-3,4.601780325E-3,1.093385974E-3
1.349131776E2,-2.975249663E-3,-2.694074064E-4,-1.958596753E-3
1.349232176E2,-1.163110137E-3,-1.537303440E-3,-4.518078640E-6
1.349332586E2,-2.141822129E-3,2.755112946E-4,-2.138508949E-3
1.349432986E2,-2.030357718E-3,8.222106844E-4,-1.288002240E-3
1.349533386E2,-1.562705263E-3,-1.394562423E-4,-1.297323266E-3
1.349634096E2,-2.150455490E-3,-5.067940801E-4,-1.030967338E-3
1.349734496E2,5.510561168E-4,-1.698025502E-3,-2.758826129E-3
1.349834896E2,6.015943363E-4,-6.544943899E-4,-1.429027179E-3
1.349935306E2,9.837578982E-4,-4.305224866E-4,1.653668005E-5
1.350035706E2,3.873351961E-4,-2.066175453E-3,7.050622953E-4
1.350136106E2,-1.829747111E-3,7.621012628E-4,-7.298489218E-4
1.350236816E2,-3.188632429E-3,-3.001987934E-4,1.250862842E-3
1.350337365E2,-2.838959917E-3,-1.265328377E-3,2.540416899E-4
1.350437775E2,-1.898709685E-3,-3.770291805E-4,4.358678707E-4
1.350538175E2,-3.420706838E-3,-1.854818314E-3,9.474610561E-4
1.350638575E2,-1.884870231E-3,-2.381950617E-4,2.215887420E-3
1.350738985E2,2.829432487E-4,-6.643364206E-3,3.601966309E-4
1.350839685E2,-1.629060134E-4,1.822356135E-4,8.141706348E-4
1.350940095E2,-4.697013646E-4,-1.461733133E-3,1.625635894E-3
1.351040495E2,-8.642096072E-4,2.215860412E-3,1.548386877E-3
1.351140895E2,1.239954494E-3,1.139143482E-3,2.590481890E-3
1.351241295E2,-2.556053922E-3,1.668743789E-3,3.868184052E-3
1.351342005E2,-4.193099216E-3,-1.149147749E-3,4.429844674E-3
1.351442415E2,-5.173591897E-3,1.948695630E-3,3.629807383E-3
1.351542815E2,-4.196744412E-3,4.908815026E-4,5.083627068E-3
1.351643215E2,-3.055209294E-3,-1.510623842E-4,4.910578486E-3
1.351743615E2,-3.399554640E-3,1.025255769E-3,4.946264904E-3
1.351844025E2,-2.041766420E-3,-3.481097519E-5,5.670711398E-3
1.351944725E2,-1.464659348E-3,2.119153738E-3,5.667781923E-3
1.352045135E2,1.523960382E-4,-4.629203118E-3,7.646461483E-3
1.352145535E2,-3.488412127E-3,2.858273685E-3,5.890639033E-3
1.352245935E2,-2.952001989E-3,3.841780126E-3,5.578381009E-3
1.352346345E2,-4.805296659E-3,3.534186631E-3,4.203923047E-3
1.352446745E2,-6.855033338E-3,4.397267476E-3,3.213790245E-3
1.352547455E2,-4.853134975E-3,3.977306187E-4,5.098243244E-3
1.352647855E2,-2.763103694E-3,2.158977091E-3,4.868896678E-3
1.352748255E2,-3.746876493E-3,1.445516944E-3,6.028703414E-3
1.352848665E2,-2.333054319E-3,2.408532426E-3,5.501518492E-3
1.352949065E2,-3.853453323E-3,2.166183665E-3,5.438667722E-3
1.353049465E2,-5.225351080E-3,2.089077607E-3,5.806925241E-3
1.353150175E2,-3.915874287E-3,4.090176895E-3,5.667109508E-3
1.353250575E2,-6.993349642E-3,1.885423437E-3,5.807679147E-3
1.353350975E2,-5.435666069E-3,3.295566887E-3,5.769062787E-3
1.353451385E2,-9.351799265E-3,2.526680008E-3,7.269639987E-3
1.353551785E2,-7.072931156E-3,2.517625690E-3,8.153810166E-3
1.353652185E2,-7.797045633E-3,7.820446044E-4,7.066440303E-3
1.353752895E2,-6.439099088E-3,4.076641053E-3,8.411071263E-3
1.353853295E2,-6.373869255E-3,4.703911021E-3,6.831501145E-3
1.353953705E2,-4.309652373E-3,5.320683122E-4,5.051444285E-3
1.354054105E2,-3.702623770E-3,-4.999358207E-4,4.393392708E-3
1.354154505E2,-5.171090364E-3,-2.795580775E-3,1.441545086E-3
1.354255215E2,-5.271723494E-3,6.290487945E-4,2.103172941E-3
1.354355615E2,-3.888478503E-3,2.898860723E-3,4.661405459E-3
1.354456025E2,-4.911087453E-3,1.867681742E-3,4.971531685E-3
1.354556425E2,-7.029365748E-3,2.407237887E-3,5.908964202E-3
1.354656825E2,-8.857009932E-3,6.210818887E-3,7.871956564E-3
1.354757225E2,-7.440740243E-3,3.298919648E-3,6.816545967E-3
1.354857935E2,-5.957521498E-3,2.684937790E-3,6.541232113E-3
1.354958345E2,-1.394728199E-3,-6.048642099E-4,6.107403431E-3
1.355058745E2,6.635375321E-4,-8.508656174E-4,3.778155660E-3
1.355159145E2,2.034799196E-3,-2.196826972E-3,2.533393912E-3
1.355259545E2,1.799888909E-3,-1.746160910E-3,4.040722735E-3
1.355359955E2,3.789802082E-3,-2.649771981E-3,2.090489725E-3
1.355460665E2,-7.714219391E-4,-1.214418560E-3,1.513564494E-3
1.355561065E2,7.979795337E-4,-6.825965829E-3,-1.812711125E-4
1.355661465E2,-2.138752490E-3,1.199450344E-4,2.280356828E-3
1.355761865E2,6.309356540E-4,-2.267044969E-3,1.953586936E-3
1.355862275E2,-4.391269758E-3,-1.011265442E-3,1.552197151E-3
1.355962675E2,-5.634168163E-3,2.150172368E-3,4.540530033E-3
1.356063385E2,-3.410428762E-3,-1.544963568E-3,5.729631521E-3
1.356163785E2,-3.052765504E-3,-8.440185338E-4,4.527214449E-3
1.356264185E2,-5.599686876E-3,6.564389914E-4,6.244007498E-3
1.356364595E2,-3.807913512E-3,3.867944703E-3,4.666350782E-3
1.356464995E2,-2.769891173E-3,4.235927016E-3,4.584891256E-3
1.356565395E2,3.095529974E-5,2.496350557E-3,4.338548984E-3
1.356666105E2,1.243636012E-3,3.737881780E-3,3.852670081E-3
1.356766505E2,2.707829699E-4,-3.639180213E-4,1.459820312E-3
1.356866915E2,8.495645598E-4,3.919577226E-3,1.764451154E-3
1.356967315E2,-2.804292366E-3,1.324059442E-3,1.909060869E-3
1.357067715E2,-2.587853000E-3,-6.963871419E-5,1.336515765E-3
1.357168115E2,-2.951109782E-3,-1.531094313E-5,2.440871904E-4
1.357268825E2,-3.705441952E-3,-2.601299435E-3,-5.557594704E-4
1.357369225E2,-4.546469077E-3,1.609690487E-3,-2.763938392E-4
1.357469635E2,-5.145618692E-3,3.688979894E-3,2.272168873E-3
1.357570035E2,-5.070783198E-3,1.737948507E-3,2.475368092E-3
1.357670435E2,-4.804309458E-3,1.685086638E-3,3.603415098E-3
1.357771145E2,-5.153182894E-3,3.217734396E-3,4.290777259E-3
1.357871545E2,-6.449719891E-3,2.975523472E-3,2.055250108E-3
1.357971955E2,-4.882982001E-3,5.402995273E-3,1.968431054E-3
1.358072355E2,-3.671042621E-3,1.906365156E-3,2.276644809E-3
1.358172755E2,-5.188511685E-3,6.357710809E-4,1.613783883E-3
1.358273165E2,-4.769688472E-3,-2.619115636E-3,2.043868182E-3
1.358373865E2,-4.800580442E-3,3.460615873E-3,2.169302898E-3
1.358474275E2,-2.623071894E-3,3.512389958E-4,2.024761168E-3
1.358574675E2,-5.153873935E-3,1.743806526E-3,2.257521497E-3
1.358675075E2,-3.207588568E-3,6.069429219E-5,3.838769160E-3
1.358775475E2,-1.370273530E-3,1.621838659E-3,5.133065395E-3
1.358875885E2,-3.371885046E-3,1.617744565E-4,3.945627250E-3
1.358976595E2,-1.858675852E-3,2.881661057E-3,2.523765434E-3
1.359076995E2,-2.884337679E-3,-4.097986966E-4,4.232214298E-3
1.359177395E2,-2.233460546E-3,3.139395267E-3,5.035157315E-3
1.359277795E2,-1.654403284E-3,-2.431962639E-3,3.907049540E-3
1.359378205E2,2.117699012E-3,4.642251879E-4,5.025843624E-3
1.359478605E2,2.591618337E-3,-5.301460624E-5,2.920246217E-3
1.359579315E2,4.131192341E-3,9.280946106E-4,4.440112039E-3
1.359679715E2,1.705991104E-3,4.787761718E-4,2.342226217E-3
1.359780115E2,4.867957905E-4,1.269467175E-3,1.466578804E-3
1.359880525E2,1.371668652E-3,-2.335906029E-4,1.433006953E-3
1.359980925E2,-8.504725993E-4,4.417821765E-5,3.981025075E-4
1.360081325E2,-1.407198608E-3,-3.563947976E-4,8.123710286E-4
1.360182035E2,-2.537177876E-3,9.964909405E-4,1.507722540E-3
1.360282435E2,-2.121096477E-3,-5.010366440E-4,-2.078693360E-4
1.360382957E2,-3.444688395E-3,-9.958520532E-4,4.057229962E-4
1.360483357E2,-1.153208315E-3,1.007609069E-3,7.817794103E-4
1.360583757E2,-2.651769668E-3,-1.367930323E-3,1.912291278E-3
1.360684157E2,-2.251449972E-3,1.021469012E-3,1.045823563E-3
1.360784867E2,-1.057289541E-3,-4.033222795E-4,4.583302070E-4
1.360885267E2,-7.641687989E-4,-3.370356746E-3,-3.826869652E-4
1.360985677E2,-5.889330059E-4,2.550115809E-3,-4.351512471E-4
1.361086078E2,-2.387743443E-4,1.076620072E-3,2.310195705E-4
1.361186478E2,8.826144040E-5,-5.260687321E-4,4.419418983E-4
1.361287187E2,-4.441197962E-5,3.479793668E-4,1.054605236E-3
1.361387587E2,5.838647485E-5,-2.066710033E-3,1.239162404E-3
1.361487998E2,6.718849763E-4,-2.444310114E-3,-3.580644028E-3
1.361588398E2,-3.355890512E-4,-1.404878683E-3,-1.179537969E-3
1.361688797E2,-1.494063064E-3,-1.828853972E-3,-3.559871344E-3
1.361789207E2,-1.678621396E-3,-2.242997289E-4,-3.099144436E-3
1.361889908E2,-3.751907498E-4,1.003218815E-3,-3.687470453E-3
1.361990317E2,5.779536441E-4,-2.346504480E-3,-4.882963374E-3
1.362090717E2,-4.285313189E-4,-1.957975328E-3,-3.014751710E-3
1.362191117E2,2.051404677E-3,-2.451986074E-5,-4.968446679E-3
1.362291517E2,5.188947544E-4,8.009839803E-4,-9.623428923E-4
1.362391927E2,-1.156765968E-3,6.795432419E-4,-1.275264309E-3
1.362492637E2,4.516541958E-5,2.082198858E-3,-2.074326854E-3
1.362593037E2,1.939471811E-3,1.861423254E-3,-3.636537120E-3
1.362693437E2,5.291154608E-3,-1.400180161E-3,-3.142504953E-3
1.362793837E2,5.520452745E-3,-1.692594960E-3,-3.382988507E-3
1.362894248E2,3.194384277E-3,8.300822228E-4,-4.119289108E-3
1.362994648E2,4.053786397E-3,-1.115357503E-3,-4.451917950E-3
1.363095357E2,3.858624026E-3,6.020795554E-4,-1.540396363E-3
1.363195757E2,1.616775058E-3,-1.210734248E-3,-1.273014932E-3
1.363296158E2,-2.033010125E-3,5.089361221E-4,-6.978058373E-4
1.363396567E2,-2.133943141E-3,3.922309726E-3,1.234317664E-3
1.363496967E2,-4.446052015E-3,4.625117406E-3,-9.408231126E-4
1.363597367E2,-1.684352756E-3,5.099160597E-3,-3.985349089E-3
1.363698078E2,-1.157298684E-3,2.486499026E-3,-5.179191940E-3
1.363798477E2,8.195657283E-4,-4.773344845E-4,-8.860212751E-3
1.363898887E2,4.909773357E-3,-4.223568365E-3,-1.083189901E-2
1.363999287E2,1.643672585E-3,-1.468794420E-3,-1.171873137E-2
1.364099687E2,3.550684080E-3,-1.684390008E-4,-1.228754967E-2
1.364200087E2,1.488066278E-3,1.048017293E-4,-1.173787285E-2
1.364300797E2,2.698455937E-3,1.278819516E-3,-1.176774967E-2
1.364401197E2,1.149028540E-3,4.497248679E-3,-1.080661453E-2
1.364501607E2,-9.875595570E-4,2.256898209E-3,-1.049750671E-2
1.364602007E2,-3.342060372E-3,8.022803813E-4,-9.358473122E-3
1.364702408E2,-1.319389790E-3,3.034541383E-3,-9.185633622E-3
1.364803117E2,-1.346288249E-3,1.775931567E-3,-6.026858464E-3
1.364903517E2,6.053699180E-4,-1.599527895E-4,-4.741333891E-3
1.365003928E2,-1.289470121E-3,6.508454680E-5,-8.173882030E-3
1.365104328E2,2.307395451E-3,1.904530451E-3,-7.002091035E-3
1.365204727E2,8.370643482E-4,-2.393545583E-3,-8.199448697E-3
1.365305137E2,2.212665044E-3,-2.577768639E-3,-7.892154157E-3
1.365405838E2,1.231823117E-3,3.346055746E-5,-1.011030097E-2
1.365506248E2,2.576077357E-3,-1.353646629E-3,-9.625940584E-3
1.365606647E2,3.787027672E-4,1.433616504E-3,-1.224782318E-2
1.365707047E2,-1.280399039E-3,-3.131330013E-4,-1.040985435E-2
1.365807447E2,-3.623181954E-3,4.266928881E-4,-1.054807194E-2
1.365907857E2,-4.672875628E-3,4.636904225E-3,-1.101080328E-2
1.366008567E2,-6.045470014E-3,1.396903768E-3,-8.575875312E-3
1.366108967E2,-6.229555234E-3,2.266786993E-3,-9.364083409E-3
1.366209367E2,-5.356570706E-3,1.859057695E-3,-1.074679662E-2
1.366309767E2,-3.903942183E-3,-1.139154658E-3,-1.168834697E-2
1.366410178E2,-1.373672858E-3,-1.775915734E-3,-1.119459700E-2
1.366510578E2,-2.329418436E-3,-2.980008721E-4,-1.030702330E-2
1.366611287E2,-2.163769677E-3,-2.507359721E-3,-1.245273277E-2
1.366711687E2,-5.212664604E-3,2.262387425E-4,-1.129618846E-2
1.366812088E2,-3.675222397E-3,-3.321625292E-3,-1.149805635E-2
1.366912498E2,-4.193130881E-3,-3.497859463E-3,-1.133670378E-2
1.367012897E2,-4.904462025E-3,-1.665071584E-3,-1.110181306E-2
1.367113297E2,-3.927756101E-3,2.095606178E-4,-1.039435714E-2
1.367214008E2,-3.288863227E-3,1.903064549E-3,-9.599403478E-3
1.367314408E2,-2.348123118E-3,-1.956317574E-4,-1.066273917E-2
1.367414817E2,-1.846648753E-3,6.896015257E-4,-9.774575010E-3
1.367515217E2,-7.535498589E-4,-5.053933710E-4,-9.574688040E-3
1.367615617E2,-2.970844507E-4,-2.212480642E-3,-1.011158153E-2
1.367716327E2,1.852624118E-4,-3.468692303E-3,-8.878144436E-3
1.367816727E2,-2.943418920E-3,-1.690765843E-3,-6.953210570E-3
1.367917137E2,-8.942559361E-4,1.645138487E-3,-6.835643668E-3
1.368017537E2,-4.218680784E-3,1.439807937E-3,-6.995166652E-3
1.368117937E2,-5.744138733E-3,2.389758825E-3,-5.535222124E-3
1.368218338E2,-3.574728966E-3,3.646237776E-3,-3.580994438E-3
1.368319047E2,-4.779631272E-3,5.196748301E-3,-3.255826887E-3
1.368419447E2,-6.320802495E-3,3.974091262E-3,-4.681150895E-3
1.368519857E2,-7.060555741E-3,1.288108528E-3,-2.911526943E-3
1.368620258E2,-6.862416863E-3,2.248443663E-3,-3.820996499E-3
1.368720658E2,-5.141716450E-3,9.001549333E-4,-4.146066960E-3
1.368821067E2,-4.673266783E-3,-2.634126693E-3,-4.119168967E-3
1.368921767E2,-4.294579849E-3,-2.931095660E-4,-5.888889544E-3
1.369022178E2,-2.503072843E-3,-1.370359212E-3,-6.785309874E-3
1.369122577E2,-2.351725474E-3,-2.100796439E-3,-7.301199250E-3
1.369222977E2,-3.745092079E-3,1.294467598E-3,-8.110799827E-3
1.369323387E2,-4.215516150E-3,-1.619163901E-3,-8.032837883E-3
1.369423787E2,-6.260557100E-3,-1.907584257E-3,-9.522876702E-3
1.369524497E2,-5.039293319E-3,-7.064007223E-4,-8.512386121E-3
1.369624897E2,-4.687223583E-3,-3.938945942E-3,-9.784311987E-3
1.369725297E2,-4.368726164E-3,-2.655996941E-3,-8.627488278E-3
1.369825697E2,-4.247285426E-3,-2.506859601E-3,-8.637608029E-3
1.369926107E2,-2.043161541E-3,-2.205693163E-3,-8.299900219E-3
1.370026508E2,-1.853277907E-3,-3.178812563E-3,-7.434107363E-3
1.370127217E2,-3.296783194E-3,7.408186793E-4,-6.239683833E-3
1.370227617E2,-1.945229247E-3,-1.497567631E-3,-6.939296145E-3
1.370328017E2,-5.341507494E-4,1.551933587E-3,-6.488506682E-3
1.370428194E2,-1.426575705E-3,3.542112187E-3,-5.866925232E-3
1.370528594E2,-1.032004133E-3,-3.659468144E-3,-3.848587628E-3
1.370628994E2,1.320366748E-3,-2.233612351E-3,-3.395051230E-3
1.370729704E2,-1.014648005E-4,-6.935632788E-3,-5.145705305E-3
1.370830104E2,-2.258358523E-3,-3.377649933E-3,-3.843419487E-3
1.370930514E2,-9.998586029E-4,-2.413749695E-3,-2.453294583E-3
1.371030914E2,-1.426763833E-3,-2.303760499E-3,-1.870861393E-3
1.371131314E2,-2.500377595E-3,1.485534012E-4,3.349895705E-4
1.371232024E2,-3.492671996E-3,1.896919683E-3,3.170989687E-3
1.371332424E2,1.399572939E-4,2.855410799E-3,2.141674049E-3
1.371432834E2,8.401023224E-4,3.105213866E-3,7.088934653E-4
1.371533234E2,3.936011344E-4,9.048227221E-4,-1.690308098E-3
1.371633634E2,-2.179011703E-3,2.520561218E-3,-3.908721264E-3
1.371734034E2,-3.246376291E-3,6.604008377E-4,-2.897145925E-3
1.371834744E2,-5.657870322E-3,3.325957805E-3,-1.680613961E-3
1.371935144E2,-6.281502545E-3,-1.157138497E-3,-1.495559467E-3
1.372035554E2,-7.786188275E-3,-2.948064357E-4,-1.410072087E-3
1.372135954E2,-7.867902517E-3,8.151624352E-4,-1.712985220E-3
1.372236354E2,-7.664436474E-3,4.014683887E-3,-3.462509485E-4
1.372336764E2,-1.637248322E-3,3.188239411E-3,-2.463963116E-3
1.372437464E2,-1.358948648E-3,7.224194705E-4,-2.691663336E-3
1.372537874E2,-7.426925004E-4,-4.104897380E-4,-2.351843985E-3
1.372638274E2,2.746847458E-3,-3.170128912E-4,-2.837604610E-3
1.372738674E2,-2.173515037E-3,-2.438517287E-3,-2.499367343E-3
1.372839084E2,-3.251295537E-3,-8.848290890E-4,-2.299363958E-3
1.372939484E2,6.191860884E-4,3.443844616E-4,-1.335520530E-3
1.373040194E2,-1.006940380E-3,-3.271921538E-3,1.397681655E-3
1.373140594E2,8.711591363E-6,1.053521410E-3,1.793194679E-4
1.373240994E2,1.854548231E-3,-2.875707112E-3,5.801251973E-4
1.373341394E2,3.545406274E-3,-1.339168288E-3,1.522138133E-3
1.373441804E2,3.075358458E-3,-3.469164483E-3,1.905899611E-3
1.373542204E2,3.977967426E-3,-1.871393062E-3,2.596656792E-3
1.373642914E2,5.727397278E-3,1.518812031E-3,1.929535065E-3
1.373743314E2,6.006368436E-3,-2.001130022E-3,2.463383833E-3
1.373843714E2,6.899326108E-3,-2.896484919E-3,1.499852166E-3
1.373944124E2,7.110719569E-3,-3.374649212E-3,7.395788562E-4
1.374044524E2,7.287819870E-3,-6.245536730E-3,4.492942244E-4
1.374145234E2,8.340300992E-3,-6.244737655E-3,-1.527303830E-3
1.374245634E2,7.599942386E-3,-5.164293572E-3,1.282597426E-3
1.374346034E2,3.681496717E-3,-2.204637043E-3,-6.780802505E-5
1.374446444E2,1.942719333E-3,-9.542834014E-4,-7.250761846E-4
1.374546844E2,7.915562019E-4,3.125967458E-3,-4.810029350E-4
1.374647244E2,-8.510816842E-4,-3.712959588E-4,-1.238405937E-3
1.374747954E2,-2.188485116E-3,2.108501270E-3,-1.803999068E-3
1.374848354E2,-7.032398134E-4,-9.553134441E-5,-8.263525669E-4
1.374948764E2,2.623228356E-4,-2.790954895E-3,-1.512088114E-3
1.375049164E2,1.461810432E-3,-2.034269273E-4,-1.146702445E-3
1.375149564E2,8.309073746E-4,6.455872208E-4,-1.815729192E-4
1.375249964E2,2.492720261E-3,2.468256280E-3,9.087251965E-4
1.375350674E2,-3.125751391E-3,-1.045519486E-3,2.329255454E-3
1.375451074E2,1.413607039E-3,1.145463437E-3,1.430172240E-3
1.375551484E2,1.534358598E-3,1.465708017E-3,1.201475505E-3
1.375651884E2,-2.736616880E-4,-2.580698580E-3,4.669756163E-4
1.375752284E2,-3.397706896E-4,7.878169417E-4,2.300614491E-3
1.375852694E2,2.384910360E-3,3.241654485E-3,3.636974143E-4
1.375953394E2,5.361994728E-3,-1.494419761E-3,9.776465595E-4
1.376053804E2,5.087423138E-3,-7.556583732E-4,1.273524016E-3
1.376154204E2,4.384018481E-3,-6.908494979E-4,5.508304457E-4
1.376254604E2,6.188044325E-3,-1.717764884E-3,2.108779736E-3
1.376355014E2,6.497376598E-3,-2.912431955E-5,2.168605570E-3
1.376455414E2,3.232873976E-3,-3.245424479E-3,7.025353261E-4
1.376556124E2,4.524508491E-3,-7.635783404E-4,2.369644586E-3
1.376656524E2,3.433678299E-3,-5.172360688E-4,2.210387494E-3
1.376756924E2,7.538637146E-4,3.656260669E-4,2.949273214E-3
1.376857324E2,1.417789608E-3,2.377377823E-3,4.113873467E-3
1.376957734E2,2.000567503E-3,1.974239945E-3,2.934591845E-3
1.377058134E2,1.887915656E-3,-2.552336082E-3,3.446984105E-3
1.377158844E2,2.436404116E-3,-3.195647150E-4,1.225515502E-3
1.377259244E2,1.812390983E-4,-1.024503261E-3,1.802356215E-3
1.377359644E2,1.735912636E-3,-2.550293691E-3,7.429859252E-4
1.377460054E2,1.723395661E-3,-1.058124006E-3,1.190072508E-4
1.377560454E2,3.100410104E-4,-3.275900148E-3,2.308057155E-4
1.377661164E2,1.081026159E-3,-2.602120861E-3,-1.003835816E-3
1.377761564E2,-2.421187237E-3,-1.384665258E-3,-1.709233853E-3
1.377861964E2,5.775326863E-4,-2.765245736E-4,-1.770220231E-3
1.377962374E2,-8.693151176E-4,-6.587300450E-4,2.536745742E-4
1.378062774E2,1.362679526E-3,1.389507204E-3,-4.779529991E-5
1.378163174E2,1.221138984E-3,-1.098977402E-3,1.379270107E-3
1.378263884E2,1.118873246E-3,-6.281305104E-4,2.032181947E-4
1.378364284E2,1.613798551E-3,-5.510904826E-3,6.269967998E-4
1.378464694E2,2.580526285E-3,7.350072265E-4,1.061624847E-3
1.378565094E2,2.806928009E-3,-3.395176493E-3,2.040672116E-3
1.378665494E2,1.541660167E-3,-1.937894151E-3,-2.136938274E-4
1.378765894E2,2.327919006E-3,1.952150837E-3,1.525900909E-3
1.378866604E2,1.656536013E-3,2.376083285E-4,4.348038929E-4
1.378967004E2,-1.342222095E-4,3.467816859E-4,1.733506331E-3
1.379067414E2,-6.745774299E-4,2.514861524E-3,2.062939340E-3
1.379167814E2,7.657082751E-4,5.442757159E-3,3.489449620E-3
1.379268214E2,1.364120282E-3,1.670122147E-3,3.314213362E-3
1.379368624E2,1.308334060E-3,5.438148975E-3,1.779346727E-3
1.379469324E2,9.243059903E-4,-3.222692758E-4,1.265889267E-3
1.379569734E2,1.656705514E-3,2.705542371E-3,9.751755861E-4
1.379670134E2,-5.438644439E-4,1.684485003E-3,2.858563093E-3
1.379770534E2,-3.617089242E-3,9.110048413E-4,9.937323630E-4
1.379870944E2,-4.878895357E-3,-5.225762725E-4,1.688817283E-3
1.379971344E2,-6.212634966E-3,4.530716687E-3,2.433064161E-3
1.380072054E2,-6.841408089E-3,3.871850669E-3,2.579271793E-3
1.380172454E2,-6.752444431E-3,2.642692998E-3,1.348679420E-3
1.380272854E2,-4.417117685E-3,1.657588407E-3,1.932444284E-3
1.380373544E2,-3.538930789E-3,1.119608060E-3,9.211162687E-4
1.380473954E2,1.760493964E-3,2.154512331E-3,2.913693432E-3
1.380574664E2,3.831071779E-3,-2.564388327E-3,5.387875717E-5
1.380675064E2,2.666471526E-3,-1.876493916E-3,4.024865921E-4
1.380775464E2,3.793596290E-3,-2.382223494E-3,-1.191942254E-3
1.380875864E2,-9.201988578E-4,-9.401217103E-4,-5.549140624E-4
1.380976274E2,-2.068554983E-3,-5.111430772E-3,-2.603684552E-4
1.381076674E2,-3.082044423E-4,-8.064303547E-4,1.102903858E-3
1.381177384E2,1.252440736E-3,-3.226332366E-3,9.165516822E-4
1.381277784E2,5.094316788E-3,-6.443969905E-4,2.449467313E-3
1.381378184E2,3.032980487E-3,-6.446763873E-4,3.134044120E-3
1.381478594E2,4.629812203E-3,1.543110237E-3,2.827248070E-3
1.381578994E2,4.730953835E-3,-1.458111219E-3,5.312822759E-3
1.381679394E2,2.072053961E-3,1.920906827E-3,5.141049158E-3
1.381780104E2,4.585323855E-3,1.510456204E-3,6.373726297E-3
1.381880504E2,3.089159727E-3,1.298202202E-3,7.707171142E-3
1.381980914E2,3.598731011E-3,1.176888123E-3,6.583122537E-3
1.382081314E2,3.518569283E-3,1.604858786E-3,4.630759358E-3
1.382181714E2,-4.832539707E-5,-1.240752637E-3,2.682797378E-3
1.382282114E2,5.796486512E-4,1.773679629E-3,4.249693011E-4
1.382382824E2,-1.926891506E-3,-1.310199499E-3,1.007776475E-3
1.382483234E2,-2.669911832E-3,1.723822206E-4,-1.643400406E-3
1.382583634E2,-2.510905266E-3,1.523302868E-3,-2.163995989E-3
1.382684034E2,-3.896547481E-3,9.957291186E-4,-3.779203165E-3
1.382784434E2,-5.329420790E-3,2.497252077E-3,-2.232988831E-3
1.382884844E2,-4.432203248E-3,2.527344972E-3,-3.399187000E-3
1.382985544E2,-3.178805113E-3,-1.312743872E-3,-4.113948904E-3
1.383085954E2,5.181943998E-4,-3.804930486E-3,-6.228498649E-3
1.383186354E2,1.720513217E-3,-3.313067369E-3,-5.850308575E-3
1.383286754E2,1.580370590E-4,-2.893620171E-3,-4.600487184E-3
1.383387164E2,-1.476909965E-3,-3.188493662E-3,-4.331878852E-3
1.383487564E2,-2.840794623E-4,-4.116339609E-3,-3.398973495E-3
1.383588274E2,-4.408668727E-3,-3.613335080E-3,-4.767013714E-3
1.383688674E2,-2.908775583E-3,-3.516395576E-3,-4.741713405E-3
1.383789074E2,-2.524314448E-3,-1.935047098E-3,-3.280410077E-3
1.383889484E2,-4.072142765E-3,-1.506811008E-3,-2.111282432E-3
1.383989884E2,-2.461990342E-3,-5.118253641E-3,-2.731311601E-3
1.384090594E2,-4.204230383E-3,-4.842882976E-3,-2.765400102E-3
1.384190994E2,-1.584703103E-3,-2.079115249E-3,-2.443255158E-3
1.384291394E2,-1.090953127E-3,-3.749183379E-3,-2.345783403E-3
1.384391794E2,-9.972266853E-4,-1.322398894E-3,-3.199731582E-4
1.384492204E2,3.399467096E-4,-2.739999443E-3,-2.463817829E-3
1.384592604E2,-6.587058306E-4,-2.162308432E-3,-6.114788703E-4
1.384693314E2,3.534707241E-3,-1.353773288E-3,-1.699267887E-4
1.384793714E2,1.696811058E-3,1.438545063E-3,4.408766981E-4
1.384894114E2,1.391284168E-4,1.746080816E-4,9.663184173E-4
1.384994524E2,-2.559671178E-3,1.669714227E-3,2.098021097E-3
1.385094924E2,-2.466993406E-3,-1.460033469E-3,8.697713492E-4
1.385195324E2,-2.010744065E-3,3.476418555E-3,-8.017752552E-4
1.385296034E2,-5.787611008E-4,3.253512084E-3,4.738789285E-4
1.385396434E2,-5.925204605E-4,-3.131506965E-3,2.757954062E-4
1.385496844E2,-1.399457455E-3,9.838752449E-4,4.433082067E-4
1.385597244E2,-1.418961212E-3,3.020538017E-3,7.301853038E-4
1.385697644E2,1.117433421E-3,5.115736276E-4,-6.796921953E-4
1.385798044E2,4.754532129E-4,1.239543781E-3,1.528844004E-4
1.385898754E2,5.095424131E-4,-5.538295954E-4,2.678892575E-3
1.385999164E2,-4.477096722E-3,2.511022612E-3,2.624647692E-3
1.386099564E2,-3.234732896E-3,3.856185824E-3,2.839032328E-3
1.386199964E2,-3.046967089E-3,-4.768837243E-4,4.475866444E-3
1.386300364E2,-3.110615537E-3,-2.026843838E-3,4.140041769E-3
1.386400774E2,1.239161938E-4,7.817465812E-4,3.849085653E-3
1.386501474E2,-7.474701852E-4,3.661155701E-3,2.921506763E-3
1.386601884E2,7.081991062E-4,7.645431906E-4,1.742470078E-3
1.386702284E2,3.159105778E-3,2.521695569E-3,1.872965135E-3
1.386802684E2,-3.553088754E-4,5.103498697E-4,1.814303338E-3
1.386903094E2,-1.531755552E-4,-3.130191937E-3,2.153856214E-3
1.387003794E2,1.406652853E-3,1.498010010E-3,2.146188170E-3
1.387104204E2,1.134743914E-3,7.797554135E-4,2.325418871E-3
1.387204604E2,8.202251047E-4,7.600467652E-4,1.242843806E-3
1.387305004E2,2.942504361E-4,1.306794584E-3,3.967575030E-4
1.387405414E2,-2.171210945E-3,1.814095303E-3,2.219974995E-3
1.387505814E2,-2.866029739E-3,-4.892740399E-4,2.323838184E-3
1.387606524E2,-2.154557034E-3,5.686096847E-5,2.413231879E-3
1.387706924E2,-1.334846020E-4,3.291269764E-3,2.329608425E-3
1.387807324E2,3.484375775E-4,-7.898882031E-4,1.758403378E-4
1.387907724E2,2.779371105E-3,1.100691035E-3,4.321493907E-5
1.388008134E2,1.192846335E-3,1.690244302E-3,-8.321308997E-4
1.388108534E2,-5.107782781E-4,1.467870548E-3,-1.855317387E-3
1.388209244E2,-2.327976748E-3,1.359721646E-3,-3.596977331E-5
1.388309644E2,-5.387682468E-3,8.478630334E-4,-3.816480748E-4
1.388410044E2,-4.353357479E-3,6.741696969E-3,6.145148072E-4
1.388510454E2,-4.169866443E-3,1.511514187E-3,1.448883209E-3
1.388610854E2,-2.041939646E-3,3.907464445E-3,1.283679856E-3
1.388711254E2,-1.059764996E-3,8.837115020E-4,3.217461635E-4
1.388811964E2,9.871115908E-4,8.346494287E-4,-1.342837000E-3
1.388912364E2,3.861195408E-3,6.978958845E-5,9.953108383E-5
1.389012774E2,3.094016574E-3,-5.342479795E-3,-1.556193340E-3
1.389113174E2,2.809325233E-3,-4.663373344E-3,-4.664278240E-4
1.389213574E2,-1.763580367E-4,-5.054751411E-3,-2.161851618E-3
1.389313974E2,1.065740362E-3,-1.624067314E-3,-6.568992976E-4
1.389414684E2,-7.685087621E-5,-1.071155071E-3,7.337837596E-4
1.389515094E2,3.452599049E-4,-2.307127230E-3,2.032291377E-5
1.389615494E2,-1.073548570E-3,3.885366023E-4,-3.595802118E-4
1.389715894E2,1.466574147E-3,1.057788730E-3,2.248986159E-3
1.389816294E2,6.078928709E-4,-1.637133770E-3,2.330515068E-3
1.389916704E2,7.770033553E-4,-2.770308405E-3,1.949949539E-3
1.390017404E2,5.632946268E-4,3.865845501E-4,1.306667691E-3
1.390117814E2,2.450144850E-3,-1.163374633E-3,1.125572715E-3
1.390218214E2,-2.863463014E-4,-5.135294050E-4,1.455111196E-4
1.390318614E2,2.561397851E-4,-1.103686169E-3,-1.360506401E-3
1.390418804E2,4.990929738E-4,-3.309840336E-3,-9.631583816E-4
1.390519504E2,3.779185936E-4,-1.169191673E-3,-1.558641205E-3
1.390619914E2,-1.026488841E-3,-1.061091200E-3,1.129695796E-3
1.390720314E2,2.329359762E-3,-1.166818663E-3,-1.973153092E-3
1.390820714E2,-2.032538876E-3,-6.709694862E-4,-1.502288971E-3
1.390921124E2,-1.988328993E-3,-2.448651940E-4,1.496963203E-3
1.391021524E2,-1.263087615E-3,1.979315653E-3,-2.294137143E-3
1.391122234E2,-2.364836633E-3,2.980930731E-3,-2.989222296E-3
1.391222634E2,-3.157926723E-3,3.545787185E-3,-3.384968266E-3
1.391323034E2,-2.781355754E-3,1.116184518E-3,-5.641997326E-3
1.391423434E2,-3.196779639E-3,-1.768496819E-3,-2.622129396E-3
1.391523844E2,-2.158412710E-3,-3.526449203E-3,-2.490303013E-3
1.391624244E2,-6.041117013E-4,-3.564995714E-3,-2.828826662E-3
1.391724954E2,-1.998011023E-3,-1.684537157E-3,-1.707369694E-3
1.391825354E2,-3.356019035E-3,-2.165677026E-3,-2.092527575E-4
1.391925754E2,-3.806626424E-3,-2.079866827E-4,1.127121504E-3
1.392026164E2,-2.612978220E-3,-1.216562465E-3,3.500222811E-4
1.392126564E2,-3.018844873E-3,-1.433078200E-3,3.070925595E-5
1.392226964E2,-2.473244444E-3,-1.079808921E-3,1.913732267E-4
1.392327674E2,-1.491604373E-3,1.717576757E-3,-8.296827436E-4
1.392428074E2,-1.106765121E-4,-2.640150487E-4,-1.609757310E-3
1.392528484E2,9.021237493E-4,-2.177761868E-3,-1.252361108E-3
1.392628884E2,2.126490697E-3,2.786535770E-4,-1.900806441E-3
1.392729284E2,2.934227698E-3,-8.958000690E-4,1.127474126E-3
1.392829684E2,3.577302210E-3,1.519881189E-3,4.470735439E-4
1.392930394E2,2.845199779E-3,-6.940048188E-4,5.504042492E-4
1.393030804E2,4.520717077E-3,-2.489218488E-3,-2.188571380E-4
1.393131204E2,2.592056058E-3,-1.227412373E-3,4.014770035E-3
1.393231604E2,2.805267461E-3,1.700339839E-3,4.710049368E-3
1.393332004E2,1.042786986E-3,6.151013076E-4,3.548644949E-3
1.393432714E2,2.468878403E-3,1.743165776E-3,3.624701174E-3
1.393533114E2,4.555198364E-3,7.070042193E-5,2.862770576E-3
1.393633524E2,2.047221176E-3,-4.404895008E-4,2.274130005E-3
1.393733924E2,1.712195575E-3,7.944181561E-4,3.730612807E-3
1.393834324E2,-5.938839167E-4,1.900469884E-3,1.267186599E-3
1.393934734E2,-1.217862591E-3,-2.508312464E-4,9.707768913E-4
1.394035434E2,-7.020235062E-4,-1.870747656E-4,1.051951549E-4
1.394135844E2,-9.092167020E-4,-1.956211403E-3,-1.643702853E-3
1.394236244E2,-1.610312611E-3,-2.550433390E-3,-2.766998019E-3
1.394336644E2,-3.542700782E-3,2.426896244E-4,-2.154234098E-4
1.394437054E2,-3.252457827E-3,-2.376721241E-3,-7.032243884E-4
1.394537454E2,-2.691330388E-3,1.035854220E-3,1.820104080E-4
1.394638164E2,-1.975122839E-3,-3.539193422E-4,-1.510349801E-3
1.394738564E2,-2.428391948E-3,2.451613545E-5,-1.762817497E-3
1.394838964E2,-4.432594404E-3,-2.178661525E-4,3.243709216E-5
1.394939364E2,-2.405662090E-3,1.655934379E-3,-1.453606877E-3
1.395039774E2,-1.494953409E-3,6.366334856E-5,-1.459483523E-3
1.395140174E2,-1.428676769E-4,3.156127408E-3,2.529291087E-4
1.395240884E2,1.241082326E-3,7.537286729E-4,7.226915332E-4
1.395341284E2,-1.140581444E-3,3.292785957E-3,-4.435066949E-4
1.395441684E2,1.719333231E-4,-3.053136170E-3,8.657765575E-4
1.395542094E2,4.369178787E-4,-1.541792415E-3,8.569881320E-4
1.395642494E2,-7.011275738E-5,-3.413598053E-3,-6.748000742E-4
1.395742894E2,5.144514143E-4,-5.609107204E-3,-1.645256067E-3
1.395843604E2,-6.937813014E-4,-4.923138767E-3,-2.035190118E-4
1.395944004E2,-2.214446664E-3,-1.180864871E-3,8.010253077E-4
1.396044414E2,-6.001312286E-4,-2.009606920E-3,2.341380110E-3
1.396144814E2,-7.908139378E-4,-9.137149900E-4,2.072667237E-3
1.396245214E2,-2.054013312E-4,4.702385515E-3,2.361469902E-3
1.396345924E2,2.840455621E-3,-1.472419128E-3,-1.528076828E-3
1.396446324E2,4.302345216E-3,1.857139170E-3,-1.121717156E-3
1.396546734E2,2.591264434E-3,-6.339810789E-4,-1.167257200E-3
1.396647134E2,5.137603730E-4,-6.121005863E-4,-3.873979673E-3
1.396747534E2,-2.072168514E-3,8.883252740E-4,-1.071268925E-3
1.396847934E2,-3.105890006E-3,1.328228042E-3,2.121877624E-3
1.396948644E2,-3.855835646E-3,2.772193402E-3,1.937054098E-3
1.397049054E2,-5.865763873E-3,4.450377077E-3,2.980905701E-4
1.397149454E2,-4.968544468E-3,4.654642195E-3,1.566820545E-3
1.397249854E2,-3.519171849E-3,2.663735300E-3,3.782138228E-4
1.397350254E2,8.630584925E-4,7.015187293E-4,2.016462386E-4
1.397450664E2,2.600491978E-3,-5.044974387E-5,-1.572076231E-3
1.397551364E2,3.161087632E-3,1.632934436E-3,-1.418145373E-3
1.397651774E2,4.605252296E-3,-3.662143834E-3,-2.096890239E-3
1.397752174E2,3.380998038E-3,-2.523109317E-3,3.287169966E-4
1.397852574E2,2.127023414E-3,-8.923374116E-4,-4.360678140E-4
1.397952984E2,2.428227104E-3,-4.135016352E-4,8.145526517E-4
1.398053384E2,1.548742875E-3,-2.675175667E-3,1.969490666E-3
1.398154094E2,-9.828582406E-4,-7.241442800E-4,2.719170414E-3
1.398254494E2,-1.208081841E-3,-3.536103293E-3,3.097567474E-3
1.398354894E2,1.322453842E-3,-3.014281392E-4,4.934350029E-3
1.398455304E2,-1.089517027E-3,-7.733106613E-4,3.455608152E-3
1.398555704E2,9.992001578E-4,2.623550594E-3,4.009545315E-3
1.398656104E2,2.495721914E-3,-1.038594171E-3,2.783445176E-3
1.398756814E2,6.283130497E-4,1.023756340E-3,2.548021730E-3
1.398857214E2,1.138217747E-3,9.248405695E-5,2.655061893E-3
1.398957614E2,2.943308093E-3,1.086641103E-3,2.429758431E-3
1.399058024E2,2.628387883E-3,-1.323893666E-4,2.845936920E-3
1.399158424E2,9.535262361E-4,-3.113541752E-4,6.123436033E-4
1.399258824E2,2.462753095E-3,4.741698503E-4,1.171130687E-3
1.399359534E2,-1.262476668E-3,-1.055816188E-3,7.892334252E-4
1.399459934E2,2.351282164E-4,8.071847260E-4,6.625410169E-4
1.399560344E2,-1.870099455E-3,-2.352123149E-3,3.948933445E-4
1.399660744E2,-3.659348935E-3,2.575086430E-3,-1.312912093E-3
1.399761144E2,-5.473226309E-3,1.729533076E-3,-1.755795791E-3
1.399861854E2,-1.821061596E-3,6.962679327E-4,-3.278877586E-3
1.399962254E2,-3.579279408E-3,-2.250254154E-3,-4.010447767E-3
1.400062664E2,-2.809880301E-3,-1.078044996E-3,-4.598415457E-3
1.400163064E2,-3.355827183E-3,4.562027752E-4,-1.618338283E-3
1.400263464E2,-1.003203914E-3,-3.578372300E-3,-1.987777185E-3
1.400363864E2,-1.281239092E-3,-1.710165292E-3,-1.922796015E-3
1.400464569E2,-1.007279381E-3,-9.517706931E-4,-1.637532841E-3
1.400564979E2,-2.500247210E-3,7.137693465E-4,-1.690263394E-3
1.400665379E2,-1.217495650E-3,-1.045856625E-4,-7.640345721E-4
1.400765779E2,-4.235124215E-3,4.167390987E-3,-9.818811668E-4
1.400866179E2,-1.814762130E-3,-2.147667110E-4,3.672377788E-4
1.400966589E2,-1.556169242E-3,-1.035552472E-3,-6.596772000E-4
1.401067289E2,1.407062635E-3,-9.718183428E-4,2.257111948E-3
1.401167699E2,5.963966250E-4,1.442071050E-3,6.341816043E-4
1.401268099E2,2.622308210E-3,-2.520503476E-3,1.299605588E-3
1.401368499E2,7.093595341E-4,-1.697853208E-3,1.157392631E-3
1.401468909E2,5.228668451E-4,-4.535176791E-3,7.320718723E-4
1.401569309E2,1.130600460E-3,9.344238788E-4,1.370431622E-3
1.401670019E2,4.127189517E-3,-2.751853317E-4,1.915580593E-3
1.401770419E2,1.419020817E-3,-2.962314524E-3,8.095699013E-4
1.401870819E2,1.787627116E-4,3.757402301E-3,1.389601268E-3
1.401971229E2,-1.403421164E-3,3.849016502E-3,1.808782807E-3
1.402071629E2,-1.882353798E-3,3.718225285E-3,1.759647741E-3
1.402172029E2,-9.134951979E-4,-2.053910866E-3,2.313318662E-3
1.402272739E2,-1.902885735E-3,3.201579675E-3,1.416638028E-3
1.402373139E2,3.488175571E-4,-2.429673448E-3,1.083742827E-3
1.402473539E2,-8.240528405E-4,1.432823017E-3,-4.391103284E-4
1.402573949E2,4.180446267E-4,-8.313972503E-4,-1.568024280E-3
1.402674349E2,-2.024123445E-3,2.276483923E-3,-6.368330214E-4
1.402775059E2,-1.675516367E-3,5.354359746E-5,-1.665079501E-3
1.402875459E2,3.763781860E-4,-9.176880121E-4,-8.698791498E-4
1.402975859E2,3.830362111E-4,-1.166427508E-3,-5.654798588E-4
1.403076269E2,-2.153171226E-3,2.206657082E-3,1.782402163E-3
1.403176669E2,-1.998707652E-3,-7.782150060E-4,1.087050885E-3
1.403277069E2,-1.242754981E-3,-1.156382263E-3,3.886314807E-4
1.403377779E2,-3.292856738E-3,-2.015784383E-3,1.826738473E-3
1.403478179E2,-1.823406667E-3,-1.912798733E-3,-3.611959983E-6
1.403578589E2,2.620344982E-3,-5.642822012E-3,1.298673684E-3
1.403678989E2,1.072623767E-3,-6.085354835E-4,2.010349883E-3
1.403779389E2,1.601527445E-3,-1.578724943E-3,1.192226773E-3
1.403879789E2,2.608107403E-3,-2.441016026E-3,1.900074654E-3
1.403980499E2,3.795344383E-3,1.606190577E-3,1.450799289E-3
1.404080909E2,1.355438493E-3,1.293607056E-3,-6.507392973E-4
1.404181309E2,5.458369851E-4,1.941287890E-3,2.177271293E-3
1.404281709E2,-7.595513016E-4,-7.935501635E-4,1.200177008E-3
1.404382109E2,-1.377936453E-3,2.246715128E-3,-3.511144896E-4
1.404482519E2,-1.989744604E-3,7.454156876E-4,-7.542775129E-4
1.404583219E2,-3.424391150E-3,-2.567556687E-3,6.630567950E-4
1.404683629E2,-4.331570119E-3,-3.033722751E-3,2.331181196E-3
1.404784029E2,-1.716081053E-3,8.819233626E-4,3.725079820E-3
1.404884429E2,-2.126218751E-3,5.175851285E-3,4.394272342E-3
1.404984839E2,-1.490788534E-3,2.465818077E-3,1.575316419E-3
1.405085239E2,4.312302917E-4,5.473544821E-3,-2.522315830E-3
1.405185949E2,-2.873752266E-3,1.242047176E-3,-2.652868861E-4
1.405286349E2,-2.241497859E-4,4.020575434E-4,-5.438486114E-4
1.405386749E2,-3.476401791E-3,5.701482296E-3,-5.273369607E-4
1.405487159E2,-3.996690735E-3,1.617223024E-3,-5.171980592E-4
1.405587559E2,-2.866445109E-3,5.612783134E-4,1.817861572E-3
1.405688269E2,-5.431443453E-3,5.935957655E-3,2.436435316E-3
1.405788669E2,-4.995483905E-3,4.431804642E-3,3.658293746E-3
1.405889069E2,-4.707343876E-3,7.310792804E-3,3.792724106E-3
1.405989469E2,-1.271067187E-3,1.426272094E-3,3.730672412E-3
1.406089879E2,2.305619419E-4,-1.353143714E-3,1.958135050E-3
1.406190279E2,3.973368555E-3,-3.294055350E-3,7.216293016E-4
1.406290989E2,5.863743834E-3,-2.343620174E-3,-4.386740038E-4
1.406391389E2,2.828005701E-3,-2.008328214E-3,-7.593185874E-4
1.406491789E2,1.857816242E-3,4.345886409E-4,-3.404033487E-4
1.406592199E2,1.090560108E-3,-2.669058740E-3,-3.300170647E-4
1.406692599E2,-7.080044597E-4,-2.697437070E-3,9.997664019E-4
1.406792999E2,1.905448735E-4,-1.109661534E-3,2.351727453E-4
1.406893709E2,-2.054207027E-3,-2.913389355E-3,1.221995568E-3
1.406994109E2,-3.397239372E-3,-6.052274257E-4,-7.298352430E-4
1.407094519E2,-1.226590946E-3,-1.055261120E-3,1.051798696E-3
1.407194919E2,1.816879958E-4,-8.810907602E-4,1.236621989E-3
1.407295319E2,-3.192527220E-4,2.305915579E-3,1.068842830E-3
1.407395719E2,-1.697704196E-3,-4.333345219E-3,1.647281460E-3
1.407496429E2,-1.239705831E-3,2.524105832E-3,2.127281623E-3
1.407596839E2,-7.198564708E-4,1.385070384E-3,6.244598771E-4
1.407697239E2,2.427265048E-3,4.686513916E-3,8.059889660E-4
1.407797639E2,1.208070666E-3,-8.278265595E-4,3.633716260E-4
1.407898039E2,4.064485431E-3,2.124588937E-3,1.064562588E-3
1.407998449E2,1.732089557E-3,6.321538240E-4,-7.301416481E-4
1.408099149E2,2.330644056E-4,2.288568765E-3,-1.837994205E-5
1.408199559E2,-6.556324661E-4,-7.953718305E-4,-1.019462128E-3
1.408299959E2,-3.579132259E-3,-1.705112867E-3,-2.872614656E-3
1.408400359E2,-3.011347726E-3,2.722833306E-4,-1.721596345E-3
1.408500769E2,-2.407832071E-3,1.587253064E-3,-2.282416448E-3
1.408601469E2,-2.433931455E-3,-2.093166113E-4,-2.157514216E-3
1.408701879E2,-3.951750696E-4,-3.134693019E-3,-2.920959145E-3
1.408802279E2,-2.145670354E-3,-6.488990039E-4,-3.974239342E-3
1.408902679E2,3.675408661E-4,-1.152912155E-3,-2.612628276E-3
1.409003089E2,1.455175690E-3,-1.060765237E-3,-9.335051873E-4
1.409103489E2,9.565223008E-4,-2.246350050E-6,-1.769948984E-3
1.409204199E2,-3.247242421E-4,4.226321355E-3,-2.071418799E-3
1.409304599E2,-1.283871010E-3,4.115719348E-4,-7.496839389E-4
1.409404999E2,-2.123033628E-3,1.481363550E-3,3.701384412E-5
1.409505399E2,-8.145179600E-4,-8.663646877E-4,1.313547371E-3
1.409605809E2,5.961582065E-4,8.580330759E-4,-7.529120194E-5
1.409706209E2,-4.365947098E-4,1.544743776E-3,-4.056124017E-4
1.409806919E2,-1.440605149E-3,2.274982631E-3,-4.705935135E-4
1.409907319E2,-1.312090084E-3,2.169676125E-3,4.855508450E-4
1.410007719E2,-1.002896577E-3,7.632598281E-4,-6.529505481E-4
1.410108129E2,1.801040955E-3,-2.572722733E-3,-4.993681796E-4
1.410208529E2,1.589852385E-3,-1.037411392E-3,-7.116221823E-4
1.410308929E2,2.469451167E-3,-4.535391927E-4,1.234837342E-3
1.410409730E2,-1.082673669E-3,7.528487593E-3,2.043373184E-3
1.410510130E2,6.807865575E-4,-1.365933567E-4,1.910582185E-3
1.410610540E2,5.273884162E-4,-1.579760574E-3,1.162233995E-3
1.410710940E2,-4.093907773E-5,3.457162529E-4,1.385551994E-3
1.410811340E2,1.062674448E-3,-3.602153622E-3,5.826088600E-4
1.410911740E2,-2.337940037E-3,2.489253879E-3,-9.022224112E-4
1.411012450E2,-1.568019390E-3,8.761771023E-4,-1.078014611E-4
1.411112860E2,-1.591850072E-3,1.163395122E-3,-2.749064937E-3
1.411213260E2,-1.580132172E-3,-1.505389810E-5,-8.449048619E-4
1.411313660E2,-1.700403169E-3,-1.587532461E-4,-3.351655323E-3
1.411414060E2,-2.667663619E-3,1.539012417E-3,-3.785750596E-3
1.411514770E2,-3.187395632E-3,1.025812700E-3,-3.394388827E-3
1.411615180E2,-2.361282706E-3,2.299068496E-3,-3.388263518E-3
1.411715580E2,-3.246622160E-3,-6.406418979E-4,-3.553459886E-3
1.411815980E2,9.904680774E-4,-4.164036363E-4,-2.961705439E-3
1.411916380E2,-1.433677971E-3,2.349438146E-3,-2.657904988E-3
1.412016790E2,-1.843005419E-3,2.585925162E-3,-3.960190807E-3
1.412117490E2,-4.027275369E-3,-1.448355615E-4,-2.025032183E-3
1.412217900E2,-5.415314808E-3,2.090986818E-4,-3.549159272E-3
1.412318300E2,-6.477823481E-3,2.058887854E-3,-2.670295071E-3
1.412418700E2,-6.327621639E-3,-1.532385126E-3,-2.260967158E-3
1.412519110E2,-5.493821576E-3,1.828880981E-3,-3.973832354E-3
1.412619510E2,-4.614179954E-3,7.218047976E-4,-2.068606671E-3
1.412720220E2,-3.363801166E-3,-1.416687854E-3,-3.282350022E-3
1.412820620E2,-4.163015634E-3,2.351950854E-3,-3.670106176E-3
1.412921020E2,-2.541128546E-3,3.045208752E-3,-3.612461500E-3
1.413021430E2,-9.517539293E-4,3.550410271E-3,-2.885684837E-3
1.413121830E2,-6.583951414E-3,1.391675323E-4,-2.204576973E-3
1.413222230E2,-6.620170549E-3,1.415887848E-3,-3.978774883E-3
1.413322940E2,-6.212064996E-3,8.865445852E-5,-4.653142300E-3
1.413423340E2,-7.625671104E-3,-2.394467592E-4,-2.970556961E-3
1.413523740E2,-5.978610367E-3,-2.264093608E-3,-7.160078385E-4
1.413624150E2,-7.696881890E-3,7.564648986E-4,-1.272075810E-3
1.413724550E2,-6.208404899E-3,2.886641771E-3,-2.528636018E-3
1.413824950E2,-3.710625693E-3,-8.624605834E-5,-3.789642826E-3
1.413925660E2,-3.665016964E-3,3.457020968E-3,-5.892577581E-3
1.414026060E2,-3.420006484E-3,1.446601003E-3,-6.277670152E-3
1.414126470E2,-5.401119590E-3,1.156724989E-3,-7.966318168E-3
1.414226870E2,-8.461624384E-3,2.499185503E-4,-7.997476496E-3
1.414327270E2,-8.755672723E-3,5.685526878E-3,-6.206689402E-3
1.414427980E2,-1.130618155E-2,3.829304129E-3,-3.367227269E-3
1.414528380E2,-1.243114658E-2,5.450733006E-3,-5.071422085E-3
1.414628790E2,-1.393689774E-2,4.633141682E-3,-1.839143573E-3
1.414729190E2,-1.185771078E-2,2.956729382E-3,-2.873680321E-3
1.414829590E2,-5.779579282E-3,1.688266173E-3,-4.440950695E-3
1.414929990E2,-7.475651801E-3,-1.343518496E-3,-5.586087704E-3
1.415030700E2,-2.447605133E-3,2.626329660E-4,-6.515531335E-3
1.415131110E2,-3.270938993E-3,1.798048615E-4,-6.948417984E-3
1.415231510E2,-3.681065515E-3,1.536151394E-3,-6.929775700E-3
1.415331910E2,-4.561746493E-3,2.883741632E-3,-4.935746081E-3
1.415432310E2,-7.021708414E-3,-3.671776503E-4,-5.913658999E-3
1.415532720E2,-6.905296817E-3,2.934359014E-3,-4.604734946E-3
1.415633420E2,-8.915716782E-3,6.573572755E-4,-4.188749474E-3
1.415733830E2,-5.078934133E-3,8.035637438E-5,-3.110096324E-3
1.415834230E2,-4.723135382E-3,-1.090636477E-3,-4.133815411E-3
1.415934630E2,-5.421441048E-3,-7.171481848E-4,-3.566736123E-3
1.416035040E2,-5.749009550E-3,9.337458760E-4,-3.975265194E-3
1.416135440E2,-3.800850362E-3,1.967899501E-3,-3.909650259E-3
1.416236150E2,-2.893511206E-3,8.871871978E-4,-2.489120001E-3
1.416336550E2,-3.608569503E-3,-3.796778619E-4,-2.692052862E-3
1.416436950E2,-1.882309094E-3,-1.073697582E-3,-3.384741023E-3
1.416537360E2,-3.723455593E-3,1.482835039E-3,-2.212236635E-3
1.416637760E2,-5.419356748E-3,-6.650034338E-4,-5.152632482E-3
1.416738160E2,-5.588028580E-3,1.692464575E-3,-5.650931038E-3
1.416838870E2,-4.395464435E-3,2.601668239E-3,-4.598982632E-3
1.416939270E2,-5.078287795E-3,-1.929067075E-4,-5.737420171E-3
1.417039670E2,-6.502546370E-3,-5.300622433E-4,-5.280422047E-3
1.417140080E2,-5.608035251E-3,1.198420301E-3,-6.429613102E-3
1.417240480E2,-7.052533329E-3,4.029626027E-3,-7.034949493E-3
1.417341190E2,-5.500813946E-3,9.937826544E-4,-5.534872878E-3
1.417441590E2,-3.827283159E-3,1.383136958E-3,-6.521307863E-3
1.417541990E2,-4.412034526E-3,3.853309900E-4,-4.405734595E-3
1.417642400E2,-1.546738669E-3,1.180017367E-3,-4.244347103E-3
1.417742800E2,-2.878572792E-3,-2.741876990E-3,-4.689031746E-3
1.417843200E2,-3.616001457E-3,-1.200705767E-3,-3.214705735E-3
1.417943910E2,-5.513193086E-3,-4.766788334E-4,-3.407750512E-3
1.418044310E2,-5.590425804E-3,-1.275725663E-5,-2.841296140E-3
1.418144720E2,-3.758516163E-3,-2.253595740E-4,-3.545659129E-3
1.418245120E2,-4.510059953E-3,-1.547858119E-4,-4.002391361E-3
1.418345520E2,-1.647673547E-3,-3.995038569E-4,-4.863265902E-3
1.418445920E2,-6.729550660E-4,1.256726682E-4,-4.385494627E-3
1.418546630E2,-2.737352625E-4,-1.479271799E-3,-5.885589868E-3
1.418647040E2,-4.929136485E-4,-2.279551700E-3,-5.231783725E-3
1.418747440E2,-1.104524359E-3,-8.791928180E-3,-3.644347657E-3
1.418847840E2,-1.702670008E-3,-1.408846118E-3,-2.597192768E-3
1.418948240E2,-3.045033664E-3,-1.050112769E-3,-1.468800474E-3
1.419048650E2,-1.173363999E-3,-2.575572580E-4,-5.990121281E-4
1.419149350E2,-1.583941281E-3,-6.431080401E-4,-4.962545936E-4
1.419249760E2,-2.260118723E-3,5.915332586E-4,4.925770918E-4
1.419350160E2,-6.787665188E-4,5.490276963E-4,5.616265698E-4
1.419450560E2,-3.735683858E-4,-1.048868522E-3,4.412516137E-4
1.419550970E2,1.563278027E-3,2.046316862E-3,-5.035301438E-4
1.419651670E2,6.540752947E-4,-4.024598747E-4,1.995580271E-3
1.419752080E2,1.861562952E-3,1.320749521E-3,9.346400038E-4
1.419852480E2,2.921501175E-3,-1.472372562E-3,1.322295866E-4
1.419952880E2,5.369877443E-3,-2.351212315E-3,8.067936287E-4
1.420053290E2,4.656682722E-3,9.716134518E-4,-4.470225540E-4
1.420153690E2,3.301337361E-3,-2.830914222E-3,1.254912000E-3
1.420254400E2,3.798815422E-3,-3.400031477E-3,4.477147013E-5
1.420354800E2,2.686679363E-3,-1.840750687E-3,-5.776021862E-5
1.420455335E2,2.305048518E-3,-2.062059008E-3,2.714064321E-4
1.420555735E2,1.148623414E-3,7.847771049E-4,2.297050087E-3
1.420656145E2,2.334263176E-3,1.836460084E-3,4.682573490E-4
1.420756545E2,1.383912750E-3,9.989086539E-4,2.328988165E-3
1.420857255E2,2.818292007E-3,-1.768114977E-3,1.090085949E-3
1.420957655E2,1.979067922E-3,6.582178175E-4,2.412482281E-4
1.421058055E2,-4.223044962E-4,2.534147352E-3,7.235467783E-4
1.421158465E2,2.806512639E-3,-2.151151188E-3,-1.361622708E-5
1.421258865E2,1.633123495E-3,-1.077631488E-3,9.717533248E-4
1.421359265E2,7.467195392E-4,-2.159904689E-3,-1.626028912E-3
1.421459975E2,-6.668865681E-4,-3.729571588E-3,-1.653725863E-3
1.421560375E2,-5.423799157E-4,-7.672104985E-4,-6.579085020E-4
1.421660785E2,-3.046549857E-3,-2.326491289E-3,1.014024019E-3
1.421761185E2,-1.208888367E-3,-1.674469560E-3,2.106942702E-3
1.421861585E2,1.175173558E-3,1.786308363E-3,1.932239509E-3
1.421961985E2,2.875672653E-3,-2.246843651E-3,7.070788997E-4
1.422062695E2,4.526299424E-3,3.010034561E-4,-1.463777153E-5
1.422163105E2,5.516729318E-3,-1.319264062E-3,-5.672436673E-4
1.422263505E2,3.905250691E-3,-4.440222867E-3,-1.304939389E-3
1.422363905E2,1.567240804E-3,-2.972568385E-3,6.875057006E-4
1.422464305E2,-1.222420484E-3,-1.718485728E-3,5.407654680E-4
1.422565015E2,-3.890957683E-3,-1.274729148E-3,8.624476613E-4
1.422665425E2,-3.624375910E-3,9.822994471E-4,1.628372935E-3
1.422765825E2,-4.191640764E-3,-1.399504021E-3,1.590491273E-3
1.422866225E2,-6.509665400E-4,-5.430318415E-4,4.607781884E-4
1.422966625E2,2.420858480E-3,-2.222942188E-3,-6.047718343E-4
1.423067035E2,5.865657702E-3,-1.815211959E-3,-4.465800885E-4
1.423167735E2,5.840897560E-3,-3.263299353E-3,-2.634566277E-3
1.423268145E2,5.732240155E-3,-5.806982517E-4,2.515014494E-4
1.423368545E2,4.465918988E-3,1.320667565E-3,1.455584308E-3
1.423468945E2,8.243117481E-4,2.164356411E-3,-1.357246423E-3
1.423569355E2,-5.124937743E-4,-1.667294651E-3,6.676415214E-4
1.423669755E2,-2.465123311E-3,-1.243053004E-3,1.283897087E-3
1.423770465E2,-2.858195454E-3,-9.390432388E-4,1.985171577E-3
1.423870865E2,-1.172680408E-3,-2.211704850E-5,2.935387660E-3
1.423971265E2,5.478756502E-4,1.919079572E-3,3.441503504E-3
1.424071675E2,-5.509443581E-4,-5.032867193E-5,3.417801345E-3
1.424172075E2,2.786292695E-3,2.427911386E-3,2.594013000E-3
1.424272475E2,1.956984401E-3,3.560019657E-3,4.394575953E-3
1.424373185E2,2.400320955E-3,-1.322701573E-4,3.484616522E-3
1.424473585E2,4.495429806E-3,-3.522466868E-4,2.772487467E-3
1.424573985E2,3.965399228E-3,5.944576114E-4,7.140034577E-4
1.424674395E2,5.676213652E-3,-6.905179471E-4,1.676469925E-3
1.424774795E2,7.299428806E-3,-2.026347443E-3,1.265145256E-3
1.424875195E2,3.969412297E-3,-1.630068757E-3,1.637188834E-3
1.424975905E2,5.935726687E-3,-4.041729495E-3,9.746828000E-4
1.425076305E2,1.509819180E-3,-5.817506462E-4,1.316099893E-3
1.425176715E2,-3.804583102E-4,-1.454573125E-3,-1.105319476E-3
1.425277115E2,1.144200563E-3,-4.886444658E-4,-1.598536968E-3
1.425377515E2,-3.171116114E-3,-1.221871004E-3,-2.428289154E-4
1.425478225E2,-2.270702273E-3,6.575211883E-4,-2.036804799E-4
1.425578625E2,-8.464735001E-4,1.787073910E-3,-1.444376307E-3
1.425679035E2,-5.974676460E-4,-4.856679589E-4,-1.277928823E-3
1.425779435E2,7.182247937E-4,1.513194293E-4,-3.888271749E-7
1.425879835E2,9.030485526E-4,-2.197588794E-3,1.264346414E-3
1.425980235E2,2.137497067E-4,4.565771669E-4,-1.972034806E-5
1.426080945E2,-1.211840659E-3,1.293076202E-3,-6.703305990E-4
1.426181355E2,-1.699473709E-3,1.880690455E-3,2.184779383E-3
1.426281755E2,-1.471241936E-3,1.480374485E-4,-7.612095797E-4
1.426382155E2,-1.794446260E-3,2.303700894E-3,-1.399215194E-3
1.426482555E2,-3.108451143E-3,2.871546894E-4,3.747164155E-4
1.426582965E2,1.672824845E-3,1.693410799E-3,8.371740114E-5
1.426683665E2,2.737822942E-3,1.406587660E-3,1.067755278E-3
1.426784075E2,6.602797657E-4,-6.966572255E-4,2.443480771E-3
1.426884475E2,2.633416094E-3,-2.961941063E-3,6.437163684E-4
1.426984875E2,3.567676991E-3,-1.447648741E-3,2.079022117E-3
1.427085285E2,1.000390388E-3,3.053626046E-3,-5.351367872E-4
1.427185685E2,-1.057051122E-5,1.774223521E-3,3.188107512E-4
1.427286395E2,1.170275733E-3,-3.288742155E-4,8.359966450E-4
1.427386795E2,2.173918299E-3,1.642832533E-3,1.303826924E-3
1.427487195E2,-1.364091411E-3,-1.081049442E-3,7.075450849E-4
1.427587605E2,-2.420898527E-4,2.935454249E-4,1.806431916E-3
1.427688005E2,2.023993991E-3,-2.316085622E-3,7.526189438E-4
1.427788715E2,4.053357989E-4,-1.387670636E-6,-7.410841063E-4
1.427889115E2,1.663945615E-3,-2.287977375E-3,-1.385569107E-3
1.427989515E2,7.228553295E-4,-6.808210164E-4,-4.876589228E-4
1.428089915E2,1.407287084E-3,-3.407355398E-4,-9.385321173E-4
1.428190325E2,3.753853962E-4,-2.383702435E-3,6.470040535E-4
1.428290725E2,-1.832908019E-3,-9.818151593E-4,-2.171419328E-3
1.428391435E2,-2.546174452E-3,-2.152111381E-3,-5.182853201E-4
1.428491835E2,-1.475317404E-3,1.719858497E-3,-2.193147317E-3
1.428592235E2,-4.452280700E-3,-1.214511693E-3,-4.258298432E-4
1.428692645E2,-4.105271772E-3,-1.266175881E-3,5.540333223E-5
1.428793045E2,-3.383832052E-3,7.674787194E-4,-9.734422201E-4
1.428893445E2,-4.426993430E-3,3.278573975E-3,-1.712981029E-4
1.428994155E2,-1.082789153E-3,5.114935338E-4,1.465729438E-4
1.429094555E2,-2.230077982E-3,1.272091642E-3,-1.122689690E-3
1.429194965E2,4.061348736E-4,-7.467791438E-4,-1.557342941E-3
1.429295365E2,8.743181825E-4,1.095063984E-3,-1.582376659E-3
1.429395765E2,-8.521582931E-4,-4.130130634E-3,-1.351895626E-4
1.429496165E2,-8.894428611E-4,-1.547929831E-3,-5.762090441E-4
1.429596875E2,-1.543045044E-3,-2.499781549E-4,1.064741518E-3
1.429697285E2,-2.253308892E-3,-2.241451293E-4,2.246652264E-3
1.429797685E2,-8.062589914E-4,1.186026260E-3,3.090454265E-3
1.429898085E2,-2.597784624E-4,1.368986443E-3,1.956213964E-3
1.429998485E2,2.882207744E-3,2.639051527E-4,-1.149632619E-3
1.430098895E2,2.801513299E-3,8.378159255E-4,-5.624055630E-4
1.430199595E2,5.348119885E-5,-1.607948914E-3,-4.383463820E-4
1.430300005E2,5.589490756E-4,2.280343324E-4,-1.235963078E-3
1.430400449E2,-1.334529370E-3,1.793242991E-4,-2.258928725E-4
1.430500849E2,-2.249592915E-3,1.989210024E-3,1.443110174E-3
1.430601259E2,-4.094667733E-3,1.109231263E-3,1.776232850E-3
1.430701959E2,-6.236381829E-3,6.694944575E-3,3.059876617E-3
1.430802369E2,-4.533641040E-3,4.859140143E-3,2.918363549E-3
1.430902769E2,-6.390325725E-4,2.833273262E-3,1.562814694E-3
1.431003169E2,2.368567511E-3,-1.846478321E-3,4.934134195E-4
1.431103579E2,2.056977712E-3,-1.168703660E-3,1.154942671E-3
1.431203979E2,3.358474001E-3,9.033717215E-4,-5.408441648E-4
1.431304689E2,2.581629902E-3,5.622021854E-5,-2.931701601E-4
1.431405089E2,1.630092040E-3,-8.629616350E-4,1.117971493E-3
1.431505489E2,-7.672868669E-4,-1.005973667E-3,1.269505359E-3
1.431605889E2,-5.792267621E-5,2.497853711E-3,3.108615056E-5
1.431706299E2,-1.138366759E-3,2.764968202E-3,1.481709885E-3
1.431806699E2,-4.702694714E-4,-2.299522981E-3,1.577994553E-3
1.431907409E2,8.926074952E-5,1.309059560E-3,2.363094361E-3
1.432007809E2,1.047474332E-3,2.326525748E-3,4.359733313E-3
1.432108209E2,8.136481047E-4,-5.968250334E-4,3.648935352E-3
1.432208619E2,3.231286071E-3,-2.113750204E-3,2.632806310E-3
1.432309019E2,3.589482047E-3,4.846956581E-4,1.838385360E-3
1.432409419E2,4.538631998E-3,3.553990275E-3,3.007246880E-3
1.432510129E2,4.261663184E-3,1.808287576E-3,1.863419078E-3
1.432610529E2,4.090678878E-3,2.073394135E-3,-1.518601784E-4
1.432710939E2,4.516518675E-3,-2.720562741E-3,1.645240933E-3
1.432811339E2,3.873759881E-3,-6.865411997E-4,-2.329191775E-4
1.432911739E2,7.980754599E-4,-1.664986834E-3,-4.560920643E-4
1.433012449E2,-1.349443570E-3,-1.596252434E-3,-5.531559000E-4
1.433112849E2,-4.168931395E-3,-1.653358340E-4,-1.845321618E-3
1.433213259E2,-5.382038653E-3,1.408569515E-3,-1.034658169E-3
1.433313659E2,-4.108250141E-3,1.385081559E-4,-2.333215438E-3
1.433414059E2,-5.384353921E-3,3.550900146E-3,-1.511142589E-3
1.433514459E2,-3.907365724E-3,1.373765990E-3,-2.277600113E-3
1.433615169E2,-3.085311502E-3,-1.131556928E-4,-2.222024836E-3
1.433715569E2,-1.550531015E-3,4.341229796E-4,-2.883021487E-3
1.433815979E2,6.951298565E-4,-1.210024580E-3,-2.364282962E-3
1.433916379E2,1.016307622E-3,-3.929659724E-4,-1.335770125E-3
1.434016779E2,-2.359269187E-3,-3.947761841E-3,-1.445628703E-3
1.434117189E2,-8.918680251E-4,-1.268089749E-3,4.813825944E-5
1.434217889E2,-8.599553257E-4,7.115304470E-5,-2.871437697E-3
1.434318299E2,4.942631349E-4,2.059202641E-3,-2.735616406E-3
1.434418699E2,-2.366421744E-3,-3.515782766E-3,-4.099205253E-4
1.434519099E2,-2.934169024E-4,-5.753859878E-4,4.361657775E-4
1.434619509E2,1.407135278E-4,-1.319262199E-3,-1.523777610E-3
1.434719909E2,3.729855642E-3,1.825930551E-3,-4.172341432E-4
1.434820619E2,3.820083104E-3,-2.191931941E-3,8.757188916E-4
1.434921019E2,1.797412522E-3,3.109071404E-4,2.412362723E-3
1.435021419E2,3.127680160E-3,-1.565815881E-3,1.190372976E-3
1.435121819E2,6.570657715E-4,-1.782863401E-3,2.260164823E-3
1.435222229E2,1.601779833E-3,2.969507128E-3,1.135533210E-3
1.435322629E2,1.739731990E-3,-2.463074401E-3,2.821580507E-3
1.435423339E2,1.630623825E-3,1.228420064E-3,2.423393540E-3
1.435523739E2,8.926624432E-4,5.860645324E-4,3.468151670E-3
1.435624139E2,1.054746099E-3,1.583857462E-3,2.958066529E-3
1.435724549E2,1.633984037E-3,1.885060221E-3,8.302007918E-4
1.435824949E2,1.359689049E-3,8.958317339E-4,7.527710404E-4
1.435925659E2,2.483543009E-3,-3.517292440E-3,1.503249747E-3
1.436026059E2,5.451012403E-4,-1.136746258E-3,2.689043060E-3
1.436126459E2,-3.158990294E-4,-6.938632578E-4,1.181693980E-3
1.436226869E2,-4.717875272E-4,2.312624827E-3,2.342808526E-3
1.436327269E2,1.273382455E-3,-7.103290409E-4,8.541016141E-4
1.436427669E2,-4.941374063E-4,5.280487239E-4,1.556246658E-3
1.436528379E2,1.477933489E-3,1.615151763E-3,2.097400837E-3
1.436628779E2,-1.565894112E-3,1.035818830E-3,2.293319441E-3
1.436729189E2,-1.866830513E-3,8.613821119E-4,2.008893993E-3
1.436829589E2,5.010142922E-5,3.069536760E-3,3.082079813E-3
1.436929989E2,5.198828876E-4,5.706921220E-4,2.875418868E-3
1.437030389E2,-1.131994650E-3,5.388772115E-3,4.889137927E-4
1.437131099E2,8.041244000E-4,2.872198820E-4,1.282802084E-3
1.437231509E2,2.125061117E-3,-7.586553693E-5,-3.060052404E-5
1.437331909E2,-5.032122135E-4,-1.893739216E-3,-9.384721634E-4
1.437432309E2,1.347903162E-4,-4.280712456E-4,6.082697073E-4
1.437532709E2,1.639209688E-3,-2.423577942E-3,-1.286269398E-4
1.437633119E2,-1.457668841E-3,-2.334660850E-3,7.612931076E-4
1.437733819E2,-3.434533253E-3,1.432646066E-3,5.996392574E-4
1.437834229E2,9.741270915E-4,-2.598632127E-4,3.300316166E-5
1.437934629E2,1.933131367E-3,-1.026853919E-3,-1.725215698E-3
1.438035029E2,2.027150244E-3,4.504397511E-4,-9.911791421E-4
1.438135439E2,1.074537635E-3,-5.604960024E-4,-3.477594000E-4
1.438236139E2,-5.816724151E-4,3.322344273E-3,-7.897767355E-4
1.438336549E2,-2.884242684E-3,-1.224470325E-3,2.536511282E-3
1.438436949E2,-4.307517782E-3,3.290208057E-3,4.047367722E-3
1.438537349E2,-7.191987708E-3,4.094483331E-3,5.247121677E-3
1.438637759E2,-7.377251983E-3,3.494964913E-3,4.172291607E-3
1.438738159E2,-4.760695621E-3,3.401221707E-3,2.623130567E-3
1.438838869E2,-3.334591165E-3,1.751646399E-3,1.053595915E-3
1.438939269E2,2.593338490E-3,-3.210088238E-3,-1.685286989E-4
1.439039669E2,2.936086617E-3,-7.072500885E-4,-1.187986694E-3
1.439140069E2,2.091065980E-3,-2.012731507E-3,-1.972021302E-3
1.439240479E2,5.419666879E-3,-2.903108485E-3,-2.303540707E-3
1.439340879E2,1.522397622E-3,-5.559344776E-3,-3.200493520E-3
1.439441589E2,3.074405715E-3,1.293476671E-4,-1.067522680E-3
1.439541989E2,-2.361694351E-4,-4.597230814E-3,2.206483041E-4
1.439642389E2,-9.841341525E-4,-1.047862694E-3,-6.669636350E-4
1.439742799E2,7.256148383E-4,-3.464947455E-3,-1.055252505E-3
1.439843199E2,-1.910094172E-3,-1.048536971E-3,1.493075397E-3
1.439943599E2,6.217742339E-4,-9.055249393E-4,1.852335874E-3
1.440044309E2,-1.852992922E-3,2.774387598E-3,1.509749680E-3
1.440144709E2,3.387881443E-4,-1.449120231E-3,2.652778290E-3
1.440245119E2,6.310828030E-5,6.283521652E-4,3.058423288E-3
1.440345519E2,5.736360326E-4,7.900055498E-4,2.972669434E-3
1.440445795E2,8.110785857E-4,3.681872040E-4,4.088913091E-3
1.440546505E2,3.972782753E-3,-7.186476141E-4,2.357858233E-3
1.440646905E2,3.106200136E-3,-2.364342101E-3,3.850544454E-4
1.440747315E2,8.409153670E-4,-2.716295421E-4,-6.746173603E-4
1.440847715E2,3.522047773E-4,-3.367297351E-3,-1.019364572E-3
1.440948115E2,-4.938822240E-4,-1.946500503E-3,-1.239341684E-3
1.441048515E2,-8.612219244E-4,2.297820523E-3,-5.711765261E-4
1.441149225E2,-3.218118101E-3,7.494576275E-4,-5.139185814E-4
1.441249625E2,-8.316598833E-4,4.024613649E-3,-2.846581396E-3
1.441350035E2,-5.216673017E-4,1.076495275E-3,-3.154176520E-3
1.441450435E2,9.370343760E-4,-4.029329866E-4,-2.822058275E-3
1.441550835E2,1.207611524E-3,5.065370351E-4,-2.640164457E-3
1.441651245E2,2.269958146E-3,-2.495774999E-3,-2.583371010E-3
1.441751945E2,-4.432704300E-4,-2.951175906E-3,-5.585695035E-4
1.441852355E2,1.200331375E-3,-2.285838127E-5,-2.443112433E-3
1.441952755E2,-1.179203391E-3,-2.315040678E-3,-1.602507546E-4
1.442053155E2,-1.610349864E-3,-1.780804247E-3,-1.473853365E-3
1.442153565E2,-2.181330696E-3,-7.506944239E-4,-1.379577443E-3
1.442253965E2,-1.099236310E-3,3.596326336E-3,-7.254876546E-4
1.442354675E2,-1.791926101E-3,1.558741555E-3,-6.493212422E-4
1.442455075E2,-3.989245743E-4,-1.128207892E-3,5.844277912E-4
1.442555475E2,-4.207622260E-4,1.257717609E-3,-6.299735978E-4
1.442655875E2,1.307480037E-3,-1.147285104E-3,1.396921463E-3
1.442756285E2,2.845600247E-4,-2.267145552E-3,-2.289383556E-4
1.442856685E2,2.264026552E-4,-2.335952595E-3,-6.146538071E-4
1.442957395E2,3.262139857E-3,2.792719752E-4,1.768376678E-4
1.443057795E2,-6.947666407E-4,1.686232165E-3,-1.349285245E-3
1.443158195E2,-1.192776486E-3,1.328835264E-3,-7.599276723E-4
1.443258605E2,5.478458479E-4,5.037765950E-4,-1.617600210E-3
1.443359005E2,-2.436451614E-4,3.119798377E-3,7.472867146E-4
1.443459715E2,-5.803592503E-4,1.128068194E-3,3.472561948E-4
1.443560115E2,-1.036027446E-3,1.463092864E-3,6.324807182E-4
1.443660515E2,-2.366386354E-3,2.708164975E-3,-1.991212484E-4
1.443760925E2,-5.852635950E-4,1.651156694E-3,5.547696492E-5
1.443861325E2,-3.489853814E-3,9.308606386E-4,-1.691324171E-3
1.443961725E2,-3.519415855E-3,1.336460933E-3,1.071084407E-4
1.444062435E2,-2.592554316E-3,3.482520580E-3,-7.581982063E-4
1.444162835E2,-2.536892891E-3,-1.129541546E-3,-1.468729577E-3
1.444263245E2,-3.019208089E-3,1.217504963E-3,-1.811351860E-3
1.444363645E2,-2.630120143E-3,1.191139221E-3,-1.732256031E-3
1.444464045E2,-2.618476748E-3,1.504372805E-3,-1.651360071E-4
1.444564445E2,-5.595870316E-4,9.728055447E-4,-2.362424275E-4
1.444665155E2,-6.700269878E-4,1.710318029E-3,2.243648283E-3
1.444765555E2,-1.983230934E-3,2.466389909E-3,7.924565580E-6
1.444865965E2,-2.462653443E-3,1.512506977E-3,-1.562293270E-3
1.444966365E2,-1.383008435E-3,-2.696793526E-4,-1.768421964E-3
1.445066765E2,-3.230487928E-3,-2.396362834E-3,-8.853935869E-4
1.445167175E2,-4.152741283E-3,4.561487585E-4,6.397987599E-4
1.445267875E2,-2.723710611E-3,1.103468239E-4,-1.369020902E-5
1.445368285E2,-4.699245095E-3,2.772174776E-3,1.088059507E-3
1.445468685E2,-5.525235087E-3,1.500727609E-3,-8.645270136E-4
1.445569085E2,-5.500201136E-3,-3.226116300E-3,-2.028062008E-3
1.445669495E2,-2.606784925E-3,2.392932773E-3,-4.846117459E-3
1.445770195E2,-2.538608387E-3,-1.287023537E-3,-4.412554670E-3
1.445870605E2,-5.660882220E-3,-1.599677838E-3,-5.230271257E-3
1.445971005E2,-5.652094260E-3,3.497563303E-4,-3.539696336E-3
1.446071405E2,-9.441487491E-3,2.508517355E-3,-3.238088218E-3
1.446171805E2,-8.105378598E-3,3.150871024E-3,-1.097439206E-3
1.446272215E2,-1.283126883E-2,1.026241109E-3,-7.726947661E-4
1.446372925E2,-1.258705556E-2,5.711007863E-3,-3.844058956E-4
1.446473325E2,-1.022019424E-2,4.217201844E-3,-1.692922087E-3
1.446573725E2,-7.332263514E-3,3.435296938E-3,-3.583233804E-3
1.446674125E2,-4.521878436E-3,1.519691199E-3,-6.008814089E-3
1.446774535E2,-5.809329450E-4,-5.307855085E-3,-5.233034957E-3
1.446874935E2,-2.968631685E-3,8.788853884E-4,-6.556068081E-3
1.446975645E2,-3.817647696E-3,-1.667628996E-3,-7.229847834E-3
1.447076045E2,-2.927403897E-3,-1.817388460E-3,-8.019412868E-3
1.447176445E2,-4.941819236E-3,2.198392525E-3,-5.952266511E-3
1.447276855E2,-6.901573390E-3,1.208048314E-3,-3.567592241E-3
1.447377255E2,-7.328212261E-3,-6.673503667E-4,-4.326326773E-3
1.447477655E2,-7.678950205E-3,3.874137998E-3,-2.951070201E-3
1.447578365E2,-5.960678682E-3,1.054916531E-3,-1.090319711E-3
1.447678765E2,-5.594054237E-3,3.572180867E-3,-3.340052208E-4
1.447779175E2,-3.367118537E-3,2.704789862E-3,-3.622347140E-4
1.447879575E2,-5.219794810E-3,6.414614618E-4,6.041785236E-4
1.447979975E2,-3.928428516E-3,6.132898852E-3,1.335979905E-4
1.448080685E2,-5.557717755E-3,4.175210372E-3,-1.948979218E-3
1.448181085E2,-2.146206796E-3,-2.983678132E-4,1.248242916E-4
1.448281485E2,-2.083091065E-3,1.952003688E-3,-1.462419750E-3
1.448381895E2,-2.074260265E-4,-7.120147347E-5,-1.815288560E-3
1.448482295E2,-1.207176596E-3,3.749370575E-3,-4.230509512E-3
1.448582695E2,-1.566970721E-3,-1.395324245E-3,-2.403580816E-3
1.448683405E2,-2.976058051E-3,-5.999729037E-4,-5.866824184E-3
1.448783805E2,-3.075394779E-3,8.141640574E-4,-3.970653284E-3
1.448884215E2,-5.205124617E-3,3.402492031E-3,-5.871884059E-3
1.448984615E2,-4.194187000E-3,1.381950453E-3,-5.333925597E-3
1.449085015E2,-4.015939310E-3,5.367510021E-4,-8.236018941E-3
1.449185425E2,-4.187978804E-3,7.982738316E-4,-6.666352041E-3
1.449286125E2,-1.702513546E-3,-2.155251801E-3,-5.883998238E-3
1.449386535E2,-3.654876724E-3,-1.677214168E-3,-6.811311003E-3
1.449486935E2,-2.545846626E-3,-3.558778204E-3,-6.755096372E-3
1.449587335E2,-4.938431084E-3,1.789914444E-3,-6.527395919E-3
1.449687735E2,-4.782414064E-3,1.167658716E-3,-6.663032342E-3
1.449788145E2,-7.192041725E-3,9.969510138E-4,-4.267785233E-3
1.449888855E2,-7.286142558E-3,6.031244993E-6,-4.712822381E-3
1.449989255E2,-7.375624031E-3,-1.429146156E-3,-5.609242711E-3
1.450089655E2,-7.240410894E-3,1.314485446E-3,-3.724405076E-3
1.450190055E2,-7.584489882E-3,9.128805250E-4,-4.966237117E-3
1.450290465E2,-5.071891472E-3,1.566467807E-3,-3.412306774E-3
1.450391175E2,-5.222093314E-3,-4.020310938E-3,-5.079445895E-3
1.450491751E2,-6.362380460E-3,-6.546489894E-4,-3.706971416E-3
1.450592151E2,-5.596455187E-3,-9.409375489E-4,-3.302969970E-3
1.450692551E2,-5.801178515E-3,2.205016091E-3,-1.426627859E-3
1.450792961E2,-2.016294748E-3,2.653492615E-3,-2.760871779E-3
1.450893361E2,-1.860322431E-3,2.376832068E-3,-5.342266522E-4
1.450994071E2,-1.186808571E-3,4.463065416E-4,-2.745182952E-3
1.451094471E2,-2.239815891E-3,3.563400358E-3,-5.336209433E-4
1.451194871E2,1.937812194E-4,-2.491809428E-4,-3.405417665E-4
1.451295281E2,2.258991823E-3,-5.193203688E-4,-2.223724732E-4
1.451395681E2,7.676221430E-4,-5.595330149E-4,-4.567306314E-4
1.451496081E2,1.072898507E-3,2.929700539E-3,4.968281719E-4
1.451596791E2,7.410682738E-4,-1.544943079E-3,9.948392399E-4
1.451697191E2,6.068600342E-4,-1.199537888E-3,-1.297998941E-3
1.451797601E2,1.304608770E-3,2.404518425E-3,1.570225577E-3
1.451898001E2,2.409038134E-3,1.882275566E-3,5.218778388E-4
1.451998401E2,3.819447942E-3,-4.397351295E-4,8.273424464E-4
1.452098801E2,2.006608061E-3,1.234456897E-3,1.215954544E-3
1.452199511E2,3.159490414E-3,-2.827458084E-4,1.326742116E-3
1.452299911E2,5.926690064E-3,-7.146634161E-4,5.171164521E-4
1.452400321E2,3.801487386E-3,-6.474281661E-3,-4.064233508E-6
1.452500721E2,4.861153662E-3,-2.523612231E-3,-5.191911478E-4
1.452601121E2,1.467754133E-3,-6.056036800E-4,1.754882047E-3
1.452701531E2,-2.212002873E-4,1.012125984E-3,4.600008251E-4
1.452802231E2,-1.430807635E-3,-1.118669286E-3,1.124459435E-3
1.452902641E2,-1.472376287E-3,1.608815044E-3,2.323733177E-3
1.453003041E2,-7.477290928E-4,6.777737290E-4,1.930118073E-3
1.453103441E2,-1.060804352E-3,4.045424983E-3,9.670894360E-4
1.453203851E2,7.789079100E-4,8.602850139E-4,1.189996023E-3
1.453304551E2,3.060456365E-3,1.530870795E-3,-2.489555161E-3
1.453404961E2,-2.348423004E-5,-2.714473754E-3,-2.743887249E-3
1.453505361E2,-1.332703978E-3,-4.850085825E-4,-1.635548891E-3
1.453605761E2,-3.156436607E-3,-2.234876156E-4,-1.494934084E-3
1.453706161E2,-3.450732678E-3,-4.008561373E-4,-2.913240460E-4
1.453806571E2,-6.572222337E-3,6.886441261E-4,-2.953188377E-4
1.453907281E2,-6.768150255E-3,6.258465350E-3,4.348725779E-4
1.454007681E2,-2.919083461E-3,3.316011280E-4,1.788823749E-3
1.454108081E2,-1.580836251E-4,-1.126658171E-3,-8.824986871E-4
1.454208481E2,2.922661602E-3,-1.348766498E-3,-2.323999070E-6
1.454308891E2,6.143745035E-3,-4.226972349E-3,-1.765141729E-3
1.454409291E2,6.798083894E-3,2.072202042E-3,-1.227449393E-3
1.454510001E2,6.913722493E-3,-2.975448035E-3,-9.638683405E-4
1.454610401E2,2.313111909E-3,-2.923142165E-4,-7.260480197E-4
1.454710801E2,2.053030767E-3,-2.065375447E-3,5.447900621E-4
1.454811211E2,-2.916157246E-4,-2.391080372E-3,1.942150644E-3
1.454911611E2,-7.849428803E-4,-2.895553596E-3,-6.265460979E-5
1.455012011E2,-2.431042492E-3,-1.514971256E-3,2.341381041E-3
1.455112721E2,6.231125444E-4,-2.068660222E-3,3.487505019E-3
1.455213121E2,1.976265572E-3,-7.770266384E-4,3.048615996E-3
1.455313531E2,7.664579898E-4,4.324037582E-4,5.462316796E-3
1.455413931E2,-2.743024379E-5,2.772789448E-3,3.587451298E-3
1.455514331E2,2.397135831E-3,4.802048206E-4,2.700032433E-3
1.455615041E2,2.550001256E-3,1.814182848E-3,4.216969013E-3
1.455715441E2,2.506766468E-3,6.858464330E-4,3.037963528E-3
1.455815841E2,4.020507447E-3,1.763096079E-3,2.818785375E-3
1.455916251E2,2.007310279E-3,-3.163303249E-3,1.774323173E-3
1.456016651E2,3.534100950E-3,-4.095938057E-4,-4.541483941E-5
1.456117051E2,2.796319313E-3,-2.118905075E-3,-1.452580793E-3
1.456217761E2,1.438373700E-3,1.452393830E-3,-2.669112757E-3
1.456318161E2,-7.665324956E-4,-1.368648373E-3,8.208119543E-4
1.456418571E2,-1.189442351E-3,2.268163487E-3,-2.077506157E-3
1.456518971E2,-2.860872075E-3,2.445807680E-3,-2.049298957E-3
1.456619371E2,1.400452107E-3,4.857219756E-4,-2.002693713E-3
1.456719781E2,-7.576607168E-4,-2.040476538E-3,-3.859741148E-3
1.456820481E2,-2.921558917E-6,-3.362735733E-3,-1.575015020E-3
1.456920891E2,9.452812374E-4,-1.824400388E-3,-1.856545452E-3
1.457021291E2,-2.219825983E-4,5.617924035E-4,9.874737589E-5
1.457121691E2,2.673892304E-4,-2.209054306E-3,-6.967045483E-4
1.457222091E2,-4.745684564E-4,-1.083537936E-4,-1.631474122E-3
1.457322501E2,6.319759414E-4,-1.578950323E-3,-6.340484833E-5
1.457423211E2,-1.154473051E-3,-1.322488301E-3,-1.800513128E-4
1.457523611E2,-9.509064257E-4,-2.770361491E-3,-2.428996377E-3
1.457624011E2,-2.246534452E-3,1.149011776E-3,-5.109877093E-4
1.457724411E2,-1.196291298E-3,2.316057682E-3,-4.456751049E-5
1.457824821E2,1.958754845E-3,-1.540239900E-4,1.068101148E-3
1.457925521E2,1.563886181E-3,-1.445163041E-3,-1.160819083E-3
1.458025931E2,-1.890063286E-4,-4.318300635E-4,-1.103561139E-3
1.458126331E2,4.726964980E-4,-2.022486180E-3,-3.259434598E-4
1.458226731E2,2.569798380E-4,-2.059770748E-3,9.406559402E-4
1.458327141E2,1.801820472E-3,-2.400090918E-3,8.932499913E-4
1.458427541E2,6.563952193E-4,-2.246692777E-3,1.843998558E-3
1.458528251E2,1.617499627E-3,2.252645791E-4,1.980330097E-3
1.458628651E2,3.240024671E-4,3.172319382E-3,1.477258978E-3
1.458729051E2,1.991674304E-3,-6.663613021E-4,2.111623762E-3
1.458829461E2,3.620996140E-3,4.399158061E-4,7.046757964E-4
1.458929861E2,3.091040999E-4,-5.430616438E-4,1.427070471E-3
1.459030261E2,1.815380529E-4,1.127006486E-3,6.976305158E-4
1.459130971E2,-9.251870215E-4,-1.989338547E-3,-5.557001568E-4
1.459231371E2,-8.918978274E-4,-3.256204538E-3,1.281348523E-3
1.459331771E2,-2.739697695E-3,-6.493180990E-4,-1.710811164E-3
1.459432181E2,-6.619002670E-4,5.269236863E-5,-6.016046973E-4
1.459532581E2,-2.415664494E-5,3.282353282E-4,-1.481996384E-3
1.459632981E2,5.489559844E-4,-2.246368676E-4,-6.729279994E-4
1.459733691E2,5.714176223E-4,7.255356759E-4,-1.468923176E-3
1.459834091E2,2.227637917E-3,9.729433805E-4,-2.682139166E-5
1.459934501E2,3.000488505E-4,2.722239122E-3,1.852447167E-5
1.460034901E2,2.308605239E-3,-2.178243361E-3,-1.381765585E-3
1.460135301E2,-3.483716398E-3,-1.795615070E-3,-2.290381119E-3
1.460236011E2,3.032479435E-5,-8.094459772E-4,-1.080773305E-3
1.460336411E2,-1.482106745E-3,1.901779324E-4,-5.235869903E-4
1.460436625E2,-2.662420273E-3,-1.813851297E-3,-1.214410877E-3
1.460537025E2,-2.954280004E-3,-1.164978370E-3,-5.603916943E-4
1.460637425E2,-1.758253202E-3,9.397175163E-4,1.933658728E-3
1.460737825E2,-9.557958692E-4,8.893571794E-4,2.348171314E-3
1.460838535E2,-1.299344003E-3,4.270318896E-4,-7.916957256E-4
1.460938945E2,1.635478809E-3,1.442611217E-3,-9.467383497E-4
1.461039345E2,4.631535150E-3,-1.635735855E-3,-1.923852134E-3
1.461139745E2,1.282444224E-3,-2.554537728E-3,-2.342829714E-3
1.461240145E2,3.535337746E-4,-1.999269240E-3,-1.121503999E-3
1.461340555E2,-2.486621030E-3,6.542317569E-4,-8.375965990E-4
1.461441255E2,-4.166009836E-3,1.866236329E-3,1.186405774E-3
1.461541665E2,-6.043922156E-3,2.446200699E-3,2.552314661E-3
1.461642065E2,-6.572026759E-3,2.856327221E-3,2.386665903E-3
1.461742465E2,-4.912329838E-3,2.690939233E-3,2.588943345E-3
1.461842875E2,-2.256359905E-3,-1.412193291E-3,-3.029833315E-4
1.461943275E2,1.173623838E-3,-9.692218155E-4,-1.720383996E-3
1.462043985E2,3.157146275E-3,-3.096289001E-3,-1.088415971E-3
1.462144385E2,4.466515034E-3,-1.969460398E-3,2.747544786E-4
1.462244785E2,3.561572172E-3,-2.442170866E-3,-5.803865497E-4
1.462345195E2,1.790549606E-3,-3.200192004E-4,-6.901483866E-4
1.462445595E2,-4.675444216E-4,-1.052388921E-3,-4.472680739E-4
1.462546305E2,-3.559580073E-4,3.732513636E-3,7.301903097E-4
1.462646705E2,-1.386335120E-3,2.128491178E-3,2.177618444E-3
1.462747105E2,-1.255277544E-3,-4.723630846E-4,2.352538286E-3
1.462847505E2,1.033443026E-3,-9.701084346E-4,4.352572374E-3
1.462947915E2,-1.295851544E-3,2.118140459E-3,5.569612607E-3
1.463048315E2,-1.708373427E-3,2.829736099E-3,4.044686444E-3
1.463149025E2,-6.215386093E-4,1.299483702E-3,4.134701565E-3
1.463249425E2,1.415247098E-3,4.565939307E-4,4.448155407E-3
1.463349825E2,2.337652259E-3,1.670384780E-3,2.909939503E-3
1.463450235E2,3.136334941E-3,-4.984941334E-4,2.895292128E-3
1.463550635E2,2.857699059E-3,-1.641027629E-4,1.600390999E-3
1.463651035E2,1.480844803E-3,-1.414660364E-4,1.285339007E-3
1.463751745E2,1.788723283E-3,-2.225655131E-3,7.428461686E-6
1.463852145E2,4.920298234E-4,-1.716459170E-3,8.431284805E-4
1.463952555E2,-1.375408843E-3,-1.201662235E-3,-3.936626599E-4
1.464052955E2,-1.173008233E-3,1.584803686E-3,-6.666366244E-4
1.464153355E2,-4.211479798E-3,1.502683386E-3,-2.014803933E-3
1.464253755E2,-3.660205752E-3,-8.454266936E-4,-2.539712936E-3
1.464354465E2,-2.035310492E-3,1.630069688E-3,-3.889042651E-3
1.464454875E2,4.405155778E-6,2.304647118E-3,-3.900227835E-3
1.464555275E2,-5.660811439E-4,-3.737653606E-3,-2.329853829E-3
1.464655675E2,-2.621775493E-3,-3.185846843E-3,-2.161275828E-3
1.464756075E2,-8.728709072E-4,-8.501242846E-4,-2.233374398E-3
1.464856785E2,-2.663845196E-3,-2.081304789E-3,-3.941259347E-3
1.464957195E2,-3.092627972E-3,-2.463723533E-3,-1.679583685E-3
1.465057595E2,-2.919523045E-3,8.172541857E-5,-2.456693910E-3
1.465157995E2,-3.995068371E-3,-4.440415651E-4,-2.916183788E-3
1.465258395E2,-4.744483158E-3,5.964562297E-4,-2.473033732E-3
1.465358805E2,-7.566735148E-4,-1.769620925E-3,-3.209738294E-3
1.465459505E2,-2.460831776E-3,-3.042079508E-3,-4.517686320E-4
1.465559915E2,-1.477148384E-3,3.043819219E-3,-1.555140363E-3
1.465660315E2,9.961286560E-4,-4.934212193E-3,-2.781259594E-3
1.465760715E2,2.068324946E-3,-2.692233771E-3,-1.450671349E-3
1.465861125E2,4.661669955E-4,-2.447222359E-3,-8.392094751E-4
1.465961525E2,-6.927810609E-4,-2.142962068E-3,-1.690438949E-3
1.466062235E2,4.776781425E-4,-2.780789509E-3,1.824513311E-5
1.466162635E2,4.406366497E-5,-7.061827928E-4,1.341458876E-3
1.466263035E2,-1.318143681E-3,3.859791905E-4,-4.314073885E-4
1.466363445E2,-8.954294026E-4,7.377937436E-6,1.375618856E-3
1.466463845E2,-9.481590241E-4,3.234863281E-3,-1.900534262E-4
1.466564245E2,-2.594610676E-3,-8.246488869E-5,1.698177308E-3
1.466664955E2,1.206784509E-3,2.193205059E-3,3.064911347E-3
1.466765355E2,9.446591139E-4,4.103872925E-4,1.693310565E-3
1.466865755E2,2.240553498E-3,-1.186976209E-3,3.590669949E-4
1.466966165E2,1.357885078E-3,1.117635518E-3,2.067655791E-3
1.467066565E2,1.130451448E-3,2.121647820E-3,1.349998638E-4
1.467167275E2,2.939171158E-3,5.670785904E-4,3.130671685E-4
1.467267675E2,1.113574021E-3,1.438198611E-3,-1.162856701E-3
1.467368075E2,1.390269026E-4,-1.394947059E-3,-1.508368179E-3
1.467468485E2,-8.564628661E-4,-1.056725159E-3,-2.180667361E-4
1.467568885E2,-5.818782374E-4,-1.086574048E-4,7.424181094E-4
1.467669285E2,1.087924466E-3,2.357695252E-3,1.965075498E-3
1.467769995E2,-4.702908918E-4,9.443555027E-4,7.749086944E-4
1.467870395E2,-2.716192976E-4,4.250669852E-3,2.073732438E-3
1.467970805E2,2.374847420E-3,1.061894000E-3,2.442264464E-3
1.468071205E2,-4.049604759E-4,-2.993300557E-3,-7.878835895E-4
1.468171605E2,-1.111300662E-3,3.816243261E-4,-1.303011784E-3
1.468272005E2,-1.878824085E-3,8.841045201E-5,-1.475851052E-3
1.468372715E2,-3.835096955E-3,-2.049747854E-4,-1.025070087E-4
1.468473125E2,-4.716869444E-3,1.344451681E-3,1.206170302E-3
1.468573525E2,-4.482343793E-3,1.617869362E-3,2.611424541E-3
1.468673925E2,-4.649590701E-3,-1.454092562E-4,3.163231537E-3
1.468774325E2,-1.982621849E-3,2.934770659E-3,-7.546678535E-4
1.468874735E2,-2.526706085E-3,-6.897915155E-4,1.598616363E-4
1.468975435E2,-2.405777574E-3,2.486415207E-3,-9.491259116E-4
1.469075845E2,-5.699308589E-3,1.514093950E-3,-2.213328611E-3
1.469176245E2,-3.992473707E-3,-4.428029060E-4,-1.036866801E-3
1.469276645E2,-3.399655223E-3,1.544447616E-3,-1.014496316E-3
1.469377055E2,-4.831230268E-3,1.082196832E-6,-1.397847082E-3
1.469477755E2,-5.450682715E-3,7.710028440E-4,-5.666745128E-4
1.469578165E2,-4.001293331E-3,-4.188232124E-4,-3.222545609E-3
1.469678565E2,8.387360722E-4,-2.411901951E-4,-2.036906080E-3
1.469778965E2,4.818726331E-3,-3.106688149E-3,-2.561190631E-3
1.469879375E2,7.753529586E-3,-4.835613072E-3,-3.793701530E-3
1.469979775E2,8.725948632E-3,-5.502657034E-3,-3.821031423E-3
1.470080485E2,7.121660281E-3,-2.661863342E-3,-3.092124360E-3
1.470180885E2,6.297495216E-3,-3.935527056E-4,-2.521192888E-3
1.470281285E2,3.063885495E-3,-4.650083371E-3,-2.284704009E-3
1.470381685E2,-4.879664630E-5,-1.588401385E-3,1.030418789E-4
1.470482220E2,-1.214461401E-3,-1.287464984E-3,-5.347851547E-4
1.470582620E2,-3.940207884E-3,8.952617645E-4,1.069503138E-3
1.470683330E2,-4.534091800E-3,1.510718837E-3,2.238098066E-3
1.470783730E2,-5.845179781E-3,2.385314554E-3,1.952459570E-3
1.470884130E2,-3.263777122E-3,-6.852112710E-5,2.598808846E-3
1.470984540E2,-2.226926386E-3,1.759301871E-3,3.356161760E-3
1.471084940E2,-1.907346770E-3,1.090314239E-3,1.973182196E-3
1.471185340E2,-2.899002284E-3,3.035958856E-3,4.598166328E-3
1.471286050E2,-1.721885055E-3,2.923041582E-3,4.258347210E-3
1.471386450E2,-8.526910096E-5,-3.404486924E-4,4.348263610E-3
1.471486860E2,4.245030694E-3,1.833941787E-4,2.418271033E-3
1.471587260E2,4.841903225E-3,-2.545807511E-4,2.081306418E-3
1.471687660E2,3.175563179E-3,1.369148493E-3,1.315381378E-3
1.471788370E2,2.637175843E-3,2.043399960E-3,-8.633383550E-5
1.471888770E2,9.967945516E-6,1.943796873E-3,2.019258682E-5
1.471989180E2,6.209621206E-4,9.485539049E-4,-1.340103336E-4
1.472089580E2,-2.388942987E-3,1.867078245E-3,-1.435763435E-3
1.472189980E2,-2.572420985E-3,1.118183136E-3,-2.895825077E-3
1.472290380E2,-2.570556477E-3,1.318186522E-3,-6.883308524E-4
1.472391090E2,-3.226649016E-3,-1.702831127E-3,-2.591449302E-3
1.472491490E2,-3.025315702E-3,-1.094032079E-3,-1.895565190E-3
1.472591900E2,-5.664890632E-3,1.031253487E-4,-2.376316814E-3
1.472692300E2,-4.678722471E-3,-2.895327285E-3,-1.612522174E-3
1.472792700E2,-5.747960880E-3,3.413813189E-3,5.398003850E-4
1.472893110E2,-4.453131929E-3,2.434302121E-3,3.525801003E-4
1.472993810E2,-5.402375013E-3,1.414360479E-3,-4.698290431E-4
1.473094220E2,-3.084093332E-3,-1.479696482E-3,3.421687870E-4
1.473194620E2,-3.032863140E-3,6.495825946E-4,1.723381225E-3
1.473295020E2,-9.004697204E-4,-1.366697252E-3,-1.840727404E-3
1.473395430E2,-3.367727622E-3,2.256589010E-3,-2.506954130E-3
1.473495830E2,-1.237465069E-3,-2.949091606E-3,-9.016005788E-4
1.473596540E2,-2.842405811E-4,-4.004000686E-3,-2.642100211E-3
1.473696940E2,4.632220604E-3,-5.130518228E-3,-1.962994225E-3
1.473797340E2,3.899330273E-3,-5.204565823E-3,-2.331427764E-3
1.473897740E2,3.480148502E-3,-4.181113094E-3,-3.095558495E-4
1.473998150E2,4.393180832E-3,-5.037505180E-3,-1.851428300E-3
1.474098860E2,5.859783851E-3,-3.513111733E-3,-1.057273708E-3
1.474199260E2,5.506458692E-3,-2.561868168E-3,1.114658662E-4
1.474299660E2,4.440927878E-3,-8.830111474E-4,-5.109148333E-4
1.474400060E2,2.995974384E-3,-1.989053562E-3,5.915099173E-4
1.474500470E2,2.517138608E-3,-5.205869675E-4,2.703130245E-3
1.474600870E2,2.620768733E-3,-3.885915503E-3,1.568988897E-3
1.474701580E2,2.995209768E-3,-6.763461046E-3,1.502410043E-3
1.474801980E2,6.346246228E-4,-2.051258460E-3,2.326356713E-3
1.474902380E2,-2.497520298E-3,1.367945224E-4,-5.397677887E-5
1.475002790E2,-1.046782359E-3,-2.050807700E-3,1.034763991E-4
1.475103190E2,-3.593562171E-3,5.761720240E-5,-3.836157266E-4
1.475203590E2,-4.625881091E-3,-8.201226592E-4,-3.808195470E-5
1.475304300E2,-6.787035614E-3,1.405481249E-3,-3.515247954E-5
1.475404700E2,-8.174387738E-3,1.470392570E-3,-7.922686054E-4
1.475505110E2,-6.560778245E-3,2.143373713E-3,5.744656664E-4
1.475605510E2,-8.637063205E-3,3.558749333E-3,3.243003041E-3
1.475705910E2,-7.647965103E-3,8.086122572E-3,1.709821401E-3
1.475806310E2,-7.867688313E-3,8.516242728E-3,2.795973327E-3
1.475907020E2,-4.487337545E-3,4.214970395E-3,1.028433209E-3
1.476007420E2,-2.592934296E-3,4.652870819E-3,2.706326079E-3
1.476107830E2,-3.406530246E-3,3.125015646E-3,6.769972970E-4
1.476208230E2,-6.042690948E-4,2.467632294E-4,-5.768693518E-4
1.476308630E2,-8.814875036E-5,7.442422211E-4,-6.682157400E-4
1.476409340E2,-9.435564280E-4,-8.898731321E-4,5.997152766E-4
1.476509740E2,1.571290195E-4,-2.070385963E-4,-9.851319483E-4
1.476610150E2,1.721307635E-3,-1.425763592E-3,-1.763665816E-3
1.476710550E2,4.033730365E-3,-3.261454403E-4,-1.187624061E-3
1.476810950E2,4.333883524E-3,-4.991475493E-3,-3.638918512E-3
1.476911360E2,6.759490818E-3,-3.546710126E-3,-2.769929124E-3
1.477012060E2,5.319860764E-3,-5.163553171E-3,-3.595097689E-3
1.477112470E2,1.336038113E-3,2.454951406E-3,-1.559377415E-3
1.477212870E2,-2.815704793E-4,8.750371635E-4,-8.225541678E-4
1.477313270E2,-4.514930770E-3,4.820775241E-3,3.119989298E-3
1.477413670E2,-5.261514336E-3,-2.845823765E-4,3.681549802E-3
1.477514080E2,-6.733443588E-3,4.956519231E-3,4.398738965E-3
1.477614790E2,-8.015505970E-3,4.551349208E-3,4.673348740E-3
1.477715190E2,-6.339311600E-3,1.780064777E-3,5.432615988E-3
1.477815590E2,-8.659530431E-4,1.502949744E-4,4.063064232E-3
1.477915990E2,4.648286849E-4,2.035573125E-4,2.087265020E-3
1.478016400E2,2.168880776E-3,-1.649673097E-3,-2.434415510E-4
1.478116800E2,1.274857670E-3,-1.771911979E-3,8.087734459E-4
1.478217510E2,2.234044485E-3,-8.156653494E-4,8.588912315E-4
1.478317910E2,-7.042214274E-4,-2.027402632E-3,8.519670810E-4
1.478418310E2,-6.112698466E-4,-1.310886815E-3,9.926564526E-4
1.478518720E2,-2.591991797E-4,-4.147328436E-4,8.832004387E-4
1.478619120E2,-1.891367137E-3,3.600344062E-3,2.272521378E-3
1.478719830E2,-6.705746055E-4,-2.633050084E-3,1.451468794E-3
1.478820230E2,3.580357879E-4,-2.688102424E-3,1.392712584E-3
1.478920630E2,1.850470901E-3,7.356572896E-4,1.208688132E-3
1.479021040E2,3.998915665E-3,7.461532950E-4,1.812760369E-3
1.479121440E2,5.882047117E-4,2.339789644E-3,7.592139300E-4
1.479221840E2,3.902605735E-3,1.443982124E-3,-4.708007036E-4
1.479322550E2,5.273867399E-3,3.895688802E-3,8.946019807E-4
1.479422950E2,3.761990927E-3,3.537492827E-3,-8.859875379E-4
1.479523360E2,3.584624268E-3,-2.463406883E-3,-2.501727315E-3
1.479623760E2,6.953040138E-4,-4.732267931E-3,-7.599454257E-4
1.479724160E2,1.463092864E-3,-2.895835787E-4,-1.477135811E-6
1.479824560E2,-7.873047143E-4,-2.797462977E-3,-9.591743583E-4
1.479925270E2,-3.851536661E-3,-5.785170943E-4,-1.451060176E-3
1.480025670E2,-4.697274417E-3,2.527888864E-3,-1.074273023E-3
1.480126080E2,-5.027506500E-3,3.388356417E-3,-2.961921506E-3
1.480226480E2,-5.358094350E-3,3.004906699E-3,-3.246105276E-3
1.480326880E2,-2.974566072E-3,2.481061965E-3,-2.709212014E-3
1.480427290E2,-3.018403426E-3,1.198688522E-3,-2.637665719E-3
1.480528107E2,-2.157935873E-3,9.611342102E-4,-3.456587903E-3
1.480628518E2,-2.845032141E-3,-1.347567886E-4,-2.878415631E-3
1.480728917E2,-1.605596393E-3,-8.924268186E-4,-2.852957114E-4
1.480829317E2,-4.014004022E-3,1.240391284E-4,-8.485364961E-4
1.480929727E2,-4.187108949E-3,-6.120596081E-4,6.324474234E-4
1.481030428E2,-1.899436116E-3,2.544432878E-3,-5.788014387E-4
1.481130837E2,-2.587597817E-3,2.567786723E-4,1.180748921E-3
1.481231237E2,-3.099570051E-3,1.501087099E-3,1.947876299E-4
1.481331637E2,-1.158924773E-3,3.122951835E-3,-6.249332801E-4
1.481432037E2,-1.728123054E-3,2.414379269E-4,5.999815185E-4
1.481532447E2,-1.978706568E-4,1.243852079E-3,-1.665036893E-3
1.481633157E2,-1.257885247E-3,1.686235890E-3,-2.781042829E-3
1.481733557E2,-1.796908677E-3,-1.438718289E-3,-3.044429468E-3
1.481833957E2,-2.335114405E-3,-1.975689083E-4,-4.043161403E-3
1.481934357E2,-4.103720188E-3,-6.183478981E-4,-4.356615711E-3
1.482034768E2,-5.425922573E-3,8.315946907E-4,-4.244042095E-3
1.482135167E2,-7.059238851E-3,4.844445735E-3,-4.299702123E-3
1.482235877E2,-7.116489112E-3,2.720169723E-3,-4.394435789E-3
1.482336277E2,-7.478145882E-3,3.514057025E-3,-3.699617228E-3
1.482436678E2,-9.821616113E-3,4.978068173E-3,-5.155322142E-3
1.482537087E2,-7.343279198E-3,1.866431907E-3,-3.693513339E-3
1.482637487E2,-8.795533329E-3,3.158761188E-3,-3.196938196E-3
1.482738198E2,-9.487424046E-3,6.205029786E-4,-4.382577725E-3
1.482838598E2,-9.915221483E-3,5.601335317E-3,-5.746216979E-3
1.482938997E2,-7.672041655E-3,6.095351651E-3,-7.812297437E-3
1.483039407E2,-7.597904652E-3,8.232928813E-4,-9.374863468E-3
1.483139807E2,-8.202709258E-3,1.317841932E-3,-8.295483887E-3
1.483240207E2,-8.148092777E-3,-8.786208928E-4,-6.642237306E-3
1.483340917E2,-7.427709177E-3,7.621534169E-4,-8.448659442E-3
1.483441317E2,-5.775401369E-3,-9.078215808E-4,-7.618068717E-3
1.483541717E2,-5.786852911E-3,1.564657316E-3,-7.513938937E-3
1.483642127E2,-3.360312432E-3,3.756936640E-4,-6.646654569E-3
1.483742527E2,-4.744624719E-3,-1.024862751E-3,-8.257601410E-3
1.483842928E2,-2.027105540E-3,3.526359797E-5,-5.733523518E-3
1.483943637E2,-1.206850633E-3,1.509856433E-3,-7.021694444E-3
1.484044037E2,-1.901583746E-3,-3.441981971E-5,-5.981779657E-3
1.484144448E2,1.776963472E-6,3.663379699E-3,-5.056064576E-3
1.484244848E2,-2.685796469E-3,-7.593780756E-4,-5.814774428E-3
1.484345247E2,-6.687993184E-3,2.128552645E-3,-6.281893235E-3
1.484445657E2,-6.066657603E-3,5.467735231E-3,-5.763950758E-3
1.484546358E2,-6.463734433E-3,2.303633839E-3,-7.381554693E-3
1.484646768E2,-5.669867620E-3,4.519538954E-3,-8.544514887E-3
1.484747167E2,-3.347856924E-3,9.162817150E-4,-1.125587896E-2
1.484847567E2,-2.192486078E-3,4.092855379E-3,-1.127183251E-2
1.484947967E2,2.099508420E-4,3.453165293E-3,-1.026835386E-2
1.485048678E2,-1.688888296E-3,6.679993123E-3,-1.108095981E-2
1.485149087E2,-3.969619051E-3,6.525795907E-3,-1.048521139E-2
1.485249487E2,-4.759779200E-3,4.650929943E-3,-9.682534263E-3
1.485349887E2,-4.983751103E-3,6.617408246E-3,-1.221946068E-2
1.485450287E2,-5.969921127E-3,4.387544468E-3,-1.424506120E-2
1.485550698E2,-5.967263132E-4,1.603741199E-3,-1.518142968E-2
1.485651397E2,1.118343323E-3,-1.023322344E-3,-1.752748340E-2
1.485751807E2,3.269911744E-3,-1.864083111E-3,-1.565368474E-2
1.485852207E2,5.647747777E-3,-7.611922920E-4,-1.522243395E-2
1.485952608E2,8.378818631E-3,7.773153484E-4,-1.369031705E-2
1.486053018E2,9.908916429E-3,1.660857350E-3,-9.438779205E-3
1.486153417E2,9.432211518E-3,-9.740740061E-4,-8.480307646E-3
1.486254127E2,1.096299104E-2,3.111889586E-3,-6.967974361E-3
1.486354528E2,1.203091815E-2,2.569137141E-3,-5.846250802E-3
1.486454928E2,1.013811864E-2,2.376902848E-3,-5.434018094E-3
1.486555337E2,9.868873283E-3,3.099683672E-3,-4.017216153E-3
1.486655737E2,8.491305634E-3,4.303531721E-3,-5.338728428E-3
1.486756137E2,6.234542467E-3,2.920020372E-3,-7.196815684E-3
1.486856847E2,5.897488445E-3,6.575956941E-4,-9.937031195E-3
1.486957247E2,2.803960815E-3,4.352219403E-4,-1.043850463E-2
1.487057647E2,1.260725781E-3,-9.450986981E-4,-1.187023427E-2
1.487158057E2,5.581835285E-4,-2.674021758E-3,-1.147022750E-2
1.487258457E2,-6.449464709E-4,-3.243304789E-3,-1.445515174E-2
1.487359167E2,-2.076927572E-3,-2.796426415E-3,-1.466394309E-2
1.487459567E2,-4.144877195E-3,-6.542549469E-3,-1.284614764E-2
1.487559967E2,-7.792342454E-3,-4.928673618E-3,-9.200546890E-3
1.487660377E2,-8.656963706E-3,-2.132043242E-3,-3.653987544E-3
1.487760778E2,-1.203198731E-2,-1.050001010E-3,-2.594315913E-3
1.487861178E2,-1.416296326E-2,-2.655529417E-3,-2.307543531E-3
1.487961887E2,-1.488681138E-2,-6.397803314E-3,-3.409027122E-3
1.488062287E2,-1.545422338E-2,-7.863016799E-3,-5.040226504E-3
1.488162698E2,-9.697001427E-3,-1.308947057E-2,-9.287435561E-3
1.488263097E2,-6.544902921E-3,-1.812054962E-2,-1.000192296E-2
1.488363497E2,-1.987967640E-3,-2.000739984E-2,-1.054334361E-2
1.488463897E2,-3.156661987E-4,-2.751651779E-2,-1.128059626E-2
1.488564608E2,1.656138338E-3,-1.970866136E-2,-9.547943249E-3
1.488665017E2,6.663994864E-4,-1.357838511E-2,-4.997387994E-3
1.488765417E2,1.123930328E-3,-1.137169078E-2,-2.274306025E-3
1.488865817E2,-6.788372993E-4,-9.519847110E-3,6.319395034E-4
1.488966217E2,3.414191306E-4,-8.192527108E-3,6.331636570E-3
1.489066627E2,2.912007272E-3,-7.783262059E-3,6.709181238E-3
1.489167337E2,6.446021609E-3,-7.370205596E-3,6.880688481E-3
1.489267737E2,9.323287755E-3,-4.164008424E-3,6.102629472E-3
1.489368137E2,1.293693110E-2,-1.174549572E-2,3.601388540E-3
1.489468537E2,1.454964094E-2,-4.691249691E-3,3.631571773E-3
1.489568948E2,1.861229353E-2,-5.306972191E-3,4.982327111E-3
1.489669647E2,1.959251612E-2,-1.084377617E-2,5.593040027E-3
1.489770057E2,2.059359848E-2,-6.493768655E-3,6.561632268E-3
1.489870458E2,1.889220066E-2,-3.940790892E-3,7.406222634E-3
1.489970858E2,1.989541389E-2,-2.341295592E-3,6.008062512E-3
1.490071267E2,1.608451083E-2,-9.809788316E-4,4.658511840E-3
1.490171667E2,1.307460479E-2,1.638773829E-3,4.714970943E-3
1.490272378E2,1.019840315E-2,4.622824490E-3,6.337923696E-5
1.490372778E2,1.035153493E-2,1.488817856E-3,-2.328139264E-3
1.490473086E2,6.120752543E-3,7.483232766E-3,-3.909207880E-3
1.490573496E2,5.917287432E-3,4.912750795E-3,-6.923373323E-3
1.490673896E2,1.718806103E-3,2.873705700E-3,-6.087748799E-3
1.490774296E2,-1.131309196E-3,7.015986368E-3,-6.822514813E-3
1.490875006E2,-5.632944405E-3,8.549578488E-4,-6.594117731E-3
1.490975406E2,-7.899828255E-3,1.881873235E-3,-7.949666120E-3
1.491075806E2,-4.006169736E-3,4.933238029E-3,-5.830263253E-3
1.491176216E2,-5.684228614E-3,7.414238527E-3,-4.498150200E-3
1.491276616E2,1.129827462E-3,6.041869521E-3,-4.226484336E-3
1.491377016E2,8.265500888E-3,6.187278777E-3,-2.894370817E-3
1.491477726E2,1.262382884E-2,6.608303636E-3,4.843756324E-4
1.491578126E2,1.665079407E-2,5.202420056E-3,3.403466195E-3
1.491678536E2,2.040496096E-2,4.616575316E-3,3.686001524E-3
1.491778936E2,2.323430404E-2,5.985440686E-3,7.186727133E-3
1.491879336E2,2.450782247E-2,1.453682780E-3,7.267078385E-3
1.491980046E2,2.398744039E-2,2.244908363E-3,6.583444774E-3
1.492080446E2,2.412752807E-2,-2.791806124E-3,8.001120761E-3
1.492180856E2,2.288303338E-2,-2.947067842E-3,9.106067941E-3
1.492281256E2,2.147324756E-2,-7.860383950E-3,8.050150238E-3
1.492381656E2,2.053528093E-2,-1.044844463E-2,8.097021841E-3
1.492482056E2,1.780269668E-2,-8.806509897E-3,8.587258868E-3
1.492582766E2,1.665220968E-2,-1.098604128E-2,9.183540009E-3
1.492683176E2,1.544320583E-2,-1.268539671E-2,7.880168967E-3
1.492783576E2,1.594760828E-2,-9.139398113E-3,8.580846712E-3
1.492883976E2,2.018205449E-2,-2.543599345E-3,4.015967250E-3
1.492984376E2,2.072480693E-2,-2.781685442E-3,6.197629031E-3
1.493084786E2,2.074627206E-2,-1.826989464E-3,6.393379532E-3
1.493185486E2,2.248105593E-2,1.127788797E-3,9.225917980E-3
1.493285896E2,2.234197035E-2,4.663396627E-3,1.105685905E-2
1.493386296E2,1.778290421E-2,9.258415550E-3,1.313465741E-2
1.493486696E2,1.313034538E-2,1.101201028E-2,1.482020598E-2
1.493587106E2,1.133830473E-2,9.826369584E-3,1.405374799E-2
1.493687506E2,8.089419454E-3,1.057838090E-2,1.274922676E-2
1.493788216E2,8.066250011E-3,9.330689907E-3,1.106078271E-2
1.493888616E2,7.162830792E-3,1.012684405E-2,1.263465453E-2
1.493989016E2,6.170803681E-3,1.129810326E-2,1.069081295E-2
1.494089426E2,8.804559708E-3,1.035705581E-2,1.119806804E-2
1.494189826E2,1.092523523E-2,8.554628119E-3,1.343965065E-2
1.494290536E2,1.311730128E-2,1.311762631E-2,1.543307677E-2
1.494390936E2,1.896640286E-2,9.310904890E-3,1.663069986E-2
1.494491336E2,2.132143453E-2,8.216079324E-3,1.496436074E-2
1.494591736E2,2.617158368E-2,8.637391031E-3,1.484451815E-2
1.494692146E2,2.418372780E-2,3.238514066E-3,1.391634438E-2
1.494792546E2,2.405136824E-2,1.768715680E-3,1.409078203E-2
1.494893256E2,2.432336286E-2,1.795971766E-3,1.107070781E-2
1.494993656E2,2.087749727E-2,2.533400431E-3,1.144168619E-2
1.495094056E2,1.513046864E-2,1.478642225E-4,9.224131703E-3
1.495194466E2,1.143586542E-2,-6.409641355E-4,6.248048972E-3
1.495294866E2,4.278353415E-3,-1.608490944E-3,2.598452847E-3
1.495395266E2,-5.073463544E-4,-7.000863552E-4,2.251442987E-3
1.495495976E2,-2.487478778E-3,-4.679771140E-3,-1.502875122E-3
1.495596376E2,-4.029981792E-3,-9.895306081E-3,-3.266686574E-3
1.495696786E2,-9.007349610E-3,-7.848693058E-3,-6.770468783E-3
1.495797186E2,-1.248437352E-2,-6.064375862E-3,-1.035242062E-2
1.495897586E2,-1.791819744E-2,-1.942645758E-3,-8.192571811E-3
1.495997986E2,-2.183144726E-2,-3.209245391E-3,-1.279398147E-2
1.496098696E2,-2.823740803E-2,-6.783213466E-4,-1.288844831E-2
1.496199106E2,-3.198074549E-2,-1.095637679E-3,-1.369431987E-2
1.496299506E2,-3.239178285E-2,-5.176565610E-3,-1.503342856E-2
1.496399906E2,-3.610929102E-2,-6.106275134E-3,-1.581852697E-2
1.496500306E2,-3.590562940E-2,-7.348909974E-3,-1.706273854E-2
1.496601016E2,-3.337296471E-2,-9.030429646E-3,-1.700681075E-2
1.496701416E2,-2.921862341E-2,-1.037866622E-2,-1.565279998E-2
1.496801826E2,-2.751686238E-2,-8.094738238E-3,-1.451403275E-2
1.496902226E2,-2.142408304E-2,-7.174350321E-3,-1.416382659E-2
1.497002626E2,-1.800405420E-2,-1.078985818E-2,-1.445357874E-2
1.497103036E2,-1.466842182E-2,-9.760862216E-3,-1.331636682E-2
1.497203736E2,-9.370597079E-3,-1.178166922E-2,-1.109688822E-2
1.497304146E2,-5.178088322E-3,-1.116679609E-2,-1.330863405E-2
1.497404546E2,-2.148209140E-3,-9.123352356E-3,-1.258425415E-2
1.497504946E2,-1.133099198E-3,-8.566582575E-3,-1.150748599E-2
1.497605356E2,1.550302841E-3,-1.291099750E-2,-1.276156865E-2
1.497705756E2,2.774477936E-3,-1.298527606E-2,-1.348821633E-2
1.497806466E2,3.761178814E-3,-1.361165196E-2,-1.433989499E-2
1.497906866E2,1.301308163E-3,-1.529294997E-2,-1.531831548E-2
1.498007266E2,4.669278860E-5,-1.330303587E-2,-1.436836645E-2
1.498107666E2,1.333171502E-3,-1.069188397E-2,-1.510776114E-2
1.498208076E2,-1.021329314E-3,-5.970632657E-3,-1.208187733E-2
1.498308786E2,-2.472748980E-3,-3.023722209E-3,-1.164317783E-2
1.498409186E2,-1.204816625E-3,7.893927395E-4,-1.040507481E-2
1.498509586E2,-2.438765019E-3,2.502292395E-3,-8.273739368E-3
1.498609986E2,-1.762587577E-3,4.820307717E-3,-5.687810481E-3
1.498710396E2,-4.305897281E-3,1.013728417E-2,-2.224745695E-3
1.498810796E2,-4.002297297E-3,5.591001362E-3,-5.011479952E-4
1.498911506E2,-2.463430166E-3,6.952090189E-3,2.106645610E-3
1.499011906E2,-1.076988876E-3,8.290061727E-3,4.122392740E-3
1.499112306E2,1.996662468E-5,1.120276190E-2,3.577509895E-3
1.499212716E2,-3.843009472E-4,8.677553385E-3,4.243299831E-3
1.499313116E2,2.100587822E-3,1.058940031E-2,3.935708199E-3
1.499413516E2,1.920025796E-3,8.019981906E-3,3.835839685E-3
1.499514226E2,-2.859560773E-4,7.465410978E-3,3.291009925E-3
1.499614626E2,3.294130787E-3,4.199311137E-3,2.522954484E-3
1.499715036E2,4.502602853E-3,5.260040984E-3,4.150698427E-3
1.499815436E2,6.608364172E-3,3.303416073E-3,6.680169143E-3
1.499915836E2,8.852515370E-3,1.617299393E-3,6.949311588E-3
1.500016236E2,7.360346150E-3,1.159766689E-3,1.038612053E-2
1.500116946E2,9.465133771E-3,1.292873174E-3,1.072383579E-2
1.500217346E2,7.925027981E-3,5.940355361E-3,1.147538051E-2
1.500317756E2,9.559754282E-3,3.473186865E-3,9.240057319E-3
1.500418156E2,8.359201252E-3,4.085713997E-3,1.085473225E-2
1.500518706E2,1.049835421E-2,5.649713799E-3,8.645289578E-3
1.500619416E2,1.150636096E-2,7.431060076E-4,8.247412741E-3
1.500719816E2,7.824795321E-3,6.424598396E-4,7.625143975E-3
1.500820226E2,3.317129798E-3,1.152453944E-3,5.058122799E-3
1.500920626E2,3.079214133E-3,3.490377218E-3,5.095035303E-3
1.501021026E2,3.051517531E-3,7.662307471E-4,4.816202447E-3
1.501121436E2,1.691983081E-3,2.766499296E-3,4.684001207E-3
1.501222136E2,-2.079159021E-4,7.317041978E-3,6.565524731E-3
1.501322546E2,-8.875597268E-4,1.779949293E-3,1.010691654E-2
1.501422946E2,2.425411716E-3,1.116013527E-2,1.004300080E-2
1.501523346E2,2.762840129E-3,4.861075431E-3,1.267934311E-2
1.501623746E2,5.588986911E-3,8.763404563E-3,1.227267832E-2
1.501724156E2,6.713806652E-3,5.999656394E-3,1.250099391E-2
1.501824866E2,7.690121885E-3,5.328007042E-3,1.370474230E-2
1.501925266E2,7.473888341E-3,7.316144183E-3,1.156406384E-2
1.502025666E2,7.684011478E-3,4.302777350E-3,9.835671633E-3
1.502126066E2,9.605923668E-3,5.144830793E-4,7.740269881E-3
1.502226476E2,8.108694106E-3,5.677554756E-3,6.059282925E-3
1.502326876E2,7.862968370E-3,2.428062260E-3,5.682127085E-3
1.502427586E2,6.779860705E-3,1.507939771E-3,4.939371720E-3
1.502527986E2,4.463262856E-3,1.409504563E-3,4.824004136E-3
1.502628386E2,1.951369457E-3,3.540566191E-3,5.040252581E-3
1.502728796E2,2.716050483E-3,1.996291801E-3,2.389557427E-3
1.502829196E2,3.641231917E-3,2.491906285E-3,1.490740571E-3
1.502929906E2,2.678067423E-3,2.481974661E-3,-6.401385181E-4
1.503030306E2,5.491430871E-3,-1.700017601E-4,2.078119433E-4
1.503130706E2,2.854005434E-3,2.221712843E-3,-2.224024618E-3
1.503231116E2,2.631365322E-3,-5.088243634E-4,-2.216301393E-3
1.503331516E2,4.132770002E-3,6.881691515E-4,-2.044475172E-3
1.503431916E2,4.575920291E-3,1.315679401E-4,-2.603206318E-3
1.503532626E2,3.381850198E-3,-2.875720151E-3,-8.564136806E-4
1.503633026E2,1.721102744E-3,-2.185163088E-3,-3.780564526E-3
1.503733436E2,5.359156057E-4,-2.183806151E-3,-3.133821301E-3
1.503833836E2,8.823927492E-4,-3.852009773E-3,-1.961497590E-3
1.503934236E2,1.850698143E-3,-1.276681200E-3,-2.382321982E-3
1.504034636E2,7.838815451E-3,-7.714796811E-4,-3.536269534E-3
1.504135346E2,7.511517033E-3,-5.782786757E-4,-2.620063722E-3
1.504235746E2,5.899772048E-3,-2.411599271E-3,-3.000895726E-3
1.504336156E2,8.587536402E-3,-1.976248808E-3,-7.037378382E-4
1.504436556E2,8.082334884E-3,-4.348859191E-3,-1.971935155E-3
1.504536956E2,9.792059660E-3,-6.601754576E-4,-4.644277971E-3
1.504637366E2,8.870339021E-3,6.740689278E-4,-6.328993943E-3
1.504738066E2,9.745121002E-3,-1.925867982E-3,-7.994965650E-3
1.504838476E2,9.568020701E-3,-2.971158363E-3,-9.292457253E-3
1.504938876E2,9.684570134E-3,-3.876705654E-3,-9.593231604E-3
1.505039276E2,9.374578483E-3,-3.900407813E-3,-1.021454670E-2
1.505139686E2,9.189765900E-3,-1.964050345E-3,-1.227088552E-2
1.505240386E2,1.013998222E-2,5.470439792E-4,-1.059655566E-2
1.505340796E2,1.059555449E-2,-5.044066347E-3,-1.262305863E-2
1.505441196E2,1.061206590E-2,-2.535101958E-3,-1.237059012E-2
1.505541596E2,9.555304423E-3,-2.080705017E-3,-1.371074375E-2
1.505641996E2,1.025678124E-2,-5.424637347E-4,-1.443352550E-2
1.505742406E2,7.886134088E-3,-3.315962851E-3,-1.453187596E-2
1.505843116E2,5.162519403E-3,-1.350017264E-3,-1.597211324E-2
1.505943516E2,2.431537025E-3,-2.111461014E-3,-1.539125293E-2
1.506043916E2,5.279099569E-4,1.184200868E-3,-1.445887983E-2
1.506144316E2,-2.062998712E-3,-3.591217101E-4,-1.305925380E-2
1.506244726E2,-3.893122077E-3,-3.087796271E-3,-1.105362736E-2
1.506345126E2,-8.688304573E-3,1.266747713E-4,-1.068744622E-2
1.506445836E2,-8.570060134E-3,3.291042522E-3,-1.024136692E-2
1.506546236E2,-8.639313281E-3,2.528877929E-3,-9.168535471E-3
1.506646636E2,-8.355420083E-3,3.738218918E-3,-8.957613260E-3
1.506747046E2,-7.116783410E-3,2.123011276E-3,-1.055657491E-2
1.506847446E2,-6.653660908E-3,2.559503540E-3,-9.575466625E-3
1.506947846E2,-6.668206304E-3,1.546893269E-3,-9.841867723E-3
1.507048556E2,-7.021075115E-3,2.014655620E-4,-1.003361493E-2
1.507148956E2,-8.469924331E-3,7.213596255E-4,-9.337489493E-3
1.507249366E2,-6.344988942E-3,4.134999588E-3,-7.404567674E-3
1.507349766E2,-5.337705836E-3,9.989906102E-4,-9.979788214E-3
1.507450166E2,-5.027715117E-3,2.027768642E-3,-1.069378108E-2
1.507550876E2,-3.555173054E-3,-2.514962107E-4,-1.297126524E-2
1.507651276E2,1.137583517E-3,7.133670151E-4,-1.545998920E-2
1.507751676E2,5.288887769E-4,-3.923577257E-3,-1.440316718E-2
1.507852086E2,1.348610036E-3,-5.863700062E-4,-1.565245539E-2
1.507952486E2,2.952571958E-5,-1.921040937E-3,-1.260867901E-2
1.508052886E2,-2.684816718E-4,1.943074167E-4,-1.515173074E-2
1.508153596E2,-2.522086725E-4,-1.154571772E-3,-1.457459573E-2
1.508253996E2,-3.443537280E-4,-1.920497045E-3,-1.310479734E-2
1.508354406E2,1.573381014E-3,-5.160349421E-3,-1.212270185E-2
1.508454806E2,-1.816423610E-4,-2.582675777E-3,-9.330644272E-3
1.508555206E2,-3.104826435E-3,-1.632911153E-3,-8.953991346E-3
1.508655616E2,-2.166062593E-3,-1.161797903E-3,-7.600572892E-3
1.508756316E2,-4.181448370E-3,-1.284237020E-3,-7.687551901E-3
1.508856726E2,-3.092214465E-3,-4.908815026E-4,-6.090187933E-3
1.508957126E2,1.071030274E-3,1.082085073E-4,-5.406081676E-3
1.509057526E2,1.786053181E-4,3.747683018E-3,-4.529102705E-3
1.509157926E2,-7.837004960E-4,2.409933135E-3,-7.199447602E-3
1.509258636E2,2.008889802E-3,-1.874027774E-3,-7.468160708E-3
1.509359046E2,-1.087395474E-3,5.560386926E-4,-8.042976260E-3
1.509459446E2,-1.592064276E-3,1.098524779E-3,-6.344412453E-3
1.509559846E2,-3.468614072E-3,2.893397585E-3,-7.038113195E-3
1.509660246E2,-7.720351219E-3,5.233660340E-5,-8.761977777E-3
1.509760656E2,-8.794220164E-3,-9.694974869E-4,-9.108057246E-3
1.509861356E2,-9.946037084E-3,1.171683893E-3,-1.165963151E-2
1.509961766E2,-1.025682688E-2,-1.767381094E-3,-1.330626383E-2
1.510062166E2,-7.996868342E-3,-6.038292311E-3,-1.454543322E-2
1.510162566E2,-5.140531808E-3,-5.424365401E-3,-1.540206745E-2
1.510262976E2,-7.126716897E-3,-1.104603242E-2,-1.518075727E-2
1.510363376E2,-6.501076743E-3,-3.540129401E-3,-1.481129695E-2
1.510463957E2,-4.939930514E-3,-4.164907150E-3,-1.659321785E-2
1.510564357E2,-6.382195279E-3,-1.433154568E-3,-1.594412513E-2
1.510664757E2,-7.238933817E-3,-6.472653709E-3,-1.408790145E-2
1.510765167E2,-5.321370438E-3,-5.561759695E-3,-1.356171258E-2
1.510865567E2,-4.844397306E-3,-4.615272395E-3,-1.059788093E-2
1.510965967E2,-6.801294163E-3,-5.248950794E-3,-1.131887827E-2
1.511066677E2,-4.714174196E-3,-6.140311249E-3,-1.117852982E-2
1.511167077E2,-3.738293424E-3,-3.160049208E-3,-1.120098215E-2
1.511267477E2,-6.688809022E-3,-1.075059175E-3,-8.723976091E-3
1.511367887E2,-4.459489137E-3,-4.129527137E-3,-8.474675007E-3
1.511468287E2,-7.958883420E-3,-5.642202683E-3,-8.037650026E-3
1.511568997E2,-6.451793015E-3,-5.312800407E-3,-7.887821645E-3
1.511669397E2,-7.445417345E-3,-1.892502420E-3,-9.010610171E-3
1.511769797E2,-7.736146450E-3,-6.877351552E-4,-8.309108205E-3
1.511870207E2,-7.246389985E-3,1.316560432E-3,-7.820151746E-3
1.511970607E2,-6.008105353E-3,-1.855641603E-4,-6.122867111E-3
1.512071007E2,-5.452038720E-3,5.419325083E-3,-6.896515377E-3
1.512171717E2,-4.334043711E-3,8.762385696E-4,-4.337749910E-3
1.512272117E2,-3.404067829E-3,2.196101472E-3,-3.778486280E-3
1.512372527E2,-2.370674163E-3,5.751848221E-6,-3.249368630E-3
1.512472927E2,-1.558143646E-3,-1.604296267E-4,-4.908251576E-3
1.512573327E2,9.020892903E-4,-1.119585708E-3,-3.291899804E-3
1.512673727E2,-6.111189723E-4,1.011742279E-3,-5.020823795E-3
1.512774437E2,-5.020201206E-4,-2.808244899E-3,-3.939340822E-3
1.512874847E2,1.837832853E-3,-5.286050029E-3,-4.981436301E-3
1.512975247E2,7.238322869E-4,-5.164343864E-3,-2.760625910E-3
1.513075647E2,2.355284989E-3,-2.564299852E-3,-2.224798081E-3
1.513176047E2,6.334753707E-3,-8.397083730E-4,-4.815965949E-4
1.513276457E2,5.041522905E-3,2.253552899E-3,1.583418576E-3
1.513377157E2,6.850797683E-3,6.697513163E-5,3.171402961E-3
1.513477567E2,6.691540591E-3,8.547380567E-4,4.617765546E-3
1.513577967E2,7.109194994E-3,-1.859812066E-3,4.165805411E-3
1.513678367E2,7.875652984E-3,3.536816686E-3,3.759673331E-3
1.513778777E2,5.296576768E-3,-4.350409843E-3,3.809762653E-3
1.513879477E2,6.193796173E-3,-2.528275363E-3,2.176712267E-3
1.513979887E2,2.313465811E-3,-3.088396043E-4,2.915478311E-3
1.514080287E2,1.968320459E-3,8.027646691E-4,6.480630254E-4
1.514180687E2,-3.265254200E-4,-4.015173763E-4,4.399391823E-3
1.514281097E2,-3.547547385E-4,2.232603729E-4,3.356231377E-3
1.514381497E2,-4.426473752E-4,-1.676068641E-3,2.550197532E-3
1.514482207E2,2.066317014E-3,2.241708338E-3,3.371782601E-3
1.514582607E2,2.643427812E-3,-1.325751655E-3,9.997868910E-4
1.514683007E2,4.257570021E-3,8.596386760E-4,5.094989319E-4
1.514783407E2,2.813881263E-3,-4.401616752E-4,6.871022633E-4
1.514883817E2,4.810453393E-3,-1.990121789E-3,1.409884077E-3
1.514984217E2,2.685869113E-3,-2.237162553E-3,1.848986838E-3
1.515084927E2,3.592941910E-3,-2.197481692E-3,3.725183895E-3
1.515185327E2,3.840349615E-3,-2.939971164E-3,6.564233918E-4
1.515285727E2,3.196663223E-3,-3.037442453E-3,1.805577427E-3
1.515386137E2,2.930790186E-3,-4.799342714E-3,-1.614589128E-4
1.515486537E2,5.053063855E-3,1.925937831E-3,1.374119660E-3
1.515587247E2,3.575718962E-3,-1.732666045E-3,1.660650130E-3
1.515687647E2,5.303044803E-3,-2.244791947E-3,4.792718682E-4
1.515788047E2,5.026180297E-3,-7.525775582E-4,2.917388687E-3
1.515888457E2,7.219293620E-3,-3.547033295E-3,4.597843159E-3
1.515988857E2,6.394950673E-3,1.171398908E-4,1.714069396E-3
1.516089257E2,8.370216936E-3,6.162170321E-4,1.676252577E-3
1.516189967E2,4.732595757E-3,1.325707883E-3,1.926966244E-3
1.516290367E2,3.889971413E-3,-3.419246525E-3,1.763714477E-3
1.516390777E2,2.639966086E-3,-1.548391767E-3,6.690222654E-4
1.516491177E2,4.143852741E-3,-3.297291696E-4,1.076752320E-3
1.516591577E2,1.128448173E-3,2.664530650E-3,7.697955007E-4
1.516691977E2,5.926210433E-4,1.637617126E-3,9.373083012E-4
1.516792687E2,-2.604587004E-3,-2.987477928E-4,1.888248953E-4
1.516893097E2,-2.705786377E-3,1.297537237E-4,-5.701760529E-4
1.516993497E2,-1.381224021E-3,5.324929953E-5,-1.245124848E-3
1.517093897E2,-8.712280542E-4,-1.765689813E-3,-7.146231947E-4
1.517194297E2,5.316380411E-4,-2.143152989E-3,-9.097816073E-4
1.517294707E2,1.144964248E-3,-1.981233247E-3,-2.372389659E-3
1.517395407E2,2.254613675E-3,-2.624073066E-3,-2.260029782E-3
1.517495817E2,1.063384116E-5,-3.827556036E-3,-6.802427233E-4
1.517596217E2,4.319464788E-4,-1.177710481E-3,1.253635273E-4
1.517696617E2,-3.597140312E-5,-1.886111684E-3,-2.046021400E-4
1.517797027E2,2.119652927E-4,-3.457495011E-3,7.015711162E-5
1.517897727E2,-1.838136464E-3,-3.866031766E-4,7.101147203E-4
1.517998137E2,-1.072218642E-3,-5.069412291E-4,-1.197136473E-3
1.518098537E2,2.606958151E-5,1.186355948E-4,-1.041751821E-4
1.518198937E2,7.550772280E-4,-1.529027708E-3,1.144314418E-3
1.518299347E2,1.687982120E-3,-6.653647870E-4,-1.167042996E-3
1.518399747E2,2.242640592E-3,6.579756737E-4,-6.574490690E-4
1.518500457E2,4.796345718E-3,-9.383223951E-4,-5.930005573E-4
1.518600857E2,5.485655740E-3,-2.091372386E-3,-1.158175059E-3
1.518701257E2,7.841112092E-4,-1.310800202E-3,-2.199434675E-4
1.518801657E2,3.193545155E-3,-1.707863063E-3,-1.191756106E-3
1.518902067E2,3.170642070E-3,1.064755023E-3,7.278504199E-4
1.519002467E2,2.761146985E-3,-2.556429245E-3,-6.903627072E-4
1.519103177E2,2.633049153E-3,-2.733003348E-4,1.898496179E-3
1.519203577E2,4.108961672E-3,-1.849643886E-4,1.738732215E-3
1.519303977E2,4.662632942E-3,4.475358874E-4,2.369901398E-3
1.519404387E2,3.056573682E-3,8.300282061E-4,1.584377023E-3
1.519504787E2,1.457877457E-3,9.306967258E-4,1.589703490E-3
1.519605187E2,1.962908544E-3,-1.200567000E-3,9.224219248E-4
1.519705897E2,2.494741231E-3,-3.251999617E-3,6.893953541E-4
1.519806297E2,4.751228727E-3,-2.509473823E-3,3.914931440E-4
1.519906707E2,1.835865900E-3,-2.688704990E-3,1.494117896E-4
1.520007107E2,6.741136312E-4,-2.446607687E-3,3.868329804E-4
1.520107507E2,-4.081949592E-4,-1.693465747E-3,1.602565870E-3
1.520208217E2,1.593088731E-3,3.878138959E-4,3.266640007E-3
1.520308617E2,-5.536861718E-4,1.309534535E-3,4.082692903E-4
1.520409027E2,7.659103721E-5,1.102268696E-3,3.097425448E-3
1.520509307E2,8.073626086E-4,1.248741522E-3,2.359463600E-3
1.520609707E2,1.072622836E-3,1.751787961E-3,1.154006692E-3
1.520710107E2,-1.288268715E-3,4.452234134E-3,2.277327934E-3
1.520810817E2,-4.026722163E-3,1.628875732E-3,1.637693611E-3
1.520911217E2,-3.683440387E-3,-2.222054638E-3,1.786031644E-3
1.521011627E2,-3.824861720E-3,1.848625019E-3,3.136891872E-3
1.521112027E2,-5.715705454E-3,6.507355720E-4,2.226623474E-3
1.521212427E2,-5.872817710E-3,5.529299378E-4,3.826170228E-3
1.521312838E2,-4.533248022E-3,-3.876972012E-3,2.499915892E-3
1.521413537E2,-1.155028120E-3,2.989988774E-3,2.620617743E-4
1.521513947E2,2.373660915E-3,-3.229557537E-3,-1.174979843E-3
1.521614347E2,3.746062517E-3,-2.715554088E-3,-1.208027592E-3
1.521714748E2,4.024894908E-3,-4.381894134E-3,-1.423743553E-3
1.521815157E2,9.590035304E-3,-3.775388934E-3,-1.101930626E-3
1.521915557E2,3.908447921E-3,-1.579079777E-3,-1.421776367E-3
1.522016268E2,3.879851662E-3,-5.168942735E-3,-9.425897733E-4
1.522116668E2,3.517927602E-3,-2.435741015E-3,-1.519696787E-3
1.522217067E2,2.919076011E-3,-2.058831975E-3,-2.132120077E-3
1.522317467E2,-1.944256946E-4,-3.107850440E-3,-1.430377131E-3
1.522417877E2,3.082770854E-4,-3.941189498E-3,1.305801561E-5
1.522518588E2,-1.986302435E-3,-2.837841399E-3,4.972207244E-4
1.522618987E2,1.276430674E-3,1.905038953E-4,2.289901953E-3
1.522719387E2,-2.036275342E-3,-3.681466915E-3,2.836915199E-3
1.522819787E2,-8.894186467E-4,-1.350481063E-3,2.229365986E-3
1.522920197E2,-8.460097015E-4,-1.525916159E-4,1.423759502E-3
1.523020597E2,4.144106060E-5,-1.618564129E-3,2.661278239E-3
1.523121307E2,-1.815581694E-3,-3.111532889E-3,3.105493495E-3
1.523221707E2,-3.650523722E-4,-2.162102610E-4,2.559439745E-3
1.523322107E2,1.453620382E-3,1.364110038E-3,3.311516251E-3
1.523422518E2,8.174916729E-4,-2.391915768E-4,1.876522321E-3
1.523522918E2,-4.139533266E-4,5.712080747E-4,3.297052346E-3
1.523623317E2,-1.604663208E-3,-7.811188698E-4,3.998106346E-3
1.523724027E2,-3.023328260E-3,-8.005592972E-4,1.662780764E-3
1.523824428E2,-5.036488175E-3,2.366082743E-3,1.732496894E-3
1.523924838E2,-2.620467916E-3,-1.340772025E-3,1.269373228E-3
1.524025237E2,-1.321407035E-3,2.394294366E-3,-1.003394951E-3
1.524125637E2,3.649070859E-4,-1.149573363E-3,-1.934169792E-3
1.524226348E2,1.696940511E-3,1.031944528E-3,-1.421825495E-3
1.524326748E2,1.123028807E-3,-6.082952023E-4,-1.330479048E-3
1.524427147E2,9.035924450E-4,9.083431214E-4,-2.615937847E-4
1.524527557E2,-1.142781228E-3,2.505175769E-3,3.874186077E-4
1.524627957E2,4.976410419E-4,-1.038527116E-3,3.392582061E-3
1.524728357E2,-2.766596153E-3,7.404629141E-4,2.959019504E-3
1.524829067E2,-2.877125517E-3,4.238294438E-3,2.804663498E-3
1.524929467E2,-1.138081774E-3,1.453692093E-3,1.351643004E-3
1.525029877E2,-2.181598917E-3,2.771206200E-3,2.674941439E-3
1.525130277E2,-7.378980517E-4,2.439377829E-3,1.463469467E-3
1.525230678E2,2.268454991E-3,3.203487024E-3,7.225518930E-4
1.525331088E2,2.503612079E-3,9.914655238E-4,-5.605591577E-4
1.525431787E2,3.538872115E-3,-1.770014875E-3,-4.425548250E-4
1.525532197E2,3.477352671E-3,-3.777239472E-3,6.935496349E-4
1.525632598E2,3.366917372E-3,-5.633361638E-3,-9.177168249E-4
1.525732998E2,2.584747039E-3,1.451712102E-3,-1.668728190E-3
1.525833397E2,3.965513781E-3,-9.344648570E-4,1.143703237E-3
1.525933807E2,-1.304280013E-4,-7.080957294E-4,7.745891344E-4
1.526034518E2,-3.786422312E-4,1.372132450E-3,3.112684935E-3
1.526134917E2,1.207270660E-3,-2.006088383E-3,3.578738309E-3
1.526235317E2,-2.043023705E-3,1.554893330E-3,2.834490966E-3
1.526335717E2,-2.718402073E-3,-7.740408182E-4,2.619573846E-3
1.526436127E2,-2.003952861E-3,-1.176310703E-3,2.105262596E-3
1.526536827E2,-1.532040536E-3,-8.934829384E-4,1.599794370E-3
1.526637237E2,-2.153823152E-4,-2.324102446E-3,7.974923356E-4
1.526737637E2,-1.227650791E-3,1.855995506E-3,-4.802923067E-4
1.526838037E2,-3.454498947E-3,-9.636580944E-4,-8.268228266E-4
1.526938447E2,-2.153811976E-3,-1.957817003E-3,-1.236949698E-3
1.527038848E2,-1.864410937E-3,-8.343290538E-4,-1.436899765E-3
1.527139557E2,8.096685633E-4,-2.635425888E-3,-3.273948329E-3
1.527239957E2,5.803629756E-4,-7.048677653E-4,-2.506584860E-3
1.527340357E2,1.523387618E-3,6.722528487E-4,-2.441870049E-3
1.527440768E2,6.431350484E-4,2.381337807E-3,-1.695972402E-3
1.527541167E2,-1.013351604E-3,1.631125808E-3,4.713081871E-4
1.527641567E2,-2.512898296E-3,8.264500648E-4,2.621864434E-3
1.527742278E2,-1.883327961E-3,2.331402153E-3,1.874688314E-4
1.527842678E2,-3.891523927E-3,1.182315871E-3,1.324212295E-3
1.527943077E2,-2.970071509E-3,1.021461561E-3,-2.319524530E-3
1.528043487E2,-2.720355988E-3,-9.737294167E-4,-2.699819743E-4
1.528143887E2,-1.171194017E-3,-1.196544617E-4,-2.883577836E-4
1.528244287E2,-3.464892507E-3,3.391440958E-3,2.276131650E-3
1.528344997E2,-2.788715065E-3,4.542725161E-3,4.683778971E-4
1.528445397E2,-5.166292191E-3,1.335546374E-3,2.820590278E-3
1.528545807E2,-6.052592769E-3,3.556622192E-3,4.380137194E-3
1.528646207E2,-6.083743647E-3,2.143783495E-3,4.587756470E-3
1.528746607E2,-4.937518388E-3,1.044139452E-2,3.845266765E-3
1.528847317E2,8.678901941E-5,2.553563565E-3,4.414676689E-3
1.528947717E2,-6.237421185E-4,3.424683586E-3,5.104967859E-3
1.529048127E2,5.976902321E-4,5.459561944E-4,4.839263856E-3
1.529148528E2,3.446207382E-3,7.550138980E-4,4.254699685E-3
1.529248928E2,1.231246628E-3,8.980557323E-4,5.464415997E-3
1.529349327E2,2.188386396E-3,1.121573150E-4,4.415929317E-3
1.529450037E2,1.515402459E-3,2.540843561E-3,6.092576310E-3
1.529550448E2,-1.674799249E-3,2.303821966E-3,5.522925872E-3
1.529650848E2,1.123561524E-3,-1.137998886E-3,4.200640135E-3
1.529751247E2,-9.465124458E-4,1.408781856E-3,5.117033608E-3
1.529851647E2,8.208863437E-5,8.137840778E-4,5.358342547E-3
1.529952057E2,-1.959489658E-3,2.559218556E-3,3.972966224E-3
1.530052767E2,-1.431308687E-3,-1.013381407E-3,4.485857207E-3
1.530153167E2,-9.173192084E-4,2.862583846E-3,3.230176866E-3
1.530253567E2,-2.430612221E-3,3.284811974E-4,5.110157654E-3
1.530353967E2,-9.000934660E-4,1.784963533E-3,3.852080088E-3
1.530454377E2,-2.689177170E-3,1.218259335E-3,1.408123760E-3
1.530555189E2,-1.060921699E-3,6.434326991E-3,2.476051450E-3
1.530655599E2,1.188451424E-3,3.504939377E-4,2.690866590E-3
1.530755999E2,-1.759400591E-3,-3.826729953E-4,7.701946306E-4
1.530856399E2,-6.695836782E-5,1.476861537E-3,-4.838077002E-4
1.530956809E2,7.077120245E-6,-1.586838625E-3,1.835804433E-4
1.531057209E2,-1.890212297E-4,-2.597459592E-3,-1.761884894E-3
1.531157919E2,-1.704892144E-3,1.314723864E-3,-3.569372464E-3
1.531258319E2,-1.549273729E-3,-8.230432868E-4,-3.596243914E-3
1.531358719E2,-5.199620500E-4,-1.816935837E-3,-4.649524111E-3
1.531459129E2,-1.304615289E-3,-4.384057596E-3,-2.044899389E-3
1.531559529E2,-1.999363303E-4,-7.586181164E-5,-1.439030282E-3
1.531659929E2,1.254891977E-4,-4.781858996E-3,-3.922219388E-3
1.531760639E2,-5.983579904E-4,1.314077526E-4,-9.807579918E-4
1.531861039E2,4.501380026E-4,-1.830468886E-3,-9.565449436E-4
1.531961439E2,-1.086773351E-3,-2.355644479E-3,-9.693281027E-4
1.532061849E2,2.089357004E-4,-2.721156925E-4,-1.314475085E-4
1.532162249E2,-1.179903746E-3,-2.826619893E-3,-1.391706755E-4
1.532262649E2,-2.673737705E-3,-8.021369576E-4,-7.118293433E-4
1.532363359E2,-3.605309874E-3,-2.213079482E-3,-1.297724782E-3
1.532463759E2,-3.616595641E-3,-6.233584136E-4,-7.381123141E-4
1.532564169E2,-4.480523989E-3,-2.065460198E-3,-2.797822817E-4
1.532664569E2,-3.047276288E-3,-4.520025104E-4,-5.979330163E-4
1.532764969E2,-2.694940194E-3,-1.062931493E-3,-1.738831168E-3
1.532865679E2,-1.069547608E-3,-2.445493825E-3,-2.721368335E-3
1.532966079E2,-1.732142642E-3,1.184394583E-3,-1.357030938E-3
1.533066489E2,-2.785954624E-3,-2.367995679E-3,-3.096096916E-4
1.533166889E2,-1.507904381E-3,8.099544793E-4,-1.176202320E-3
1.533267289E2,5.706856027E-4,-2.362631261E-3,-4.264176823E-4
1.533367689E2,-4.463754594E-4,-1.821743324E-3,-1.586224418E-3
1.533468399E2,1.579487696E-3,-2.450097352E-3,9.285173728E-4
1.533568809E2,1.202916726E-3,-1.567525789E-3,-2.155766124E-4
1.533669209E2,-1.581322402E-3,-7.715951651E-4,2.338880440E-4
1.533769609E2,-9.719897062E-4,3.618448973E-4,5.649189698E-4
1.533870009E2,-2.597849816E-3,2.538979053E-3,-8.233868866E-4
1.533970419E2,-2.097709104E-3,4.396000877E-3,2.053892240E-3
1.534071119E2,2.922974527E-4,-1.344607212E-3,-2.798897331E-4
1.534171529E2,-2.152750269E-3,1.539595425E-3,-4.263636074E-4
1.534271929E2,-1.182593405E-5,-3.230553120E-4,1.847263193E-4
1.534372329E2,-2.510137856E-3,1.789098606E-3,1.748268260E-3
1.534472739E2,-1.554254442E-3,-7.587242872E-4,7.088066195E-4
1.534573139E2,-2.338021994E-3,1.102825627E-3,7.996203494E-4
1.534673849E2,-2.703303471E-3,1.832947135E-3,1.200507162E-3
1.534774249E2,-2.089444548E-3,-1.469640061E-3,2.441661200E-4
1.534874649E2,-1.436093822E-3,6.937757134E-4,-1.038890681E-3
1.534975059E2,-1.278700307E-3,-5.445608869E-3,-1.263128826E-3
1.535075459E2,3.554150462E-4,-1.861900091E-5,-1.898749033E-4
1.535176169E2,2.512848005E-4,-2.396555617E-3,9.134727879E-4
1.535276569E2,-2.370145172E-3,-5.839932710E-4,2.733822912E-4
1.535376969E2,1.465408131E-4,-5.629546940E-4,1.071797917E-3
1.535477369E2,1.173452474E-3,2.190323547E-3,-7.101764204E-4
1.535577779E2,-6.470847875E-4,-1.340496354E-3,-1.828715904E-5
1.535678179E2,-2.124700695E-4,6.931424141E-4,-9.328427841E-4
1.535778889E2,-1.263087615E-3,3.988631070E-4,-1.091300859E-3
1.535879289E2,-2.509674989E-3,-1.463969238E-3,-2.079566475E-4
1.535979689E2,-1.367178746E-3,1.309979707E-3,1.160641899E-3
1.536080099E2,-9.495047852E-4,2.576962113E-3,-3.285181592E-4
1.536180499E2,-2.804928459E-3,-1.361853443E-3,4.938660422E-4
1.536280899E2,-1.850035042E-3,1.432750374E-3,-4.849253746E-4
1.536381609E2,-1.091267914E-4,-1.334273256E-3,-1.289466396E-3
1.536482009E2,2.668944187E-3,-1.526118256E-3,-1.981303096E-3
1.536582419E2,6.549170241E-3,-3.386070020E-3,-3.594113514E-3
1.536682819E2,7.469923235E-3,-2.903319895E-3,-3.416829044E-3
1.536783219E2,9.228141978E-3,3.705043346E-4,-8.000068483E-4
1.536883929E2,6.469710730E-3,1.500386745E-3,-3.293631598E-3
1.536984329E2,3.975127824E-3,1.156838611E-3,-2.178299706E-3
1.537084739E2,1.192841679E-3,-3.076513298E-3,-1.986415591E-3
1.537185139E2,-1.640229486E-3,-3.957220353E-3,-1.093724044E-3
1.537285539E2,-3.207593225E-3,-6.136283278E-3,-2.603844739E-3
1.537385939E2,-2.545264550E-3,-1.816104166E-3,-2.593991114E-3
1.537486649E2,-2.977135591E-3,5.283411592E-4,-3.772615455E-3
1.537587049E2,-4.376360215E-3,3.414142877E-3,-4.591537639E-3
1.537687459E2,-2.978560515E-3,-3.339698538E-3,-4.439312965E-3
1.537787859E2,-3.439021297E-3,-2.082419582E-3,-6.406856701E-3
1.537888259E2,-7.068822160E-4,-3.404828720E-3,-6.491464563E-3
1.537988669E2,-1.939581707E-4,-4.540458322E-4,-6.645394955E-3
1.538089369E2,-2.417876385E-3,-2.292590216E-3,-6.163683254E-3
1.538189779E2,-9.725792333E-4,-9.937658906E-4,-6.899248343E-3
1.538290179E2,-4.455811344E-3,2.230461687E-4,-6.275135558E-3
1.538390579E2,-9.002358653E-3,2.290990204E-3,-8.109254763E-3
1.538490989E2,-9.040798061E-3,6.789917126E-3,-8.487982675E-3
1.538591389E2,-1.255457383E-2,5.678845569E-3,-5.841865204E-3
1.538692099E2,-1.325410511E-2,3.611572087E-3,-6.007996388E-3
1.538792499E2,-1.519528311E-2,3.117023036E-3,-7.324130740E-3
1.538892899E2,-1.408509444E-2,5.450762808E-3,-7.238240913E-3
1.538993299E2,-9.281286038E-3,5.005482584E-3,-6.339157466E-3
1.539093709E2,-6.295801140E-3,5.729742348E-3,-5.504743196E-3
1.539194419E2,-6.357054226E-3,2.460179850E-3,-5.376644898E-3
1.539294819E2,-3.778302111E-3,2.418288961E-3,-5.027444568E-3
1.539395219E2,-3.715985455E-3,4.149077460E-3,-4.405862652E-3
1.539495619E2,-4.684231244E-3,4.762694240E-3,-3.977657761E-3
1.539596029E2,-1.977127977E-3,1.362370327E-3,-3.439432941E-3
1.539696429E2,-2.217345871E-3,4.724344239E-3,-4.305493087E-3
1.539797139E2,-8.428888395E-4,3.183439374E-3,-3.659676528E-3
1.539897539E2,-7.090987638E-4,4.905730486E-3,-2.765381709E-3
1.539997939E2,3.899876028E-4,2.324327826E-3,-4.712152295E-3
1.540098349E2,1.187714748E-3,-5.855467170E-4,-5.545382388E-3
1.540198749E2,-2.752165310E-3,-1.071039587E-3,-5.651109852E-3
1.540299149E2,-2.088983543E-3,-7.794573903E-4,-6.080572493E-3
1.540399859E2,-2.303368412E-3,3.536462784E-3,-5.205191672E-3
1.540500330E2,-1.682479866E-3,-4.175454378E-4,-6.895865314E-3
1.540600740E2,-3.917404450E-3,-1.713971607E-3,-6.666300818E-3
1.540701140E2,-2.970823087E-3,-2.936029807E-3,-6.632905453E-3
1.540801540E2,-5.520266481E-3,7.963906974E-4,-3.563346108E-3
1.540902250E2,-4.358339123E-3,3.103787079E-3,-4.615453538E-3
1.541002650E2,-3.199064173E-3,4.926187918E-3,-3.909715917E-3
1.541103060E2,-5.525606684E-3,1.437863335E-3,-4.067189060E-3
1.541203460E2,-4.301617853E-3,2.370502800E-3,-2.443193225E-3
1.541303860E2,-1.882134937E-3,2.153720707E-3,-3.177160397E-3
1.541404260E2,-5.548776127E-3,-1.915171742E-5,-4.755083472E-3
1.541504970E2,-4.303549416E-3,4.749611020E-3,-6.156336516E-3
1.541605370E2,-2.843870781E-3,1.880321652E-3,-5.251394585E-3
1.541705780E2,-3.895047121E-3,-8.070915937E-4,-7.942278869E-3
1.541806180E2,-5.289212801E-3,3.526732326E-5,-8.943627588E-3
1.541906580E2,-4.503124394E-3,2.345532179E-3,-9.174224921E-3
1.542006990E2,-4.147592001E-3,1.583335921E-3,-1.096466836E-2
1.542107690E2,-4.775124602E-3,-3.230008297E-3,-1.174500212E-2
1.542208100E2,-4.997498356E-3,7.362365723E-4,-1.356394123E-2
1.542308500E2,-6.346034817E-3,4.369951785E-4,-1.207848266E-2
1.542408900E2,-4.612050019E-3,2.204002813E-3,-1.359541900E-2
1.542509310E2,-3.521579318E-3,-7.093511522E-5,-1.114728302E-2
1.542609710E2,-3.873915412E-3,5.479846150E-4,-1.287141349E-2
1.542710420E2,-3.716428764E-3,-2.387020737E-3,-1.268461812E-2
1.542810820E2,-2.316138707E-3,-2.886363305E-3,-1.273628324E-2
1.542911220E2,-4.556757398E-3,-1.658931375E-3,-1.317757554E-2
1.543011620E2,-6.067835726E-3,-1.910599880E-3,-1.357625145E-2
1.543112030E2,-4.753644578E-3,-2.458026633E-3,-1.296510268E-2
1.543212740E2,-5.406918935E-3,1.673068851E-3,-1.220290642E-2
1.543313140E2,-3.851992078E-3,-3.381138667E-3,-1.153003424E-2
1.543413540E2,-5.965209566E-3,6.290487945E-4,-1.032308955E-2
1.543513940E2,-9.615422226E-3,4.653364420E-3,-9.907234460E-3
1.543614350E2,-8.994373493E-3,-3.555100411E-4,-1.015757211E-2
1.543714750E2,-9.273740463E-3,9.591765702E-4,-1.008388307E-2
1.543815460E2,-1.225142088E-2,3.317406401E-3,-9.105970152E-3
1.543915860E2,-1.255049463E-2,7.088389248E-4,-8.136846125E-3
1.544016260E2,-1.498702075E-2,-3.116525710E-3,-9.458306246E-3
1.544116670E2,-1.493685599E-2,1.465603709E-4,-8.192317560E-3
1.544217070E2,-1.437519584E-2,1.520486549E-3,-7.872472517E-3
1.544317470E2,-1.672934741E-2,1.374794170E-3,-7.122925948E-3
1.544418180E2,-1.504356693E-2,2.093948424E-4,-7.261676714E-3
1.544518580E2,-1.115986239E-2,9.515546262E-4,-6.693040486E-3
1.544618990E2,-7.366188802E-3,2.994466573E-3,-6.073588971E-3
1.544719390E2,-2.668206580E-3,2.314373851E-3,-6.749949884E-3
1.544819790E2,-2.651960589E-3,1.432601362E-3,-4.173608031E-3
1.544920190E2,-5.487960763E-3,7.572518662E-3,-6.202670280E-3
1.545020900E2,-2.860485576E-3,2.012105659E-3,-4.330201540E-3
1.545121300E2,-5.254841410E-3,4.836725071E-3,-2.862695372E-3
1.545221710E2,-6.774974056E-3,-2.993457019E-5,-5.263041239E-4
1.545322110E2,-5.874295719E-3,-7.523037493E-4,-1.997246640E-3
1.545422510E2,-4.158155061E-3,-2.149132080E-3,-7.737375563E-5
1.545523220E2,7.967418060E-4,4.123777151E-3,1.494104275E-3
1.545623620E2,2.559222281E-3,3.820359707E-4,3.462446854E-3
1.545724030E2,2.852717414E-3,6.907401606E-3,4.553514067E-3
1.545824430E2,6.174744107E-3,3.173915669E-3,1.604062971E-3
1.545924830E2,7.646386512E-3,5.995480344E-3,3.505695146E-3
1.546025240E2,8.345466107E-3,1.750934869E-3,2.945366316E-3
1.546125940E2,9.414378554E-3,-6.361901760E-4,2.678465331E-3
1.546226350E2,1.134730130E-2,-2.859397791E-3,1.592161832E-3
1.546326750E2,1.114649139E-2,-9.783748537E-4,2.180775045E-4
1.546427150E2,1.023888588E-2,-5.614404567E-3,-3.785232548E-5
1.546527550E2,1.070936956E-2,-2.951264381E-3,-7.284178864E-4
1.546627960E2,1.023159921E-2,-4.735049792E-3,-8.703643689E-4
1.546728670E2,5.012788810E-3,-5.628568120E-3,-9.153377032E-4
1.546829070E2,4.988021217E-3,-3.610424697E-3,-4.844382347E-4
1.546929470E2,4.496488720E-3,-3.538416699E-3,-2.977477387E-3
1.547029870E2,4.114857875E-3,-2.508039586E-3,-1.433909172E-3
1.547130280E2,5.120284855E-3,-4.142746329E-4,-1.626326004E-3
1.547230980E2,5.623090081E-3,-6.596536376E-3,-1.369597274E-3
1.547331390E2,3.183732741E-3,-4.789555445E-3,-2.075863071E-3
1.547431790E2,3.010627814E-3,-3.029738553E-3,-9.786407463E-4
1.547532190E2,2.793757245E-3,-8.176695555E-4,-2.214373555E-3
1.547632600E2,-2.973740920E-4,-4.398555495E-3,-2.145397710E-3
1.547733000E2,-6.272448227E-4,-4.341765307E-3,3.850099165E-5
1.547833710E2,3.573261201E-4,-3.677306697E-3,-6.773566711E-4
1.547934110E2,-2.219012938E-3,-4.707425833E-4,-8.860701928E-4
1.548034510E2,-1.665874384E-3,-2.834031358E-3,-3.060337040E-4
1.548134920E2,1.595503651E-3,-4.278358072E-3,-1.585790655E-3
1.548235320E2,2.531604841E-3,-4.176358692E-3,2.802863019E-4
1.548335720E2,3.415523097E-3,-5.550088361E-3,2.150943037E-4
1.548436430E2,4.336711019E-3,-6.770361215E-4,2.080904786E-3
1.548536830E2,7.739593275E-3,-5.465280265E-3,1.921299263E-3
1.548637230E2,7.683134172E-3,-3.258318640E-3,2.587622032E-3
1.548737640E2,7.588502485E-3,2.297090366E-3,2.181727905E-3
1.548838040E2,7.786908187E-3,1.002261415E-3,2.293314319E-3
1.548938440E2,7.185216062E-3,8.113235235E-4,5.174192134E-3
1.549039150E2,5.992919207E-3,-1.149233431E-4,5.135043990E-3
1.549139550E2,6.861210801E-3,-4.858672619E-4,3.107579192E-3
1.549239960E2,6.674522534E-3,5.871187896E-4,3.758189501E-3
1.549340360E2,6.499981508E-3,-4.708357155E-4,4.950139206E-3
1.549440760E2,3.728163429E-3,2.367559820E-3,4.985292908E-3
1.549541470E2,1.432967372E-3,6.738025695E-4,4.650402814E-3
1.549641870E2,2.123791724E-3,-1.669581980E-4,7.682677824E-3
1.549742280E2,2.936941572E-3,3.941070288E-3,6.634669844E-3
1.549842680E2,1.771275885E-3,-3.165248781E-4,6.592325401E-3
1.549943080E2,5.584930070E-3,8.208733052E-4,6.100068334E-3
1.550043480E2,5.387729034E-4,1.638717949E-4,4.498177208E-3
1.550144190E2,7.217284292E-4,2.675116062E-3,5.060290918E-3
1.550244600E2,6.580790505E-4,-1.319892704E-3,3.373977495E-3
1.550345000E2,8.552251384E-4,-8.313879371E-4,4.341033753E-3
1.550445400E2,5.843816325E-4,3.875419497E-4,2.921568695E-3
1.550545680E2,-1.127394848E-3,-1.517776400E-4,3.911109176E-3
1.550646090E2,-1.049897633E-3,1.154236495E-3,3.637336195E-3
1.550746790E2,-1.630206592E-3,9.321644902E-4,4.953041673E-3
1.550847200E2,-8.831890300E-4,3.882948309E-3,3.361270297E-3
1.550947600E2,1.407229342E-3,3.373779356E-3,3.853692440E-3
1.551048000E2,1.011750661E-3,-2.241507173E-4,3.239301266E-3
1.551148410E2,3.803074360E-4,2.712022513E-3,2.051103394E-3
1.551248810E2,-5.608545616E-4,-5.253162235E-4,1.376790926E-3
1.551349520E2,-1.501833089E-3,-1.799092628E-3,4.046051181E-4
1.551449920E2,-1.143104397E-3,-2.313614823E-3,1.817678334E-3
1.551550320E2,-3.365431912E-3,-2.612550743E-3,2.558887005E-3
1.551650730E2,-1.653020270E-3,2.367559820E-3,3.730411641E-3
1.551751130E2,-2.936045639E-3,-2.034122124E-3,5.025901366E-3
1.551851840E2,-2.908614464E-3,8.229166269E-5,3.002698068E-3
1.551952240E2,-1.889867708E-4,-1.228178851E-3,2.468981314E-3
1.552052640E2,1.648327336E-3,-7.099267095E-4,9.626972605E-4
1.552153040E2,6.392305717E-3,-1.117173582E-3,3.065206110E-4
1.552253450E2,7.975821383E-3,-3.683129326E-3,-5.771162687E-4
1.552353850E2,6.028251722E-3,-2.517996356E-3,-1.407489879E-3
1.552454560E2,6.061540917E-3,-2.008000389E-3,-1.641848008E-3
1.552554960E2,5.833039992E-3,-4.043571651E-3,-1.247780863E-3
1.552655360E2,3.790395334E-3,-4.412951879E-3,6.888698554E-4
1.552755770E2,2.070077695E-3,-6.357990205E-4,6.788792089E-4
1.552856170E2,1.760351472E-3,-3.441971727E-3,5.489169853E-4
1.552956570E2,1.331673935E-3,-9.204261005E-4,5.556837423E-4
1.553057280E2,1.955918968E-3,-3.012339585E-3,2.452919725E-3
1.553157680E2,-2.666618675E-4,-7.624402642E-4,3.588067833E-3
1.553258090E2,1.680375077E-3,1.184329391E-3,4.235215951E-3
1.553358490E2,1.395680942E-3,2.678204328E-4,5.625305232E-3
1.553458890E2,3.395448439E-3,2.093683928E-3,4.111830611E-3
1.553559600E2,5.314000882E-3,-2.309506759E-3,3.196743550E-3
1.553660000E2,2.693983726E-3,5.661733449E-4,3.334162990E-3
1.553760410E2,-2.157865092E-4,1.445816830E-3,1.334395027E-3
1.553860810E2,1.581581309E-3,-3.026696853E-3,6.643438828E-4
1.553961210E2,5.732094869E-4,1.492090523E-4,-2.471767366E-4
1.554061610E2,3.026323393E-4,-1.815938391E-3,3.051628009E-4
1.554162320E2,-2.320221625E-3,-1.954620704E-3,7.625339204E-4
1.554262730E2,-5.441446789E-3,1.289907843E-3,3.493339289E-3
1.554363130E2,-6.492505781E-3,2.351392061E-3,3.319728421E-3
1.554463530E2,-4.954528995E-3,3.232898191E-3,1.396127278E-3
1.554563930E2,-3.882969730E-3,2.925388515E-3,6.742224796E-4
1.554664340E2,-4.028378986E-3,2.136560157E-3,1.458256971E-3
1.554765040E2,-1.318695955E-3,-8.930359036E-4,1.162514556E-3
1.554865450E2,-1.493399031E-3,9.384192526E-4,-4.220662231E-4
1.554965850E2,-9.770197794E-4,7.142219692E-4,1.270476147E-3
1.555066250E2,1.434472390E-3,6.849262863E-4,1.290716114E-3
1.555166660E2,-4.877010360E-4,-1.530112699E-3,4.999462399E-4
1.555267060E2,-1.694911160E-3,-2.141840756E-3,1.094097504E-3
1.555367770E2,-6.497176364E-4,5.038324744E-4,1.050232793E-3
1.555468170E2,-1.727454364E-4,-1.820042729E-3,2.856655046E-3
1.555568570E2,-1.288610511E-3,-2.509002574E-3,2.310973126E-3
1.555668980E2,5.572270602E-4,-2.203271724E-3,6.385080051E-4
1.555769380E2,5.033453926E-4,-1.047030091E-3,2.921157982E-3
1.555870090E2,8.644694462E-4,-2.060029656E-4,3.280381206E-4
1.555970490E2,2.763749100E-3,-4.742871970E-4,3.230671398E-3
1.556070890E2,9.251022711E-4,1.221880317E-3,1.799755031E-3
1.556171290E2,1.131858677E-3,1.181997359E-3,1.433411613E-3
1.556271700E2,-1.376305707E-3,7.465481758E-5,2.776177367E-3
1.556372100E2,-1.577381976E-3,-3.570038825E-4,2.950985450E-3
1.556472810E2,-1.131036319E-3,-1.181196421E-4,3.931561485E-3
1.556573210E2,-1.855594106E-3,-3.519989550E-4,4.928676877E-3
1.556673610E2,-2.814863808E-3,-8.342973888E-4,5.171290599E-3
1.556774020E2,-1.695715822E-3,2.424979582E-3,4.489999730E-3
1.556874420E2,-3.421711735E-3,6.893984973E-4,3.642315511E-3
1.556974820E2,-1.713381149E-3,1.419004053E-3,3.347824328E-3
1.557075530E2,-2.993828617E-3,1.414846629E-4,2.609596122E-3
1.557175930E2,-1.870303415E-3,-1.512644812E-3,4.691269132E-4
1.557276340E2,-3.337173723E-3,1.255711541E-3,1.848377986E-3
1.557376740E2,-1.413951628E-3,1.737467945E-3,7.089242572E-4
1.557477140E2,-2.093057148E-3,-3.444775939E-3,1.433570404E-3
1.557577850E2,-2.544024028E-3,-2.557020634E-4,1.104028546E-3
1.557678250E2,-1.639082097E-3,1.913443208E-3,9.184061782E-4
1.557778660E2,-2.313473262E-3,2.860588953E-3,1.134604914E-3
1.557879060E2,-3.608568572E-3,1.881344244E-3,2.080293372E-3
1.557979460E2,-3.438211046E-3,4.966650158E-4,2.379952231E-3
1.558079860E2,-2.761236392E-3,2.006145194E-3,4.550193553E-4
1.558180570E2,-1.607383601E-3,-3.911462612E-3,1.249599969E-3
1.558280970E2,-2.265450545E-3,-1.110883430E-3,-1.631141407E-3
1.558381380E2,-2.637856640E-3,-1.068716869E-3,-1.001759432E-3
1.558481780E2,-1.675656997E-3,-3.186727874E-3,1.820125966E-3
1.558582180E2,-3.297424875E-3,1.814600080E-3,2.231241204E-3
1.558682590E2,-4.263619892E-3,-1.239247620E-3,1.088745194E-3
1.558783290E2,-2.553340979E-3,2.951385453E-3,2.825259580E-4
1.558883700E2,-1.936820336E-3,1.926602796E-3,-1.578224590E-3
1.558984100E2,-2.585382201E-3,1.418486238E-3,3.609565902E-4
1.559084500E2,-2.926000394E-3,3.094680607E-3,1.000914024E-3
1.559184910E2,-8.920701221E-4,4.082620144E-4,-5.488935858E-4
1.559285310E2,-5.047931336E-3,2.817358822E-3,2.444765531E-3
1.559386020E2,-6.418217905E-3,3.329267725E-3,3.738768399E-3
1.559486420E2,-7.760983892E-3,-4.241913557E-4,4.767547827E-3
1.559586820E2,-8.228807710E-3,5.433609709E-3,4.417267162E-3
1.559687220E2,-5.467110313E-3,2.719847485E-3,3.977046814E-3
1.559787630E2,-6.621470675E-4,3.533806652E-3,1.350317500E-3
1.559888340E2,-1.409164630E-3,-2.207434736E-3,1.526352600E-3
1.559988740E2,1.285698265E-3,-2.851573750E-3,-6.566646043E-4
1.560089140E2,3.518226556E-3,-4.595220089E-4,2.061996493E-4
1.560189540E2,3.218626603E-3,-3.007255495E-3,-1.669384190E-3
1.560289950E2,3.634878434E-3,-2.470095642E-3,5.346479011E-4
1.560390350E2,8.633174002E-4,-1.535556279E-3,-9.748095181E-5
1.560491060E2,-2.231542952E-3,-4.212033004E-3,2.198163886E-3
1.560591594E2,5.036080256E-4,1.721743494E-3,5.729676923E-4
1.560691994E2,-4.022168927E-3,8.410364389E-4,2.270200290E-3
1.560792404E2,-4.675618373E-3,-9.777583182E-5,2.520031296E-3
1.560892804E2,-2.017783932E-3,-3.096229397E-3,2.670766320E-3
1.560993204E2,-1.892336644E-3,-1.702786423E-3,2.771143336E-3
1.561093914E2,-6.470428780E-4,1.958793029E-3,2.492842963E-3
1.561194314E2,-3.453204408E-4,4.262236878E-3,3.349523991E-3
1.561294724E2,1.554844901E-3,-7.740668952E-4,4.093344789E-3
1.561395124E2,1.965055242E-3,-3.916434944E-4,4.614387173E-3
1.561495524E2,1.195401885E-3,2.687502652E-3,3.258039244E-3
1.561595924E2,-5.575818941E-4,2.235243097E-3,3.043807810E-3
1.561696634E2,-5.871439353E-4,3.230925649E-4,5.071469932E-4
1.561797034E2,1.236602664E-3,5.113985389E-4,1.719567692E-3
1.561897444E2,-8.446583524E-4,4.046056420E-4,2.978976583E-3
1.561997844E2,-3.603429534E-3,2.242343500E-3,5.745921517E-4
1.562098244E2,-2.832445316E-3,4.702838138E-3,6.771237822E-4
1.562198954E2,-1.758831553E-3,2.538546920E-3,8.458107477E-4
1.562299354E2,-4.536164925E-4,-3.589708358E-4,-2.942885621E-4
1.562399764E2,-8.718250319E-4,2.389615402E-3,-5.583165912E-4
1.562500164E2,-3.234581091E-3,1.989075914E-3,-1.539957710E-3
1.562600564E2,-1.216779463E-3,1.218868420E-3,-2.296536113E-4
1.562700974E2,-7.193004712E-4,-3.020633012E-4,-1.847790321E-3
1.562801674E2,6.494503468E-4,4.542805254E-5,3.427743795E-4
1.562902084E2,-7.423171774E-4,-2.437969670E-3,-2.836010535E-4
1.563002484E2,-3.453039564E-3,-4.752874374E-4,-1.058508293E-3
1.563102884E2,-1.718788408E-3,-9.117797017E-4,-2.435895149E-3
1.563203284E2,-3.402630799E-3,1.720402390E-3,-5.717967870E-4
1.563303694E2,-1.759194769E-3,1.398691908E-3,2.161671873E-3
1.563404404E2,-2.253196202E-3,6.652958691E-4,1.175377052E-3
1.563504804E2,-3.469055519E-4,1.634953544E-3,2.281920519E-3
1.563605204E2,1.399676315E-3,1.109112054E-3,1.217773650E-3
1.563705604E2,-9.305896237E-4,-1.133003272E-3,6.896688137E-4
1.563806014E2,1.136566512E-3,-2.612308599E-3,-8.054228965E-5
1.563906714E2,-4.389593378E-4,9.267665446E-4,-1.370012760E-4
1.564007124E2,6.127171218E-4,-7.045324892E-4,1.803669729E-4
1.564107524E2,1.348814927E-3,-1.493095420E-3,8.461571415E-4
1.564207924E2,1.454976387E-3,-3.309663385E-3,1.119192457E-4
1.564308334E2,1.045648940E-3,9.769611061E-4,1.835582079E-4
1.564408734E2,1.505500637E-3,6.333868951E-4,3.377870307E-4
1.564509444E2,1.069008373E-3,-3.041509539E-3,1.284540864E-3
1.564609844E2,3.776438534E-4,-7.410328835E-4,1.259079203E-3
1.564710244E2,3.004120663E-4,-2.046514302E-3,-7.193831261E-4
1.564810654E2,-3.040414304E-4,-2.182081342E-3,6.232461892E-4
1.564911054E2,-1.756772399E-4,1.478966326E-3,-7.690544589E-4
1.565011454E2,2.749282867E-4,-1.217597164E-3,-4.825808865E-4
1.565112164E2,-1.175428741E-3,-3.467702307E-3,-1.332129235E-3
1.565212564E2,-1.972776838E-3,-5.534421653E-4,-3.189519513E-3
1.565312964E2,-2.124843188E-3,8.223466575E-4,-1.660598908E-3
1.565413374E2,-3.160099499E-3,-1.432122663E-3,6.198830670E-5
1.565513774E2,-1.035694964E-3,-1.056883484E-3,-1.674126368E-3
1.565614174E2,-1.994340681E-3,3.711303696E-3,-1.088122837E-3
1.565714884E2,-1.442800276E-3,-1.311152242E-3,1.286754268E-4
1.565815284E2,-4.716338590E-4,1.135481521E-3,-2.981380560E-3
1.565915694E2,4.306454211E-4,1.521106809E-3,-7.829411188E-4
1.566016094E2,-1.483362168E-3,5.057770759E-4,-2.098050667E-3
1.566116494E2,1.119078137E-3,-2.905074507E-4,-2.664771397E-3
1.566217204E2,4.372596741E-4,1.483554021E-3,-1.432312652E-3
1.566317604E2,1.320896670E-3,7.674302906E-4,-1.738043502E-3
1.566418014E2,6.209257990E-4,2.133036032E-3,-2.962939907E-3
1.566518414E2,3.236718476E-5,1.134881750E-3,-3.985821386E-4
1.566618814E2,-4.877420142E-4,1.397432759E-3,-1.476466306E-3
1.566719214E2,-1.121840440E-3,3.580003977E-4,1.488697249E-3
1.566819924E2,-2.876715735E-4,9.305644780E-4,6.266578566E-5
1.566920334E2,1.014348119E-3,4.260580987E-3,-3.589125699E-4
1.567020734E2,-5.403868854E-4,8.395407349E-4,6.243697135E-4
1.567121134E2,1.770437695E-3,1.929305494E-3,-1.850772183E-3
1.567221534E2,-9.904485196E-4,3.689676523E-4,-1.504265121E-3
1.567321944E2,1.168842427E-3,-2.512820065E-4,-2.887777286E-3
1.567422654E2,-3.450158983E-4,4.398692399E-3,-2.742306329E-3
1.567523054E2,-2.104034647E-3,3.601875156E-3,-4.362751497E-4
1.567623454E2,-4.105212167E-3,4.709960893E-3,6.212515291E-4
1.567723854E2,-3.563791513E-3,2.963040024E-4,-1.745499671E-3
1.567824264E2,-5.471891724E-3,5.257565528E-3,-6.284684641E-4
1.567924964E2,-5.139796995E-3,3.783240914E-3,-3.043689299E-3
1.568025374E2,6.162142381E-4,3.358287737E-3,-3.912155516E-3
1.568125774E2,1.079870388E-3,2.262396738E-3,-2.457803581E-3
1.568226174E2,3.119281493E-3,-1.065714285E-3,-2.574141137E-3
1.568326584E2,8.843569085E-4,4.054479301E-3,-2.246039454E-3
1.568426984E2,2.723156475E-3,3.806034103E-3,-1.417110208E-3
1.568527694E2,2.842466347E-3,1.592947170E-3,-1.909528626E-3
1.568628094E2,-2.904515713E-5,-1.128576696E-5,2.223935211E-3
1.568728494E2,4.079798236E-4,2.644950524E-3,2.484924858E-3
1.568828904E2,1.369294710E-3,5.388168618E-3,6.517805159E-3
1.568929304E2,2.770383842E-3,3.191065043E-4,8.525562473E-3
1.569029704E2,4.439130425E-3,-2.571413293E-3,9.672563523E-3
1.569130414E2,6.106534973E-3,-3.736812621E-3,1.062997058E-2
1.569230814E2,7.668563165E-3,4.683025181E-4,1.296942309E-2
1.569331214E2,8.300798014E-3,-2.852392383E-3,1.285623852E-2
1.569431624E2,6.692687981E-3,-2.734739333E-3,1.098685618E-2
1.569532024E2,3.570397384E-3,-3.232751042E-3,1.008351147E-2
1.569632424E2,1.019083895E-3,2.054348588E-4,6.875834428E-3
1.569733134E2,-2.083666623E-4,-1.678486355E-3,2.636880847E-3
1.569833534E2,-4.012411460E-3,-7.742472924E-3,2.205593046E-3
1.569933944E2,-3.749823198E-3,-1.129859127E-2,-3.168399679E-3
1.570034344E2,-3.171654418E-3,-1.381965727E-2,-5.779976025E-3
1.570134744E2,-4.701640457E-3,-9.949285537E-3,-7.334995084E-3
1.570235454E2,-5.535660312E-3,-1.100124605E-2,-8.996943943E-3
1.570335854E2,-7.379099727E-3,-1.147528831E-2,-1.315999776E-2
1.570436264E2,-6.140276790E-3,-1.781215146E-2,-1.365539525E-2
1.570536788E2,-8.295040578E-3,-1.119126659E-2,-1.683840528E-2
1.570637188E2,-5.830464885E-3,-1.242021471E-2,-1.807203516E-2
1.570737588E2,-6.808377802E-3,-1.500534452E-2,-1.784433611E-2
1.570838298E2,-4.958104342E-3,-1.446068007E-2,-1.951150037E-2
1.570938708E2,-4.703238606E-3,-1.911029220E-2,-1.414283458E-2
1.571039108E2,-5.497843027E-3,-1.492008753E-2,-1.462819800E-2
1.571139508E2,-1.671679318E-3,-1.057407446E-2,-1.175278332E-2
1.571239908E2,3.308974206E-3,-6.835182197E-3,-7.139412686E-3
1.571340318E2,9.772200137E-3,-5.332893692E-3,-6.299185567E-3
1.571441018E2,8.968625218E-3,-6.045315415E-3,-5.492252298E-3
1.571541428E2,1.672561467E-2,-4.168319516E-3,-6.714110728E-3
1.571641828E2,1.734702289E-2,-3.322440200E-3,-7.062874734E-3
1.571742228E2,2.089248970E-2,-5.995721556E-3,-5.708390847E-3
1.571842638E2,1.885951683E-2,2.964209765E-3,-7.043570746E-3
1.571943338E2,1.696627401E-2,2.453681082E-3,-8.647060022E-3
1.572043748E2,1.124802604E-2,4.337666556E-3,-1.066962164E-2
1.572144148E2,4.691856913E-3,1.317355782E-4,-1.443826128E-2
1.572244548E2,2.081068233E-3,-7.306537591E-3,-1.598433405E-2
1.572344958E2,3.143278882E-4,4.009157419E-4,-1.694280654E-2
1.572445358E2,-1.507801935E-3,1.904765144E-3,-1.910832524E-2
1.572546068E2,-3.861503676E-3,-1.234035939E-3,-2.107986435E-2
1.572646468E2,-3.422269598E-3,3.026388586E-4,-2.534894645E-2
1.572746868E2,1.318156719E-3,1.395866275E-3,-2.475666068E-2
1.572847268E2,2.665183507E-3,-1.879022457E-3,-2.777775005E-2
1.572947678E2,4.711289890E-3,2.328641713E-4,-2.722647600E-2
1.573048078E2,8.579632267E-3,1.272721589E-2,-2.388651483E-2
1.573148788E2,1.517814677E-2,-6.670716219E-3,-2.211471461E-2
1.573249188E2,4.398439452E-2,-1.286030002E-2,4.997803271E-2
1.573349588E2,4.755356163E-2,-5.358974449E-3,6.410210580E-2
1.573449998E2,3.472015634E-2,-1.400559396E-2,4.144029319E-2
1.573550398E2,1.202576235E-2,-7.363948971E-4,-1.522458438E-2
1.573650798E2,3.683144227E-3,1.002650522E-2,-7.802620064E-3
1.573751508E2,-3.624303266E-3,1.228699647E-2,3.728068201E-3
1.573851908E2,-9.673582390E-3,1.782637089E-3,5.404289346E-3
1.573952318E2,-2.855623141E-3,6.891645491E-3,1.072342135E-2
1.574052718E2,2.410316840E-3,1.119512878E-2,1.083879825E-2
1.574153118E2,3.113924526E-3,1.299036667E-2,1.155305840E-2
1.574253828E2,4.265309311E-3,1.461048797E-2,1.265037619E-2
1.574354228E2,3.451447934E-3,1.340673864E-2,1.455187332E-2
1.574454638E2,2.229672857E-3,1.204505563E-2,1.644018479E-2
1.574555038E2,2.938210964E-4,9.123301134E-3,1.877391338E-2
1.574655438E2,2.761156298E-3,9.721722454E-3,2.073813044E-2
1.574755838E2,8.564637974E-4,2.078263089E-2,2.374643646E-2
1.574856548E2,2.603324130E-3,2.191986516E-2,2.484909445E-2
1.574956948E2,3.082426265E-3,2.112996951E-2,2.456493489E-2
1.575057358E2,1.383769326E-3,2.316988632E-2,2.315787785E-2
1.575157758E2,1.695891842E-3,2.313926071E-2,2.514459565E-2
1.575258158E2,-1.038759947E-4,2.206216380E-2,2.553999424E-2
1.575358568E2,-1.983001828E-3,1.908608153E-2,2.636370994E-2
1.575459268E2,-9.588338435E-4,1.396803185E-2,2.431427687E-2
1.575559678E2,1.157047227E-3,1.230355538E-2,2.398777381E-2
1.575660078E2,1.452731900E-3,8.582936600E-3,2.438464575E-2
1.575760478E2,1.235684380E-3,6.546150893E-3,2.242908627E-2
1.575860888E2,3.615761176E-3,4.621390253E-3,2.107573673E-2
1.575961288E2,7.130600512E-3,4.015786573E-3,2.013697289E-2
1.576061998E2,9.447811171E-3,1.084897295E-2,1.791865937E-2
1.576162398E2,1.416187268E-2,5.120780319E-3,1.581742615E-2
1.576262798E2,1.592702605E-2,-2.835076302E-4,1.650423743E-2
1.576363198E2,1.542368811E-2,8.640494198E-4,1.477185078E-2
1.576463608E2,1.564997248E-2,3.439486027E-4,1.489875093E-2
1.576564318E2,1.512133610E-2,-3.105643205E-3,1.460154261E-2
1.576664718E2,1.262363698E-2,-2.822894603E-4,1.423620619E-2
1.576765118E2,1.078712102E-2,3.349198028E-3,1.677712798E-2
1.576865518E2,3.952562809E-3,2.537636086E-3,1.812420972E-2
1.576965928E2,-1.172795892E-4,4.682810977E-3,2.070667595E-2
1.577066328E2,-3.839047626E-3,-1.228619367E-4,2.031172998E-2
1.577167038E2,-4.138385877E-3,2.456141636E-3,1.921051368E-2
1.577267438E2,-4.721794277E-3,1.163920388E-3,1.797163859E-2
1.577367838E2,-3.696477041E-3,2.859288827E-3,1.496759243E-2
1.577468248E2,-5.927413702E-3,7.008805871E-3,1.199746970E-2
1.577568648E2,-6.200920790E-3,2.386890352E-3,1.118786819E-2
1.577669048E2,-1.068701595E-2,7.097490132E-3,8.258657530E-3
1.577769758E2,-9.237989783E-3,5.374424160E-3,9.168659337E-3
1.577870158E2,-8.690696210E-3,8.060676977E-3,5.834975280E-3
1.577970568E2,-6.258431822E-3,7.136292756E-3,3.746790579E-3
1.578070968E2,-7.540123537E-3,1.037985459E-2,3.615444060E-3
1.578171368E2,-9.339621291E-3,1.445768774E-2,4.633304197E-3
1.578272078E2,1.106005311E-1,2.202409208E-1,-4.793776944E-2
1.578372478E2,5.317691714E-2,4.921804368E-2,-9.968918748E-4
1.578472878E2,4.102660716E-2,7.011540234E-2,-6.712990347E-3
1.578573288E2,2.066567354E-2,4.871583357E-2,-1.601008512E-2
1.578673688E2,5.869381130E-4,1.743794605E-2,-1.216883771E-2
1.578774088E2,-1.409267262E-2,-9.603790008E-3,-4.253390711E-3
1.578874798E2,-2.046764083E-2,-2.673662081E-2,-7.937082089E-3
1.578975198E2,-2.119335346E-2,-2.243561670E-2,-1.150438655E-2
1.579075608E2,-1.798159070E-2,-3.692741506E-3,-9.155274369E-3
1.579176008E2,-1.594027691E-2,3.004577011E-3,-9.508409537E-3
1.579276408E2,-8.801767603E-3,-1.008518226E-2,-7.903700694E-3
1.579376818E2,-5.280535668E-3,-1.120663900E-2,-6.800353061E-3
1.579477518E2,-4.977278411E-3,-1.584152877E-2,-7.083592936E-3
1.579577928E2,-9.206112474E-3,-1.537014917E-2,-7.781340741E-3
1.579678328E2,-1.246195287E-3,-1.185446791E-2,-5.954044405E-3
1.579778728E2,6.654604338E-3,6.323736161E-3,-9.773953352E-4
1.579879128E2,-4.139237851E-2,-1.013123468E-1,9.195685387E-3
1.579979538E2,-5.366475880E-2,-5.922694504E-2,1.014986774E-3
1.580080248E2,-3.302080184E-2,-6.419061869E-2,2.997110831E-3
1.580180648E2,-3.649702668E-2,-4.446138814E-2,-2.447552397E-4
1.580281048E2,-2.331891842E-2,-1.025556028E-2,9.054879774E-4
1.580381448E2,-1.224522665E-2,5.240840837E-3,-1.185626141E-3
1.580481858E2,-5.828056484E-3,1.194006763E-2,-4.018295556E-3
1.580582340E2,-2.553433180E-3,2.744339593E-2,-3.658236237E-3
1.580682740E2,-1.062344573E-2,-1.928642392E-3,-2.005265467E-2
1.580783140E2,5.455875397E-2,9.625118971E-2,-8.277487941E-3
1.580883540E2,4.726186767E-2,8.525451273E-2,-5.201031920E-3
1.580983950E2,3.422409669E-2,3.079766594E-2,-2.171420259E-3
1.581084350E2,1.232651714E-2,3.096148372E-3,-5.907384213E-3
1.581185060E2,7.624272257E-5,-1.841526851E-2,2.383569255E-3
1.581285460E2,-6.557079032E-3,-3.275939077E-2,-5.305872182E-4
1.581385860E2,-1.449969038E-2,-3.740820289E-2,-1.797186676E-3
1.581486270E2,-1.270392165E-2,-2.304273658E-2,-9.046763880E-4
1.581586670E2,-6.332840770E-3,-1.441116445E-2,2.914829180E-3
1.581687070E2,4.517503083E-3,-1.516946685E-2,2.458559582E-3
1.581787780E2,2.815545350E-2,1.223888248E-3,3.060434014E-3
1.581888180E2,5.031713098E-2,1.059571281E-2,3.216017969E-3
1.581988590E2,5.834363401E-2,1.264022104E-2,5.835503340E-3
1.582088990E2,6.046377122E-2,1.173543371E-2,3.146959934E-3
1.582189390E2,6.308006495E-2,9.207027033E-3,6.516390946E-3
1.582289790E2,7.208527625E-2,4.725573584E-3,5.685833748E-3
1.582390500E2,8.036371320E-2,-9.807029739E-3,-7.578306366E-3
1.582490900E2,8.945884556E-2,-7.840348408E-3,6.468959153E-3
1.582591310E2,8.930757642E-2,-3.617132455E-2,-1.800954575E-3
1.582691710E2,8.072420955E-2,-2.964353561E-2,-1.426100358E-2
1.582792110E2,6.099178642E-2,-2.438965067E-2,-2.018440515E-2
1.582892820E2,5.063919723E-2,-3.332998604E-2,2.528326586E-2
1.582993220E2,4.184277356E-2,-2.171673998E-2,1.093069091E-2
1.583093630E2,1.916337572E-2,-4.375834763E-2,-4.007447883E-2
1.583194030E2,1.939986274E-2,-5.332176015E-2,-3.925156221E-2
1.583294430E2,2.466228232E-2,-4.337856174E-2,-2.689993568E-2
1.583394840E2,1.134008635E-2,-1.871023141E-2,-1.813733764E-2
1.583495540E2,1.436019503E-2,-2.394868061E-2,-1.592944749E-2
1.583595950E2,3.034901619E-2,-2.593779564E-2,-1.869940013E-2
1.583696350E2,5.189460516E-2,-2.400876395E-2,-1.898468100E-2
1.583796750E2,5.944732949E-2,-1.236915216E-2,-1.739637181E-2
1.583897150E2,4.421324655E-2,5.861036479E-4,-7.956697606E-3
1.583997560E2,3.664161265E-2,-1.255471259E-3,-1.491686981E-2
1.584098270E2,3.164615482E-2,-1.432826649E-2,-1.946785301E-2
1.584198670E2,2.522128075E-2,1.019997895E-2,-7.107056677E-3
1.584299070E2,-7.237333804E-3,5.872800946E-3,-1.460436825E-2
1.584399470E2,-3.453020751E-2,8.850747719E-3,-7.377614267E-3
1.584499880E2,-4.478896409E-2,1.480420306E-2,-1.520891208E-3
1.584600580E2,-5.581045896E-2,1.215755381E-2,3.711687634E-3
1.584700990E2,-4.425474256E-2,2.566930279E-2,1.537528355E-2
1.584801390E2,-3.264149651E-2,1.194283739E-2,1.142285997E-3
1.584901790E2,-3.327460960E-2,8.601596579E-3,-3.047893289E-3
1.585002200E2,-2.141874656E-2,3.092847764E-3,-8.063104469E-4
1.585102600E2,-1.016857475E-2,4.950951785E-3,-2.099406905E-3
1.585203310E2,-4.969285801E-3,1.895571500E-2,-8.093649521E-3
1.585303710E2,-2.586880513E-2,2.048061788E-2,-9.741619229E-3
1.585404110E2,-5.316993594E-2,1.932853460E-2,-6.068853661E-3
1.585504520E2,-7.655559480E-2,-5.156926811E-3,-9.273244068E-3
1.585604920E2,-1.001924723E-1,-1.604792476E-2,-2.667300776E-2
1.585705320E2,-1.002704278E-1,-1.436029095E-2,-1.986636966E-2
1.585806030E2,-6.378911436E-2,-2.506513335E-2,-1.429530326E-2
1.585906430E2,-1.890526712E-2,-4.441943951E-3,-1.077352371E-2
1.586006830E2,1.384868287E-2,1.314370707E-2,-9.656061418E-3
1.586107240E2,4.009689391E-2,1.795514300E-2,-2.115912177E-2
1.586207640E2,4.413904250E-2,3.955471143E-2,-2.041024156E-2
1.586308040E2,4.030026868E-2,3.786046058E-2,-2.589052357E-2
1.586408750E2,2.357987687E-2,3.429795057E-2,-2.210990153E-2
1.586509150E2,-9.506810457E-4,3.873348609E-2,-2.558483742E-2
1.586609560E2,-1.449285634E-2,1.367953233E-2,-3.442413360E-2
1.586709960E2,-1.033325866E-2,1.157169975E-2,-5.323804542E-2
1.586810360E2,-1.146430336E-2,3.282106295E-2,-5.401835218E-2
1.586911070E2,-2.422956750E-3,3.476570919E-2,-5.685820803E-2
1.587011470E2,1.457839739E-2,5.205734819E-2,-6.070541218E-2
1.587111880E2,2.733786777E-2,6.614733487E-2,-4.688893259E-2
1.587212280E2,1.953613758E-2,7.464201748E-2,-3.434730694E-2
1.587312680E2,-3.939006478E-3,9.052388370E-2,-3.135609999E-2
1.587413080E2,-3.548335284E-2,8.804714680E-2,-1.564116683E-3
1.587513790E2,-8.284323663E-2,9.437753260E-2,6.855704822E-3
1.587614200E2,-9.532999992E-2,3.623167425E-2,-7.536283694E-3
1.587714600E2,-5.283304304E-2,1.581726968E-2,-3.582107276E-2
1.587815000E2,-9.053340182E-3,4.680554941E-2,-3.893723711E-2
1.587915400E2,-2.550794743E-2,1.390123218E-1,1.123438105E-1
1.588015810E2,-1.384760439E-1,1.602451801E-1,7.003895938E-2
1.588116510E2,-1.025801003E-1,3.448059037E-2,-4.973777011E-2
1.588216920E2,4.874458537E-3,7.093174383E-3,-7.342392951E-2
1.588317320E2,2.290823683E-2,2.680243924E-2,-6.460393220E-2
1.588417720E2,1.487933844E-2,4.241255671E-2,-5.180078745E-2
1.588518130E2,1.294667833E-2,3.833887354E-2,-5.408293009E-2
1.588618530E2,-1.924028806E-2,4.975903779E-2,-6.199731305E-2
1.588719240E2,-3.487517685E-2,3.569797426E-2,-7.409533113E-2
1.588819640E2,-4.270007461E-2,2.350735478E-2,-8.952302486E-2
1.588920040E2,-5.014441162E-2,4.658593237E-2,-9.465236217E-2
1.589020450E2,-4.985412955E-2,2.282840386E-2,-1.149017066E-1
1.589120850E2,-2.323289774E-2,-2.117851563E-2,-1.162975654E-1
1.589221560E2,7.449114695E-3,-3.745841980E-2,-9.385697544E-2
1.589321960E2,4.628261924E-2,-4.403567687E-2,-6.971592456E-2
1.589422360E2,6.454630941E-2,-5.270586535E-2,-5.893864483E-2
1.589522760E2,7.146050036E-2,-5.517808348E-2,-5.436746776E-2
1.589623170E2,5.638939887E-2,-1.663069427E-2,-4.375610128E-2
1.589723570E2,1.615906879E-2,-2.021552622E-2,-4.966434836E-2
1.589824280E2,-1.299961470E-2,-9.104122221E-2,-4.525921494E-2
1.589924680E2,-1.692981459E-2,-1.277303547E-1,-3.717020527E-2
1.590025080E2,-1.716073602E-4,-1.324396133E-1,-1.855044812E-2
1.590125490E2,3.174397349E-2,-1.564049423E-1,1.092330646E-2
1.590225890E2,6.648650765E-2,-1.296588182E-1,3.037503548E-2
1.590326290E2,9.774988890E-2,-9.238686413E-2,4.543244839E-2
1.590427000E2,1.187246814E-1,-6.322844326E-2,6.950156391E-2
1.590527576E2,1.096435636E-1,-7.924880087E-2,8.570015430E-2
1.590627986E2,1.008540690E-1,-6.210576743E-2,6.543243676E-2
1.590728386E2,9.386176616E-2,-9.031790495E-2,8.903827518E-2
1.590828786E2,9.093042463E-2,-8.843664825E-2,1.097366288E-1
1.590929186E2,1.221755147E-1,-9.273660183E-2,1.462873071E-1
1.591029896E2,1.885225773E-1,-1.151545495E-1,2.155779749E-1
1.591130306E2,2.411051840E-1,-1.426979154E-1,3.152629733E-1
1.591230706E2,1.935142279E-1,-9.773177654E-2,3.194233477E-1
1.591331106E2,1.815862954E-1,-1.182745472E-1,3.913346529E-1
1.591431506E2,1.824491471E-1,-5.932824686E-3,4.630032480E-1
1.591532216E2,9.588497877E-2,1.191264987E-1,3.883368969E-1
1.591632616E2,4.123744369E-2,8.338156343E-2,3.805812597E-1
1.591733026E2,-3.029613942E-2,8.250840008E-2,3.305350840E-1
1.591833426E2,-5.548325181E-2,6.355814636E-2,3.134671450E-1
1.591933826E2,-6.809172034E-2,1.246003062E-1,3.023288250E-1
1.592034236E2,-4.605060071E-2,1.441220790E-1,3.570016623E-1
1.592134936E2,-2.227842435E-2,1.615363210E-1,3.658966720E-1
1.592235346E2,-1.543623023E-2,1.604793221E-1,3.578057289E-1
1.592335746E2,-4.134926945E-3,1.898970306E-1,3.705191910E-1
1.592436146E2,3.639906645E-3,2.067385912E-1,3.354821205E-1
1.592536556E2,1.406840514E-2,1.875654906E-1,3.299188614E-1
1.592636956E2,-3.605131060E-3,1.997084320E-1,3.136464357E-1
1.592737666E2,-5.391258746E-4,1.912360638E-1,3.813822269E-1
1.592838066E2,3.863219172E-4,1.788984388E-1,3.106883466E-1
1.592938466E2,-1.234305464E-2,1.563872695E-1,3.264369667E-1
1.593038866E2,-1.718095504E-2,1.414109766E-1,3.097623587E-1
1.593139276E2,-1.422367990E-2,1.149053574E-1,3.108302951E-1
1.593239986E2,-9.652897716E-3,1.210375577E-1,3.363383114E-1
1.593340386E2,-1.707276329E-3,1.466514468E-1,3.190076053E-1
1.593440786E2,-7.590731606E-3,1.315300167E-1,3.190640509E-1
1.593541186E2,-1.210018247E-2,9.791190922E-2,3.117679954E-1
1.593641596E2,-1.057738625E-2,6.594226509E-2,3.072901666E-1
1.593741996E2,-1.966763474E-2,5.515550822E-2,2.227246463E-1
1.593842706E2,-4.071140289E-2,5.928793550E-2,1.617121547E-1
1.593943106E2,-4.486221448E-2,2.734059468E-2,1.897856146E-1
1.594043506E2,-3.230594099E-2,6.749360263E-2,2.277412564E-1
1.594143916E2,1.340474747E-2,1.057011038E-1,2.169729769E-1
1.594244316E2,-1.566009596E-4,9.094026685E-2,1.835439056E-1
1.594344716E2,-2.562548034E-2,8.998342603E-2,1.710740328E-1
1.594445426E2,-2.386726253E-2,7.864714414E-2,1.735995114E-1
1.594545826E2,-2.038075030E-2,7.616693527E-2,1.727736443E-1
1.594646236E2,-3.212049603E-2,2.832351439E-2,1.719448566E-1
1.594746636E2,-3.430027887E-2,3.202506155E-2,1.463371217E-1
1.594847036E2,-4.931491241E-2,2.541829273E-2,1.656754017E-1
1.594947436E2,-3.710831702E-2,6.305131316E-2,1.728512049E-1
1.595048146E2,-3.844522685E-2,1.465767995E-2,1.495610625E-1
1.595148556E2,-5.944435298E-2,1.451865211E-2,1.737077683E-1
1.595248956E2,-5.816417187E-2,5.575530604E-2,2.372382879E-1
1.595349356E2,-4.848231375E-2,-4.566968419E-3,2.292933762E-1
1.595449756E2,-6.617635489E-2,-5.071981624E-2,2.048466206E-1
1.595550466E2,-6.371170282E-2,-1.366796624E-2,2.253106833E-1
1.595650866E2,-4.032435268E-2,-1.877111569E-2,2.721277177E-1
1.595751276E2,-2.696984261E-2,-8.824691176E-2,2.497777194E-1
1.595851676E2,-4.722531512E-2,-8.455231786E-2,2.346789241E-1
1.595952076E2,-2.691037022E-2,-4.830909893E-2,2.300344855E-1
1.596052486E2,-8.942553774E-3,-4.320941120E-2,2.440488487E-1
1.596153186E2,-2.345021814E-3,-6.984795630E-2,2.887986004E-1
1.596253596E2,1.221155096E-2,-7.839030772E-2,3.325415552E-1
1.596353996E2,4.483500496E-3,-1.168441698E-1,3.379988670E-1
1.596454396E2,-8.548146114E-3,-7.192462683E-2,3.865056932E-1
1.596554806E2,-3.212581575E-2,-8.067055047E-2,3.905850351E-1
1.596655206E2,-3.713841736E-2,-2.851866558E-2,4.035043120E-1
1.596755916E2,-3.596157581E-2,-4.095579684E-2,4.100468159E-1
1.596856316E2,-1.839269884E-2,-4.111053050E-2,4.442098439E-1
1.596956716E2,-3.025184013E-2,-9.287934005E-2,4.690059721E-1
1.597057116E2,-2.726643719E-2,-1.526076496E-1,4.670285583E-1
1.597157526E2,-5.210315809E-3,-1.533279270E-1,5.211029053E-1
1.597257926E2,5.172283389E-3,-1.807805896E-1,5.175409317E-1
1.597358636E2,1.929423213E-2,-1.527845412E-1,5.338521004E-1
1.597459036E2,2.339097112E-2,-1.645061672E-1,5.113223195E-1
1.597559436E2,4.016107693E-2,-8.159302175E-2,5.143791437E-1
1.597659846E2,4.368550330E-2,-1.091226488E-1,4.768386781E-1
1.597760246E2,7.075825706E-3,-1.171463281E-1,4.269008636E-1
1.597860956E2,1.225593966E-2,-8.677297831E-2,4.095239937E-1
1.597961356E2,1.538283937E-2,-6.035367399E-2,3.590436578E-1
1.598061756E2,-8.921701461E-3,-4.208918661E-2,3.302700520E-1
1.598162166E2,-5.886754021E-3,-8.548554778E-2,3.107847571E-1
1.598262566E2,-1.036166400E-2,-7.523956895E-2,2.616854012E-1
1.598362966E2,-1.958045922E-2,1.912619919E-2,2.646106780E-1
1.598463676E2,-5.516039208E-3,-2.379570156E-2,2.694951892E-1
1.598564076E2,2.568511292E-3,-5.628154427E-2,2.428587973E-1
1.598664486E2,3.122714348E-3,-2.324050292E-2,1.764022708E-1
1.598764886E2,-4.380159080E-4,3.518792614E-2,1.663545817E-1
1.598865286E2,-2.282857895E-5,1.871014759E-2,2.029187083E-1
1.598965686E2,5.858134478E-3,-2.322308719E-2,1.851323396E-1
1.599066396E2,8.438471705E-3,1.714963652E-2,1.765236706E-1
1.599166796E2,2.387923561E-2,5.343439430E-2,1.685845554E-1
1.599267206E2,2.788383141E-2,7.262700051E-2,1.524684429E-1
1.599367606E2,2.821821347E-2,6.344288588E-2,1.672395915E-1
1.599468006E2,2.944592945E-2,4.471474141E-2,1.872609705E-1
1.599568716E2,1.546344720E-2,-2.068567835E-2,2.507033944E-1
1.599669116E2,2.998255193E-3,-1.139921919E-1,2.728683352E-1
1.599769526E2,-4.676794633E-3,-1.334324628E-1,2.496230602E-1
1.599869926E2,-1.191286929E-2,-4.394811764E-2,2.335594147E-1
1.599970326E2,-4.902722314E-3,-2.208783478E-2,2.186523676E-1
1.600070736E2,-8.649524301E-3,-2.470039576E-2,2.340917736E-1
1.600171436E2,-1.857724972E-2,-2.237246931E-2,2.373176515E-1
1.600271846E2,-3.155909479E-2,-3.613222390E-2,2.448589206E-1
1.600372246E2,-3.272858635E-2,-4.645767808E-2,2.208773196E-1
1.600472646E2,-3.576059267E-2,-5.010168254E-2,2.057303339E-1
1.600573149E2,-2.543516085E-2,-1.162912138E-2,1.894349903E-1
1.600673559E2,-1.739960536E-2,-4.843347520E-2,1.763229072E-1
1.600774269E2,-9.365642443E-3,-5.604654551E-2,1.529471129E-1
1.600874669E2,-1.029268838E-2,-5.201318860E-2,1.225215569E-1
1.600975069E2,-5.470773205E-3,-1.674757339E-3,8.171971887E-2
1.601075469E2,5.234600976E-3,4.070146382E-2,4.664215818E-2
1.601175879E2,1.832597889E-3,2.890723944E-2,2.713818476E-2
1.601276279E2,-3.048710525E-3,4.026109353E-2,1.185243856E-2
1.601376989E2,-1.618325710E-3,3.474142775E-2,1.316803973E-2
1.601477389E2,3.510123119E-3,2.043519169E-2,2.020544372E-2
1.601577789E2,8.817089722E-3,8.134307340E-3,4.605181515E-2
1.601678199E2,1.168052014E-2,-1.994286850E-2,6.410804391E-2
1.601778599E2,1.267397404E-2,-2.039063908E-2,6.239902228E-2
1.601879309E2,-5.486121401E-3,-2.604239993E-2,6.650428474E-2
1.601979709E2,-1.990013011E-2,-3.237620369E-2,8.674950153E-2
1.602080109E2,-2.609624155E-2,-2.460803092E-2,1.007934138E-1
1.602180519E2,-2.285384201E-2,-4.200459644E-2,1.315009892E-1
1.602280919E2,-1.899944805E-2,-7.159711421E-2,1.302181482E-1
1.602381319E2,-1.338257827E-2,-5.179741979E-2,1.258949637E-1
1.602482029E2,-1.196098328E-2,-6.399682909E-2,1.139938235E-1
1.602582429E2,-8.982148021E-3,-6.471592933E-2,9.206084907E-2
1.602682829E2,-9.366175160E-3,-2.761223912E-2,6.211680174E-2
1.602783239E2,-3.593064845E-3,1.039005443E-2,3.252452984E-2
1.602883639E2,-4.451401532E-3,5.917836353E-2,4.797559232E-3
1.602984039E2,3.911898471E-3,5.649768561E-2,1.883499906E-3
1.603084749E2,1.289527304E-2,2.345211804E-2,9.346157312E-4
1.603185149E2,1.621721685E-2,1.434597559E-2,-2.748663770E-3
1.603285559E2,2.113341168E-2,1.148174703E-2,-7.011053152E-3
1.603385959E2,2.734523267E-2,1.001369953E-2,-1.024314854E-2
1.603486359E2,3.060600907E-2,1.782315411E-2,-7.862548344E-3
1.603586769E2,3.173207864E-2,1.812126860E-2,-8.386448026E-3
1.603687469E2,2.475566044E-2,2.929003164E-2,-3.740829881E-3
1.603787879E2,2.299566381E-2,2.891239151E-2,-2.273835242E-3
1.603888279E2,3.537536785E-2,6.209617853E-2,9.904114995E-5
1.603988679E2,3.011296317E-2,1.577011496E-2,3.250807058E-3
1.604089079E2,1.815243810E-2,5.367008969E-3,9.132398292E-3
1.604189789E2,1.127287373E-2,7.866121829E-3,7.746898104E-3
1.604290199E2,8.637942374E-3,-5.042753182E-3,7.513338234E-3
1.604390599E2,1.575592905E-3,-1.330068521E-2,1.015451923E-2
1.604490999E2,2.472084016E-4,-1.748344675E-2,5.759770982E-3
1.604591399E2,-1.739153638E-3,-7.762959227E-3,6.816274952E-3
1.604691809E2,-5.124298856E-3,-1.009748597E-2,1.106268540E-2
1.604792519E2,-4.868188873E-3,1.312075369E-2,1.493346598E-2
1.604892919E2,2.081293985E-2,-2.779445425E-2,6.076513603E-2
1.604993319E2,1.623017155E-2,-5.054211244E-2,5.740395933E-2
1.605093719E2,1.562545076E-3,-1.596815512E-2,5.421482399E-2
1.605194129E2,6.006299518E-3,3.905418888E-2,4.554951936E-2
1.605294529E2,-1.359736547E-3,-6.985207088E-3,4.459290951E-2
1.605395239E2,-1.554942131E-2,1.581648365E-3,3.580339253E-2
1.605495639E2,-1.706875302E-2,-1.949968748E-3,2.987839468E-2
1.605596039E2,-2.741886303E-2,-1.875536889E-2,3.085860796E-2
1.605696449E2,-2.250133455E-2,-4.006783478E-3,3.296357021E-2
1.605796849E2,-2.960575558E-2,-1.462610438E-3,3.929428384E-2
1.605897559E2,-3.734090924E-2,-4.692492075E-3,4.197635502E-2
1.605997959E2,-4.885340482E-2,4.348408431E-3,4.552940279E-2
1.606098359E2,-4.830665886E-2,1.514779218E-2,6.396140158E-2
1.606198769E2,-4.773664474E-2,-1.711213589E-2,6.991677731E-2
1.606299169E2,-5.625449866E-2,-1.198608242E-2,8.649016172E-2
1.606399569E2,-5.785612762E-2,-1.004687697E-2,1.057125106E-1
1.606500279E2,-5.927293003E-2,-1.505974494E-2,1.121578962E-1
1.606600679E2,-5.698607117E-2,-3.577285632E-2,1.207329184E-1
1.606701079E2,-6.100398302E-2,-2.188207582E-2,1.134600937E-1
1.606801489E2,-6.480564922E-2,-2.634442039E-2,1.096076667E-1
1.606901889E2,-6.965740025E-2,-2.513241582E-2,1.031945050E-1
1.607002289E2,-6.059429795E-2,-6.825683638E-3,9.702496231E-2
1.607102999E2,-5.266819894E-2,-2.215324156E-2,9.884522855E-2
1.607203399E2,-5.036838353E-2,-3.089026548E-2,9.658860415E-2
1.607303809E2,-4.693423212E-2,-2.047490887E-2,8.208262920E-2
1.607404209E2,-4.031407088E-2,-2.852415666E-2,7.923132926E-2
1.607504609E2,-3.225906938E-2,-2.137410082E-2,6.663644314E-2
1.607605019E2,-2.645541914E-2,-1.228094101E-3,5.533614010E-2
1.607705719E2,-1.624246128E-2,5.221283063E-3,4.613438621E-2
1.607806129E2,-1.611487940E-3,2.155574411E-2,3.087305464E-2
1.607906529E2,9.181238711E-3,3.955445439E-2,1.175981481E-2
1.608006929E2,2.067551762E-2,4.783058167E-2,8.884990588E-3
1.608107329E2,3.020351008E-2,3.095306084E-2,4.625264555E-3
1.608208039E2,3.825584054E-2,2.564234659E-2,1.417468302E-4
1.608308449E2,4.951781780E-2,4.060877860E-2,-3.150452860E-3
1.608408849E2,4.554554075E-2,4.294661433E-2,3.259078600E-3
1.608509249E2,4.592930526E-2,1.278255582E-1,8.322812617E-3
1.608609649E2,4.152976349E-2,7.303112745E-2,8.713847958E-3
1.608710059E2,2.790769562E-2,8.197003976E-3,3.067294136E-2
1.608810759E2,1.415867545E-2,-7.425483316E-3,3.020160645E-2
1.608911169E2,7.567884400E-3,1.120068133E-3,2.113833837E-2
1.609011569E2,7.697667927E-3,3.016689792E-2,4.203419667E-3
1.609111969E2,6.491522305E-3,2.116115019E-2,6.771239918E-3
1.609212379E2,1.790160313E-3,9.719105437E-3,7.252249401E-3
1.609312779E2,3.464603797E-4,2.492351457E-3,7.934018038E-3
1.609413489E2,-1.523438841E-3,-6.065126508E-4,9.340685792E-3
1.609513889E2,-3.979858011E-4,-2.898941748E-2,5.322185904E-2
1.609614289E2,3.066607751E-3,-6.744311750E-2,6.123267487E-2
1.609714699E2,-4.986258224E-3,-6.424226612E-2,7.372955978E-2
1.609815099E2,-8.540954441E-3,1.692508161E-2,7.164574414E-2
1.609915809E2,-9.620334953E-3,-3.993314505E-2,7.924986631E-2
1.610016209E2,-1.644637063E-2,-2.849017829E-2,8.292588592E-2
1.610116609E2,-2.910251170E-2,-4.828571901E-2,7.174700499E-2
1.610217009E2,-4.251445830E-2,-3.690821677E-2,6.789661199E-2
1.610317419E2,-4.511503875E-2,-3.969443962E-3,6.362356991E-2
1.610417819E2,-4.190920666E-2,-2.109559253E-2,6.568349153E-2
1.610518529E2,-4.640302807E-2,-1.750405505E-2,7.843683660E-2
1.610618981E2,-5.187919736E-2,-1.345743146E-2,9.122003615E-2
1.610719381E2,-5.637780577E-2,-6.992928684E-4,9.981086105E-2
1.610819791E2,-5.319523811E-2,-5.921580829E-3,1.004624590E-1
1.610920191E2,-5.796229094E-2,-2.299936861E-2,9.404584020E-2
1.611020591E2,-6.371615082E-2,-9.990107268E-3,9.712844342E-2
1.611121301E2,-6.760916114E-2,-6.077923812E-3,9.274861217E-2
1.611221701E2,-6.671051681E-2,-3.136048466E-2,1.132062525E-1
1.611322111E2,-7.246880233E-2,-4.390450567E-2,1.257034093E-1
1.611422511E2,-7.928019017E-2,-7.250279933E-2,1.266979426E-1
1.611522911E2,-8.580893278E-2,-5.530623347E-2,1.233953685E-1
1.611623311E2,-1.002845466E-1,-4.293058813E-2,1.271432489E-1
1.611724021E2,-1.201344132E-1,-1.301609818E-2,1.303297281E-1
1.611824431E2,-1.376111507E-1,-5.504012108E-3,1.392820179E-1
1.611924831E2,-1.685999483E-1,1.848467626E-2,1.538263410E-1
1.612025231E2,-1.957739592E-1,2.117841318E-2,1.815948933E-1
1.612125631E2,-2.450749278E-1,4.217317700E-2,2.053484172E-1
1.612226341E2,-2.852371633E-1,3.415761143E-2,2.749961913E-1
1.612326741E2,-2.808277607E-1,-4.908294976E-2,2.951875031E-1
1.612427151E2,-2.647518814E-1,-8.365643770E-2,2.927778959E-1
1.612527551E2,-2.776751220E-1,1.387410797E-2,2.652469277E-1
1.612627951E2,-2.959943116E-1,8.993910253E-2,2.080813646E-1
1.612728361E2,-3.194937706E-1,1.710536629E-1,9.255289286E-2
1.612829061E2,-3.439638615E-1,2.423721701E-1,1.191072073E-2
1.612929471E2,-3.759817183E-1,2.252850533E-1,-2.948039398E-2
1.613029871E2,-4.391686916E-1,2.039571255E-1,-4.042651877E-2
1.613130271E2,-5.371285677E-1,1.978779286E-1,-1.872814819E-2
1.613230681E2,-6.218035817E-1,1.686520725E-1,2.608762006E-4
1.613331081E2,-7.168784142E-1,2.448009104E-1,-4.043888301E-2
1.613431791E2,-7.942976356E-1,3.144730926E-1,-3.615193442E-2
1.613532191E2,-8.306798935E-1,2.777686119E-1,-4.335525259E-2
1.613632591E2,-8.878583908E-1,3.071508408E-1,-3.775106743E-2
1.613732991E2,-9.456982613E-1,3.268108368E-1,-4.478287697E-2
1.613833401E2,-9.967325330E-1,2.394877821E-1,-1.776653714E-2
1.613933801E2,-1.035242796E0,1.695023179E-1,3.439866379E-2
1.614034511E2,-1.138886094E0,3.132381141E-1,4.401776195E-2
1.614134911E2,-1.161810398E0,4.195741415E-1,-4.351741076E-2
1.614235311E2,-1.158495784E0,4.811837673E-1,-1.970047206E-1
1.614335721E2,-1.191715240E0,5.527056456E-1,-3.207578063E-1
1.614436121E2,-1.266377211E0,6.644434333E-1,-3.934900165E-1
1.614536831E2,-1.355901718E0,6.581450701E-1,-4.161873460E-1
1.614637231E2,-1.462605000E0,5.354547501E-1,-4.235965908E-1
1.614737631E2,-1.557121515E0,3.706010580E-1,-4.365568757E-1
1.614838041E2,-1.631778240E0,2.364198864E-1,-4.578089416E-1
1.614938441E2,-1.665175915E0,1.408744454E-1,-4.945030212E-1
1.615038841E2,-1.692788839E0,9.238473326E-2,-5.409729481E-1
1.615139551E2,-1.757797360E0,1.444572508E-1,-5.513997674E-1
1.615239951E2,-1.812037706E0,8.282979578E-2,-5.792993903E-1
1.615340361E2,-1.900343657E0,-1.307740957E-1,-6.140411496E-1
1.615440761E2,-2.063364029E0,-1.320758015E-1,-5.500513911E-1
1.615541161E2,-2.248627901E0,-7.932443917E-2,-5.074038506E-1
1.615641561E2,-2.396641016E0,-9.958662093E-2,-4.780257940E-1
1.615742271E2,-2.385189295E0,-3.386839032E-1,-4.682184458E-1
1.615842671E2,-2.359327316E0,-4.513831735E-1,-3.975432515E-1
1.615943081E2,-2.257166862E0,-6.524414420E-1,-3.535456955E-1
1.616043481E2,-2.089613199E0,-8.338683248E-1,-3.024735153E-1
1.616143881E2,-1.899635315E0,-9.610294700E-1,-2.080428749E-1
1.616244591E2,-1.883444071E0,-1.015615582E0,-5.784625560E-2
1.616344991E2,-1.958969712E0,-1.162668705E0,8.384536207E-2
1.616445401E2,-1.982129574E0,-1.292153835E0,1.719518304E-1
1.616545801E2,-1.865886331E0,-1.230085135E0,2.197363973E-1
1.616646201E2,-1.575695753E0,-1.052298784E0,1.935797036E-1
1.616746611E2,-1.182506680E0,-8.071992993E-1,1.329890490E-1
1.616847311E2,-6.400021315E-1,-6.086110473E-1,7.207001746E-2
1.616947721E2,-4.733300209E-2,-5.111707449E-1,6.202191114E-2
1.617048121E2,4.429392219E-1,-4.415407181E-1,1.329956055E-1
1.617148521E2,7.462714314E-1,-4.766403735E-1,2.327741385E-1
1.617248921E2,7.770072222E-1,-6.050719023E-1,3.236676157E-1
1.617349331E2,6.717892289E-1,-7.264968753E-1,4.624595642E-1
1.617450041E2,6.542746425E-1,-8.032259941E-1,6.146154404E-1
1.617550441E2,6.826330423E-1,-8.164147735E-1,7.497945428E-1
1.617650841E2,7.981981039E-1,-7.354334593E-1,8.866464496E-1
1.617751241E2,1.019503593E0,-5.599444509E-1,1.019116402E0
1.617851651E2,1.273864746E0,-3.932483792E-1,1.123033643E0
1.617952051E2,1.536543846E0,-3.358700275E-1,1.158752799E0
1.618052761E2,1.842187643E0,-3.807430267E-1,1.194545031E0
1.618153161E2,2.148402691E0,-4.849293530E-1,1.249058843E0
1.618253561E2,2.404808760E0,-4.331729412E-1,1.395501137E0
1.618353971E2,2.714485884E0,-4.834763408E-1,1.510084987E0
1.618454371E2,3.013816118E0,-5.472788811E-1,1.602545738E0
1.618555081E2,3.210193396E0,-5.895696282E-1,1.680230379E0
1.618655481E2,3.264979601E0,-6.392689347E-1,1.735941172E0
1.618755881E2,3.250956297E0,-6.806744337E-1,1.759623289E0
1.618856291E2,3.221212864E0,-6.962146163E-1,1.778447390E0
1.618956691E2,3.227562189E0,-7.239412665E-1,1.788313389E0
1.619057091E2,3.230019808E0,-7.277464271E-1,1.819713235E0
1.619157801E2,3.239555120E0,-8.222119212E-1,1.835648060E0
1.619258201E2,3.252958059E0,-9.253404737E-1,1.827104807E0
1.619358611E2,3.263636589E0,-1.020369172E0,1.792806745E0
1.619459011E2,3.257500172E0,-1.189824939E0,1.691129446E0
1.619559411E2,3.157686472E0,-9.794607162E-1,1.625661016E0
1.619659811E2,3.108109713E0,-5.161734819E-1,1.556560159E0
1.619760521E2,3.127879143E0,-3.173373342E-1,1.367609501E0
1.619860921E2,3.216763496E0,-3.435542285E-1,1.059261441E0
1.619961331E2,3.406605721E0,-5.521085262E-1,6.978172064E-1
1.620061731E2,3.493468285E0,-7.035036683E-1,4.301152229E-1
1.620162131E2,3.363008499E0,-7.071053386E-1,4.511443377E-1
1.620262841E2,3.171359539E0,-1.033122659E0,6.492702365E-1
1.620363241E2,2.932424784E0,-1.548685908E0,1.032797933E0
1.620463651E2,2.730654478E0,-2.074992657E0,1.437514663E0
1.620563887E2,2.549147844E0,-2.341744661E0,1.618103862E0
1.620664287E2,2.404145002E0,-2.226148605E0,1.362242103E0
1.620764697E2,2.337562561E0,-1.570051908E0,9.111852050E-1
1.620865397E2,2.366581202E0,-7.561388612E-1,4.509020448E-1
1.620965807E2,2.503127337E0,-3.521529734E-1,4.931516945E-3
1.621066207E2,2.615374327E0,-3.645158112E-1,-2.322233170E-1
1.621166607E2,2.520908117E0,-7.111959457E-1,-2.847520411E-1
1.621267007E2,2.245335102E0,-1.058158755E0,-7.513847947E-2
1.621367417E2,1.817151546E0,-1.069753647E0,4.840265214E-1
1.621468127E2,1.616142035E0,-1.447642684E0,9.674711227E-1
1.621568527E2,1.733659387E0,-2.007564545E0,1.116976142E0
1.621668927E2,1.964138746E0,-2.201510906E0,1.046359539E0
1.621769327E2,2.184355259E0,-2.267384052E0,7.066605687E-1
1.621869737E2,2.277745962E0,-2.149395466E0,2.352192700E-1
1.621970137E2,2.182712078E0,-1.932239175E0,-1.954660714E-1
1.622070847E2,1.875447989E0,-1.577859402E0,-4.372645020E-1
1.622171247E2,1.508048773E0,-1.245163202E0,-4.629594684E-1
1.622271647E2,1.261023521E0,-1.165999532E0,-3.886187375E-1
1.622372057E2,1.075714946E0,-9.799963832E-1,-1.821872741E-1
1.622472457E2,1.005810142E0,-1.021839976E0,-6.659515202E-2
1.622573167E2,1.041079164E0,-1.192763686E0,-6.968468428E-2
1.622673567E2,1.102673650E0,-1.384651899E0,-1.789668649E-1
1.622773967E2,1.130274415E0,-1.588673115E0,-3.696867526E-1
1.622874377E2,1.161449432E0,-1.700912476E0,-5.654872060E-1
1.622974777E2,1.313857913E0,-1.390876293E0,-5.409847498E-1
1.623075177E2,1.348610044E0,-1.113365889E0,-4.498373568E-1
1.623175887E2,1.479559302E0,-1.204501867E0,-3.415518999E-1
1.623276287E2,1.617149711E0,-1.450612426E0,-1.997310668E-1
1.623376687E2,1.644474387E0,-1.675305486E0,-5.488812923E-2
1.623477097E2,1.542907476E0,-1.873211622E0,9.723056853E-2
1.623577497E2,1.375702977E0,-2.131699800E0,2.023772299E-1
1.623677897E2,1.216378450E0,-2.339683056E0,1.831765473E-1
1.623778607E2,1.136922359E0,-2.408097982E0,-1.904314384E-2
1.623879007E2,1.029331684E0,-2.270892382E0,-2.576212585E-1
1.623979417E2,8.201810718E-1,-1.693727136E0,-3.210388422E-1
1.624079817E2,7.185697556E-1,-1.304903626E0,-3.305763304E-1
1.624180217E2,7.656387091E-1,-1.198933005E0,-3.112862408E-1
1.624280927E2,7.726566195E-1,-1.144039154E0,-1.711706519E-1
1.624381327E2,7.046948671E-1,-1.198614478E0,3.175184503E-2
1.624481737E2,5.866503119E-1,-1.260171771E0,2.267333716E-1
1.624582137E2,4.126881063E-1,-1.211655617E0,3.540543318E-1
1.624682537E2,1.838069111E-1,-1.043964028E0,3.907214701E-1
1.624782937E2,1.017434746E-1,-4.904111028E-1,2.292526960E-1
1.624883647E2,1.047182232E-1,-2.304629833E-1,-2.330873460E-1
1.624984057E2,1.726147085E-1,9.368499368E-2,-6.656358242E-1
1.625084457E2,2.310962230E-1,2.539019287E-1,-9.686484933E-1
1.625184857E2,1.995588094E-1,3.808332384E-1,-9.560967088E-1
1.625285257E2,2.329172939E-1,2.581591606E-1,-8.193008900E-1
1.625385667E2,3.187160790E-1,-4.785828665E-2,-6.633610725E-1
1.625486367E2,4.245464802E-1,-2.999466658E-1,-4.643336535E-1
1.625586777E2,4.960246384E-1,-4.834530950E-1,-2.766468525E-1
1.625687177E2,5.224946141E-1,-5.961051583E-1,-1.496467292E-1
1.625787577E2,5.240701437E-1,-6.448069215E-1,-5.483926833E-2
1.625887987E2,5.244192481E-1,-6.570068002E-1,1.850731485E-2
1.625988387E2,5.162351131E-1,-7.306258678E-1,5.766670033E-2
1.626089097E2,4.679517448E-1,-7.461805344E-1,2.647158317E-2
1.626189497E2,4.150171578E-1,-6.909393668E-1,-8.586454391E-2
1.626289897E2,3.165439367E-1,-5.770695210E-1,-2.033380568E-1
1.626390307E2,1.253436059E-1,-4.163410664E-1,-2.498616129E-1
1.626490707E2,-1.397953779E-1,-3.246663213E-1,-2.433254123E-1
1.626591417E2,-4.113861620E-1,-3.230763674E-1,-2.025175393E-1
1.626691817E2,-6.431511045E-1,-3.803921640E-1,-1.506038904E-1
1.626792217E2,-8.104719520E-1,-4.262675047E-1,-1.000682712E-1
1.626892617E2,-9.007162452E-1,-4.264445305E-1,-9.461959451E-2
1.626993027E2,-9.319721460E-1,-3.771116138E-1,-1.033390462E-1
1.627093427E2,-9.414927959E-1,-2.794684470E-1,-1.154544130E-1
1.627194137E2,-9.430475235E-1,-1.561747342E-1,-1.335266232E-1
1.627294537E2,-9.275996089E-1,-2.904933877E-2,-1.465756744E-1
1.627394937E2,-9.093622565E-1,1.521213166E-2,-1.803139299E-1
1.627495347E2,-9.301264882E-1,9.050693363E-3,-2.346134186E-1
1.627595747E2,-9.728561640E-1,-6.258222274E-3,-2.393857986E-1
1.627696147E2,-9.944818020E-1,-5.649118870E-2,-1.764094234E-1
1.627796857E2,-9.771643877E-1,-2.220686972E-1,-1.250913739E-1
1.627897257E2,-9.765710831E-1,-3.807029128E-1,-1.318147182E-1
1.627997667E2,-9.807258844E-1,-4.197413921E-1,-1.395703852E-1
1.628098067E2,-9.767831564E-1,-3.328204453E-1,-1.437498927E-1
1.628198467E2,-9.509310722E-1,-1.661899388E-1,-2.050846219E-1
1.628299177E2,-8.981481791E-1,-2.648726106E-3,-3.000076413E-1
1.628399577E2,-8.122133017E-1,1.025477350E-1,-3.900347352E-1
1.628499987E2,-7.050189376E-1,9.671514481E-2,-4.344890118E-1
1.628600387E2,-5.909000635E-1,4.676670581E-2,-4.361212552E-1
1.628700787E2,-4.562692046E-1,1.027292758E-2,-4.397521019E-1
1.628801187E2,-3.234826624E-1,-9.632870555E-3,-4.467506409E-1
1.628901897E2,-2.053615153E-1,-3.799745068E-2,-4.628565907E-1
1.629002297E2,-9.950380027E-2,-8.419184387E-2,-4.724794030E-1
1.629102707E2,2.804373391E-3,-1.231432334E-1,-4.523730874E-1
1.629203107E2,9.701582789E-2,-1.577480882E-1,-4.107249677E-1
1.629303507E2,1.767697781E-1,-1.701658219E-1,-3.628242910E-1
1.629403917E2,2.516770363E-1,-1.465169489E-1,-3.278309107E-1
1.629504617E2,3.354030252E-1,-8.292721212E-2,-3.079520464E-1
1.629605027E2,4.038441181E-1,-4.022688419E-2,-2.797768712E-1
1.629705427E2,4.518012404E-1,-7.132701576E-2,-2.536551356E-1
1.629805827E2,4.693975449E-1,-1.357592642E-1,-2.440685481E-1
1.629906237E2,4.570664167E-1,-1.824512929E-1,-2.537612915E-1
1.630006637E2,4.257913232E-1,-1.696678549E-1,-2.994196117E-1
1.630107347E2,3.692207932E-1,-1.172072664E-1,-3.971898556E-1
1.630207747E2,2.965167761E-1,-8.222904056E-2,-4.992648363E-1
1.630308147E2,2.148091346E-1,-7.345067710E-2,-5.570924878E-1
1.630408547E2,1.484250426E-1,-8.501359075E-2,-5.589183569E-1
1.630508957E2,9.761699289E-2,-1.103151664E-1,-5.339505672E-1
1.630609893E2,6.648517400E-2,-1.210066974E-1,-4.995808899E-1
1.630710293E2,5.916565284E-2,-8.142578602E-2,-4.731099606E-1
1.630810693E2,7.749192417E-2,-2.137363143E-2,-4.543887377E-1
1.630911093E2,1.053303927E-1,1.855956577E-2,-4.192916751E-1
1.631011503E2,1.317377687E-1,1.221938059E-2,-3.801093698E-1
1.631111903E2,1.588210464E-1,-9.974017739E-3,-3.635865152E-1
1.631212613E2,1.960544288E-1,-7.142012939E-3,-3.794131577E-1
1.631313013E2,2.452131957E-1,6.126599386E-3,-4.329065382E-1
1.631413413E2,2.921617925E-1,2.067942172E-3,-4.966578186E-1
1.631513823E2,3.162241578E-1,-2.812964097E-2,-5.337459445E-1
1.631614223E2,3.214924335E-1,-6.695879251E-2,-5.332609415E-1
1.631714623E2,3.177532554E-1,-9.611645341E-2,-5.037976503E-1
1.631815333E2,3.140551746E-1,-1.013708711E-1,-4.545336962E-1
1.631915733E2,3.171177506E-1,-9.216865152E-2,-4.047876596E-1
1.632016143E2,3.235721886E-1,-8.117005974E-2,-3.636415601E-1
1.632116543E2,3.207846582E-1,-6.847929955E-2,-3.400105238E-1
1.632216943E2,3.072624505E-1,-4.511006176E-2,-3.303246200E-1
1.632317653E2,2.743688524E-1,-1.810454577E-2,-3.313921392E-1
1.632418053E2,2.381975353E-1,3.223133087E-2,-3.283271194E-1
1.632518463E2,1.994921416E-1,8.891809732E-2,-3.130997121E-1
1.632618863E2,1.667871922E-1,1.231090873E-1,-2.858792841E-1
1.632719263E2,1.452940553E-1,1.340609193E-1,-2.461240739E-1
1.632819663E2,1.273153126E-1,1.217640340E-1,-2.097940296E-1
1.632920373E2,1.207446828E-1,1.078426838E-1,-1.788172424E-1
1.633020773E2,1.055636033E-1,9.053213894E-2,-1.472135037E-1
1.633121183E2,9.235245734E-2,5.065636709E-2,-1.170412153E-1
1.633221583E2,7.282775640E-2,1.683368534E-2,-9.177500755E-2
1.633321983E2,6.135095656E-2,-7.492594421E-3,-7.736133784E-2
1.633422393E2,6.151207536E-2,-6.943438202E-4,-8.296302706E-2
1.633523093E2,7.586669177E-2,3.593760356E-2,-1.002044454E-1
1.633623503E2,9.722311050E-2,7.371453941E-2,-1.157714203E-1
1.633723903E2,1.171934456E-1,7.795514166E-2,-1.198448762E-1
1.633824303E2,1.282117367E-1,5.583626032E-2,-1.139947101E-1
1.633924713E2,1.316040754E-1,1.640586741E-2,-1.039715484E-1
1.634025113E2,1.278660595E-1,-2.455274947E-2,-9.465447813E-2
1.634125823E2,1.192991212E-1,-4.075898975E-2,-9.016326815E-2
1.634226223E2,1.085351557E-1,-2.964455634E-2,-8.952037990E-2
1.634326623E2,8.903317899E-2,2.032255754E-3,-7.975596189E-2
1.634427023E2,6.115254760E-2,3.370709717E-2,-7.568345219E-2
1.634527433E2,3.399442881E-2,6.025737524E-2,-7.434290648E-2
1.634628143E2,5.677304231E-3,8.567111939E-2,-7.534771413E-2
1.634728543E2,-1.346150227E-2,1.160414815E-1,-7.339810580E-2
1.634828943E2,-2.509099618E-2,1.290499568E-1,-6.866034120E-2
1.634929343E2,-3.265818954E-2,1.115056425E-1,-6.112415716E-2
1.635029753E2,-3.145204484E-2,9.422785044E-2,-6.126903370E-2
1.635130153E2,-1.789300330E-2,9.566820413E-2,-6.462281197E-2
1.635230863E2,-6.548203528E-3,8.457187563E-2,-6.576317549E-2
1.635331263E2,5.334909074E-3,5.588989705E-2,-5.977120996E-2
1.635431663E2,1.442667469E-2,2.293301374E-2,-5.373755097E-2
1.635532073E2,1.775828935E-2,-2.289652452E-2,-5.667421967E-2
1.635632473E2,2.147579566E-2,-5.976399407E-2,-5.935841799E-2
1.635732873E2,2.511136793E-2,-8.325212449E-2,-6.841030717E-2
1.635833583E2,2.239760756E-2,-8.641729504E-2,-6.239102408E-2
1.635933983E2,1.787422784E-2,-7.415129989E-2,-4.101116583E-2
1.636034393E2,1.674318314E-2,-4.004872590E-2,-9.853514843E-3
1.636134793E2,1.058542076E-2,-1.658505201E-2,1.510128286E-2
1.636235193E2,-6.754901260E-4,-3.783502616E-3,1.656948589E-2
1.636335593E2,-7.383460179E-3,1.750553958E-2,4.112015478E-3
1.636436303E2,-1.376998611E-2,2.729292400E-2,-8.701517247E-3
1.636536703E2,-1.825288497E-2,2.407289483E-2,-2.065564692E-2
1.636637113E2,-2.078901418E-2,1.533053629E-2,-3.046193905E-2
1.636737513E2,-1.679702289E-2,7.841350511E-3,-3.457034007E-2
1.636837913E2,-1.646066643E-2,-1.111156680E-2,-3.080942668E-2
1.636938623E2,-1.379209012E-2,-1.828547940E-2,-2.472735383E-2
1.637039023E2,-7.162682712E-3,-1.376902498E-2,-2.221199870E-2
1.637139433E2,-2.372227609E-4,-2.987265587E-3,-2.131969109E-2
1.637239833E2,1.100850757E-2,1.282019354E-2,-2.677517757E-2
1.637340233E2,3.112682700E-2,3.443381190E-2,-3.351279721E-2
1.637440643E2,2.767350525E-2,6.823784858E-2,-4.076192155E-2
1.637541343E2,-1.795319095E-2,1.244795620E-1,-3.373359889E-2
1.637641753E2,-6.941904128E-2,1.682520658E-1,-3.232824802E-2
1.637742153E2,-8.305318654E-2,1.516221166E-1,-2.374029718E-2
1.637842553E2,-4.782649130E-2,4.910267517E-2,4.499596544E-3
1.637942953E2,2.515422180E-3,-8.216752112E-2,3.216269985E-2